{
"type": "FeatureCollection",
"name": "Carris_0500_shapes_aggregated",
"crs": { "type": "name", "properties": { "name": "urn:ogc:def:crs:OGC:1.3:CRS84" } },
"features": [
{ "type": "Feature", "properties": { "services_sum": 6.4064229630860918, "total_departures_sum": 333, "route_short_name_sum": null, "services_unique": null, "total_departures_unique": null, "route_short_name_unique": "750, 751, 201" }, "geometry": { "type": "LineString", "coordinates": [ [ -9.2279487, 38.7014808 ], [ -9.2279096, 38.7015697 ], [ -9.2278525, 38.7016639 ], [ -9.227831, 38.7016975 ], [ -9.2276421, 38.7020002 ], [ -9.2276215, 38.7020333 ], [ -9.2275624, 38.7021412 ], [ -9.2274696, 38.702311 ], [ -9.2274523, 38.702343 ], [ -9.2274371, 38.7023716 ], [ -9.2274225, 38.7024097 ], [ -9.2274106, 38.7024454 ], [ -9.2273962, 38.7025233 ], [ -9.2273883, 38.7025715 ], [ -9.2273819, 38.702627 ], [ -9.2273519, 38.7028051 ] ] } },
{ "type": "Feature", "properties": { "services_sum": 2.4628681637050907, "total_departures_sum": 120, "route_short_name_sum": null, "services_unique": null, "total_departures_unique": null, "route_short_name_unique": "750, 201" }, "geometry": { "type": "LineString", "coordinates": [ [ -9.2273874, 38.7005757 ], [ -9.227363, 38.7006234 ] ] } },
{ "type": "Feature", "properties": { "services_sum": 2.4551734226331279, "total_departures_sum": 84, "route_short_name_sum": null, "services_unique": null, "total_departures_unique": null, "route_short_name_unique": "750, 751" }, "geometry": { "type": "LineString", "coordinates": [ [ -9.227363, 38.7006234 ], [ -9.2273187, 38.7006791 ] ] } },
{ "type": "Feature", "properties": { "services_sum": 3.9435547993810003, "total_departures_sum": 213, "route_short_name_sum": null, "services_unique": null, "total_departures_unique": null, "route_short_name_unique": "751, 201" }, "geometry": { "type": "LineString", "coordinates": [ [ -9.2169854, 38.702012 ], [ -9.2169733, 38.7019827 ], [ -9.2169468, 38.7019185 ] ] } },
{ "type": "Feature", "properties": { "services_sum": 3.9512495404529635, "total_departures_sum": 249, "route_short_name_sum": null, "services_unique": null, "total_departures_unique": null, "route_short_name_unique": "751, 201" }, "geometry": { "type": "LineString", "coordinates": [ [ -9.2167899, 38.7014997 ], [ -9.2164667, 38.7010158 ], [ -9.2158984, 38.7004201 ] ] } },
{ "type": "Feature", "properties": { "services_sum": 7.6060833937429084, "total_departures_sum": 515, "route_short_name_sum": null, "services_unique": null, "total_departures_unique": null, "route_short_name_unique": "746, 758, 202" }, "geometry": { "type": "LineString", "coordinates": [ [ -9.2083821, 38.7528543 ], [ -9.2077148, 38.752666 ], [ -9.2068149, 38.7524234 ], [ -9.2064593, 38.7523379 ] ] } },
{ "type": "Feature", "properties": { "services_sum": 2.0005557099194222, "total_departures_sum": 27, "route_short_name_sum": null, "services_unique": null, "total_departures_unique": null, "route_short_name_unique": "729, 746" }, "geometry": { "type": "LineString", "coordinates": [ [ -9.2033504, 38.7491103 ], [ -9.2032932, 38.7490722 ], [ -9.2032644, 38.7490553 ] ] } },
{ "type": "Feature", "properties": { "services_sum": 2.2006779883375036, "total_departures_sum": 52, "route_short_name_sum": null, "services_unique": null, "total_departures_unique": null, "route_short_name_unique": "729, 758" }, "geometry": { "type": "LineString", "coordinates": [ [ -9.2024951, 38.7488588 ], [ -9.2023979, 38.7488367 ] ] } },
{ "type": "Feature", "properties": { "services_sum": 4.0005557099194222, "total_departures_sum": 290, "route_short_name_sum": null, "services_unique": null, "total_departures_unique": null, "route_short_name_unique": "729, 203" }, "geometry": { "type": "LineString", "coordinates": [ [ -9.2012021, 38.7137552 ], [ -9.2012042, 38.7137944 ], [ -9.2011929, 38.7138326 ], [ -9.201169, 38.7138671 ] ] } },
{ "type": "Feature", "properties": { "services_sum": 4.846200627525862, "total_departures_sum": 275, "route_short_name_sum": null, "services_unique": null, "total_departures_unique": null, "route_short_name_unique": "729, 750, 202" }, "geometry": { "type": "LineString", "coordinates": [ [ -9.2005688, 38.7450618 ], [ -9.2001047, 38.7450322 ] ] } },
{ "type": "Feature", "properties": { "services_sum": 8.9095667459772816, "total_departures_sum": 410, "route_short_name_sum": null, "services_unique": null, "total_departures_unique": null, "route_short_name_unique": "729, 751, 201, 15E" }, "geometry": { "type": "LineString", "coordinates": [ [ -9.1996925, 38.6973847 ], [ -9.1996424, 38.6973893 ], [ -9.1996162, 38.6973909 ], [ -9.1993666, 38.697406 ] ] } },
{ "type": "Feature", "properties": { "services_sum": 3.6241845604990695, "total_departures_sum": 134, "route_short_name_sum": null, "services_unique": null, "total_departures_unique": null, "route_short_name_unique": "729, 751" }, "geometry": { "type": "LineString", "coordinates": [ [ -9.1993666, 38.697406 ], [ -9.1993148, 38.6974088 ] ] } },
{ "type": "Feature", "properties": { "services_sum": 6.0525822300629724, "total_departures_sum": 377, "route_short_name_sum": null, "services_unique": null, "total_departures_unique": null, "route_short_name_unique": "726, 202" }, "geometry": { "type": "LineString", "coordinates": [ [ -9.1969621, 38.7617526 ], [ -9.196826, 38.7616989 ] ] } },
{ "type": "Feature", "properties": { "services_sum": 3.3508932943155214, "total_departures_sum": 146, "route_short_name_sum": null, "services_unique": null, "total_departures_unique": null, "route_short_name_unique": "729, 726" }, "geometry": { "type": "LineString", "coordinates": [ [ -9.1967328, 38.760787 ], [ -9.1965713, 38.760762 ], [ -9.1965271, 38.7607555 ], [ -9.1962227, 38.7607107 ], [ -9.1959247, 38.7606683 ], [ -9.1950506, 38.7605478 ], [ -9.1946051, 38.7604755 ], [ -9.1941438, 38.7603958 ], [ -9.1941206, 38.7603926 ], [ -9.1940949, 38.760389 ], [ -9.1933069, 38.7602741 ], [ -9.1928139, 38.7601566 ], [ -9.1924501, 38.7600617 ] ] } },
{ "type": "Feature", "properties": { "services_sum": 6.053595997018224, "total_departures_sum": 380, "route_short_name_sum": null, "services_unique": null, "total_departures_unique": null, "route_short_name_unique": "729, 726, 202" }, "geometry": { "type": "LineString", "coordinates": [ [ -9.1966047, 38.7616062 ], [ -9.1965658, 38.7615717 ] ] } },
{ "type": "Feature", "properties": { "services_sum": 5.9036585459999174, "total_departures_sum": 297, "route_short_name_sum": null, "services_unique": null, "total_departures_unique": null, "route_short_name_unique": "729, 746, 758, 202" }, "geometry": { "type": "LineString", "coordinates": [ [ -9.1949162, 38.749937 ], [ -9.194629, 38.74988 ], [ -9.19438, 38.7498331 ] ] } },
{ "type": "Feature", "properties": { "services_sum": 4.9654036243822075, "total_departures_sum": 466, "route_short_name_sum": null, "services_unique": null, "total_departures_unique": null, "route_short_name_unique": "720, 203" }, "geometry": { "type": "LineString", "coordinates": [ [ -9.1859842, 38.7038026 ], [ -9.1856698, 38.7039998 ] ] } },
{ "type": "Feature", "properties": { "services_sum": 5.4827018121911042, "total_departures_sum": 620, "route_short_name_sum": null, "services_unique": null, "total_departures_unique": null, "route_short_name_unique": "720, 203" }, "geometry": { "type": "LineString", "coordinates": [ [ -9.1856698, 38.7039998 ], [ -9.1852715, 38.7042658 ] ] } },
{ "type": "Feature", "properties": { "services_sum": 4.1293848037927869, "total_departures_sum": 361, "route_short_name_sum": null, "services_unique": null, "total_departures_unique": null, "route_short_name_unique": "206, 736" }, "geometry": { "type": "LineString", "coordinates": [ [ -9.1833038, 38.786206 ], [ -9.1829932, 38.7863785 ], [ -9.1829275, 38.7864157 ], [ -9.1828249, 38.7864792 ], [ -9.1822893, 38.7867791 ] ] } },
{ "type": "Feature", "properties": { "services_sum": 14.874692515399779, "total_departures_sum": 1118, "route_short_name_sum": null, "services_unique": null, "total_departures_unique": null, "route_short_name_unique": "751, 720, 201, 203, 15E" }, "geometry": { "type": "LineString", "coordinates": [ [ -9.180678, 38.7022814 ], [ -9.1805268, 38.7024133 ], [ -9.1804568, 38.7024753 ], [ -9.1803488, 38.7025751 ] ] } },
{ "type": "Feature", "properties": { "services_sum": 7.2776874444062498, "total_departures_sum": 498, "route_short_name_sum": null, "services_unique": null, "total_departures_unique": null, "route_short_name_unique": "751, 201, 203, 15E" }, "geometry": { "type": "LineString", "coordinates": [ [ -9.1798315, 38.7029802 ], [ -9.1797568, 38.7030715 ] ] } },
{ "type": "Feature", "properties": { "services_sum": 4.7259450554343472, "total_departures_sum": 180, "route_short_name_sum": null, "services_unique": null, "total_departures_unique": null, "route_short_name_unique": "720, 760" }, "geometry": { "type": "LineString", "coordinates": [ [ -9.1798315, 38.7029802 ], [ -9.1795001, 38.7033851 ] ] } },
{ "type": "Feature", "properties": { "services_sum": 11.909288891017571, "total_departures_sum": 910, "route_short_name_sum": null, "services_unique": null, "total_departures_unique": null, "route_short_name_unique": "751, 201, 203, 15E" }, "geometry": { "type": "LineString", "coordinates": [ [ -9.1797568, 38.7030715 ], [ -9.179617, 38.7032424 ], [ -9.1795001, 38.7033851 ] ] } },
{ "type": "Feature", "properties": { "services_sum": 4.253223068232943, "total_departures_sum": 192, "route_short_name_sum": null, "services_unique": null, "total_departures_unique": null, "route_short_name_unique": "751, 760, 201" }, "geometry": { "type": "LineString", "coordinates": [ [ -9.1777293, 38.7047268 ], [ -9.1776323, 38.7047713 ] ] } },
{ "type": "Feature", "properties": { "services_sum": 14.152201667006452, "total_departures_sum": 1013, "route_short_name_sum": null, "services_unique": null, "total_departures_unique": null, "route_short_name_unique": "751, 720, 760, 201, 203" }, "geometry": { "type": "LineString", "coordinates": [ [ -9.1773048, 38.7049216 ], [ -9.1772068, 38.704959 ] ] } },
{ "type": "Feature", "properties": { "services_sum": 9.8825394309265278, "total_departures_sum": 782, "route_short_name_sum": null, "services_unique": null, "total_departures_unique": null, "route_short_name_unique": "760, 201, 203" }, "geometry": { "type": "LineString", "coordinates": [ [ -9.1772068, 38.704959 ], [ -9.1770311, 38.7047597 ] ] } },
{ "type": "Feature", "properties": { "services_sum": 6.4239715276543681, "total_departures_sum": 495, "route_short_name_sum": null, "services_unique": null, "total_departures_unique": null, "route_short_name_unique": "720, 760, 201, 203" }, "geometry": { "type": "LineString", "coordinates": [ [ -9.1766226, 38.704616 ], [ -9.1764888, 38.7046024 ], [ -9.1763005, 38.7045832 ] ] } },
{ "type": "Feature", "properties": { "services_sum": 7.5873557132581926, "total_departures_sum": 477, "route_short_name_sum": null, "services_unique": null, "total_departures_unique": null, "route_short_name_unique": "760, 201, 203, 15E" }, "geometry": { "type": "LineString", "coordinates": [ [ -9.1766226, 38.704616 ], [ -9.1763005, 38.7045832 ] ] } },
{ "type": "Feature", "properties": { "services_sum": 3.1043234338127252, "total_departures_sum": 142, "route_short_name_sum": null, "services_unique": null, "total_departures_unique": null, "route_short_name_unique": "720, 760" }, "geometry": { "type": "LineString", "coordinates": [ [ -9.1743069, 38.7043209 ], [ -9.1739679, 38.704244 ], [ -9.1739542, 38.7042408 ] ] } },
{ "type": "Feature", "properties": { "services_sum": 12.011327240912561, "total_departures_sum": 714, "route_short_name_sum": null, "services_unique": null, "total_departures_unique": null, "route_short_name_unique": "720, 760, 201, 203, 15E" }, "geometry": { "type": "LineString", "coordinates": [ [ -9.1716797, 38.7037024 ], [ -9.1715884, 38.7036782 ], [ -9.1715039, 38.7036494 ], [ -9.1714308, 38.7036183 ], [ -9.1713496, 38.7035808 ], [ -9.1712936, 38.7035559 ], [ -9.1712336, 38.7035341 ] ] } },
{ "type": "Feature", "properties": { "services_sum": 3.3508932943155214, "total_departures_sum": 142, "route_short_name_sum": null, "services_unique": null, "total_departures_unique": null, "route_short_name_unique": "726, 731" }, "geometry": { "type": "LineString", "coordinates": [ [ -9.1686923, 38.7418343 ], [ -9.1687024, 38.7417934 ], [ -9.1687057, 38.7417527 ], [ -9.1687046, 38.7417212 ], [ -9.1686977, 38.7416722 ], [ -9.1686809, 38.7416204 ], [ -9.1686613, 38.7415848 ], [ -9.1686487, 38.7415618 ], [ -9.1685836, 38.7414757 ], [ -9.1685696, 38.7414571 ], [ -9.1684913, 38.741369 ], [ -9.1683966, 38.7412664 ], [ -9.1683564, 38.741214 ], [ -9.1681948, 38.7410285 ] ] } },
{ "type": "Feature", "properties": { "services_sum": 5.9026447790446657, "total_departures_sum": 294, "route_short_name_sum": null, "services_unique": null, "total_departures_unique": null, "route_short_name_unique": "746, 726, 758, 202" }, "geometry": { "type": "LineString", "coordinates": [ [ -9.1681948, 38.7410285 ], [ -9.1680546, 38.7408604 ], [ -9.1680004, 38.7407955 ] ] } },
{ "type": "Feature", "properties": { "services_sum": 6.9029226340043763, "total_departures_sum": 306, "route_short_name_sum": null, "services_unique": null, "total_departures_unique": null, "route_short_name_unique": "746, 726, 758, 731, 202" }, "geometry": { "type": "LineString", "coordinates": [ [ -9.1680004, 38.7407955 ], [ -9.1678806, 38.7406377 ], [ -9.1678492, 38.7405119 ], [ -9.167831, 38.740411 ], [ -9.1678106, 38.7402932 ], [ -9.1677777, 38.7399368 ], [ -9.1677318, 38.7398105 ], [ -9.1676165, 38.739632 ], [ -9.1676021, 38.7396097 ] ] } },
{ "type": "Feature", "properties": { "services_sum": 4.351171149275233, "total_departures_sum": 153, "route_short_name_sum": null, "services_unique": null, "total_departures_unique": null, "route_short_name_unique": "746, 726, 731" }, "geometry": { "type": "LineString", "coordinates": [ [ -9.1676021, 38.7396097 ], [ -9.1675115, 38.7394843 ], [ -9.167472, 38.7394295 ], [ -9.1673761, 38.7393507 ], [ -9.1672638, 38.7392961 ], [ -9.1671407, 38.7392617 ], [ -9.1670543, 38.7392375 ], [ -9.1669356, 38.7392042 ], [ -9.1664004, 38.7390701 ], [ -9.1659854, 38.738973 ], [ -9.165868, 38.7389455 ], [ -9.1650551, 38.7387882 ], [ -9.1647879, 38.7387365 ], [ -9.1645689, 38.7386941 ], [ -9.1639024, 38.7385651 ], [ -9.1637794, 38.7385412 ] ] } },
{ "type": "Feature", "properties": { "services_sum": 8.2903944230572169, "total_departures_sum": 800, "route_short_name_sum": null, "services_unique": null, "total_departures_unique": null, "route_short_name_unique": "773, 720, 203" }, "geometry": { "type": "LineString", "coordinates": [ [ -9.163877, 38.7116627 ], [ -9.163656, 38.7118605 ] ] } },
{ "type": "Feature", "properties": { "services_sum": 5.2004001333777925, "total_departures_sum": 552, "route_short_name_sum": null, "services_unique": null, "total_departures_unique": null, "route_short_name_unique": "758, 203" }, "geometry": { "type": "LineString", "coordinates": [ [ -9.1623276, 38.7275654 ], [ -9.1623264, 38.727436 ] ] } },
{ "type": "Feature", "properties": { "services_sum": 6.7027027027027026, "total_departures_sum": 750, "route_short_name_sum": null, "services_unique": null, "total_departures_unique": null, "route_short_name_unique": "202, 203" }, "geometry": { "type": "LineString", "coordinates": [ [ -9.1623276, 38.7275654 ], [ -9.1621905, 38.7275926 ] ] } },
{ "type": "Feature", "properties": { "services_sum": 3.3513513513513513, "total_departures_sum": 375, "route_short_name_sum": null, "services_unique": null, "total_departures_unique": null, "route_short_name_unique": "202, 203" }, "geometry": { "type": "LineString", "coordinates": [ [ -9.1621905, 38.7275926 ], [ -9.1618032, 38.7276694 ], [ -9.1615803, 38.7277136 ] ] } },
{ "type": "Feature", "properties": { "services_sum": 3.3249907986750094, "total_departures_sum": 334, "route_short_name_sum": null, "services_unique": null, "total_departures_unique": null, "route_short_name_unique": "773, 203" }, "geometry": { "type": "LineString", "coordinates": [ [ -9.1612369, 38.7138541 ], [ -9.161117, 38.7137937 ] ] } },
{ "type": "Feature", "properties": { "services_sum": 6.1388246978386007, "total_departures_sum": 441, "route_short_name_sum": null, "services_unique": null, "total_departures_unique": null, "route_short_name_unique": "206, 717, 207" }, "geometry": { "type": "LineString", "coordinates": [ [ -9.1596469, 38.7742188 ], [ -9.1589861, 38.774306 ] ] } },
{ "type": "Feature", "properties": { "services_sum": 6.7673991288599122, "total_departures_sum": 451, "route_short_name_sum": null, "services_unique": null, "total_departures_unique": null, "route_short_name_unique": "717, 736, 207" }, "geometry": { "type": "LineString", "coordinates": [ [ -9.1571061, 38.7645764 ], [ -9.1570452, 38.7643153 ] ] } },
{ "type": "Feature", "properties": { "services_sum": 2.3506154393558103, "total_departures_sum": 93, "route_short_name_sum": null, "services_unique": null, "total_departures_unique": null, "route_short_name_unique": "746, 726" }, "geometry": { "type": "LineString", "coordinates": [ [ -9.1565605, 38.7374386 ], [ -9.1564796, 38.7373243 ], [ -9.156455, 38.7372894 ], [ -9.1562744, 38.7370352 ], [ -9.1560107, 38.7367433 ], [ -9.1558647, 38.7365605 ], [ -9.1552, 38.7357284 ], [ -9.1549075, 38.7354052 ], [ -9.1548536, 38.7353472 ], [ -9.1547407, 38.7352257 ], [ -9.1543059, 38.734715 ], [ -9.1541559, 38.7345233 ], [ -9.154067, 38.7344152 ], [ -9.1539972, 38.7343298 ], [ -9.1539334, 38.7342528 ], [ -9.1538733, 38.7341795 ], [ -9.1538355, 38.7341356 ], [ -9.1536856, 38.733957 ], [ -9.1533405, 38.7335359 ], [ -9.1530557, 38.7331884 ], [ -9.152981, 38.7330977 ], [ -9.152298, 38.7323117 ], [ -9.1522299, 38.7322296 ], [ -9.1521883, 38.7321793 ], [ -9.1521091, 38.7320837 ], [ -9.1520645, 38.7320311 ], [ -9.1520153, 38.7319731 ], [ -9.1518191, 38.7317388 ], [ -9.1517214, 38.7316228 ], [ -9.1512305, 38.7310396 ], [ -9.15101, 38.7307809 ], [ -9.1509347, 38.7306926 ], [ -9.1508175, 38.7305558 ], [ -9.15046, 38.7301387 ], [ -9.1502362, 38.7298686 ], [ -9.1500537, 38.729651 ], [ -9.1498143, 38.7293678 ], [ -9.1495105, 38.7290105 ], [ -9.1494537, 38.7289437 ], [ -9.1489493, 38.7283689 ], [ -9.1486512, 38.7280233 ], [ -9.1486165, 38.7279875 ], [ -9.1485968, 38.7279573 ], [ -9.148537, 38.7278883 ] ] } },
{ "type": "Feature", "properties": { "services_sum": 3.5541824481297977, "total_departures_sum": 237, "route_short_name_sum": null, "services_unique": null, "total_departures_unique": null, "route_short_name_unique": "717, 736" }, "geometry": { "type": "LineString", "coordinates": [ [ -9.1557928, 38.7585276 ], [ -9.1552874, 38.7578458 ] ] } },
{ "type": "Feature", "properties": { "services_sum": 3.7647023153327286, "total_departures_sum": 246, "route_short_name_sum": null, "services_unique": null, "total_departures_unique": null, "route_short_name_unique": "750, 206, 207" }, "geometry": { "type": "LineString", "coordinates": [ [ -9.1552874, 38.7578458 ], [ -9.1551618, 38.7576762 ] ] } },
{ "type": "Feature", "properties": { "services_sum": 4.0344532969202476, "total_departures_sum": 257, "route_short_name_sum": null, "services_unique": null, "total_departures_unique": null, "route_short_name_unique": "720, 758, 202" }, "geometry": { "type": "LineString", "coordinates": [ [ -9.1550561, 38.7199089 ], [ -9.1549963, 38.71992 ], [ -9.1547248, 38.7199704 ] ] } },
{ "type": "Feature", "properties": { "services_sum": 5.2280936347555045, "total_departures_sum": 346, "route_short_name_sum": null, "services_unique": null, "total_departures_unique": null, "route_short_name_unique": "773, 758, 202" }, "geometry": { "type": "LineString", "coordinates": [ [ -9.1542116, 38.7200151 ], [ -9.1541964, 38.7199425 ], [ -9.1535414, 38.7191689 ], [ -9.1534331, 38.719041 ], [ -9.1532274, 38.7188021 ], [ -9.1527206, 38.718524 ], [ -9.1526328, 38.718471 ], [ -9.1524274, 38.7183469 ] ] } },
{ "type": "Feature", "properties": { "services_sum": 5.0002778549597107, "total_departures_sum": 564, "route_short_name_sum": null, "services_unique": null, "total_departures_unique": null, "route_short_name_unique": "726, 203" }, "geometry": { "type": "LineString", "coordinates": [ [ -9.1536006, 38.7344687 ], [ -9.1532237, 38.7346013 ], [ -9.1531049, 38.7346388 ] ] } },
{ "type": "Feature", "properties": { "services_sum": 4.7327584886816956, "total_departures_sum": 335, "route_short_name_sum": null, "services_unique": null, "total_departures_unique": null, "route_short_name_unique": "720, 736, 207" }, "geometry": { "type": "LineString", "coordinates": [ [ -9.1508243, 38.7247136 ], [ -9.1507329, 38.7246441 ] ] } },
{ "type": "Feature", "properties": { "services_sum": 7.6851128081722795, "total_departures_sum": 376, "route_short_name_sum": null, "services_unique": null, "total_departures_unique": null, "route_short_name_unique": "755, 206, 717, 731" }, "geometry": { "type": "LineString", "coordinates": [ [ -9.1505106, 38.7551751 ], [ -9.1504499, 38.7551949 ] ] } },
{ "type": "Feature", "properties": { "services_sum": 4.2784908890959521, "total_departures_sum": 242, "route_short_name_sum": null, "services_unique": null, "total_departures_unique": null, "route_short_name_unique": "746, 720, 736" }, "geometry": { "type": "LineString", "coordinates": [ [ -9.1503354, 38.7244749 ], [ -9.1503017, 38.7244682 ] ] } },
{ "type": "Feature", "properties": { "services_sum": 3.9375251216962694, "total_departures_sum": 219, "route_short_name_sum": null, "services_unique": null, "total_departures_unique": null, "route_short_name_unique": "746, 720, 207" }, "geometry": { "type": "LineString", "coordinates": [ [ -9.150228, 38.7244554 ], [ -9.1501185, 38.7244448 ] ] } },
{ "type": "Feature", "properties": { "services_sum": 4.6003942608866915, "total_departures_sum": 313, "route_short_name_sum": null, "services_unique": null, "total_departures_unique": null, "route_short_name_unique": "726, 736, 207" }, "geometry": { "type": "LineString", "coordinates": [ [ -9.1495771, 38.7259919 ], [ -9.1495583, 38.72603 ] ] } },
{ "type": "Feature", "properties": { "services_sum": 2.8330393965872029, "total_departures_sum": 186, "route_short_name_sum": null, "services_unique": null, "total_departures_unique": null, "route_short_name_unique": "726, 720" }, "geometry": { "type": "LineString", "coordinates": [ [ -9.1495771, 38.7259919 ], [ -9.1494582, 38.7259395 ], [ -9.1493856, 38.7258965 ] ] } },
{ "type": "Feature", "properties": { "services_sum": 5.6006721158464021, "total_departures_sum": 324, "route_short_name_sum": null, "services_unique": null, "total_departures_unique": null, "route_short_name_unique": "746, 726, 736, 207" }, "geometry": { "type": "LineString", "coordinates": [ [ -9.1495246, 38.7265262 ], [ -9.149487, 38.7266036 ], [ -9.1494753, 38.7266288 ], [ -9.1494307, 38.726725 ], [ -9.1494066, 38.7267648 ], [ -9.1491722, 38.7271382 ], [ -9.149023, 38.7273757 ], [ -9.1488669, 38.7275653 ], [ -9.1487864, 38.72761 ], [ -9.148739, 38.7276417 ], [ -9.148537, 38.7278883 ] ] } },
{ "type": "Feature", "properties": { "services_sum": 2.3338735818476501, "total_departures_sum": 234, "route_short_name_sum": null, "services_unique": null, "total_departures_unique": null, "route_short_name_unique": "206" }, "geometry": { "type": "LineString", "coordinates": [ [ -9.1485516, 38.7746416 ], [ -9.1480622, 38.7746815 ], [ -9.1479392, 38.7746905 ], [ -9.1469812, 38.7747607 ] ] } },
{ "type": "Feature", "properties": { "services_sum": 6.5473681175374763, "total_departures_sum": 469, "route_short_name_sum": null, "services_unique": null, "total_departures_unique": null, "route_short_name_unique": "206, 717, 207" }, "geometry": { "type": "LineString", "coordinates": [ [ -9.1480966, 38.7745983 ], [ -9.1479729, 38.7746075 ], [ -9.1474004, 38.77465 ] ] } },
{ "type": "Feature", "properties": { "services_sum": 4.66776213527557, "total_departures_sum": 318, "route_short_name_sum": null, "services_unique": null, "total_departures_unique": null, "route_short_name_unique": "717, 207" }, "geometry": { "type": "LineString", "coordinates": [ [ -9.1475265, 38.7986165 ], [ -9.1468119, 38.7983816 ] ] } },
{ "type": "Feature", "properties": { "services_sum": 4.0688280869719344, "total_departures_sum": 252, "route_short_name_sum": null, "services_unique": null, "total_departures_unique": null, "route_short_name_unique": "750, 206, 717" }, "geometry": { "type": "LineString", "coordinates": [ [ -9.1474247, 38.7561752 ], [ -9.1467034, 38.7564081 ] ] } },
{ "type": "Feature", "properties": { "services_sum": 5.5470902625777647, "total_departures_sum": 448, "route_short_name_sum": null, "services_unique": null, "total_departures_unique": null, "route_short_name_unique": "206, 717, 207" }, "geometry": { "type": "LineString", "coordinates": [ [ -9.1474004, 38.77465 ], [ -9.1470158, 38.7746785 ], [ -9.1469812, 38.7747607 ] ] } },
{ "type": "Feature", "properties": { "services_sum": 2.9412697154632639, "total_departures_sum": 133, "route_short_name_sum": null, "services_unique": null, "total_departures_unique": null, "route_short_name_unique": "760, 201" }, "geometry": { "type": "LineString", "coordinates": [ [ -9.1459863, 38.7063004 ], [ -9.1452597, 38.7062871 ], [ -9.1451474, 38.706285 ] ] } },
{ "type": "Feature", "properties": { "services_sum": 8.8283328780357273, "total_departures_sum": 401, "route_short_name_sum": null, "services_unique": null, "total_departures_unique": null, "route_short_name_unique": "750, 755, 206, 717, 731" }, "geometry": { "type": "LineString", "coordinates": [ [ -9.1459392, 38.7566557 ], [ -9.1458527, 38.7566831 ] ] } },
{ "type": "Feature", "properties": { "services_sum": 8.0261015855392142, "total_departures_sum": 586, "route_short_name_sum": null, "services_unique": null, "total_departures_unique": null, "route_short_name_unique": "206, 758, 201, 202, 207, 208" }, "geometry": { "type": "LineString", "coordinates": [ [ -9.1438894, 38.7058019 ], [ -9.1438821, 38.7060296 ] ] } },
{ "type": "Feature", "properties": { "services_sum": 5.5297974997109796, "total_departures_sum": 457, "route_short_name_sum": null, "services_unique": null, "total_departures_unique": null, "route_short_name_unique": "206, 207, 208, 210" }, "geometry": { "type": "LineString", "coordinates": [ [ -9.1438556, 38.7062184 ], [ -9.1438395, 38.7062942 ] ] } },
{ "type": "Feature", "properties": { "services_sum": 7.2089773348798136, "total_departures_sum": 257, "route_short_name_sum": null, "services_unique": null, "total_departures_unique": null, "route_short_name_unique": "760, 201, 15E" }, "geometry": { "type": "LineString", "coordinates": [ [ -9.1438556, 38.7062184 ], [ -9.1436902, 38.7062014 ], [ -9.1435806, 38.7061939 ], [ -9.1434916, 38.7061914 ], [ -9.1433994, 38.7061955 ], [ -9.1433099, 38.706211 ], [ -9.1432686, 38.7062194 ], [ -9.1432295, 38.7062295 ], [ -9.1432093, 38.7062379 ] ] } },
{ "type": "Feature", "properties": { "services_sum": 6.5483292229409749, "total_departures_sum": 493, "route_short_name_sum": null, "services_unique": null, "total_departures_unique": null, "route_short_name_unique": "206, 758, 202, 207, 210" }, "geometry": { "type": "LineString", "coordinates": [ [ -9.1435637, 38.706709 ], [ -9.1435311, 38.7067107 ], [ -9.1434987, 38.7067106 ] ] } },
{ "type": "Feature", "properties": { "services_sum": 6.8811488510623313, "total_departures_sum": 574, "route_short_name_sum": null, "services_unique": null, "total_departures_unique": null, "route_short_name_unique": "206, 202, 207, 208, 210" }, "geometry": { "type": "LineString", "coordinates": [ [ -9.1434987, 38.7067106 ], [ -9.1434555, 38.7067074 ], [ -9.1434332, 38.7067014 ], [ -9.1434037, 38.7066856 ], [ -9.143371, 38.7066578 ], [ -9.14335, 38.7066252 ], [ -9.1433147, 38.7065498 ], [ -9.1432632, 38.706443 ], [ -9.1432404, 38.7063677 ], [ -9.1432167, 38.7063015 ], [ -9.1432147, 38.7062959 ], [ -9.1432066, 38.7062389 ] ] } },
{ "type": "Feature", "properties": { "services_sum": 2.6549455879232471, "total_departures_sum": 140, "route_short_name_sum": null, "services_unique": null, "total_departures_unique": null, "route_short_name_unique": "758, 207" }, "geometry": { "type": "LineString", "coordinates": [ [ -9.1432282, 38.705476 ], [ -9.1432256, 38.7055429 ] ] } },
{ "type": "Feature", "properties": { "services_sum": 6.7462514903585182, "total_departures_sum": 565, "route_short_name_sum": null, "services_unique": null, "total_departures_unique": null, "route_short_name_unique": "206, 201, 202, 208, 210" }, "geometry": { "type": "LineString", "coordinates": [ [ -9.1432282, 38.705476 ], [ -9.1432219, 38.7056407 ] ] } },
{ "type": "Feature", "properties": { "services_sum": 6.8494455935526215, "total_departures_sum": 552, "route_short_name_sum": null, "services_unique": null, "total_departures_unique": null, "route_short_name_unique": "206, 201, 207, 208, 210" }, "geometry": { "type": "LineString", "coordinates": [ [ -9.1432219, 38.7056407 ], [ -9.1432191, 38.7057253 ] ] } },
{ "type": "Feature", "properties": { "services_sum": 8.2007969449039724, "total_departures_sum": 669, "route_short_name_sum": null, "services_unique": null, "total_departures_unique": null, "route_short_name_unique": "206, 201, 202, 207, 208, 210" }, "geometry": { "type": "LineString", "coordinates": [ [ -9.1432191, 38.7057253 ], [ -9.1432187, 38.7057441 ] ] } },
{ "type": "Feature", "properties": { "services_sum": 6.6675771834048252, "total_departures_sum": 552, "route_short_name_sum": null, "services_unique": null, "total_departures_unique": null, "route_short_name_unique": "206, 201, 202, 207, 210" }, "geometry": { "type": "LineString", "coordinates": [ [ -9.1432187, 38.7057441 ], [ -9.1432162, 38.70583 ] ] } },
{ "type": "Feature", "properties": { "services_sum": 7.0338601539801484, "total_departures_sum": 552, "route_short_name_sum": null, "services_unique": null, "total_departures_unique": null, "route_short_name_unique": "201, 202, 207, 208, 210" }, "geometry": { "type": "LineString", "coordinates": [ [ -9.1432162, 38.70583 ], [ -9.1432139, 38.705913 ] ] } },
{ "type": "Feature", "properties": { "services_sum": 9.2010747998636848, "total_departures_sum": 690, "route_short_name_sum": null, "services_unique": null, "total_departures_unique": null, "route_short_name_unique": "206, 201, 202, 207, 208, 210" }, "geometry": { "type": "LineString", "coordinates": [ [ -9.1432139, 38.705913 ], [ -9.1432122, 38.7059828 ], [ -9.1432021, 38.7061721 ], [ -9.1432057, 38.7062325 ], [ -9.1432066, 38.7062389 ] ] } },
{ "type": "Feature", "properties": { "services_sum": 3.9657340916365706, "total_departures_sum": 181, "route_short_name_sum": null, "services_unique": null, "total_departures_unique": null, "route_short_name_unique": "201, 15E" }, "geometry": { "type": "LineString", "coordinates": [ [ -9.1432093, 38.7062379 ], [ -9.1432066, 38.7062389 ] ] } },
{ "type": "Feature", "properties": { "services_sum": 13.251413397631143, "total_departures_sum": 917, "route_short_name_sum": null, "services_unique": null, "total_departures_unique": null, "route_short_name_unique": "206, 207, 208, 210, 15E" }, "geometry": { "type": "LineString", "coordinates": [ [ -9.1432066, 38.7062389 ], [ -9.1431875, 38.7062455 ] ] } },
{ "type": "Feature", "properties": { "services_sum": 16.494656640874389, "total_departures_sum": 993, "route_short_name_sum": null, "services_unique": null, "total_departures_unique": null, "route_short_name_unique": "206, 760, 207, 208, 210, 15E" }, "geometry": { "type": "LineString", "coordinates": [ [ -9.1431875, 38.7062455 ], [ -9.1431371, 38.7062656 ] ] } },
{ "type": "Feature", "properties": { "services_sum": 13.382915853279135, "total_departures_sum": 978, "route_short_name_sum": null, "services_unique": null, "total_departures_unique": null, "route_short_name_unique": "206, 207, 208, 210, 15E" }, "geometry": { "type": "LineString", "coordinates": [ [ -9.14165, 38.7069393 ], [ -9.1416416, 38.7069181 ] ] } },
{ "type": "Feature", "properties": { "services_sum": 6.8528404986084439, "total_departures_sum": 500, "route_short_name_sum": null, "services_unique": null, "total_departures_unique": null, "route_short_name_unique": "206, 207, 208, 210, 15E" }, "geometry": { "type": "LineString", "coordinates": [ [ -9.1414084, 38.7072089 ], [ -9.1413205, 38.7072297 ], [ -9.1410441, 38.7072949 ] ] } },
{ "type": "Feature", "properties": { "services_sum": 6.5300753546706911, "total_departures_sum": 478, "route_short_name_sum": null, "services_unique": null, "total_departures_unique": null, "route_short_name_unique": "206, 207, 208, 210" }, "geometry": { "type": "LineString", "coordinates": [ [ -9.1414084, 38.7072089 ], [ -9.141183, 38.7072621 ], [ -9.1410441, 38.7072949 ] ] } },
{ "type": "Feature", "properties": { "services_sum": 13.785548190131843, "total_departures_sum": 823, "route_short_name_sum": null, "services_unique": null, "total_departures_unique": null, "route_short_name_unique": "206, 760, 207, 208, 210, 15E" }, "geometry": { "type": "LineString", "coordinates": [ [ -9.1386471, 38.7078802 ], [ -9.1385335, 38.7079082 ] ] } },
{ "type": "Feature", "properties": { "services_sum": 2.7775884534429185, "total_departures_sum": 147, "route_short_name_sum": null, "services_unique": null, "total_departures_unique": null, "route_short_name_unique": "207, 15E" }, "geometry": { "type": "LineString", "coordinates": [ [ -9.1378479, 38.7132666 ], [ -9.1378086, 38.713275 ], [ -9.1377133, 38.7132984 ], [ -9.1374354, 38.7133667 ], [ -9.1371046, 38.7134486 ], [ -9.1370518, 38.7134617 ] ] } },
{ "type": "Feature", "properties": { "services_sum": 10.306260504453371, "total_departures_sum": 650, "route_short_name_sum": null, "services_unique": null, "total_departures_unique": null, "route_short_name_unique": "206, 760, 207, 208, 210" }, "geometry": { "type": "LineString", "coordinates": [ [ -9.1364704, 38.7083811 ], [ -9.1360505, 38.7084839 ] ] } },
{ "type": "Feature", "properties": { "services_sum": 4.609386837666225, "total_departures_sum": 259, "route_short_name_sum": null, "services_unique": null, "total_departures_unique": null, "route_short_name_unique": "760, 207, 208" }, "geometry": { "type": "LineString", "coordinates": [ [ -9.1362426, 38.7094338 ], [ -9.1355734, 38.7095962 ] ] } },
{ "type": "Feature", "properties": { "services_sum": 8.940605182689076, "total_departures_sum": 653, "route_short_name_sum": null, "services_unique": null, "total_departures_unique": null, "route_short_name_unique": "206, 208, 210, 15E" }, "geometry": { "type": "LineString", "coordinates": [ [ -9.1356283, 38.7086176 ], [ -9.1353087, 38.7086978 ], [ -9.1352797, 38.7087049 ] ] } },
{ "type": "Feature", "properties": { "services_sum": 3.15484138312077, "total_departures_sum": 155, "route_short_name_sum": null, "services_unique": null, "total_departures_unique": null, "route_short_name_unique": "760, 208" }, "geometry": { "type": "LineString", "coordinates": [ [ -9.1353379, 38.7092269 ], [ -9.1352556, 38.7090168 ] ] } },
{ "type": "Feature", "properties": { "services_sum": 3.7586712261846604, "total_departures_sum": 368, "route_short_name_sum": null, "services_unique": null, "total_departures_unique": null, "route_short_name_unique": "717, 203" }, "geometry": { "type": "LineString", "coordinates": [ [ -9.1353067, 38.7339103 ], [ -9.1351909, 38.7339249 ], [ -9.1350834, 38.7339007 ], [ -9.135045, 38.7338898 ], [ -9.1344934, 38.7337697 ] ] } },
{ "type": "Feature", "properties": { "services_sum": 4.4778843820182344, "total_departures_sum": 198, "route_short_name_sum": null, "services_unique": null, "total_departures_unique": null, "route_short_name_unique": "760, 208, 15E" }, "geometry": { "type": "LineString", "coordinates": [ [ -9.1352053, 38.7088884 ], [ -9.1351751, 38.7088196 ], [ -9.135165, 38.7087676 ] ] } },
{ "type": "Feature", "properties": { "services_sum": 3.2918909876838089, "total_departures_sum": 227, "route_short_name_sum": null, "services_unique": null, "total_departures_unique": null, "route_short_name_unique": "717, 208" }, "geometry": { "type": "LineString", "coordinates": [ [ -9.1342266, 38.7339169 ], [ -9.1341647, 38.7345226 ], [ -9.1341569, 38.7346121 ], [ -9.1341339, 38.7348467 ] ] } },
{ "type": "Feature", "properties": { "services_sum": 4.4588277786076338, "total_departures_sum": 344, "route_short_name_sum": null, "services_unique": null, "total_departures_unique": null, "route_short_name_unique": "206, 717, 208" }, "geometry": { "type": "LineString", "coordinates": [ [ -9.1341339, 38.7348467 ], [ -9.1340745, 38.7354093 ], [ -9.1340495, 38.7356254 ], [ -9.1340259, 38.7358297 ], [ -9.1340197, 38.7358926 ], [ -9.1339591, 38.73653 ], [ -9.1339694, 38.7366226 ], [ -9.1339609, 38.7367114 ], [ -9.1339558, 38.7367713 ], [ -9.1339427, 38.7369024 ] ] } },
{ "type": "Feature", "properties": { "services_sum": 2.7001565524229734, "total_departures_sum": 234, "route_short_name_sum": null, "services_unique": null, "total_departures_unique": null, "route_short_name_unique": "206, 208" }, "geometry": { "type": "LineString", "coordinates": [ [ -9.1339427, 38.7369024 ], [ -9.1339212, 38.7371178 ], [ -9.1339156, 38.7371763 ], [ -9.1338821, 38.7375261 ] ] } },
{ "type": "Feature", "properties": { "services_sum": 5.9415295907987371, "total_departures_sum": 448, "route_short_name_sum": null, "services_unique": null, "total_departures_unique": null, "route_short_name_unique": "206, 720, 717, 208" }, "geometry": { "type": "LineString", "coordinates": [ [ -9.1338821, 38.7375261 ], [ -9.1338615, 38.7376305 ], [ -9.1338116, 38.7378832 ], [ -9.1337503, 38.7384836 ], [ -9.1337366, 38.7386124 ], [ -9.1336913, 38.7391207 ], [ -9.1336746, 38.7392941 ], [ -9.1336466, 38.7395667 ], [ -9.1336451, 38.7395837 ], [ -9.1336226, 38.739837 ], [ -9.1336201, 38.7398607 ], [ -9.1335605, 38.7404154 ], [ -9.133551, 38.7405063 ], [ -9.1335479, 38.7405356 ], [ -9.1334958, 38.7410308 ], [ -9.133477, 38.7411917 ], [ -9.1334429, 38.7414844 ] ] } },
{ "type": "Feature", "properties": { "services_sum": 3.9171277764089281, "total_departures_sum": 355, "route_short_name_sum": null, "services_unique": null, "total_departures_unique": null, "route_short_name_unique": "206, 210" }, "geometry": { "type": "LineString", "coordinates": [ [ -9.1334895, 38.7086515 ], [ -9.133434, 38.7084901 ] ] } },
{ "type": "Feature", "properties": { "services_sum": 5.1831362195737878, "total_departures_sum": 359, "route_short_name_sum": null, "services_unique": null, "total_departures_unique": null, "route_short_name_unique": "206, 720, 208" }, "geometry": { "type": "LineString", "coordinates": [ [ -9.1332765, 38.7426095 ], [ -9.1332084, 38.7425757 ], [ -9.1331205, 38.7425264 ] ] } },
{ "type": "Feature", "properties": { "services_sum": 8.2439105086751887, "total_departures_sum": 633, "route_short_name_sum": null, "services_unique": null, "total_departures_unique": null, "route_short_name_unique": "794, 206, 210" }, "geometry": { "type": "LineString", "coordinates": [ [ -9.1328236, 38.7077065 ], [ -9.1327373, 38.7077459 ], [ -9.1322841, 38.7079522 ] ] } },
{ "type": "Feature", "properties": { "services_sum": 4.9969118196002897, "total_departures_sum": 425, "route_short_name_sum": null, "services_unique": null, "total_departures_unique": null, "route_short_name_unique": "794, 206, 210" }, "geometry": { "type": "LineString", "coordinates": [ [ -9.1321349, 38.7080186 ], [ -9.131832, 38.7081534 ] ] } },
{ "type": "Feature", "properties": { "services_sum": 2.1595680863827234, "total_departures_sum": 140, "route_short_name_sum": null, "services_unique": null, "total_departures_unique": null, "route_short_name_unique": "794" }, "geometry": { "type": "LineString", "coordinates": [ [ -9.1173302, 38.7441815 ], [ -9.1172669, 38.7441967 ], [ -9.1172146, 38.7442306 ], [ -9.1171798, 38.7442976 ], [ -9.1171637, 38.7445367 ], [ -9.1171369, 38.7449534 ], [ -9.1171207, 38.7450372 ], [ -9.1170618, 38.7451364 ] ] } },
{ "type": "Feature", "properties": { "services_sum": 4.0667173779580077, "total_departures_sum": 246, "route_short_name_sum": null, "services_unique": null, "total_departures_unique": null, "route_short_name_unique": "731, 208" }, "geometry": { "type": "LineString", "coordinates": [ [ -9.1112697, 38.7750379 ], [ -9.110992, 38.7753324 ], [ -9.110912, 38.7754073 ] ] } },
{ "type": "Feature", "properties": { "services_sum": 3.7504688404448143, "total_departures_sum": 250, "route_short_name_sum": null, "services_unique": null, "total_departures_unique": null, "route_short_name_unique": "731, 210" }, "geometry": { "type": "LineString", "coordinates": [ [ -9.1068707, 38.7813205 ], [ -9.106713, 38.7813163 ], [ -9.106626, 38.7812586 ], [ -9.106584, 38.7808551 ], [ -9.1065303, 38.7807441 ], [ -9.1064625, 38.7806601 ], [ -9.1063587, 38.7805762 ], [ -9.1062116, 38.7804947 ], [ -9.1061115, 38.7804333 ], [ -9.1060196, 38.780344 ], [ -9.105966, 38.7802428 ], [ -9.105951, 38.7801566 ], [ -9.1059552, 38.779434 ], [ -9.1059199, 38.779292 ], [ -9.1058114, 38.7791546 ], [ -9.1056369, 38.7790634 ], [ -9.1054543, 38.7790276 ], [ -9.1054393, 38.7790246 ], [ -9.1053983, 38.7790298 ], [ -9.1052305, 38.779051 ], [ -9.105209, 38.7790537 ], [ -9.1050033, 38.7791673 ], [ -9.1048922, 38.7793279 ], [ -9.104875, 38.7794029 ], [ -9.1048357, 38.7799895 ], [ -9.1047896, 38.7801436 ] ] } },
{ "type": "Feature", "properties": { "services_sum": 3.9085931092014112, "total_departures_sum": 248, "route_short_name_sum": null, "services_unique": null, "total_departures_unique": null, "route_short_name_unique": "731, 208, 210" }, "geometry": { "type": "LineString", "coordinates": [ [ -9.105551, 38.7747743 ], [ -9.1055274, 38.7747796 ], [ -9.1054475, 38.7747976 ], [ -9.1054111, 38.7747973 ], [ -9.1052913, 38.7747962 ], [ -9.10522, 38.7747876 ], [ -9.1051768, 38.7747824 ], [ -9.1050174, 38.774798 ], [ -9.1048483, 38.7748115 ], [ -9.1037077, 38.774891 ], [ -9.1031355, 38.7749514 ], [ -9.1027396, 38.7750362 ], [ -9.1025586, 38.7750505 ], [ -9.1025502, 38.7750511 ], [ -9.1020409, 38.7750853 ] ] } },
{ "type": "Feature", "properties": { "services_sum": 3.598099605797362, "total_departures_sum": 214, "route_short_name_sum": null, "services_unique": null, "total_departures_unique": null, "route_short_name_unique": "750, 794, 210" }, "geometry": { "type": "LineString", "coordinates": [ [ -9.1012607, 38.7685627 ], [ -9.101619, 38.7685654 ], [ -9.1017539, 38.7685664 ], [ -9.1039984, 38.7685829 ], [ -9.1041431, 38.7685807 ], [ -9.1042307, 38.7685794 ], [ -9.1042257, 38.768526 ], [ -9.1042201, 38.7684647 ], [ -9.104201, 38.7682588 ], [ -9.1041489, 38.7677935 ], [ -9.104129, 38.7676144 ], [ -9.1041185, 38.7675149 ], [ -9.1041126, 38.7674586 ], [ -9.1041002, 38.7673413 ] ] } },
{ "type": "Feature", "properties": { "services_sum": 3.7504688404448143, "total_departures_sum": 244, "route_short_name_sum": null, "services_unique": null, "total_departures_unique": null, "route_short_name_unique": "755, 210" }, "geometry": { "type": "LineString", "coordinates": [ [ -9.1015408, 38.7436267 ], [ -9.1013386, 38.7440698 ], [ -9.1012934, 38.7441598 ], [ -9.1012479, 38.7442575 ] ] } },
{ "type": "Feature", "properties": { "services_sum": 5.8166305084833994, "total_departures_sum": 472, "route_short_name_sum": null, "services_unique": null, "total_departures_unique": null, "route_short_name_unique": "208, 210" }, "geometry": { "type": "LineString", "coordinates": [ [ -9.098029, 38.7685399 ], [ -9.0979575, 38.7684658 ] ] } },
{ "type": "Feature", "properties": { "services_sum": 2.6316014466113211, "total_departures_sum": 154, "route_short_name_sum": null, "services_unique": null, "total_departures_unique": null, "route_short_name_unique": "751, 201" }, "geometry": { "type": "LineString", "coordinates": [ [ -9.2356298, 38.7158737 ], [ -9.2355615, 38.715853 ], [ -9.2346579, 38.7155627 ], [ -9.2345828, 38.7155355 ], [ -9.2345157, 38.7155104 ], [ -9.2344218, 38.7154707 ], [ -9.2343172, 38.7154183 ], [ -9.2341697, 38.7153409 ], [ -9.2338156, 38.7151358 ], [ -9.2336006, 38.7150001 ], [ -9.2335525, 38.714974 ], [ -9.2335126, 38.7149495 ], [ -9.2334703, 38.7149199 ], [ -9.2334333, 38.7148862 ], [ -9.2334098, 38.7148765 ], [ -9.2333745, 38.714862 ], [ -9.2333179, 38.7148573 ], [ -9.2332727, 38.7148648 ], [ -9.2332234, 38.7148871 ], [ -9.2331954, 38.7149109 ], [ -9.233171, 38.714951 ], [ -9.2331684, 38.714984 ], [ -9.2331151, 38.7150461 ], [ -9.2330353, 38.7151064 ], [ -9.2329655, 38.7151232 ], [ -9.2327992, 38.7151525 ], [ -9.2326946, 38.7151671 ], [ -9.2326142, 38.7151713 ], [ -9.2324988, 38.7151713 ], [ -9.2324103, 38.7151629 ], [ -9.2323379, 38.7151504 ], [ -9.2322547, 38.7151295 ], [ -9.2316647, 38.7149411 ], [ -9.2316411, 38.7149334 ], [ -9.2308734, 38.7146816 ], [ -9.2307044, 38.7146355 ], [ -9.2305945, 38.7146104 ], [ -9.2304953, 38.7145951 ], [ -9.230402, 38.7145856 ], [ -9.2302977, 38.7145815 ], [ -9.2301555, 38.7145859 ], [ -9.2299932, 38.7145995 ], [ -9.2298508, 38.714621 ], [ -9.2297115, 38.714658 ], [ -9.2295516, 38.714713 ], [ -9.2294813, 38.7147255 ], [ -9.2293602, 38.7147465 ], [ -9.2293155, 38.7147147 ], [ -9.2292616, 38.7146932 ], [ -9.2292077, 38.7146846 ], [ -9.2292023, 38.7146837 ], [ -9.2291419, 38.7146868 ], [ -9.2290847, 38.7147023 ], [ -9.2289038, 38.7146519 ], [ -9.2282832, 38.7144938 ], [ -9.2280667, 38.7144347 ], [ -9.2277301, 38.7143426 ], [ -9.2273194, 38.7142275 ], [ -9.2269295, 38.7141182 ], [ -9.2267829, 38.7140787 ], [ -9.2261756, 38.7139057 ], [ -9.226133, 38.7138935 ], [ -9.2258335, 38.7138048 ], [ -9.2257611, 38.7137869 ], [ -9.2256806, 38.7137713 ], [ -9.2255921, 38.7137618 ], [ -9.2254929, 38.7137534 ], [ -9.2254151, 38.7137367 ], [ -9.225332, 38.7137074 ], [ -9.2252622, 38.7136687 ], [ -9.2252052, 38.7136251 ], [ -9.2251716, 38.713585 ], [ -9.2251496, 38.7135405 ], [ -9.2251408, 38.7135048 ], [ -9.2251408, 38.7134587 ], [ -9.2251475, 38.7134252 ], [ -9.2251799, 38.7133409 ], [ -9.2251974, 38.7132492 ], [ -9.225199, 38.7132406 ], [ -9.2252109, 38.7131698 ], [ -9.2251638, 38.7132316 ], [ -9.2251366, 38.7132663 ], [ -9.2250951, 38.7133192 ], [ -9.2250703, 38.7133674 ], [ -9.2250295, 38.7134089 ], [ -9.2249834, 38.7134401 ], [ -9.2249282, 38.7134567 ], [ -9.224867, 38.7134647 ], [ -9.2248001, 38.7134613 ], [ -9.2247042, 38.7134737 ], [ -9.2246096, 38.7134971 ], [ -9.2245961, 38.7135004 ], [ -9.2245543, 38.7135337 ], [ -9.2244977, 38.7136037 ], [ -9.2244976, 38.7136471 ], [ -9.2244975, 38.713691 ], [ -9.2245551, 38.7137637 ], [ -9.2245988, 38.7137974 ], [ -9.2246204, 38.7138141 ], [ -9.2246754, 38.713847 ], [ -9.2246984, 38.7138609 ], [ -9.2248549, 38.7138893 ], [ -9.2249672, 38.713888 ], [ -9.2251348, 38.7138583 ], [ -9.2251979, 38.7138643 ], [ -9.2252649, 38.7138759 ], [ -9.2253239, 38.7138927 ], [ -9.2253829, 38.7139104 ], [ -9.2254527, 38.7139418 ], [ -9.2255036, 38.7139637 ], [ -9.2255787, 38.7139909 ], [ -9.2256961, 38.7140259 ], [ -9.2260647, 38.7141258 ], [ -9.2269878, 38.7143762 ], [ -9.227421, 38.7144936 ], [ -9.2284525, 38.7147765 ], [ -9.2286333, 38.7148261 ], [ -9.2287664, 38.714862 ], [ -9.2288041, 38.714872 ], [ -9.2289763, 38.7149235 ], [ -9.2290092, 38.7149684 ], [ -9.2290574, 38.7150039 ], [ -9.2291166, 38.715027 ], [ -9.2291641, 38.7150349 ], [ -9.2292126, 38.7150346 ], [ -9.2292889, 38.7150168 ], [ -9.2293524, 38.7149794 ], [ -9.2293626, 38.714967 ], [ -9.2293954, 38.7149271 ], [ -9.2294125, 38.7148665 ], [ -9.2295218, 38.7147952 ], [ -9.229719, 38.7147313 ], [ -9.2298658, 38.7146889 ], [ -9.2300801, 38.7146563 ], [ -9.2303348, 38.7146497 ], [ -9.2304928, 38.7146629 ], [ -9.2306345, 38.7146886 ], [ -9.2312465, 38.7148788 ], [ -9.2317013, 38.7150309 ], [ -9.232134, 38.7151755 ], [ -9.2323309, 38.7152193 ], [ -9.2324414, 38.7152346 ], [ -9.2325416, 38.7152404 ], [ -9.2326247, 38.7152384 ], [ -9.2327186, 38.7152321 ], [ -9.2329198, 38.7152049 ], [ -9.2331094, 38.7151591 ], [ -9.2331987, 38.7151409 ], [ -9.2332604, 38.7151274 ], [ -9.2333359, 38.7151126 ], [ -9.2333707, 38.7151046 ], [ -9.2334401, 38.715117 ], [ -9.2335175, 38.7151361 ], [ -9.2335903, 38.7151609 ], [ -9.2336893, 38.7151959 ], [ -9.2337727, 38.7152404 ], [ -9.2339066, 38.7153047 ], [ -9.2342341, 38.7154707 ], [ -9.2343896, 38.7155439 ], [ -9.2345208, 38.7156019 ], [ -9.2346686, 38.715659 ], [ -9.2348456, 38.7157218 ], [ -9.2350122, 38.7157758 ], [ -9.2352909, 38.7158662 ], [ -9.2356838, 38.715987 ] ] } },
{ "type": "Feature", "properties": { "services_sum": 2.6316014466113211, "total_departures_sum": 154, "route_short_name_sum": null, "services_unique": null, "total_departures_unique": null, "route_short_name_unique": "751, 201" }, "geometry": { "type": "LineString", "coordinates": [ [ -9.2279487, 38.7014808 ], [ -9.227994, 38.7013666 ], [ -9.2280061, 38.7012323 ], [ -9.2280058, 38.7011981 ], [ -9.2280065, 38.7011532 ], [ -9.2280026, 38.7011128 ], [ -9.2279908, 38.7010399 ], [ -9.2279815, 38.7010025 ], [ -9.2279579, 38.7009621 ], [ -9.2279112, 38.7009425 ], [ -9.2278688, 38.7009246 ], [ -9.227836, 38.7008724 ], [ -9.2277939, 38.7008244 ], [ -9.2277433, 38.7007817 ], [ -9.2276852, 38.7007452 ], [ -9.2276448, 38.7006624 ], [ -9.2276106, 38.7006263 ], [ -9.227574, 38.7005895 ], [ -9.2275556, 38.7005626 ], [ -9.227534, 38.7005226 ], [ -9.2275171, 38.7004841 ], [ -9.227501, 38.7004367 ], [ -9.2274611, 38.7002871 ], [ -9.2273907, 38.7000135 ], [ -9.2273809, 38.6999754 ], [ -9.2273785, 38.6999403 ], [ -9.2273644, 38.69988 ], [ -9.2273585, 38.699855 ], [ -9.227355, 38.6998253 ], [ -9.2273455, 38.6997438 ], [ -9.227332, 38.6995924 ], [ -9.2272668, 38.6992662 ], [ -9.2272609, 38.6991719 ], [ -9.2272214, 38.69909 ], [ -9.2272626, 38.6990187 ], [ -9.2272696, 38.6990025 ], [ -9.227286, 38.6989658 ], [ -9.2272951, 38.6989259 ], [ -9.2272951, 38.6989206 ], [ -9.227295, 38.698908 ], [ -9.227293, 38.6988905 ], [ -9.227295, 38.6988704 ], [ -9.2272996, 38.6988507 ], [ -9.2273769, 38.6986577 ], [ -9.2274543, 38.6984647 ], [ -9.2274597, 38.6984513 ], [ -9.2274982, 38.6983551 ], [ -9.2273969, 38.6983323 ], [ -9.2273387, 38.6983578 ], [ -9.2272825, 38.698393 ], [ -9.2272556, 38.6984209 ], [ -9.2271697, 38.6986599 ], [ -9.2271504, 38.6986883 ], [ -9.2271266, 38.698703 ] ] } },
{ "type": "Feature", "properties": { "services_sum": 2.6316014466113211, "total_departures_sum": 154, "route_short_name_sum": null, "services_unique": null, "total_departures_unique": null, "route_short_name_unique": "751, 201" }, "geometry": { "type": "LineString", "coordinates": [ [ -9.2273519, 38.7028051 ], [ -9.2273361, 38.7029319 ], [ -9.2273356, 38.7030601 ], [ -9.2273087, 38.7031817 ], [ -9.2273056, 38.7031983 ], [ -9.2272819, 38.7033267 ], [ -9.2272744, 38.7033948 ], [ -9.2271296, 38.704256 ], [ -9.2270792, 38.7045707 ], [ -9.2270048, 38.7050578 ], [ -9.2269832, 38.7051496 ], [ -9.2268725, 38.7054874 ], [ -9.2268343, 38.7055671 ], [ -9.2267672, 38.705707 ], [ -9.2266837, 38.7058812 ], [ -9.2264052, 38.7063085 ], [ -9.225898, 38.7072184 ] ] } },
{ "type": "Feature", "properties": { "services_sum": 2.6316014466113211, "total_departures_sum": 154, "route_short_name_sum": null, "services_unique": null, "total_departures_unique": null, "route_short_name_unique": "751, 201" }, "geometry": { "type": "LineString", "coordinates": [ [ -9.2272706, 38.7002398 ], [ -9.2272666, 38.7002326 ], [ -9.2272574, 38.700216 ] ] } },
{ "type": "Feature", "properties": { "services_sum": 2.6316014466113211, "total_departures_sum": 154, "route_short_name_sum": null, "services_unique": null, "total_departures_unique": null, "route_short_name_unique": "751, 201" }, "geometry": { "type": "LineString", "coordinates": [ [ -9.2272359, 38.7006945 ], [ -9.2272103, 38.700702 ], [ -9.227198, 38.7007055 ] ] } },
{ "type": "Feature", "properties": { "services_sum": 2.6316014466113211, "total_departures_sum": 154, "route_short_name_sum": null, "services_unique": null, "total_departures_unique": null, "route_short_name_unique": "751, 201" }, "geometry": { "type": "LineString", "coordinates": [ [ -9.227204, 38.7030159 ], [ -9.2271766, 38.7031748 ], [ -9.2271628, 38.7032547 ] ] } },
{ "type": "Feature", "properties": { "services_sum": 2.6316014466113211, "total_departures_sum": 154, "route_short_name_sum": null, "services_unique": null, "total_departures_unique": null, "route_short_name_unique": "751, 201" }, "geometry": { "type": "LineString", "coordinates": [ [ -9.2271263, 38.7007343 ], [ -9.2271096, 38.7007431 ], [ -9.2270929, 38.7007519 ] ] } },
{ "type": "Feature", "properties": { "services_sum": 2.6316014466113211, "total_departures_sum": 154, "route_short_name_sum": null, "services_unique": null, "total_departures_unique": null, "route_short_name_unique": "751, 201" }, "geometry": { "type": "LineString", "coordinates": [ [ -9.2271015, 38.6993 ], [ -9.2270937, 38.6992906 ], [ -9.227086, 38.6992813 ], [ -9.2270495, 38.6992371 ] ] } },
{ "type": "Feature", "properties": { "services_sum": 2.6316014466113211, "total_departures_sum": 154, "route_short_name_sum": null, "services_unique": null, "total_departures_unique": null, "route_short_name_unique": "751, 201" }, "geometry": { "type": "LineString", "coordinates": [ [ -9.2270676, 38.7013786 ], [ -9.2270602, 38.7013734 ], [ -9.2270418, 38.7013605 ] ] } },
{ "type": "Feature", "properties": { "services_sum": 2.6316014466113211, "total_departures_sum": 154, "route_short_name_sum": null, "services_unique": null, "total_departures_unique": null, "route_short_name_unique": "751, 201" }, "geometry": { "type": "LineString", "coordinates": [ [ -9.2270444, 38.6987121 ], [ -9.2270443, 38.6987121 ], [ -9.2269626, 38.6987196 ], [ -9.2269531, 38.6987204 ], [ -9.2268589, 38.6987304 ], [ -9.2267109, 38.698746 ] ] } },
{ "type": "Feature", "properties": { "services_sum": 2.6316014466113211, "total_departures_sum": 154, "route_short_name_sum": null, "services_unique": null, "total_departures_unique": null, "route_short_name_unique": "751, 201" }, "geometry": { "type": "LineString", "coordinates": [ [ -9.2270175, 38.7013412 ], [ -9.2270162, 38.70134 ], [ -9.2269951, 38.7013205 ] ] } },
{ "type": "Feature", "properties": { "services_sum": 2.6316014466113211, "total_departures_sum": 154, "route_short_name_sum": null, "services_unique": null, "total_departures_unique": null, "route_short_name_unique": "751, 201" }, "geometry": { "type": "LineString", "coordinates": [ [ -9.2269839, 38.6991833 ], [ -9.226966, 38.699172 ], [ -9.2269102, 38.6991365 ] ] } },
{ "type": "Feature", "properties": { "services_sum": 2.6316014466113211, "total_departures_sum": 154, "route_short_name_sum": null, "services_unique": null, "total_departures_unique": null, "route_short_name_unique": "751, 201" }, "geometry": { "type": "LineString", "coordinates": [ [ -9.2269799, 38.7008412 ], [ -9.2269767, 38.700845 ], [ -9.2269606, 38.7008637 ] ] } },
{ "type": "Feature", "properties": { "services_sum": 2.6316014466113211, "total_departures_sum": 154, "route_short_name_sum": null, "services_unique": null, "total_departures_unique": null, "route_short_name_unique": "751, 201" }, "geometry": { "type": "LineString", "coordinates": [ [ -9.2269558, 38.7012759 ], [ -9.2269512, 38.7012694 ], [ -9.2269391, 38.7012522 ] ] } },
{ "type": "Feature", "properties": { "services_sum": 2.6316014466113211, "total_departures_sum": 154, "route_short_name_sum": null, "services_unique": null, "total_departures_unique": null, "route_short_name_unique": "751, 201" }, "geometry": { "type": "LineString", "coordinates": [ [ -9.2268942, 38.70115 ], [ -9.2268904, 38.7011318 ], [ -9.2268887, 38.7011233 ] ] } },
{ "type": "Feature", "properties": { "services_sum": 2.6316014466113211, "total_departures_sum": 154, "route_short_name_sum": null, "services_unique": null, "total_departures_unique": null, "route_short_name_unique": "751, 201" }, "geometry": { "type": "LineString", "coordinates": [ [ -9.2268458, 38.7051282 ], [ -9.2267928, 38.7053003 ], [ -9.2267649, 38.7053907 ] ] } },
{ "type": "Feature", "properties": { "services_sum": 2.6316014466113211, "total_departures_sum": 154, "route_short_name_sum": null, "services_unique": null, "total_departures_unique": null, "route_short_name_unique": "751, 201" }, "geometry": { "type": "LineString", "coordinates": [ [ -9.2264115, 38.6987969 ], [ -9.2263002, 38.698837 ], [ -9.2262412, 38.69886 ], [ -9.2255362, 38.69916 ] ] } },
{ "type": "Feature", "properties": { "services_sum": 2.6316014466113211, "total_departures_sum": 154, "route_short_name_sum": null, "services_unique": null, "total_departures_unique": null, "route_short_name_unique": "751, 201" }, "geometry": { "type": "LineString", "coordinates": [ [ -9.2259351, 38.7068685 ], [ -9.2256678, 38.7073599 ], [ -9.22554, 38.7075948 ] ] } },
{ "type": "Feature", "properties": { "services_sum": 2.6316014466113211, "total_departures_sum": 154, "route_short_name_sum": null, "services_unique": null, "total_departures_unique": null, "route_short_name_unique": "751, 201" }, "geometry": { "type": "LineString", "coordinates": [ [ -9.2254285, 38.6992996 ], [ -9.2247634, 38.6995805 ] ] } },
{ "type": "Feature", "properties": { "services_sum": 2.6316014466113211, "total_departures_sum": 154, "route_short_name_sum": null, "services_unique": null, "total_departures_unique": null, "route_short_name_unique": "751, 201" }, "geometry": { "type": "LineString", "coordinates": [ [ -9.2254153, 38.7081233 ], [ -9.2253773, 38.7081916 ], [ -9.2252745, 38.7083763 ], [ -9.2250129, 38.7088466 ], [ -9.2248713, 38.7091269 ], [ -9.2248914, 38.7091803 ], [ -9.2249111, 38.7092413 ], [ -9.2249257, 38.7093123 ], [ -9.2249316, 38.709367 ], [ -9.2249335, 38.7094459 ], [ -9.2250548, 38.709637 ], [ -9.2253559, 38.7099307 ], [ -9.2255011, 38.7100723 ], [ -9.2259302, 38.7105076 ], [ -9.2261314, 38.7106508 ], [ -9.2261674, 38.7106506 ], [ -9.2262277, 38.7106632 ], [ -9.2262805, 38.7106921 ], [ -9.2263056, 38.7107166 ], [ -9.2263306, 38.7107658 ], [ -9.2263307, 38.71082 ], [ -9.2263166, 38.7108537 ], [ -9.2262752, 38.7108979 ], [ -9.22623, 38.7109329 ], [ -9.2261223, 38.7110403 ], [ -9.2261218, 38.7110407 ], [ -9.2260983, 38.7110641 ], [ -9.2259951, 38.7111682 ], [ -9.2260163, 38.7111161 ], [ -9.2260294, 38.7110703 ], [ -9.226036, 38.711018 ], [ -9.2260387, 38.710972 ], [ -9.2260347, 38.7109333 ], [ -9.2260308, 38.7109012 ], [ -9.2259917, 38.7108643 ], [ -9.225968, 38.7108049 ], [ -9.2259725, 38.7107593 ], [ -9.2259083, 38.7106362 ], [ -9.2256672, 38.7103853 ], [ -9.2252741, 38.7100026 ], [ -9.2252611, 38.7099891 ], [ -9.2251047, 38.7098262 ], [ -9.2250405, 38.7097661 ], [ -9.2248703, 38.7096067 ], [ -9.2247895, 38.7095509 ], [ -9.2247152, 38.7095482 ], [ -9.2246858, 38.7095471 ], [ -9.2246032, 38.7095104 ], [ -9.224548, 38.7094448 ], [ -9.2244975, 38.7093055 ], [ -9.2244897, 38.7092235 ], [ -9.2244842, 38.7091834 ], [ -9.2245258, 38.7090993 ], [ -9.224593, 38.7090573 ], [ -9.2246381, 38.7090445 ] ] } },
{ "type": "Feature", "properties": { "services_sum": 2.6316014466113211, "total_departures_sum": 154, "route_short_name_sum": null, "services_unique": null, "total_departures_unique": null, "route_short_name_unique": "751, 201" }, "geometry": { "type": "LineString", "coordinates": [ [ -9.2247098, 38.6995069 ], [ -9.2220805, 38.7005945 ] ] } },
{ "type": "Feature", "properties": { "services_sum": 2.6316014466113211, "total_departures_sum": 154, "route_short_name_sum": null, "services_unique": null, "total_departures_unique": null, "route_short_name_unique": "751, 201" }, "geometry": { "type": "LineString", "coordinates": [ [ -9.2194687, 38.7017725 ], [ -9.2193577, 38.7018198 ] ] } },
{ "type": "Feature", "properties": { "services_sum": 2.6316014466113211, "total_departures_sum": 154, "route_short_name_sum": null, "services_unique": null, "total_departures_unique": null, "route_short_name_unique": "751, 201" }, "geometry": { "type": "LineString", "coordinates": [ [ -9.2192019, 38.7017814 ], [ -9.2179654, 38.7023228 ], [ -9.2177074, 38.70234 ], [ -9.2176083, 38.7023475 ], [ -9.2174098, 38.7023069 ], [ -9.2172661, 38.7022765 ], [ -9.2173491, 38.7023481 ], [ -9.2175897, 38.7024502 ], [ -9.2176807, 38.7024716 ], [ -9.2177487, 38.7025386 ], [ -9.218227, 38.7023042 ] ] } },
{ "type": "Feature", "properties": { "services_sum": 2.6316014466113211, "total_departures_sum": 154, "route_short_name_sum": null, "services_unique": null, "total_departures_unique": null, "route_short_name_unique": "751, 201" }, "geometry": { "type": "LineString", "coordinates": [ [ -9.2047701, 38.6979961 ], [ -9.2047549, 38.6978963 ], [ -9.2047486, 38.6978565 ], [ -9.2047019, 38.6977548 ], [ -9.2046965, 38.6977399 ], [ -9.2046744, 38.6976777 ], [ -9.204636, 38.6975969 ], [ -9.2045885, 38.6975383 ], [ -9.2045441, 38.6974994 ], [ -9.2045034, 38.6974734 ], [ -9.204467, 38.6974544 ], [ -9.2044301, 38.697438 ], [ -9.2043692, 38.6974131 ], [ -9.2043348, 38.6974 ], [ -9.2043083, 38.6973898 ] ] } },
{ "type": "Feature", "properties": { "services_sum": 2.6316014466113211, "total_departures_sum": 154, "route_short_name_sum": null, "services_unique": null, "total_departures_unique": null, "route_short_name_unique": "751, 201" }, "geometry": { "type": "LineString", "coordinates": [ [ -9.2045224, 38.6977949 ], [ -9.2044608, 38.6977528 ], [ -9.204291, 38.6976365 ], [ -9.2042671, 38.6976132 ], [ -9.2042505, 38.6975882 ], [ -9.2042318, 38.6975578 ], [ -9.2041955, 38.6975025 ], [ -9.2041763, 38.6974799 ], [ -9.2041479, 38.697452 ] ] } },
{ "type": "Feature", "properties": { "services_sum": 2.6316014466113211, "total_departures_sum": 154, "route_short_name_sum": null, "services_unique": null, "total_departures_unique": null, "route_short_name_unique": "751, 201" }, "geometry": { "type": "LineString", "coordinates": [ [ -9.2036711, 38.6973778 ], [ -9.203647, 38.6973761 ], [ -9.2034767, 38.6973634 ], [ -9.203371, 38.6973565 ] ] } },
{ "type": "Feature", "properties": { "services_sum": 2.6316014466113211, "total_departures_sum": 154, "route_short_name_sum": null, "services_unique": null, "total_departures_unique": null, "route_short_name_unique": "751, 201" }, "geometry": { "type": "LineString", "coordinates": [ [ -9.2008017, 38.6971404 ], [ -9.2007247, 38.6971544 ], [ -9.2005581, 38.6971846 ] ] } },
{ "type": "Feature", "properties": { "services_sum": 2.6316014466113211, "total_departures_sum": 154, "route_short_name_sum": null, "services_unique": null, "total_departures_unique": null, "route_short_name_unique": "751, 201" }, "geometry": { "type": "LineString", "coordinates": [ [ -9.225863, 38.7113394 ], [ -9.2258101, 38.7114213 ], [ -9.2257933, 38.7114471 ], [ -9.225863, 38.7113394 ] ] } },
{ "type": "Feature", "properties": { "services_sum": 2.6316014466113211, "total_departures_sum": 154, "route_short_name_sum": null, "services_unique": null, "total_departures_unique": null, "route_short_name_unique": "751, 201" }, "geometry": { "type": "LineString", "coordinates": [ [ -9.2146456, 38.6998354 ], [ -9.2143524, 38.6997592 ], [ -9.2143228, 38.6997515 ], [ -9.2146456, 38.6998354 ] ] } },
{ "type": "Feature", "properties": { "services_sum": 2.6316014466113211, "total_departures_sum": 154, "route_short_name_sum": null, "services_unique": null, "total_departures_unique": null, "route_short_name_unique": "751, 201" }, "geometry": { "type": "LineString", "coordinates": [ [ -9.2137032, 38.6996653 ], [ -9.2136549, 38.6996623 ], [ -9.2134937, 38.699652 ], [ -9.2137032, 38.6996653 ] ] } },
{ "type": "Feature", "properties": { "services_sum": 2.6316014466113211, "total_departures_sum": 154, "route_short_name_sum": null, "services_unique": null, "total_departures_unique": null, "route_short_name_unique": "751, 201" }, "geometry": { "type": "LineString", "coordinates": [ [ -9.2100094, 38.7004103 ], [ -9.2097696, 38.7004776 ], [ -9.2097414, 38.7004855 ], [ -9.2100038, 38.7004119 ], [ -9.2100094, 38.7004103 ] ] } },
{ "type": "Feature", "properties": { "services_sum": 2.6316014466113211, "total_departures_sum": 154, "route_short_name_sum": null, "services_unique": null, "total_departures_unique": null, "route_short_name_unique": "751, 201" }, "geometry": { "type": "LineString", "coordinates": [ [ -9.208175, 38.7009259 ], [ -9.2079136, 38.7010235 ], [ -9.2073826, 38.7011955 ], [ -9.207185, 38.7012621 ], [ -9.2070569, 38.7013008 ], [ -9.2069651, 38.7013505 ], [ -9.2068769, 38.7014081 ], [ -9.2068306, 38.7014428 ], [ -9.2068075, 38.7014602 ], [ -9.2067441, 38.701512 ], [ -9.2066804, 38.7015732 ], [ -9.2066251, 38.7015991 ], [ -9.206569, 38.70162 ], [ -9.2065113, 38.7016278 ], [ -9.2064819, 38.701626 ], [ -9.2064508, 38.70162 ], [ -9.2064109, 38.7016055 ], [ -9.20638, 38.7015878 ], [ -9.2063492, 38.7015601 ], [ -9.2063293, 38.7015321 ], [ -9.2062982, 38.7014089 ], [ -9.2061669, 38.7008912 ], [ -9.2061235, 38.700789 ], [ -9.206101, 38.7007 ], [ -9.2060392, 38.7004706 ], [ -9.2059991, 38.7003438 ], [ -9.2059174, 38.7001373 ], [ -9.205887, 38.6999631 ], [ -9.2059905, 38.7001192 ], [ -9.2060293, 38.7001992 ], [ -9.206092, 38.7002879 ], [ -9.2062406, 38.7004769 ], [ -9.2063076, 38.7005518 ], [ -9.2063392, 38.70058 ], [ -9.2063941, 38.7006289 ], [ -9.2065088, 38.7007199 ], [ -9.2065859, 38.7007618 ], [ -9.206661, 38.7008016 ], [ -9.2067723, 38.7008508 ], [ -9.2068843, 38.7008926 ], [ -9.2069875, 38.700924 ], [ -9.2070808, 38.7009468 ], [ -9.2072155, 38.7009559 ], [ -9.2073289, 38.7009708 ], [ -9.207475, 38.70098 ], [ -9.2076266, 38.7009784 ], [ -9.2078148, 38.7009707 ], [ -9.208175, 38.7009259 ] ] } },
{ "type": "Feature", "properties": { "services_sum": 2.6316014466113211, "total_departures_sum": 154, "route_short_name_sum": null, "services_unique": null, "total_departures_unique": null, "route_short_name_unique": "751, 201" }, "geometry": { "type": "LineString", "coordinates": [ [ -9.2058295, 38.6998363 ], [ -9.2058105, 38.6997926 ], [ -9.2056755, 38.6994817 ], [ -9.2058206, 38.6998159 ], [ -9.2058295, 38.6998363 ] ] } },
{ "type": "Feature", "properties": { "services_sum": 1.3230429988974641, "total_departures_sum": 43, "route_short_name_sum": null, "services_unique": null, "total_departures_unique": null, "route_short_name_unique": "15E" }, "geometry": { "type": "LineString", "coordinates": [ [ -9.2285264, 38.6994555 ], [ -9.2284751, 38.6994732 ], [ -9.2284644, 38.6994769 ], [ -9.2285264, 38.6994555 ] ] } },
{ "type": "Feature", "properties": { "services_sum": 1.3230429988974641, "total_departures_sum": 43, "route_short_name_sum": null, "services_unique": null, "total_departures_unique": null, "route_short_name_unique": "15E" }, "geometry": { "type": "LineString", "coordinates": [ [ -9.2285264, 38.6994555 ], [ -9.2285914, 38.699433 ], [ -9.2285847, 38.6994354 ], [ -9.2285264, 38.6994555 ] ] } },
{ "type": "Feature", "properties": { "services_sum": 1.3230429988974641, "total_departures_sum": 43, "route_short_name_sum": null, "services_unique": null, "total_departures_unique": null, "route_short_name_unique": "15E" }, "geometry": { "type": "LineString", "coordinates": [ [ -9.2251789, 38.698339 ], [ -9.2250063, 38.6982856 ], [ -9.2245256, 38.6981369 ] ] } },
{ "type": "Feature", "properties": { "services_sum": 1.3230429988974641, "total_departures_sum": 43, "route_short_name_sum": null, "services_unique": null, "total_departures_unique": null, "route_short_name_unique": "15E" }, "geometry": { "type": "LineString", "coordinates": [ [ -9.2202096, 38.696314 ], [ -9.2195252, 38.6960942 ], [ -9.2193605, 38.6960413 ] ] } },
{ "type": "Feature", "properties": { "services_sum": 1.3230429988974641, "total_departures_sum": 43, "route_short_name_sum": null, "services_unique": null, "total_departures_unique": null, "route_short_name_unique": "15E" }, "geometry": { "type": "LineString", "coordinates": [ [ -9.218895, 38.6958846 ], [ -9.2185489, 38.6957735 ] ] } },
{ "type": "Feature", "properties": { "services_sum": 1.3230429988974641, "total_departures_sum": 43, "route_short_name_sum": null, "services_unique": null, "total_departures_unique": null, "route_short_name_unique": "15E" }, "geometry": { "type": "LineString", "coordinates": [ [ -9.2157494, 38.6950298 ], [ -9.2154841, 38.6950254 ], [ -9.2151034, 38.6950191 ] ] } },
{ "type": "Feature", "properties": { "services_sum": 1.3230429988974641, "total_departures_sum": 43, "route_short_name_sum": null, "services_unique": null, "total_departures_unique": null, "route_short_name_unique": "15E" }, "geometry": { "type": "LineString", "coordinates": [ [ -9.2146482, 38.6950121 ], [ -9.2142166, 38.6950263 ] ] } },
{ "type": "Feature", "properties": { "services_sum": 1.3230429988974641, "total_departures_sum": 43, "route_short_name_sum": null, "services_unique": null, "total_departures_unique": null, "route_short_name_unique": "15E" }, "geometry": { "type": "LineString", "coordinates": [ [ -9.2098932, 38.6960544 ], [ -9.2097312, 38.6961088 ], [ -9.2092808, 38.6962597 ] ] } },
{ "type": "Feature", "properties": { "services_sum": 1.3230429988974641, "total_departures_sum": 43, "route_short_name_sum": null, "services_unique": null, "total_departures_unique": null, "route_short_name_unique": "15E" }, "geometry": { "type": "LineString", "coordinates": [ [ -9.2050552, 38.6972035 ], [ -9.204731, 38.6972842 ] ] } },
{ "type": "Feature", "properties": { "services_sum": 1.3230429988974641, "total_departures_sum": 43, "route_short_name_sum": null, "services_unique": null, "total_departures_unique": null, "route_short_name_unique": "15E" }, "geometry": { "type": "LineString", "coordinates": [ [ -9.2045351, 38.6973331 ], [ -9.2044735, 38.6973495 ], [ -9.2043738, 38.6973745 ], [ -9.2043083, 38.6973898 ] ] } },
{ "type": "Feature", "properties": { "services_sum": 1.3230429988974641, "total_departures_sum": 43, "route_short_name_sum": null, "services_unique": null, "total_departures_unique": null, "route_short_name_unique": "15E" }, "geometry": { "type": "LineString", "coordinates": [ [ -9.2044998, 38.6973445 ], [ -9.2044447, 38.6973729 ], [ -9.2043692, 38.6974131 ] ] } },
{ "type": "Feature", "properties": { "services_sum": 1.3230429988974641, "total_departures_sum": 43, "route_short_name_sum": null, "services_unique": null, "total_departures_unique": null, "route_short_name_unique": "15E" }, "geometry": { "type": "LineString", "coordinates": [ [ -9.2041961, 38.6974456 ], [ -9.2041479, 38.697452 ] ] } },
{ "type": "Feature", "properties": { "services_sum": 1.3230429988974641, "total_departures_sum": 43, "route_short_name_sum": null, "services_unique": null, "total_departures_unique": null, "route_short_name_unique": "15E" }, "geometry": { "type": "LineString", "coordinates": [ [ -9.2036711, 38.6973778 ], [ -9.2034767, 38.6973634 ], [ -9.2034142, 38.6973594 ], [ -9.203371, 38.6973565 ] ] } },
{ "type": "Feature", "properties": { "services_sum": 1.3230429988974641, "total_departures_sum": 43, "route_short_name_sum": null, "services_unique": null, "total_departures_unique": null, "route_short_name_unique": "15E" }, "geometry": { "type": "LineString", "coordinates": [ [ -9.2031638, 38.6973844 ], [ -9.2028605, 38.6973615 ], [ -9.2026217, 38.6973441 ] ] } },
{ "type": "Feature", "properties": { "services_sum": 1.3230429988974641, "total_departures_sum": 43, "route_short_name_sum": null, "services_unique": null, "total_departures_unique": null, "route_short_name_unique": "15E" }, "geometry": { "type": "LineString", "coordinates": [ [ -9.2008017, 38.6971404 ], [ -9.2005581, 38.6971846 ] ] } },
{ "type": "Feature", "properties": { "services_sum": 1.3230429988974641, "total_departures_sum": 43, "route_short_name_sum": null, "services_unique": null, "total_departures_unique": null, "route_short_name_unique": "15E" }, "geometry": { "type": "LineString", "coordinates": [ [ -9.1991819, 38.6974143 ], [ -9.1988165, 38.6974173 ], [ -9.198611, 38.6974189 ] ] } },
{ "type": "Feature", "properties": { "services_sum": 1.3230429988974641, "total_departures_sum": 43, "route_short_name_sum": null, "services_unique": null, "total_departures_unique": null, "route_short_name_unique": "15E" }, "geometry": { "type": "LineString", "coordinates": [ [ -9.1807236, 38.7022343 ], [ -9.1807185, 38.7022396 ], [ -9.180678, 38.7022814 ] ] } },
{ "type": "Feature", "properties": { "services_sum": 1.3230429988974641, "total_departures_sum": 43, "route_short_name_sum": null, "services_unique": null, "total_departures_unique": null, "route_short_name_unique": "15E" }, "geometry": { "type": "LineString", "coordinates": [ [ -9.1459863, 38.7063004 ], [ -9.1453952, 38.7062896 ], [ -9.1451474, 38.706285 ] ] } },
{ "type": "Feature", "properties": { "services_sum": 1.3230429988974641, "total_departures_sum": 43, "route_short_name_sum": null, "services_unique": null, "total_departures_unique": null, "route_short_name_unique": "15E" }, "geometry": { "type": "LineString", "coordinates": [ [ -9.14165, 38.7069393 ], [ -9.1416474, 38.7069327 ], [ -9.1416416, 38.7069181 ] ] } },
{ "type": "Feature", "properties": { "services_sum": 1.3230429988974641, "total_departures_sum": 43, "route_short_name_sum": null, "services_unique": null, "total_departures_unique": null, "route_short_name_unique": "15E" }, "geometry": { "type": "LineString", "coordinates": [ [ -9.1378479, 38.7132666 ], [ -9.1378339, 38.7132314 ], [ -9.1377732, 38.7130792 ], [ -9.137562, 38.7125493 ], [ -9.1372839, 38.7118515 ], [ -9.1370165, 38.7111806 ], [ -9.1369691, 38.711058 ], [ -9.1369621, 38.7110399 ], [ -9.1367465, 38.7104825 ], [ -9.1365114, 38.7098825 ], [ -9.1364831, 38.7098104 ], [ -9.1364701, 38.7097771 ], [ -9.1364424, 38.7097097 ], [ -9.1364291, 38.7096828 ], [ -9.1363283, 38.7094156 ] ] } },
{ "type": "Feature", "properties": { "services_sum": 1.3230429988974641, "total_departures_sum": 43, "route_short_name_sum": null, "services_unique": null, "total_departures_unique": null, "route_short_name_unique": "15E" }, "geometry": { "type": "LineString", "coordinates": [ [ -9.1353379, 38.7092269 ], [ -9.1352053, 38.7088884 ] ] } },
{ "type": "Feature", "properties": { "services_sum": 1.3230429988974641, "total_departures_sum": 43, "route_short_name_sum": null, "services_unique": null, "total_departures_unique": null, "route_short_name_unique": "15E" }, "geometry": { "type": "LineString", "coordinates": [ [ -9.2325217, 38.6992473 ], [ -9.2324613, 38.6991871 ], [ -9.2323779, 38.6991413 ], [ -9.2322923, 38.6991259 ], [ -9.2321788, 38.6991391 ], [ -9.2320605, 38.6991787 ], [ -9.2319114, 38.6992388 ], [ -9.2317878, 38.6992684 ], [ -9.2316124, 38.6992923 ], [ -9.2314582, 38.6992893 ], [ -9.2314003, 38.6992882 ], [ -9.2311961, 38.6992901 ], [ -9.2309353, 38.6993357 ], [ -9.2312201, 38.6994236 ], [ -9.2313806, 38.6994598 ], [ -9.2314455, 38.6994672 ], [ -9.2315883, 38.6994747 ], [ -9.2320406, 38.6994674 ], [ -9.2323513, 38.6994643 ], [ -9.2324413, 38.699404 ], [ -9.2325177, 38.6993263 ], [ -9.2325217, 38.6992473 ] ] } },
{ "type": "Feature", "properties": { "services_sum": 1.3230429988974641, "total_departures_sum": 43, "route_short_name_sum": null, "services_unique": null, "total_departures_unique": null, "route_short_name_unique": "15E" }, "geometry": { "type": "LineString", "coordinates": [ [ -9.1775014, 38.7047621 ], [ -9.1773678, 38.7047935 ], [ -9.17734, 38.7048 ], [ -9.1773926, 38.7047877 ], [ -9.1775014, 38.7047621 ] ] } },
{ "type": "Feature", "properties": { "services_sum": 1.3230429988974641, "total_departures_sum": 43, "route_short_name_sum": null, "services_unique": null, "total_departures_unique": null, "route_short_name_unique": "15E" }, "geometry": { "type": "LineString", "coordinates": [ [ -9.1371859, 38.7081009 ], [ -9.1370918, 38.7081234 ], [ -9.1367252, 38.708211 ], [ -9.1371859, 38.7081009 ] ] } },
{ "type": "Feature", "properties": { "services_sum": 1.3230429988974641, "total_departures_sum": 43, "route_short_name_sum": null, "services_unique": null, "total_departures_unique": null, "route_short_name_unique": "15E" }, "geometry": { "type": "LineString", "coordinates": [ [ -9.1363514, 38.7083018 ], [ -9.1363348, 38.7083061 ], [ -9.1362632, 38.7083246 ], [ -9.1363514, 38.7083018 ] ] } },
{ "type": "Feature", "properties": { "services_sum": 2.6460859977949283, "total_departures_sum": 86, "route_short_name_sum": null, "services_unique": null, "total_departures_unique": null, "route_short_name_unique": "15E" }, "geometry": { "type": "LineString", "coordinates": [ [ -9.2309353, 38.6993357 ], [ -9.2307744, 38.699313 ], [ -9.2306955, 38.6993077 ], [ -9.2305843, 38.699306 ], [ -9.2302683, 38.6992438 ], [ -9.2299202, 38.6991734 ], [ -9.2298517, 38.6991601 ], [ -9.2296819, 38.6991089 ], [ -9.2296199, 38.6990994 ], [ -9.2295672, 38.699103 ], [ -9.2295243, 38.6991114 ], [ -9.22949, 38.6991213 ], [ -9.2294085, 38.6991501 ], [ -9.2293581, 38.6991679 ], [ -9.2292593, 38.6992031 ], [ -9.2291258, 38.6992453 ], [ -9.2289984, 38.6992905 ], [ -9.2287866, 38.6993656 ], [ -9.2285914, 38.699433 ] ] } },
{ "type": "Feature", "properties": { "services_sum": 2.6460859977949283, "total_departures_sum": 86, "route_short_name_sum": null, "services_unique": null, "total_departures_unique": null, "route_short_name_unique": "15E" }, "geometry": { "type": "LineString", "coordinates": [ [ -9.2284644, 38.6994769 ], [ -9.2282582, 38.6995482 ], [ -9.2280438, 38.6996223 ], [ -9.2276434, 38.6997556 ], [ -9.2275982, 38.6997712 ], [ -9.2275146, 38.6998004 ], [ -9.2273585, 38.699855 ], [ -9.2272655, 38.6998703 ], [ -9.2272175, 38.6998781 ], [ -9.2271784, 38.6998797 ], [ -9.2270991, 38.6998828 ], [ -9.2270738, 38.6998822 ], [ -9.2269354, 38.6998787 ], [ -9.2268852, 38.6998774 ], [ -9.2267601, 38.6998682 ], [ -9.2266182, 38.6998478 ], [ -9.2264982, 38.6998198 ], [ -9.2263788, 38.6997836 ], [ -9.2262533, 38.6997403 ], [ -9.2261324, 38.69969 ], [ -9.2260159, 38.6996313 ], [ -9.2259069, 38.699563 ], [ -9.2258287, 38.6995058 ], [ -9.2257528, 38.6994422 ], [ -9.2256795, 38.6993703 ], [ -9.225629, 38.6993146 ], [ -9.2255773, 38.6992447 ] ] } },
{ "type": "Feature", "properties": { "services_sum": 2.6460859977949283, "total_departures_sum": 86, "route_short_name_sum": null, "services_unique": null, "total_departures_unique": null, "route_short_name_unique": "15E" }, "geometry": { "type": "LineString", "coordinates": [ [ -9.1777569, 38.7047148 ], [ -9.1776706, 38.7047232 ], [ -9.1775014, 38.7047621 ] ] } },
{ "type": "Feature", "properties": { "services_sum": 2.6460859977949283, "total_departures_sum": 86, "route_short_name_sum": null, "services_unique": null, "total_departures_unique": null, "route_short_name_unique": "15E" }, "geometry": { "type": "LineString", "coordinates": [ [ -9.17734, 38.7048 ], [ -9.1772246, 38.7048102 ], [ -9.1771278, 38.704793 ], [ -9.1770311, 38.7047597 ] ] } },
{ "type": "Feature", "properties": { "services_sum": 2.6460859977949283, "total_departures_sum": 86, "route_short_name_sum": null, "services_unique": null, "total_departures_unique": null, "route_short_name_unique": "15E" }, "geometry": { "type": "LineString", "coordinates": [ [ -9.1375665, 38.7081082 ], [ -9.1375101, 38.7080913 ], [ -9.1374512, 38.7080799 ], [ -9.1373902, 38.7080758 ], [ -9.1373456, 38.7080773 ], [ -9.1372948, 38.7080824 ], [ -9.1372304, 38.7080922 ], [ -9.1371859, 38.7081009 ] ] } },
{ "type": "Feature", "properties": { "services_sum": 2.6460859977949283, "total_departures_sum": 86, "route_short_name_sum": null, "services_unique": null, "total_departures_unique": null, "route_short_name_unique": "15E" }, "geometry": { "type": "LineString", "coordinates": [ [ -9.1367252, 38.708211 ], [ -9.1363514, 38.7083018 ] ] } },
{ "type": "Feature", "properties": { "services_sum": 2.6460859977949283, "total_departures_sum": 86, "route_short_name_sum": null, "services_unique": null, "total_departures_unique": null, "route_short_name_unique": "15E" }, "geometry": { "type": "LineString", "coordinates": [ [ -9.1362632, 38.7083246 ], [ -9.1361595, 38.7083531 ], [ -9.136154, 38.7083551 ], [ -9.1361061, 38.7083735 ], [ -9.1360597, 38.7084024 ], [ -9.1360332, 38.7084242 ], [ -9.1360143, 38.7084411 ], [ -9.1359898, 38.7084702 ], [ -9.1359722, 38.7084961 ] ] } },
{ "type": "Feature", "properties": { "services_sum": 3.7748215164747698, "total_departures_sum": 179, "route_short_name_sum": null, "services_unique": null, "total_departures_unique": null, "route_short_name_unique": "750, 751, 201" }, "geometry": { "type": "LineString", "coordinates": [ [ -9.2279487, 38.7014808 ], [ -9.2279263, 38.7014256 ], [ -9.2279239, 38.7014072 ], [ -9.2279165, 38.7013964 ], [ -9.227863, 38.7013688 ], [ -9.2278436, 38.7013618 ], [ -9.2278316, 38.7013581 ], [ -9.227805, 38.7013581 ], [ -9.2277359, 38.7013695 ], [ -9.2277093, 38.7013869 ], [ -9.2276812, 38.7014029 ], [ -9.2276518, 38.7014173 ], [ -9.2276213, 38.7014301 ], [ -9.2275897, 38.7014413 ], [ -9.2275572, 38.7014507 ], [ -9.2275239, 38.7014584 ], [ -9.2274901, 38.7014644 ], [ -9.2274558, 38.7014685 ], [ -9.2274212, 38.7014708 ], [ -9.2273865, 38.7014713 ], [ -9.2273519, 38.7014699 ], [ -9.2273174, 38.7014667 ], [ -9.2272834, 38.7014617 ], [ -9.2272498, 38.7014549 ], [ -9.2272169, 38.7014463 ], [ -9.2271848, 38.701436 ], [ -9.2271537, 38.701424 ], [ -9.2271237, 38.7014104 ], [ -9.227095, 38.7013953 ], [ -9.2270676, 38.7013786 ] ] } },
{ "type": "Feature", "properties": { "services_sum": 3.7748215164747698, "total_departures_sum": 179, "route_short_name_sum": null, "services_unique": null, "total_departures_unique": null, "route_short_name_unique": "750, 751, 201" }, "geometry": { "type": "LineString", "coordinates": [ [ -9.2273874, 38.7005757 ], [ -9.2273882, 38.7005522 ], [ -9.2273853, 38.7005284 ], [ -9.2273665, 38.7004644 ], [ -9.2273471, 38.7004096 ], [ -9.2273466, 38.7004017 ], [ -9.2273323, 38.7003581 ], [ -9.2273029, 38.700302 ], [ -9.2272706, 38.7002398 ] ] } },
{ "type": "Feature", "properties": { "services_sum": 3.7748215164747698, "total_departures_sum": 179, "route_short_name_sum": null, "services_unique": null, "total_departures_unique": null, "route_short_name_unique": "750, 751, 201" }, "geometry": { "type": "LineString", "coordinates": [ [ -9.2273519, 38.7028051 ], [ -9.2273329, 38.7028278 ], [ -9.227298, 38.7028729 ], [ -9.2272551, 38.7029315 ], [ -9.2272283, 38.7029743 ], [ -9.227204, 38.7030159 ] ] } },
{ "type": "Feature", "properties": { "services_sum": 3.7748215164747698, "total_departures_sum": 179, "route_short_name_sum": null, "services_unique": null, "total_departures_unique": null, "route_short_name_unique": "750, 751, 201" }, "geometry": { "type": "LineString", "coordinates": [ [ -9.2273187, 38.7006791 ], [ -9.2272977, 38.7006819 ], [ -9.2272768, 38.7006854 ], [ -9.2272562, 38.7006896 ], [ -9.2272359, 38.7006945 ] ] } },
{ "type": "Feature", "properties": { "services_sum": 3.7748215164747698, "total_departures_sum": 179, "route_short_name_sum": null, "services_unique": null, "total_departures_unique": null, "route_short_name_unique": "750, 751, 201" }, "geometry": { "type": "LineString", "coordinates": [ [ -9.2272574, 38.700216 ], [ -9.2272467, 38.7001956 ], [ -9.2272379, 38.7001759 ], [ -9.2272281, 38.7001514 ], [ -9.2272193, 38.7001136 ], [ -9.2272079, 38.7000525 ], [ -9.2272014, 38.6999941 ], [ -9.2271927, 38.6999684 ], [ -9.2272178, 38.6999007 ], [ -9.2272175, 38.6998781 ], [ -9.2272166, 38.6998423 ], [ -9.2272147, 38.69977 ], [ -9.2271973, 38.6995924 ], [ -9.2271835, 38.6995078 ], [ -9.2271651, 38.6994363 ], [ -9.2271392, 38.6993648 ], [ -9.2271015, 38.6993 ] ] } },
{ "type": "Feature", "properties": { "services_sum": 3.7748215164747698, "total_departures_sum": 179, "route_short_name_sum": null, "services_unique": null, "total_departures_unique": null, "route_short_name_unique": "750, 751, 201" }, "geometry": { "type": "LineString", "coordinates": [ [ -9.227198, 38.7007055 ], [ -9.2271614, 38.7007188 ], [ -9.2271263, 38.7007343 ] ] } },
{ "type": "Feature", "properties": { "services_sum": 3.7748215164747698, "total_departures_sum": 179, "route_short_name_sum": null, "services_unique": null, "total_departures_unique": null, "route_short_name_unique": "750, 751, 201" }, "geometry": { "type": "LineString", "coordinates": [ [ -9.2271628, 38.7032547 ], [ -9.2270826, 38.7037199 ], [ -9.22701, 38.7041821 ], [ -9.2269592, 38.7045632 ], [ -9.2269004, 38.7048843 ], [ -9.2268458, 38.7051282 ] ] } },
{ "type": "Feature", "properties": { "services_sum": 3.7748215164747698, "total_departures_sum": 179, "route_short_name_sum": null, "services_unique": null, "total_departures_unique": null, "route_short_name_unique": "750, 751, 201" }, "geometry": { "type": "LineString", "coordinates": [ [ -9.2271266, 38.698703 ], [ -9.2270961, 38.6987063 ], [ -9.2270444, 38.6987121 ] ] } },
{ "type": "Feature", "properties": { "services_sum": 3.7748215164747698, "total_departures_sum": 179, "route_short_name_sum": null, "services_unique": null, "total_departures_unique": null, "route_short_name_unique": "750, 751, 201" }, "geometry": { "type": "LineString", "coordinates": [ [ -9.2270929, 38.7007519 ], [ -9.2270613, 38.7007715 ], [ -9.2270318, 38.700793 ], [ -9.2270046, 38.7008163 ], [ -9.2269799, 38.7008412 ] ] } },
{ "type": "Feature", "properties": { "services_sum": 3.7748215164747698, "total_departures_sum": 179, "route_short_name_sum": null, "services_unique": null, "total_departures_unique": null, "route_short_name_unique": "750, 751, 201" }, "geometry": { "type": "LineString", "coordinates": [ [ -9.2270495, 38.6992371 ], [ -9.2269839, 38.6991833 ] ] } },
{ "type": "Feature", "properties": { "services_sum": 3.7748215164747698, "total_departures_sum": 179, "route_short_name_sum": null, "services_unique": null, "total_departures_unique": null, "route_short_name_unique": "750, 751, 201" }, "geometry": { "type": "LineString", "coordinates": [ [ -9.2270418, 38.7013605 ], [ -9.2270175, 38.7013412 ] ] } },
{ "type": "Feature", "properties": { "services_sum": 3.7748215164747698, "total_departures_sum": 179, "route_short_name_sum": null, "services_unique": null, "total_departures_unique": null, "route_short_name_unique": "750, 751, 201" }, "geometry": { "type": "LineString", "coordinates": [ [ -9.2269951, 38.7013205 ], [ -9.2269745, 38.7012987 ], [ -9.2269558, 38.7012759 ] ] } },
{ "type": "Feature", "properties": { "services_sum": 3.7748215164747698, "total_departures_sum": 179, "route_short_name_sum": null, "services_unique": null, "total_departures_unique": null, "route_short_name_unique": "750, 751, 201" }, "geometry": { "type": "LineString", "coordinates": [ [ -9.2269606, 38.7008637 ], [ -9.2269434, 38.7008872 ], [ -9.2269283, 38.7009116 ], [ -9.2269153, 38.7009367 ], [ -9.2269046, 38.7009625 ] ] } },
{ "type": "Feature", "properties": { "services_sum": 3.7748215164747698, "total_departures_sum": 179, "route_short_name_sum": null, "services_unique": null, "total_departures_unique": null, "route_short_name_unique": "750, 751, 201" }, "geometry": { "type": "LineString", "coordinates": [ [ -9.2269391, 38.7012522 ], [ -9.2269246, 38.7012276 ], [ -9.2269122, 38.7012023 ], [ -9.2269021, 38.7011764 ], [ -9.2268942, 38.70115 ] ] } },
{ "type": "Feature", "properties": { "services_sum": 3.7748215164747698, "total_departures_sum": 179, "route_short_name_sum": null, "services_unique": null, "total_departures_unique": null, "route_short_name_unique": "750, 751, 201" }, "geometry": { "type": "LineString", "coordinates": [ [ -9.2269102, 38.6991365 ], [ -9.2267404, 38.6990475 ], [ -9.2265979, 38.6989752 ], [ -9.226532, 38.6989338 ], [ -9.2264776, 38.6988775 ] ] } },
{ "type": "Feature", "properties": { "services_sum": 3.7748215164747698, "total_departures_sum": 179, "route_short_name_sum": null, "services_unique": null, "total_departures_unique": null, "route_short_name_unique": "750, 751, 201" }, "geometry": { "type": "LineString", "coordinates": [ [ -9.2268961, 38.7009887 ], [ -9.2268899, 38.7010153 ], [ -9.2268861, 38.7010423 ], [ -9.2268846, 38.7010693 ], [ -9.2268854, 38.7010964 ], [ -9.2268887, 38.7011233 ] ] } },
{ "type": "Feature", "properties": { "services_sum": 3.7748215164747698, "total_departures_sum": 179, "route_short_name_sum": null, "services_unique": null, "total_departures_unique": null, "route_short_name_unique": "750, 751, 201" }, "geometry": { "type": "LineString", "coordinates": [ [ -9.2267649, 38.7053907 ], [ -9.2266449, 38.7056822 ], [ -9.2263503, 38.7061525 ], [ -9.2261347, 38.7065243 ], [ -9.2259351, 38.7068685 ] ] } },
{ "type": "Feature", "properties": { "services_sum": 3.7748215164747698, "total_departures_sum": 179, "route_short_name_sum": null, "services_unique": null, "total_departures_unique": null, "route_short_name_unique": "750, 751, 201" }, "geometry": { "type": "LineString", "coordinates": [ [ -9.2267109, 38.698746 ], [ -9.2265575, 38.6987682 ], [ -9.2264115, 38.6987969 ] ] } },
{ "type": "Feature", "properties": { "services_sum": 3.7748215164747698, "total_departures_sum": 179, "route_short_name_sum": null, "services_unique": null, "total_departures_unique": null, "route_short_name_unique": "750, 751, 201" }, "geometry": { "type": "LineString", "coordinates": [ [ -9.22554, 38.7075948 ], [ -9.2253857, 38.7079019 ], [ -9.2252622, 38.7081478 ], [ -9.2252118, 38.7082481 ], [ -9.2251607, 38.7083371 ], [ -9.2247561, 38.7090417 ], [ -9.2246579, 38.7090388 ], [ -9.2246381, 38.7090445 ] ] } },
{ "type": "Feature", "properties": { "services_sum": 1.3119533527696792, "total_departures_sum": 59, "route_short_name_sum": null, "services_unique": null, "total_departures_unique": null, "route_short_name_unique": "751" }, "geometry": { "type": "LineString", "coordinates": [ [ -9.2273874, 38.7005757 ], [ -9.2273695, 38.7006108 ], [ -9.227363, 38.7006234 ] ] } },
{ "type": "Feature", "properties": { "services_sum": 1.3119533527696792, "total_departures_sum": 59, "route_short_name_sum": null, "services_unique": null, "total_departures_unique": null, "route_short_name_unique": "751" }, "geometry": { "type": "LineString", "coordinates": [ [ -9.2269046, 38.7009625 ], [ -9.226904, 38.7009645 ], [ -9.2268961, 38.7009887 ] ] } },
{ "type": "Feature", "properties": { "services_sum": 1.3119533527696792, "total_departures_sum": 59, "route_short_name_sum": null, "services_unique": null, "total_departures_unique": null, "route_short_name_unique": "751" }, "geometry": { "type": "LineString", "coordinates": [ [ -9.225898, 38.7072184 ], [ -9.2255566, 38.7078584 ], [ -9.2254153, 38.7081233 ] ] } },
{ "type": "Feature", "properties": { "services_sum": 1.3119533527696792, "total_departures_sum": 59, "route_short_name_sum": null, "services_unique": null, "total_departures_unique": null, "route_short_name_unique": "751" }, "geometry": { "type": "LineString", "coordinates": [ [ -9.2255773, 38.6992447 ], [ -9.2255515, 38.6992542 ], [ -9.2254285, 38.6992996 ] ] } },
{ "type": "Feature", "properties": { "services_sum": 1.3119533527696792, "total_departures_sum": 59, "route_short_name_sum": null, "services_unique": null, "total_departures_unique": null, "route_short_name_unique": "751" }, "geometry": { "type": "LineString", "coordinates": [ [ -9.2255362, 38.69916 ], [ -9.2255197, 38.699167 ], [ -9.2254968, 38.6991766 ], [ -9.2249633, 38.6994005 ], [ -9.2247098, 38.6995069 ] ] } },
{ "type": "Feature", "properties": { "services_sum": 1.3119533527696792, "total_departures_sum": 59, "route_short_name_sum": null, "services_unique": null, "total_departures_unique": null, "route_short_name_unique": "751" }, "geometry": { "type": "LineString", "coordinates": [ [ -9.2247634, 38.6995805 ], [ -9.2239666, 38.6999117 ], [ -9.2221295, 38.7006751 ], [ -9.2214267, 38.700965 ], [ -9.2194687, 38.7017725 ] ] } },
{ "type": "Feature", "properties": { "services_sum": 1.3119533527696792, "total_departures_sum": 59, "route_short_name_sum": null, "services_unique": null, "total_departures_unique": null, "route_short_name_unique": "751" }, "geometry": { "type": "LineString", "coordinates": [ [ -9.2220805, 38.7005945 ], [ -9.2213193, 38.7009082 ], [ -9.2194139, 38.7016932 ], [ -9.2193046, 38.7017398 ], [ -9.2192019, 38.7017814 ] ] } },
{ "type": "Feature", "properties": { "services_sum": 1.3119533527696792, "total_departures_sum": 59, "route_short_name_sum": null, "services_unique": null, "total_departures_unique": null, "route_short_name_unique": "751" }, "geometry": { "type": "LineString", "coordinates": [ [ -9.2193577, 38.7018198 ], [ -9.2192563, 38.70186 ], [ -9.218227, 38.7023042 ] ] } },
{ "type": "Feature", "properties": { "services_sum": 1.3119533527696792, "total_departures_sum": 59, "route_short_name_sum": null, "services_unique": null, "total_departures_unique": null, "route_short_name_unique": "751" }, "geometry": { "type": "LineString", "coordinates": [ [ -9.2167899, 38.7014997 ], [ -9.2167352, 38.7014179 ], [ -9.2164667, 38.7010158 ], [ -9.2163909, 38.7009364 ], [ -9.2158984, 38.7004201 ] ] } },
{ "type": "Feature", "properties": { "services_sum": 1.3119533527696792, "total_departures_sum": 59, "route_short_name_sum": null, "services_unique": null, "total_departures_unique": null, "route_short_name_unique": "751" }, "geometry": { "type": "LineString", "coordinates": [ [ -9.2047701, 38.6979961 ], [ -9.204635, 38.6978753 ], [ -9.2045224, 38.6977949 ] ] } },
{ "type": "Feature", "properties": { "services_sum": 1.3119533527696792, "total_departures_sum": 59, "route_short_name_sum": null, "services_unique": null, "total_departures_unique": null, "route_short_name_unique": "751" }, "geometry": { "type": "LineString", "coordinates": [ [ -9.1743644, 38.7066831 ], [ -9.1742922, 38.7066527 ], [ -9.1742176, 38.706624 ], [ -9.1739943, 38.7065182 ], [ -9.1739866, 38.7065144 ], [ -9.1738656, 38.7064549 ], [ -9.1737879, 38.7067566 ], [ -9.1736868, 38.7068772 ], [ -9.1736695, 38.7068978 ], [ -9.1736505, 38.7069904 ], [ -9.1735951, 38.7072606 ], [ -9.1735, 38.707725 ], [ -9.1735781, 38.7077968 ], [ -9.1736326, 38.7078469 ], [ -9.1736899, 38.7078996 ], [ -9.1737893, 38.7079003 ], [ -9.173799, 38.707811 ], [ -9.1738536, 38.7070952 ], [ -9.1738961, 38.7069259 ], [ -9.1739661, 38.7068894 ], [ -9.1743644, 38.7066831 ] ] } },
{ "type": "Feature", "properties": { "services_sum": 1.3119533527696792, "total_departures_sum": 59, "route_short_name_sum": null, "services_unique": null, "total_departures_unique": null, "route_short_name_unique": "751" }, "geometry": { "type": "LineString", "coordinates": [ [ -9.1743644, 38.7066831 ], [ -9.1745532, 38.706735 ], [ -9.1748009, 38.706766 ], [ -9.1756366, 38.7068214 ], [ -9.1760951, 38.7068684 ], [ -9.1762546, 38.7068396 ], [ -9.1763104, 38.7068044 ], [ -9.1763415, 38.7067407 ], [ -9.1763714, 38.7066793 ], [ -9.1764155, 38.7066337 ], [ -9.1762736, 38.7060479 ], [ -9.1761463, 38.7056996 ], [ -9.1760616, 38.705787 ], [ -9.1759114, 38.7059356 ], [ -9.175725, 38.7061177 ], [ -9.1755884, 38.7062296 ], [ -9.1755641, 38.7062495 ], [ -9.1754257, 38.7063557 ], [ -9.1751113, 38.7063521 ], [ -9.1748507, 38.7064228 ], [ -9.1745542, 38.7065497 ], [ -9.1743644, 38.7066831 ] ] } },
{ "type": "Feature", "properties": { "services_sum": 1.3119533527696792, "total_departures_sum": 59, "route_short_name_sum": null, "services_unique": null, "total_departures_unique": null, "route_short_name_unique": "751" }, "geometry": { "type": "LineString", "coordinates": [ [ -9.1765555, 38.7052937 ], [ -9.1763634, 38.7054384 ], [ -9.1763349, 38.7054598 ], [ -9.1765555, 38.7052937 ] ] } },
{ "type": "Feature", "properties": { "services_sum": 1.3196480938416422, "total_departures_sum": 95, "route_short_name_sum": null, "services_unique": null, "total_departures_unique": null, "route_short_name_unique": "201" }, "geometry": { "type": "LineString", "coordinates": [ [ -9.227363, 38.7006234 ], [ -9.2273604, 38.7006267 ], [ -9.2273187, 38.7006791 ] ] } },
{ "type": "Feature", "properties": { "services_sum": 1.3196480938416422, "total_departures_sum": 95, "route_short_name_sum": null, "services_unique": null, "total_departures_unique": null, "route_short_name_unique": "201" }, "geometry": { "type": "LineString", "coordinates": [ [ -9.2269046, 38.7009625 ], [ -9.226898, 38.7009828 ], [ -9.2268961, 38.7009887 ] ] } },
{ "type": "Feature", "properties": { "services_sum": 1.3196480938416422, "total_departures_sum": 95, "route_short_name_sum": null, "services_unique": null, "total_departures_unique": null, "route_short_name_unique": "201" }, "geometry": { "type": "LineString", "coordinates": [ [ -9.225898, 38.7072184 ], [ -9.2255567, 38.7078583 ], [ -9.2254153, 38.7081233 ] ] } },
{ "type": "Feature", "properties": { "services_sum": 1.3196480938416422, "total_departures_sum": 95, "route_short_name_sum": null, "services_unique": null, "total_departures_unique": null, "route_short_name_unique": "201" }, "geometry": { "type": "LineString", "coordinates": [ [ -9.2255773, 38.6992447 ], [ -9.2254285, 38.6992996 ] ] } },
{ "type": "Feature", "properties": { "services_sum": 1.3196480938416422, "total_departures_sum": 95, "route_short_name_sum": null, "services_unique": null, "total_departures_unique": null, "route_short_name_unique": "201" }, "geometry": { "type": "LineString", "coordinates": [ [ -9.2255362, 38.69916 ], [ -9.2254968, 38.6991766 ], [ -9.2247098, 38.6995069 ] ] } },
{ "type": "Feature", "properties": { "services_sum": 1.3196480938416422, "total_departures_sum": 95, "route_short_name_sum": null, "services_unique": null, "total_departures_unique": null, "route_short_name_unique": "201" }, "geometry": { "type": "LineString", "coordinates": [ [ -9.2247634, 38.6995805 ], [ -9.2221295, 38.7006751 ], [ -9.2194687, 38.7017725 ] ] } },
{ "type": "Feature", "properties": { "services_sum": 1.3196480938416422, "total_departures_sum": 95, "route_short_name_sum": null, "services_unique": null, "total_departures_unique": null, "route_short_name_unique": "201" }, "geometry": { "type": "LineString", "coordinates": [ [ -9.2220805, 38.7005945 ], [ -9.2194139, 38.7016932 ], [ -9.2192019, 38.7017814 ] ] } },
{ "type": "Feature", "properties": { "services_sum": 1.3196480938416422, "total_departures_sum": 95, "route_short_name_sum": null, "services_unique": null, "total_departures_unique": null, "route_short_name_unique": "201" }, "geometry": { "type": "LineString", "coordinates": [ [ -9.2193577, 38.7018198 ], [ -9.218227, 38.7023042 ] ] } },
{ "type": "Feature", "properties": { "services_sum": 1.3196480938416422, "total_departures_sum": 95, "route_short_name_sum": null, "services_unique": null, "total_departures_unique": null, "route_short_name_unique": "201" }, "geometry": { "type": "LineString", "coordinates": [ [ -9.2169854, 38.702012 ], [ -9.2169468, 38.7019185 ] ] } },
{ "type": "Feature", "properties": { "services_sum": 1.3196480938416422, "total_departures_sum": 95, "route_short_name_sum": null, "services_unique": null, "total_departures_unique": null, "route_short_name_unique": "201" }, "geometry": { "type": "LineString", "coordinates": [ [ -9.2047701, 38.6979961 ], [ -9.2046975, 38.6979306 ], [ -9.204635, 38.6978753 ], [ -9.2046286, 38.6978716 ], [ -9.2045224, 38.6977949 ] ] } },
{ "type": "Feature", "properties": { "services_sum": 1.3196480938416422, "total_departures_sum": 95, "route_short_name_sum": null, "services_unique": null, "total_departures_unique": null, "route_short_name_unique": "201" }, "geometry": { "type": "LineString", "coordinates": [ [ -9.1773048, 38.7049216 ], [ -9.1773032, 38.7049223 ], [ -9.1772068, 38.704959 ] ] } },
{ "type": "Feature", "properties": { "services_sum": 1.3196480938416422, "total_departures_sum": 95, "route_short_name_sum": null, "services_unique": null, "total_departures_unique": null, "route_short_name_unique": "201" }, "geometry": { "type": "LineString", "coordinates": [ [ -9.143896, 38.7056425 ], [ -9.1438945, 38.7056797 ], [ -9.1438894, 38.7058019 ] ] } },
{ "type": "Feature", "properties": { "services_sum": 1.1432200698634487, "total_departures_sum": 25, "route_short_name_sum": null, "services_unique": null, "total_departures_unique": null, "route_short_name_unique": "750" }, "geometry": { "type": "LineString", "coordinates": [ [ -9.227286, 38.6986092 ], [ -9.2272757, 38.6986348 ], [ -9.2272632, 38.6986544 ], [ -9.2272466, 38.6986699 ], [ -9.2272254, 38.6986807 ], [ -9.2272029, 38.6986893 ], [ -9.2271266, 38.698703 ] ] } },
{ "type": "Feature", "properties": { "services_sum": 1.1432200698634487, "total_departures_sum": 25, "route_short_name_sum": null, "services_unique": null, "total_departures_unique": null, "route_short_name_unique": "750" }, "geometry": { "type": "LineString", "coordinates": [ [ -9.2272706, 38.7002398 ], [ -9.2272574, 38.700216 ] ] } },
{ "type": "Feature", "properties": { "services_sum": 1.1432200698634487, "total_departures_sum": 25, "route_short_name_sum": null, "services_unique": null, "total_departures_unique": null, "route_short_name_unique": "750" }, "geometry": { "type": "LineString", "coordinates": [ [ -9.2272359, 38.7006945 ], [ -9.227198, 38.7007055 ] ] } },
{ "type": "Feature", "properties": { "services_sum": 1.1432200698634487, "total_departures_sum": 25, "route_short_name_sum": null, "services_unique": null, "total_departures_unique": null, "route_short_name_unique": "750" }, "geometry": { "type": "LineString", "coordinates": [ [ -9.227204, 38.7030159 ], [ -9.2271766, 38.7031749 ], [ -9.2271628, 38.7032547 ] ] } },
{ "type": "Feature", "properties": { "services_sum": 1.1432200698634487, "total_departures_sum": 25, "route_short_name_sum": null, "services_unique": null, "total_departures_unique": null, "route_short_name_unique": "750" }, "geometry": { "type": "LineString", "coordinates": [ [ -9.2271263, 38.7007343 ], [ -9.2270929, 38.7007519 ] ] } },
{ "type": "Feature", "properties": { "services_sum": 1.1432200698634487, "total_departures_sum": 25, "route_short_name_sum": null, "services_unique": null, "total_departures_unique": null, "route_short_name_unique": "750" }, "geometry": { "type": "LineString", "coordinates": [ [ -9.2271015, 38.6993 ], [ -9.2270495, 38.6992371 ] ] } },
{ "type": "Feature", "properties": { "services_sum": 1.1432200698634487, "total_departures_sum": 25, "route_short_name_sum": null, "services_unique": null, "total_departures_unique": null, "route_short_name_unique": "750" }, "geometry": { "type": "LineString", "coordinates": [ [ -9.2270676, 38.7013786 ], [ -9.2270418, 38.7013605 ] ] } },
{ "type": "Feature", "properties": { "services_sum": 1.1432200698634487, "total_departures_sum": 25, "route_short_name_sum": null, "services_unique": null, "total_departures_unique": null, "route_short_name_unique": "750" }, "geometry": { "type": "LineString", "coordinates": [ [ -9.2270444, 38.6987121 ], [ -9.2269531, 38.6987204 ], [ -9.2267109, 38.698746 ] ] } },
{ "type": "Feature", "properties": { "services_sum": 1.1432200698634487, "total_departures_sum": 25, "route_short_name_sum": null, "services_unique": null, "total_departures_unique": null, "route_short_name_unique": "750" }, "geometry": { "type": "LineString", "coordinates": [ [ -9.2270175, 38.7013412 ], [ -9.2269951, 38.7013205 ] ] } },
{ "type": "Feature", "properties": { "services_sum": 1.1432200698634487, "total_departures_sum": 25, "route_short_name_sum": null, "services_unique": null, "total_departures_unique": null, "route_short_name_unique": "750" }, "geometry": { "type": "LineString", "coordinates": [ [ -9.2269839, 38.6991833 ], [ -9.2269102, 38.6991365 ] ] } },
{ "type": "Feature", "properties": { "services_sum": 1.1432200698634487, "total_departures_sum": 25, "route_short_name_sum": null, "services_unique": null, "total_departures_unique": null, "route_short_name_unique": "750" }, "geometry": { "type": "LineString", "coordinates": [ [ -9.2269799, 38.7008412 ], [ -9.2269606, 38.7008637 ] ] } },
{ "type": "Feature", "properties": { "services_sum": 1.1432200698634487, "total_departures_sum": 25, "route_short_name_sum": null, "services_unique": null, "total_departures_unique": null, "route_short_name_unique": "750" }, "geometry": { "type": "LineString", "coordinates": [ [ -9.2269558, 38.7012759 ], [ -9.2269391, 38.7012522 ] ] } },
{ "type": "Feature", "properties": { "services_sum": 1.1432200698634487, "total_departures_sum": 25, "route_short_name_sum": null, "services_unique": null, "total_departures_unique": null, "route_short_name_unique": "750" }, "geometry": { "type": "LineString", "coordinates": [ [ -9.2269046, 38.7009625 ], [ -9.2268961, 38.7009887 ] ] } },
{ "type": "Feature", "properties": { "services_sum": 1.1432200698634487, "total_departures_sum": 25, "route_short_name_sum": null, "services_unique": null, "total_departures_unique": null, "route_short_name_unique": "750" }, "geometry": { "type": "LineString", "coordinates": [ [ -9.2268942, 38.70115 ], [ -9.2268887, 38.7011233 ] ] } },
{ "type": "Feature", "properties": { "services_sum": 1.1432200698634487, "total_departures_sum": 25, "route_short_name_sum": null, "services_unique": null, "total_departures_unique": null, "route_short_name_unique": "750" }, "geometry": { "type": "LineString", "coordinates": [ [ -9.2268458, 38.7051282 ], [ -9.2267927, 38.7053004 ], [ -9.2267649, 38.7053907 ] ] } },
{ "type": "Feature", "properties": { "services_sum": 1.1432200698634487, "total_departures_sum": 25, "route_short_name_sum": null, "services_unique": null, "total_departures_unique": null, "route_short_name_unique": "750" }, "geometry": { "type": "LineString", "coordinates": [ [ -9.2264776, 38.6988775 ], [ -9.2264417, 38.6988391 ], [ -9.2264115, 38.6987969 ] ] } },
{ "type": "Feature", "properties": { "services_sum": 1.1432200698634487, "total_departures_sum": 25, "route_short_name_sum": null, "services_unique": null, "total_departures_unique": null, "route_short_name_unique": "750" }, "geometry": { "type": "LineString", "coordinates": [ [ -9.2259351, 38.7068685 ], [ -9.2256678, 38.70736 ], [ -9.22554, 38.7075948 ] ] } },
{ "type": "Feature", "properties": { "services_sum": 1.1432200698634487, "total_departures_sum": 25, "route_short_name_sum": null, "services_unique": null, "total_departures_unique": null, "route_short_name_unique": "750" }, "geometry": { "type": "LineString", "coordinates": [ [ -9.2246381, 38.7090445 ], [ -9.2245756, 38.7090454 ], [ -9.2245112, 38.709035 ], [ -9.2244602, 38.7090203 ], [ -9.2244039, 38.7089847 ], [ -9.2243299, 38.7089181 ], [ -9.2241751, 38.7087706 ], [ -9.2234082, 38.7080257 ], [ -9.2228216, 38.7074537 ], [ -9.2222446, 38.7068934 ], [ -9.2220295, 38.7066873 ], [ -9.2219814, 38.7066321 ], [ -9.2219427, 38.7065788 ], [ -9.2219135, 38.7065236 ], [ -9.2218921, 38.7064618 ], [ -9.2218827, 38.7064057 ], [ -9.2218882, 38.7063418 ], [ -9.2219045, 38.7062884 ], [ -9.2219293, 38.7062357 ], [ -9.2219694, 38.706177 ], [ -9.2220218, 38.7061229 ], [ -9.2220733, 38.7060841 ], [ -9.2221326, 38.7060519 ], [ -9.222197, 38.7060226 ], [ -9.2222646, 38.7060046 ], [ -9.2223421, 38.7059925 ], [ -9.222415, 38.7059936 ], [ -9.2225015, 38.706002 ], [ -9.2225815, 38.7060216 ], [ -9.2226596, 38.7060527 ], [ -9.2227326, 38.7060919 ], [ -9.2227943, 38.7061424 ], [ -9.2228357, 38.7061929 ], [ -9.2228667, 38.7062519 ], [ -9.2228844, 38.7063095 ], [ -9.2228923, 38.7063701 ], [ -9.2228866, 38.7064311 ], [ -9.2228056, 38.7067609 ], [ -9.2227234, 38.7068847 ], [ -9.222538, 38.7071941 ], [ -9.222481, 38.707303 ], [ -9.222419, 38.7074274 ], [ -9.2223627, 38.7075509 ], [ -9.2223176, 38.7076548 ], [ -9.2222745, 38.7077614 ], [ -9.222231, 38.7078841 ], [ -9.222185, 38.7080162 ], [ -9.2221475, 38.7081373 ], [ -9.222116, 38.7082584 ], [ -9.2220867, 38.7083767 ], [ -9.2220572, 38.7085107 ], [ -9.2220358, 38.7086279 ], [ -9.2220197, 38.7087388 ], [ -9.2220046, 38.7088535 ], [ -9.2219931, 38.7089825 ], [ -9.2219855, 38.7091041 ], [ -9.2219821, 38.7091553 ], [ -9.2219794, 38.709283 ], [ -9.2219809, 38.7093989 ], [ -9.2219818, 38.7095393 ], [ -9.2219872, 38.7096712 ], [ -9.2219955, 38.7097895 ], [ -9.222006, 38.7099307 ], [ -9.2220376, 38.7102079 ], [ -9.2220865, 38.7106025 ], [ -9.2221762, 38.7112397 ], [ -9.2221967, 38.7113844 ], [ -9.2222101, 38.7114932 ], [ -9.2222232, 38.711626 ], [ -9.2222369, 38.7117611 ], [ -9.2222474, 38.7118939 ], [ -9.2222548, 38.7120176 ], [ -9.2222584, 38.7121211 ], [ -9.2222601, 38.7122178 ], [ -9.2222584, 38.7123325 ], [ -9.2222557, 38.7124538 ], [ -9.2222489, 38.7125752 ], [ -9.2222337, 38.7127397 ], [ -9.2222192, 38.7128643 ], [ -9.222205, 38.7129696 ], [ -9.2221877, 38.713075 ], [ -9.2221669, 38.7131852 ], [ -9.2221457, 38.7132868 ], [ -9.2221174, 38.7134042 ], [ -9.2220865, 38.713518 ], [ -9.2220525, 38.7136401 ], [ -9.2220194, 38.7137437 ], [ -9.2219867, 38.713844 ], [ -9.2219456, 38.7139527 ], [ -9.221899, 38.7140685 ], [ -9.2218418, 38.7142036 ], [ -9.2217949, 38.7143067 ], [ -9.2217461, 38.7144086 ], [ -9.2216788, 38.7145414 ], [ -9.2216307, 38.7146283 ], [ -9.2215742, 38.7147277 ], [ -9.2215074, 38.7148355 ], [ -9.2214494, 38.7149272 ], [ -9.2213825, 38.7150305 ], [ -9.2212988, 38.7151508 ], [ -9.2212188, 38.7152618 ], [ -9.2211107, 38.7154081 ], [ -9.220877, 38.7156957 ], [ -9.220244, 38.7164658 ], [ -9.2195571, 38.7172872 ], [ -9.2193989, 38.7174715 ], [ -9.2192492, 38.7176354 ], [ -9.2191627, 38.7177263 ], [ -9.2190651, 38.7178227 ], [ -9.218948, 38.7179309 ], [ -9.2188488, 38.718017 ], [ -9.2187447, 38.7181003 ], [ -9.2186146, 38.7181989 ], [ -9.2184816, 38.7182959 ], [ -9.2183558, 38.7183807 ], [ -9.2182375, 38.7184549 ], [ -9.218109, 38.7185335 ], [ -9.2179317, 38.7186328 ], [ -9.2176974, 38.7187673 ], [ -9.2176369, 38.7188014 ], [ -9.2129064, 38.7210462 ], [ -9.211716, 38.7216235 ], [ -9.2106269, 38.7222851 ], [ -9.2099836, 38.7228405 ], [ -9.2098299, 38.7230063 ], [ -9.2096121, 38.7231671 ], [ -9.2093032, 38.7233747 ], [ -9.2088912, 38.7235488 ], [ -9.2084191, 38.7237296 ], [ -9.2081187, 38.7239037 ], [ -9.2080329, 38.7240377 ], [ -9.2079899, 38.7242185 ], [ -9.2080131, 38.7243624 ], [ -9.2080801, 38.7245354 ], [ -9.2081115, 38.7246162 ], [ -9.2083203, 38.7252191 ], [ -9.20837, 38.7253438 ], [ -9.2087633, 38.7265856 ], [ -9.2088568, 38.7268969 ], [ -9.2090285, 38.7274259 ], [ -9.2091354, 38.7277009 ], [ -9.2092002, 38.7278678 ], [ -9.2092788, 38.728156 ], [ -9.209286, 38.7281825 ], [ -9.2093426, 38.7284627 ], [ -9.209329, 38.7286914 ], [ -9.209272, 38.7288785 ], [ -9.2091591, 38.7290615 ], [ -9.2089338, 38.7293053 ], [ -9.2087967, 38.7294705 ], [ -9.208746, 38.7295922 ], [ -9.208689, 38.7297135 ], [ -9.2086632, 38.7298657 ], [ -9.2086638, 38.7300521 ], [ -9.2087055, 38.7302491 ], [ -9.2088134, 38.7304858 ], [ -9.208936, 38.7307369 ], [ -9.2090182, 38.7310158 ], [ -9.2090219, 38.7312942 ], [ -9.2089863, 38.7315281 ], [ -9.2088857, 38.731755 ], [ -9.2087601, 38.7319624 ], [ -9.2083212, 38.7326458 ], [ -9.208207, 38.7328214 ], [ -9.2081198, 38.7329449 ], [ -9.2078813, 38.7332554 ], [ -9.207767, 38.7334042 ], [ -9.2074715, 38.7336697 ], [ -9.2072368, 38.7340738 ], [ -9.2065604, 38.7350873 ], [ -9.2062415, 38.7355763 ], [ -9.2061214, 38.7358588 ], [ -9.2060556, 38.736064 ], [ -9.2058709, 38.7363702 ], [ -9.2058599, 38.7363884 ], [ -9.2058182, 38.7364771 ], [ -9.2057574, 38.7366075 ], [ -9.2057013, 38.736712 ], [ -9.20512, 38.7376612 ], [ -9.2047856, 38.7382143 ], [ -9.2045769, 38.7385823 ], [ -9.2043798, 38.7387518 ], [ -9.2042035, 38.7388491 ], [ -9.2039302, 38.7389233 ], [ -9.2036931, 38.7389644 ], [ -9.2034993, 38.7390144 ], [ -9.2032089, 38.7391436 ], [ -9.2029724, 38.7392456 ], [ -9.2027421, 38.7392737 ], [ -9.2025053, 38.7392212 ] ] } },
{ "type": "Feature", "properties": { "services_sum": 1.1432200698634487, "total_departures_sum": 25, "route_short_name_sum": null, "services_unique": null, "total_departures_unique": null, "route_short_name_unique": "750" }, "geometry": { "type": "LineString", "coordinates": [ [ -9.2038123, 38.7452179 ], [ -9.2040596, 38.7452235 ], [ -9.2045084, 38.7452288 ], [ -9.2047261, 38.7452314 ], [ -9.204999, 38.7451033 ], [ -9.2050302, 38.7449949 ], [ -9.2051305, 38.7446581 ], [ -9.2052064, 38.7443961 ], [ -9.2054132, 38.7440445 ], [ -9.2055131, 38.743931 ], [ -9.2055534, 38.7438852 ], [ -9.2055649, 38.7438721 ], [ -9.2056264, 38.7438022 ], [ -9.2056796, 38.7437277 ], [ -9.205768, 38.7435951 ], [ -9.2058296, 38.7434874 ], [ -9.2058237, 38.743445 ], [ -9.2058392, 38.7434041 ], [ -9.205623, 38.7431335 ], [ -9.2055685, 38.743126 ], [ -9.2055218, 38.7431027 ], [ -9.2054901, 38.7430673 ], [ -9.2053747, 38.7430253 ], [ -9.2051389, 38.7429647 ], [ -9.2049511, 38.7428777 ], [ -9.2048607, 38.742844 ], [ -9.2041401, 38.7425754 ], [ -9.2031067, 38.7421902 ], [ -9.2028525, 38.7416566 ], [ -9.202841, 38.7416341 ], [ -9.2028388, 38.7416279 ], [ -9.2025896, 38.7409168 ], [ -9.2025512, 38.7407951 ], [ -9.2024069, 38.7402989 ], [ -9.2023886, 38.740234 ], [ -9.2022614, 38.7400472 ], [ -9.2021238, 38.7399015 ] ] } },
{ "type": "Feature", "properties": { "services_sum": 1.1432200698634487, "total_departures_sum": 25, "route_short_name_sum": null, "services_unique": null, "total_departures_unique": null, "route_short_name_unique": "750" }, "geometry": { "type": "LineString", "coordinates": [ [ -9.2024279, 38.7391722 ], [ -9.2023397, 38.7391359 ], [ -9.2022442, 38.7391136 ], [ -9.2021449, 38.7391063 ], [ -9.2020457, 38.7391142 ], [ -9.2019503, 38.7391369 ], [ -9.2018703, 38.7391698 ], [ -9.2017989, 38.7392131 ], [ -9.2017384, 38.7392657 ], [ -9.2016909, 38.7393257 ], [ -9.2016576, 38.7393913 ], [ -9.2016397, 38.7394605 ], [ -9.2016378, 38.7395311 ], [ -9.201652, 38.7396008 ], [ -9.2016816, 38.7396674 ], [ -9.2017259, 38.739729 ], [ -9.2017835, 38.7397834 ], [ -9.2018525, 38.7398291 ], [ -9.2019307, 38.7398645 ] ] } },
{ "type": "Feature", "properties": { "services_sum": 1.1432200698634487, "total_departures_sum": 25, "route_short_name_sum": null, "services_unique": null, "total_departures_unique": null, "route_short_name_unique": "750" }, "geometry": { "type": "LineString", "coordinates": [ [ -9.2001047, 38.7450322 ], [ -9.1998027, 38.7449063 ], [ -9.1997135, 38.7448691 ] ] } },
{ "type": "Feature", "properties": { "services_sum": 1.1432200698634487, "total_departures_sum": 25, "route_short_name_sum": null, "services_unique": null, "total_departures_unique": null, "route_short_name_unique": "750" }, "geometry": { "type": "LineString", "coordinates": [ [ -9.1978145, 38.7471944 ], [ -9.1976769, 38.748618 ] ] } },
{ "type": "Feature", "properties": { "services_sum": 1.1432200698634487, "total_departures_sum": 25, "route_short_name_sum": null, "services_unique": null, "total_departures_unique": null, "route_short_name_unique": "750" }, "geometry": { "type": "LineString", "coordinates": [ [ -9.1949162, 38.749937 ], [ -9.1941162, 38.7497834 ] ] } },
{ "type": "Feature", "properties": { "services_sum": 1.1432200698634487, "total_departures_sum": 25, "route_short_name_sum": null, "services_unique": null, "total_departures_unique": null, "route_short_name_unique": "750" }, "geometry": { "type": "LineString", "coordinates": [ [ -9.1926469, 38.7483823 ], [ -9.192533, 38.7482979 ] ] } },
{ "type": "Feature", "properties": { "services_sum": 1.1432200698634487, "total_departures_sum": 25, "route_short_name_sum": null, "services_unique": null, "total_departures_unique": null, "route_short_name_unique": "750" }, "geometry": { "type": "LineString", "coordinates": [ [ -9.1902672, 38.7475262 ], [ -9.1901728, 38.7474772 ], [ -9.1895588, 38.7472944 ], [ -9.1894293, 38.7472683 ], [ -9.1891863, 38.7472135 ], [ -9.1889308, 38.7471852 ], [ -9.1885433, 38.74714 ], [ -9.1885241, 38.7471853 ], [ -9.1885018, 38.7472381 ], [ -9.1884808, 38.7472878 ], [ -9.1884487, 38.7474196 ], [ -9.1884141, 38.7476957 ], [ -9.188407, 38.7477522 ], [ -9.1883775, 38.7479572 ], [ -9.1883038, 38.7485774 ], [ -9.1882971, 38.7486987 ], [ -9.188211, 38.7486869 ], [ -9.1881316, 38.7487156 ], [ -9.1880876, 38.7487745 ], [ -9.1880865, 38.7488211 ], [ -9.1881093, 38.7488641 ], [ -9.1881524, 38.7488964 ], [ -9.1882084, 38.7489125 ], [ -9.1882558, 38.7490279 ], [ -9.1883746, 38.74963 ], [ -9.1884655, 38.7499899 ], [ -9.1885047, 38.7503099 ], [ -9.1881876, 38.7508888 ], [ -9.1876675, 38.7517429 ], [ -9.187657, 38.7517573 ], [ -9.1873537, 38.7521727 ], [ -9.1871699, 38.752408 ], [ -9.1870439, 38.7525712 ], [ -9.1867791, 38.7530071 ], [ -9.1865027, 38.7532934 ], [ -9.1863936, 38.7533974 ], [ -9.1856338, 38.7540809 ], [ -9.1854792, 38.7542004 ], [ -9.1851789, 38.75444 ], [ -9.1851228, 38.7544847 ], [ -9.1849335, 38.7546248 ], [ -9.1845091, 38.7549214 ], [ -9.1841726, 38.7551375 ], [ -9.1841257, 38.7551695 ], [ -9.1834141, 38.7555847 ], [ -9.1828755, 38.7558581 ], [ -9.1827282, 38.7559344 ], [ -9.1823513, 38.7561082 ], [ -9.1813438, 38.7565307 ], [ -9.1804622, 38.7568234 ], [ -9.1795397, 38.7570688 ], [ -9.1788955, 38.7572199 ], [ -9.1779812, 38.7573919 ], [ -9.1774511, 38.7574698 ], [ -9.1774399, 38.7574714 ], [ -9.1768844, 38.7575275 ], [ -9.176127, 38.7575772 ], [ -9.1757094, 38.7575897 ], [ -9.1752646, 38.7576029 ], [ -9.1744807, 38.7575909 ], [ -9.1724892, 38.7574751 ], [ -9.1713117, 38.757408 ], [ -9.1696113, 38.7573325 ], [ -9.1689072, 38.7572991 ], [ -9.1681378, 38.7572626 ], [ -9.1668819, 38.7572152 ], [ -9.1667805, 38.7572145 ], [ -9.1663791, 38.7572117 ], [ -9.1661318, 38.7572089 ], [ -9.1653142, 38.7572451 ], [ -9.164648, 38.7573009 ], [ -9.1635123, 38.7574955 ], [ -9.1627638, 38.7576637 ], [ -9.1625396, 38.7577174 ], [ -9.1618917, 38.7578724 ], [ -9.161247, 38.7580187 ], [ -9.160111, 38.7580536 ], [ -9.1597041, 38.7580661 ], [ -9.1593211, 38.7581336 ], [ -9.1589994, 38.7582177 ], [ -9.1585774, 38.7583446 ], [ -9.1572033, 38.7587693 ], [ -9.1565091, 38.7589715 ], [ -9.156441, 38.7589925 ], [ -9.156343, 38.7590313 ] ] } },
{ "type": "Feature", "properties": { "services_sum": 1.1432200698634487, "total_departures_sum": 25, "route_short_name_sum": null, "services_unique": null, "total_departures_unique": null, "route_short_name_unique": "750" }, "geometry": { "type": "LineString", "coordinates": [ [ -9.1557928, 38.7585276 ], [ -9.1553276, 38.7579 ], [ -9.1552874, 38.7578458 ] ] } },
{ "type": "Feature", "properties": { "services_sum": 1.1432200698634487, "total_departures_sum": 25, "route_short_name_sum": null, "services_unique": null, "total_departures_unique": null, "route_short_name_unique": "750" }, "geometry": { "type": "LineString", "coordinates": [ [ -9.152034, 38.7546778 ], [ -9.1518862, 38.7547263 ] ] } },
{ "type": "Feature", "properties": { "services_sum": 1.1432200698634487, "total_departures_sum": 25, "route_short_name_sum": null, "services_unique": null, "total_departures_unique": null, "route_short_name_unique": "750" }, "geometry": { "type": "LineString", "coordinates": [ [ -9.1505106, 38.7551751 ], [ -9.1504652, 38.7551899 ], [ -9.1504499, 38.7551949 ] ] } },
{ "type": "Feature", "properties": { "services_sum": 1.1432200698634487, "total_departures_sum": 25, "route_short_name_sum": null, "services_unique": null, "total_departures_unique": null, "route_short_name_unique": "750" }, "geometry": { "type": "LineString", "coordinates": [ [ -9.1404362, 38.7584228 ], [ -9.1404014, 38.7584337 ], [ -9.1400095, 38.7585555 ] ] } },
{ "type": "Feature", "properties": { "services_sum": 1.1432200698634487, "total_departures_sum": 25, "route_short_name_sum": null, "services_unique": null, "total_departures_unique": null, "route_short_name_unique": "750" }, "geometry": { "type": "LineString", "coordinates": [ [ -9.1382898, 38.7591087 ], [ -9.1367603, 38.7595991 ] ] } },
{ "type": "Feature", "properties": { "services_sum": 1.1432200698634487, "total_departures_sum": 25, "route_short_name_sum": null, "services_unique": null, "total_departures_unique": null, "route_short_name_unique": "750" }, "geometry": { "type": "LineString", "coordinates": [ [ -9.1365819, 38.7596563 ], [ -9.1364989, 38.759683 ], [ -9.1361273, 38.7598021 ] ] } },
{ "type": "Feature", "properties": { "services_sum": 1.1432200698634487, "total_departures_sum": 25, "route_short_name_sum": null, "services_unique": null, "total_departures_unique": null, "route_short_name_unique": "750" }, "geometry": { "type": "LineString", "coordinates": [ [ -9.1306404, 38.7620691 ], [ -9.1301535, 38.7625246 ], [ -9.1299088, 38.7626269 ], [ -9.1297405, 38.762705 ] ] } },
{ "type": "Feature", "properties": { "services_sum": 1.1432200698634487, "total_departures_sum": 25, "route_short_name_sum": null, "services_unique": null, "total_departures_unique": null, "route_short_name_unique": "750" }, "geometry": { "type": "LineString", "coordinates": [ [ -9.1292083, 38.7628008 ], [ -9.1290065, 38.7628747 ] ] } },
{ "type": "Feature", "properties": { "services_sum": 1.1432200698634487, "total_departures_sum": 25, "route_short_name_sum": null, "services_unique": null, "total_departures_unique": null, "route_short_name_unique": "750" }, "geometry": { "type": "LineString", "coordinates": [ [ -9.122203, 38.7613641 ], [ -9.1217454, 38.7612179 ], [ -9.1215835, 38.7611661 ] ] } },
{ "type": "Feature", "properties": { "services_sum": 1.1432200698634487, "total_departures_sum": 25, "route_short_name_sum": null, "services_unique": null, "total_departures_unique": null, "route_short_name_unique": "750" }, "geometry": { "type": "LineString", "coordinates": [ [ -9.1173864, 38.760038 ], [ -9.1167287, 38.7598407 ], [ -9.1159187, 38.7595977 ] ] } },
{ "type": "Feature", "properties": { "services_sum": 1.1432200698634487, "total_departures_sum": 25, "route_short_name_sum": null, "services_unique": null, "total_departures_unique": null, "route_short_name_unique": "750" }, "geometry": { "type": "LineString", "coordinates": [ [ -9.1137266, 38.7589364 ], [ -9.1133951, 38.7588358 ], [ -9.1128391, 38.7586669 ], [ -9.1124915, 38.7585612 ], [ -9.1113268, 38.7582099 ] ] } },
{ "type": "Feature", "properties": { "services_sum": 1.1432200698634487, "total_departures_sum": 25, "route_short_name_sum": null, "services_unique": null, "total_departures_unique": null, "route_short_name_unique": "750" }, "geometry": { "type": "LineString", "coordinates": [ [ -9.1102254, 38.7578793 ], [ -9.1086213, 38.7573971 ], [ -9.1076661, 38.7571099 ] ] } },
{ "type": "Feature", "properties": { "services_sum": 1.1432200698634487, "total_departures_sum": 25, "route_short_name_sum": null, "services_unique": null, "total_departures_unique": null, "route_short_name_unique": "750" }, "geometry": { "type": "LineString", "coordinates": [ [ -9.1045007, 38.7561238 ], [ -9.1034309, 38.7558083 ] ] } },
{ "type": "Feature", "properties": { "services_sum": 1.1432200698634487, "total_departures_sum": 25, "route_short_name_sum": null, "services_unique": null, "total_departures_unique": null, "route_short_name_unique": "750" }, "geometry": { "type": "LineString", "coordinates": [ [ -9.103216, 38.7557442 ], [ -9.1029665, 38.7556705 ] ] } },
{ "type": "Feature", "properties": { "services_sum": 1.1432200698634487, "total_departures_sum": 25, "route_short_name_sum": null, "services_unique": null, "total_departures_unique": null, "route_short_name_unique": "750" }, "geometry": { "type": "LineString", "coordinates": [ [ -9.0999296, 38.7675676 ], [ -9.0999018, 38.7678567 ], [ -9.0998595, 38.7682954 ] ] } },
{ "type": "Feature", "properties": { "services_sum": 1.0002778549597111, "total_departures_sum": 16, "route_short_name_sum": null, "services_unique": null, "total_departures_unique": null, "route_short_name_unique": "729" }, "geometry": { "type": "LineString", "coordinates": [ [ -9.2271867, 38.6989237 ], [ -9.2271527, 38.6989163 ], [ -9.227088, 38.6989006 ], [ -9.2269958, 38.6988781 ], [ -9.2269548, 38.6988681 ], [ -9.226913, 38.6988555 ], [ -9.226883, 38.6988465 ], [ -9.2268774, 38.6988448 ], [ -9.2268351, 38.6988321 ], [ -9.2268124, 38.6988276 ], [ -9.2267941, 38.6988252 ], [ -9.2267803, 38.6988265 ], [ -9.2266182, 38.6988496 ], [ -9.2264776, 38.6988775 ] ] } },
{ "type": "Feature", "properties": { "services_sum": 1.0002778549597111, "total_departures_sum": 16, "route_short_name_sum": null, "services_unique": null, "total_departures_unique": null, "route_short_name_unique": "729" }, "geometry": { "type": "LineString", "coordinates": [ [ -9.2044998, 38.6973445 ], [ -9.2044769, 38.697355 ], [ -9.2044447, 38.6973729 ], [ -9.2044122, 38.6973896 ], [ -9.2043692, 38.6974131 ] ] } },
{ "type": "Feature", "properties": { "services_sum": 1.0002778549597111, "total_departures_sum": 16, "route_short_name_sum": null, "services_unique": null, "total_departures_unique": null, "route_short_name_unique": "729" }, "geometry": { "type": "LineString", "coordinates": [ [ -9.2041961, 38.6974456 ], [ -9.2041711, 38.6974493 ], [ -9.2041479, 38.697452 ] ] } },
{ "type": "Feature", "properties": { "services_sum": 1.0002778549597111, "total_departures_sum": 16, "route_short_name_sum": null, "services_unique": null, "total_departures_unique": null, "route_short_name_unique": "729" }, "geometry": { "type": "LineString", "coordinates": [ [ -9.2040504, 38.6974461 ], [ -9.2039986, 38.6974425 ], [ -9.2039373, 38.6974381 ] ] } },
{ "type": "Feature", "properties": { "services_sum": 1.0002778549597111, "total_departures_sum": 16, "route_short_name_sum": null, "services_unique": null, "total_departures_unique": null, "route_short_name_unique": "729" }, "geometry": { "type": "LineString", "coordinates": [ [ -9.2032902, 38.7498318 ], [ -9.2031435, 38.7501065 ], [ -9.2030699, 38.7502442 ] ] } },
{ "type": "Feature", "properties": { "services_sum": 1.0002778549597111, "total_departures_sum": 16, "route_short_name_sum": null, "services_unique": null, "total_departures_unique": null, "route_short_name_unique": "729" }, "geometry": { "type": "LineString", "coordinates": [ [ -9.2026332, 38.751062 ], [ -9.2025382, 38.751027 ], [ -9.2017563, 38.7507837 ], [ -9.2014333, 38.7506832 ], [ -9.2011821, 38.7506132 ], [ -9.201085, 38.7505891 ], [ -9.2010271, 38.7505834 ], [ -9.2009599, 38.7505799 ], [ -9.200809, 38.7505793 ], [ -9.2006594, 38.750585 ], [ -9.2004779, 38.7505967 ], [ -9.199949, 38.7506526 ], [ -9.1996718, 38.7506746 ], [ -9.1995158, 38.7506844 ], [ -9.1993084, 38.7506966 ], [ -9.1990373, 38.7507103 ], [ -9.1987826, 38.7507136 ], [ -9.1986224, 38.7507034 ], [ -9.1984512, 38.7506925 ], [ -9.198106, 38.7506523 ], [ -9.1974737, 38.7505282 ] ] } },
{ "type": "Feature", "properties": { "services_sum": 1.0002778549597111, "total_departures_sum": 16, "route_short_name_sum": null, "services_unique": null, "total_departures_unique": null, "route_short_name_unique": "729" }, "geometry": { "type": "LineString", "coordinates": [ [ -9.2025053, 38.7392212 ], [ -9.202569, 38.739281 ], [ -9.2026166, 38.7393494 ], [ -9.2026462, 38.7394236 ], [ -9.2026567, 38.7395009 ], [ -9.2026478, 38.7395784 ], [ -9.2026025, 38.7396826 ], [ -9.2025224, 38.7397731 ], [ -9.2024136, 38.7398431 ], [ -9.2023226, 38.7398775 ], [ -9.2022247, 38.7398973 ], [ -9.2021238, 38.7399015 ] ] } },
{ "type": "Feature", "properties": { "services_sum": 1.0002778549597111, "total_departures_sum": 16, "route_short_name_sum": null, "services_unique": null, "total_departures_unique": null, "route_short_name_unique": "729" }, "geometry": { "type": "LineString", "coordinates": [ [ -9.2024279, 38.7391722 ], [ -9.2023159, 38.739056 ], [ -9.2023061, 38.7389361 ], [ -9.2022975, 38.73883 ], [ -9.2022448, 38.7384838 ], [ -9.2021665, 38.73791 ], [ -9.202141, 38.7373516 ], [ -9.202123, 38.7372716 ], [ -9.2020606, 38.7369958 ], [ -9.2018889, 38.73669 ], [ -9.201633, 38.7365235 ], [ -9.2015519, 38.7364706 ], [ -9.2014651, 38.7364178 ], [ -9.2014032, 38.7363796 ], [ -9.2014295, 38.7363335 ], [ -9.2014339, 38.7362831 ], [ -9.201416, 38.7362346 ], [ -9.2013831, 38.7361979 ], [ -9.2013374, 38.7361707 ], [ -9.2012833, 38.7361558 ], [ -9.201226, 38.7361543 ], [ -9.2011821, 38.7361629 ], [ -9.201138, 38.7361652 ], [ -9.2010978, 38.736162 ], [ -9.2010589, 38.7361558 ], [ -9.2010052, 38.7361458 ], [ -9.2008516, 38.7360566 ], [ -9.2006201, 38.7358823 ], [ -9.2002963, 38.7356297 ], [ -9.2001379, 38.735471 ], [ -9.2000683, 38.7354077 ], [ -9.1990255, 38.7343063 ], [ -9.1987009, 38.7339652 ], [ -9.1984236, 38.7336669 ], [ -9.1982608, 38.7334564 ], [ -9.1981506, 38.7332194 ], [ -9.1981216, 38.7330353 ], [ -9.198062, 38.731337 ], [ -9.1979538, 38.7301141 ], [ -9.1979061, 38.7294964 ], [ -9.1978976, 38.7293897 ], [ -9.1978499, 38.7289756 ], [ -9.1977901, 38.7286999 ], [ -9.1976109, 38.7284083 ], [ -9.1974781, 38.7282642 ], [ -9.1972571, 38.7281263 ], [ -9.1965026, 38.7277625 ], [ -9.1952152, 38.7272469 ], [ -9.1948402, 38.7269959 ], [ -9.194612, 38.7267107 ], [ -9.194486, 38.7265622 ], [ -9.1944457, 38.7265108 ], [ -9.1944343, 38.7264914 ], [ -9.1944236, 38.7264622 ], [ -9.1944128, 38.7264308 ], [ -9.1944075, 38.7263941 ], [ -9.1944075, 38.726368 ], [ -9.1944088, 38.7263418 ], [ -9.1944168, 38.7263094 ], [ -9.194434, 38.7262612 ], [ -9.1944609, 38.7261983 ], [ -9.1944615, 38.7261218 ], [ -9.1944296, 38.7260496 ], [ -9.1943808, 38.7259874 ], [ -9.1943405, 38.725932 ], [ -9.1943057, 38.7258765 ], [ -9.1942674, 38.7257986 ], [ -9.1942426, 38.7257625 ], [ -9.1941683, 38.7256414 ], [ -9.1941229, 38.7255568 ], [ -9.194009, 38.7253615 ], [ -9.1939929, 38.7253339 ], [ -9.1939478, 38.7252449 ], [ -9.1939019, 38.7251667 ], [ -9.1938128, 38.72499 ], [ -9.1937451, 38.7248557 ], [ -9.1936588, 38.7246844 ], [ -9.1936472, 38.7246477 ], [ -9.1936445, 38.7246215 ], [ -9.1936465, 38.7245959 ], [ -9.1936606, 38.7245661 ], [ -9.1936861, 38.724542 ], [ -9.1937115, 38.7245226 ], [ -9.1937464, 38.7245064 ], [ -9.1938049, 38.7244813 ], [ -9.1938775, 38.72445 ], [ -9.1939302, 38.7244077 ], [ -9.1939665, 38.724356 ], [ -9.1939839, 38.7242986 ], [ -9.1939811, 38.7242397 ], [ -9.1939583, 38.7241835 ], [ -9.1939361, 38.7241533 ], [ -9.193908, 38.7241263 ], [ -9.1938748, 38.724103 ], [ -9.193813, 38.7240616 ], [ -9.1937862, 38.7240385 ], [ -9.1937593, 38.7240155 ], [ -9.1937298, 38.7239831 ], [ -9.1937003, 38.723936 ], [ -9.1936883, 38.7239078 ], [ -9.1936786, 38.7238472 ], [ -9.1936903, 38.7237419 ], [ -9.1937294, 38.7235546 ], [ -9.1937992, 38.7233885 ], [ -9.1939185, 38.7232786 ], [ -9.1940633, 38.7232123 ], [ -9.1942464, 38.723162 ], [ -9.194459, 38.723139 ], [ -9.1949351, 38.723139 ], [ -9.1954641, 38.7231391 ], [ -9.1956808, 38.7231359 ], [ -9.1958559, 38.7231027 ], [ -9.1960448, 38.7230309 ], [ -9.196207, 38.7229275 ], [ -9.1964688, 38.7226576 ], [ -9.1965451, 38.7225642 ], [ -9.1966885, 38.722388 ], [ -9.1968455, 38.7221185 ], [ -9.197045, 38.7217113 ], [ -9.1971035, 38.7215918 ], [ -9.1971476, 38.7215018 ], [ -9.1972186, 38.7213569 ], [ -9.1980364, 38.7196923 ], [ -9.1981891, 38.7193579 ], [ -9.1985433, 38.7188099 ], [ -9.1987457, 38.7185474 ], [ -9.1987941, 38.7184985 ], [ -9.1988452, 38.7184537 ], [ -9.1988893, 38.7184223 ], [ -9.1989222, 38.7183997 ], [ -9.1989536, 38.7183783 ], [ -9.1989979, 38.7183449 ], [ -9.1990321, 38.7183234 ], [ -9.1990623, 38.7183093 ], [ -9.1991025, 38.7182967 ], [ -9.1991851, 38.718278 ], [ -9.1992309, 38.7182592 ], [ -9.1992681, 38.7182311 ], [ -9.1992939, 38.7181961 ], [ -9.1993062, 38.7181569 ], [ -9.1993033, 38.7181136 ], [ -9.1992996, 38.7180775 ], [ -9.1993023, 38.7180325 ], [ -9.1993104, 38.7179854 ], [ -9.1993224, 38.7179514 ], [ -9.1993372, 38.7179226 ], [ -9.1994024, 38.7178237 ], [ -9.199498, 38.7177073 ], [ -9.1995255, 38.7176738 ], [ -9.2000289, 38.7170859 ], [ -9.2008951, 38.7160742 ], [ -9.2009908, 38.7159373 ], [ -9.201078, 38.7157847 ], [ -9.2011522, 38.7156393 ], [ -9.201199, 38.7155328 ], [ -9.2012617, 38.7152849 ], [ -9.2012719, 38.7149575 ], [ -9.2012445, 38.7147767 ], [ -9.201094, 38.7141174 ], [ -9.2010927, 38.7140865 ], [ -9.2010927, 38.7140468 ], [ -9.201094, 38.714008 ], [ -9.2011027, 38.7139698 ], [ -9.2011128, 38.7139411 ], [ -9.2011302, 38.7139118 ], [ -9.201169, 38.7138671 ] ] } },
{ "type": "Feature", "properties": { "services_sum": 1.0002778549597111, "total_departures_sum": 16, "route_short_name_sum": null, "services_unique": null, "total_departures_unique": null, "route_short_name_unique": "729" }, "geometry": { "type": "LineString", "coordinates": [ [ -9.2005688, 38.7450618 ], [ -9.2005356, 38.7454081 ], [ -9.2005196, 38.745575 ], [ -9.2005036, 38.7457409 ], [ -9.2004943, 38.7458386 ], [ -9.2003752, 38.7470783 ], [ -9.2003611, 38.7472251 ], [ -9.2003266, 38.7476984 ], [ -9.2003217, 38.7478787 ], [ -9.2003554, 38.7480137 ], [ -9.2004457, 38.7481783 ], [ -9.2005582, 38.7483001 ], [ -9.2007635, 38.7484658 ], [ -9.2014458, 38.7486207 ], [ -9.2023979, 38.7488367 ] ] } },
{ "type": "Feature", "properties": { "services_sum": 1.0002778549597111, "total_departures_sum": 16, "route_short_name_sum": null, "services_unique": null, "total_departures_unique": null, "route_short_name_unique": "729" }, "geometry": { "type": "LineString", "coordinates": [ [ -9.2019307, 38.7398645 ], [ -9.2017459, 38.7398662 ], [ -9.2015638, 38.7398999 ], [ -9.2014662, 38.7399596 ], [ -9.2011053, 38.7401805 ], [ -9.2009229, 38.7403382 ], [ -9.2008173, 38.7404941 ], [ -9.2007577, 38.7406857 ], [ -9.2007073, 38.7408476 ], [ -9.2005443, 38.7413713 ], [ -9.2004231, 38.7417608 ], [ -9.2002545, 38.741984 ], [ -9.200091, 38.7420908 ], [ -9.2000224, 38.7421356 ], [ -9.1997508, 38.7422192 ], [ -9.1995114, 38.7422631 ], [ -9.1993012, 38.7423607 ], [ -9.1986954, 38.7429252 ], [ -9.1985434, 38.7430349 ], [ -9.1976948, 38.7436476 ], [ -9.1973861, 38.7438042 ], [ -9.1970567, 38.7438131 ], [ -9.196872, 38.7438181 ], [ -9.1964846, 38.7438285 ], [ -9.1960792, 38.7438473 ], [ -9.19604, 38.7438612 ], [ -9.1959468, 38.7438943 ], [ -9.1958672, 38.7439834 ], [ -9.1958139, 38.7443375 ], [ -9.1957907, 38.7444916 ], [ -9.1957992, 38.7446242 ], [ -9.1958261, 38.7446655 ], [ -9.1958488, 38.7447002 ], [ -9.1959238, 38.7447569 ], [ -9.1959879, 38.7448053 ], [ -9.1960914, 38.7448278 ], [ -9.1962201, 38.7448089 ], [ -9.1962613, 38.7447896 ], [ -9.1963156, 38.7447641 ], [ -9.1963631, 38.7447 ], [ -9.1964581, 38.7445396 ], [ -9.1964954, 38.7445204 ], [ -9.196562, 38.7444862 ], [ -9.1966266, 38.744453 ], [ -9.1967981, 38.7443712 ], [ -9.1973826, 38.744401 ], [ -9.1977425, 38.7444222 ], [ -9.1980277, 38.7444534 ], [ -9.1981124, 38.7444862 ] ] } },
{ "type": "Feature", "properties": { "services_sum": 1.0002778549597111, "total_departures_sum": 16, "route_short_name_sum": null, "services_unique": null, "total_departures_unique": null, "route_short_name_unique": "729" }, "geometry": { "type": "LineString", "coordinates": [ [ -9.2018102, 38.7121519 ], [ -9.2016773, 38.7121829 ], [ -9.2016331, 38.7121827 ], [ -9.2016025, 38.7121794 ], [ -9.2015582, 38.7121679 ], [ -9.2015234, 38.7121574 ], [ -9.2014885, 38.7121407 ], [ -9.201459, 38.712125 ], [ -9.2014322, 38.7121082 ], [ -9.2014094, 38.7120884 ], [ -9.2013827, 38.7120661 ], [ -9.2013408, 38.7120239 ], [ -9.2012348, 38.711836 ], [ -9.2012102, 38.7117874 ], [ -9.2011536, 38.7116756 ], [ -9.2008496, 38.7110751 ], [ -9.2004801, 38.7102838 ], [ -9.2001517, 38.7095833 ], [ -9.1999158, 38.7091539 ], [ -9.1998624, 38.7090566 ], [ -9.1997312, 38.7088667 ], [ -9.1995542, 38.7087484 ], [ -9.199508, 38.7086696 ], [ -9.1990463, 38.7077863 ], [ -9.1990202, 38.7076957 ], [ -9.19901, 38.7075978 ], [ -9.1990061, 38.7075319 ], [ -9.1990136, 38.7073493 ], [ -9.1990361, 38.70716 ], [ -9.1990491, 38.7070511 ], [ -9.1990604, 38.706961 ], [ -9.1990644, 38.7069337 ], [ -9.1990776, 38.7068156 ] ] } },
{ "type": "Feature", "properties": { "services_sum": 1.0002778549597111, "total_departures_sum": 16, "route_short_name_sum": null, "services_unique": null, "total_departures_unique": null, "route_short_name_unique": "729" }, "geometry": { "type": "LineString", "coordinates": [ [ -9.2012021, 38.7137552 ], [ -9.2011845, 38.7137141 ], [ -9.2011522, 38.7136789 ], [ -9.2011082, 38.7136525 ], [ -9.2010562, 38.7136374 ], [ -9.2010008, 38.7136347 ] ] } },
{ "type": "Feature", "properties": { "services_sum": 1.0002778549597111, "total_departures_sum": 16, "route_short_name_sum": null, "services_unique": null, "total_departures_unique": null, "route_short_name_unique": "729" }, "geometry": { "type": "LineString", "coordinates": [ [ -9.2008952, 38.7138926 ], [ -9.2008408, 38.7138588 ], [ -9.2008004, 38.7138457 ], [ -9.2007493, 38.7138378 ], [ -9.2006926, 38.7138376 ], [ -9.1997174, 38.7138553 ], [ -9.1987811, 38.7138705 ] ] } },
{ "type": "Feature", "properties": { "services_sum": 1.0002778549597111, "total_departures_sum": 16, "route_short_name_sum": null, "services_unique": null, "total_departures_unique": null, "route_short_name_unique": "729" }, "geometry": { "type": "LineString", "coordinates": [ [ -9.2008873, 38.7136747 ], [ -9.2006886, 38.7136796 ], [ -9.2004923, 38.7136836 ], [ -9.1987717, 38.7137182 ] ] } },
{ "type": "Feature", "properties": { "services_sum": 1.0002778549597111, "total_departures_sum": 16, "route_short_name_sum": null, "services_unique": null, "total_departures_unique": null, "route_short_name_unique": "729" }, "geometry": { "type": "LineString", "coordinates": [ [ -9.1993148, 38.6974088 ], [ -9.1993189, 38.6974247 ], [ -9.1993367, 38.6975186 ], [ -9.1994007, 38.6977963 ], [ -9.1994105, 38.6978376 ], [ -9.199425, 38.6978983 ], [ -9.1995167, 38.6982809 ], [ -9.199546, 38.698403 ], [ -9.1995637, 38.6984846 ], [ -9.1997128, 38.6992486 ], [ -9.1997326, 38.6993511 ], [ -9.1998083, 38.6997436 ], [ -9.1998692, 38.7000616 ], [ -9.1998911, 38.7001762 ], [ -9.1998995, 38.7002487 ], [ -9.1998986, 38.7003107 ], [ -9.1998665, 38.7005192 ], [ -9.1998559, 38.700616 ], [ -9.1998427, 38.700737 ], [ -9.1998236, 38.7008866 ], [ -9.1997925, 38.701125 ], [ -9.1997838, 38.7011964 ], [ -9.1997766, 38.7012554 ], [ -9.1997123, 38.7017359 ], [ -9.1996834, 38.7019523 ], [ -9.199642, 38.7022617 ], [ -9.199628, 38.7023803 ], [ -9.1995698, 38.7028246 ], [ -9.1995428, 38.7030308 ], [ -9.1995019, 38.7032853 ], [ -9.1994663, 38.7037027 ], [ -9.1994566, 38.7037564 ], [ -9.1994471, 38.7038094 ], [ -9.1993899, 38.7041941 ], [ -9.1993878, 38.7042081 ], [ -9.199369, 38.7043893 ], [ -9.1993455, 38.7046108 ], [ -9.1993368, 38.7046761 ] ] } },
{ "type": "Feature", "properties": { "services_sum": 1.0002778549597111, "total_departures_sum": 16, "route_short_name_sum": null, "services_unique": null, "total_departures_unique": null, "route_short_name_unique": "729" }, "geometry": { "type": "LineString", "coordinates": [ [ -9.1989406, 38.7447637 ], [ -9.1988413, 38.7447569 ], [ -9.198744, 38.7447502 ] ] } },
{ "type": "Feature", "properties": { "services_sum": 1.0002778549597111, "total_departures_sum": 16, "route_short_name_sum": null, "services_unique": null, "total_departures_unique": null, "route_short_name_unique": "729" }, "geometry": { "type": "LineString", "coordinates": [ [ -9.1958409, 38.7134857 ], [ -9.1954559, 38.7134887 ] ] } },
{ "type": "Feature", "properties": { "services_sum": 1.0002778549597111, "total_departures_sum": 16, "route_short_name_sum": null, "services_unique": null, "total_departures_unique": null, "route_short_name_unique": "729" }, "geometry": { "type": "LineString", "coordinates": [ [ -9.1912562, 38.7492519 ], [ -9.1912481, 38.7494235 ], [ -9.191233, 38.7495891 ], [ -9.191232, 38.7495996 ], [ -9.1911844, 38.7501206 ], [ -9.1911637, 38.7504834 ], [ -9.1911409, 38.7506347 ], [ -9.1911063, 38.7507302 ], [ -9.1910725, 38.7507881 ], [ -9.1910137, 38.7508375 ], [ -9.1908468, 38.7509572 ], [ -9.190571, 38.7511614 ], [ -9.189683, 38.7518381 ], [ -9.1894061, 38.7523085 ], [ -9.189309, 38.7524164 ], [ -9.1892289, 38.7524983 ], [ -9.1891636, 38.7525825 ], [ -9.1891411, 38.7526832 ], [ -9.1892306, 38.7527581 ], [ -9.1892911, 38.7527909 ], [ -9.1903301, 38.7533546 ], [ -9.19042, 38.7534007 ], [ -9.1904765, 38.7534537 ], [ -9.1910754, 38.7540619 ], [ -9.1911717, 38.7542278 ], [ -9.1916539, 38.7544912 ], [ -9.1920965, 38.7547296 ], [ -9.1923995, 38.7548865 ], [ -9.1927508, 38.7550303 ], [ -9.1928849, 38.7550472 ], [ -9.1930203, 38.7550497 ], [ -9.1931529, 38.7550281 ], [ -9.1933847, 38.7549779 ], [ -9.1935517, 38.7549479 ], [ -9.1937417, 38.7549437 ], [ -9.1939249, 38.7549869 ], [ -9.1942802, 38.7551409 ], [ -9.1944152, 38.7551845 ], [ -9.1946299, 38.7553434 ], [ -9.1947328, 38.7554544 ], [ -9.194763, 38.7554854 ], [ -9.1948393, 38.7556162 ], [ -9.1948724, 38.7556682 ], [ -9.1948909, 38.755822 ], [ -9.1943136, 38.7569653 ], [ -9.1940408, 38.7574319 ], [ -9.1938903, 38.7576784 ], [ -9.1938332, 38.757747 ], [ -9.1937567, 38.757846 ], [ -9.1936986, 38.7579231 ], [ -9.1935733, 38.7580896 ], [ -9.193416, 38.7582905 ], [ -9.1932058, 38.7585782 ], [ -9.1930984, 38.7587209 ], [ -9.1930008, 38.7588447 ], [ -9.1925394, 38.7594402 ], [ -9.1923835, 38.7596413 ], [ -9.1923664, 38.759831 ], [ -9.1923869, 38.7599286 ], [ -9.1924501, 38.7600617 ] ] } },
{ "type": "Feature", "properties": { "services_sum": 3.6318793015710327, "total_departures_sum": 170, "route_short_name_sum": null, "services_unique": null, "total_departures_unique": null, "route_short_name_unique": "729, 751, 201" }, "geometry": { "type": "LineString", "coordinates": [ [ -9.2264776, 38.6988775 ], [ -9.2263432, 38.6989207 ], [ -9.2260489, 38.6990402 ], [ -9.2256913, 38.699195 ], [ -9.2255912, 38.6992386 ], [ -9.2255773, 38.6992447 ] ] } },
{ "type": "Feature", "properties": { "services_sum": 3.6318793015710327, "total_departures_sum": 170, "route_short_name_sum": null, "services_unique": null, "total_departures_unique": null, "route_short_name_unique": "729, 751, 201" }, "geometry": { "type": "LineString", "coordinates": [ [ -9.2031638, 38.6973844 ], [ -9.2026217, 38.6973441 ] ] } },
{ "type": "Feature", "properties": { "services_sum": 5.2632028932226422, "total_departures_sum": 308, "route_short_name_sum": null, "services_unique": null, "total_departures_unique": null, "route_short_name_unique": "751, 201" }, "geometry": { "type": "LineString", "coordinates": [ [ -9.2259951, 38.7111682 ], [ -9.2259238, 38.7112524 ], [ -9.225863, 38.7113394 ] ] } },
{ "type": "Feature", "properties": { "services_sum": 5.2632028932226422, "total_departures_sum": 308, "route_short_name_sum": null, "services_unique": null, "total_departures_unique": null, "route_short_name_unique": "751, 201" }, "geometry": { "type": "LineString", "coordinates": [ [ -9.2257933, 38.7114471 ], [ -9.2257579, 38.7115051 ], [ -9.225706, 38.7116078 ], [ -9.2256405, 38.7117425 ], [ -9.225585, 38.7118473 ], [ -9.2255327, 38.7119804 ], [ -9.2254566, 38.7122909 ], [ -9.2253905, 38.7126083 ], [ -9.2253628, 38.7127273 ], [ -9.2253231, 38.7128853 ], [ -9.2253182, 38.7129047 ], [ -9.2252109, 38.7131698 ] ] } },
{ "type": "Feature", "properties": { "services_sum": 5.2632028932226422, "total_departures_sum": 308, "route_short_name_sum": null, "services_unique": null, "total_departures_unique": null, "route_short_name_unique": "751, 201" }, "geometry": { "type": "LineString", "coordinates": [ [ -9.2172661, 38.7022765 ], [ -9.2171865, 38.7022252 ], [ -9.2170967, 38.7021536 ], [ -9.2169854, 38.702012 ] ] } },
{ "type": "Feature", "properties": { "services_sum": 5.2632028932226422, "total_departures_sum": 308, "route_short_name_sum": null, "services_unique": null, "total_departures_unique": null, "route_short_name_unique": "751, 201" }, "geometry": { "type": "LineString", "coordinates": [ [ -9.2169468, 38.7019185 ], [ -9.2167899, 38.7014997 ] ] } },
{ "type": "Feature", "properties": { "services_sum": 5.2632028932226422, "total_departures_sum": 308, "route_short_name_sum": null, "services_unique": null, "total_departures_unique": null, "route_short_name_unique": "751, 201" }, "geometry": { "type": "LineString", "coordinates": [ [ -9.2158984, 38.7004201 ], [ -9.2156354, 38.7002826 ], [ -9.2154232, 38.7001582 ], [ -9.2152028, 38.7000455 ], [ -9.2149488, 38.6999357 ], [ -9.2146456, 38.6998354 ] ] } },
{ "type": "Feature", "properties": { "services_sum": 5.2632028932226422, "total_departures_sum": 308, "route_short_name_sum": null, "services_unique": null, "total_departures_unique": null, "route_short_name_unique": "751, 201" }, "geometry": { "type": "LineString", "coordinates": [ [ -9.2143228, 38.6997515 ], [ -9.2142513, 38.69974 ], [ -9.2139956, 38.6996944 ], [ -9.2137032, 38.6996653 ] ] } },
{ "type": "Feature", "properties": { "services_sum": 5.2632028932226422, "total_departures_sum": 308, "route_short_name_sum": null, "services_unique": null, "total_departures_unique": null, "route_short_name_unique": "751, 201" }, "geometry": { "type": "LineString", "coordinates": [ [ -9.2134937, 38.699652 ], [ -9.2132587, 38.6996549 ], [ -9.2130192, 38.6996678 ], [ -9.2127851, 38.6996921 ], [ -9.2125582, 38.6997278 ], [ -9.2122055, 38.6998032 ], [ -9.2121824, 38.6998096 ], [ -9.2100094, 38.7004103 ] ] } },
{ "type": "Feature", "properties": { "services_sum": 5.2632028932226422, "total_departures_sum": 308, "route_short_name_sum": null, "services_unique": null, "total_departures_unique": null, "route_short_name_unique": "751, 201" }, "geometry": { "type": "LineString", "coordinates": [ [ -9.2097414, 38.7004855 ], [ -9.2093984, 38.7005818 ], [ -9.2086071, 38.700805 ], [ -9.2085884, 38.7008103 ], [ -9.2083379, 38.7008803 ], [ -9.208175, 38.7009259 ] ] } },
{ "type": "Feature", "properties": { "services_sum": 5.2632028932226422, "total_departures_sum": 308, "route_short_name_sum": null, "services_unique": null, "total_departures_unique": null, "route_short_name_unique": "751, 201" }, "geometry": { "type": "LineString", "coordinates": [ [ -9.205887, 38.6999631 ], [ -9.2058373, 38.699856 ], [ -9.2058295, 38.6998363 ] ] } },
{ "type": "Feature", "properties": { "services_sum": 5.2632028932226422, "total_departures_sum": 308, "route_short_name_sum": null, "services_unique": null, "total_departures_unique": null, "route_short_name_unique": "751, 201" }, "geometry": { "type": "LineString", "coordinates": [ [ -9.2056755, 38.6994817 ], [ -9.2056699, 38.699469 ], [ -9.2056615, 38.6994496 ], [ -9.2054875, 38.6990545 ], [ -9.2053443, 38.6987455 ], [ -9.2052571, 38.6986231 ], [ -9.2051661, 38.6984898 ], [ -9.2048417, 38.6980776 ], [ -9.2047701, 38.6979961 ] ] } },
{ "type": "Feature", "properties": { "services_sum": 3.6463638527546394, "total_departures_sum": 102, "route_short_name_sum": null, "services_unique": null, "total_departures_unique": null, "route_short_name_unique": "729, 15E" }, "geometry": { "type": "LineString", "coordinates": [ [ -9.2255773, 38.6992447 ], [ -9.2255197, 38.699167 ], [ -9.2254647, 38.6990666 ], [ -9.2254194, 38.6989497 ], [ -9.2253884, 38.6988412 ], [ -9.2253661, 38.6987265 ], [ -9.2253554, 38.69861 ], [ -9.2253647, 38.6984281 ], [ -9.225366, 38.6984021 ], [ -9.2253375, 38.6983936 ], [ -9.2251789, 38.698339 ] ] } },
{ "type": "Feature", "properties": { "services_sum": 3.6463638527546394, "total_departures_sum": 102, "route_short_name_sum": null, "services_unique": null, "total_departures_unique": null, "route_short_name_unique": "729, 15E" }, "geometry": { "type": "LineString", "coordinates": [ [ -9.2245256, 38.6981369 ], [ -9.2235297, 38.6978152 ], [ -9.2233118, 38.6977425 ], [ -9.2231284, 38.697657 ], [ -9.2226479, 38.6974085 ], [ -9.2219844, 38.6970603 ], [ -9.221591, 38.6968578 ], [ -9.2210701, 38.6966231 ], [ -9.2205576, 38.6964252 ], [ -9.2202096, 38.696314 ] ] } },
{ "type": "Feature", "properties": { "services_sum": 3.6463638527546394, "total_departures_sum": 102, "route_short_name_sum": null, "services_unique": null, "total_departures_unique": null, "route_short_name_unique": "729, 15E" }, "geometry": { "type": "LineString", "coordinates": [ [ -9.2193605, 38.6960413 ], [ -9.218895, 38.6958846 ] ] } },
{ "type": "Feature", "properties": { "services_sum": 3.6463638527546394, "total_departures_sum": 102, "route_short_name_sum": null, "services_unique": null, "total_departures_unique": null, "route_short_name_unique": "729, 15E" }, "geometry": { "type": "LineString", "coordinates": [ [ -9.2185489, 38.6957735 ], [ -9.2182713, 38.6956852 ], [ -9.2172453, 38.6953586 ], [ -9.216324, 38.6950736 ], [ -9.2161881, 38.6950466 ], [ -9.2159607, 38.6950326 ], [ -9.2157494, 38.6950298 ] ] } },
{ "type": "Feature", "properties": { "services_sum": 3.6463638527546394, "total_departures_sum": 102, "route_short_name_sum": null, "services_unique": null, "total_departures_unique": null, "route_short_name_unique": "729, 15E" }, "geometry": { "type": "LineString", "coordinates": [ [ -9.2151034, 38.6950191 ], [ -9.2148259, 38.6950105 ], [ -9.2146482, 38.6950121 ] ] } },
{ "type": "Feature", "properties": { "services_sum": 3.6463638527546394, "total_departures_sum": 102, "route_short_name_sum": null, "services_unique": null, "total_departures_unique": null, "route_short_name_unique": "729, 15E" }, "geometry": { "type": "LineString", "coordinates": [ [ -9.2142166, 38.6950263 ], [ -9.2132085, 38.6950927 ], [ -9.2129196, 38.6951142 ], [ -9.2127225, 38.695154 ], [ -9.2124646, 38.6952322 ], [ -9.2117152, 38.6954661 ], [ -9.2108052, 38.6957519 ], [ -9.2101797, 38.695956 ], [ -9.2101248, 38.6959745 ], [ -9.2098932, 38.6960544 ] ] } },
{ "type": "Feature", "properties": { "services_sum": 3.6463638527546394, "total_departures_sum": 102, "route_short_name_sum": null, "services_unique": null, "total_departures_unique": null, "route_short_name_unique": "729, 15E" }, "geometry": { "type": "LineString", "coordinates": [ [ -9.2092808, 38.6962597 ], [ -9.2091073, 38.6963195 ], [ -9.2090183, 38.6963519 ], [ -9.2089653, 38.6963778 ], [ -9.2088453, 38.6964118 ], [ -9.2086455, 38.6964398 ], [ -9.2083862, 38.6964314 ], [ -9.2081777, 38.696438 ], [ -9.2080451, 38.6964482 ], [ -9.207483, 38.6965856 ], [ -9.2074174, 38.6966003 ], [ -9.2073488, 38.696617 ], [ -9.2072693, 38.6966357 ], [ -9.205445, 38.6971006 ], [ -9.2052882, 38.6971383 ], [ -9.2050552, 38.6972035 ] ] } },
{ "type": "Feature", "properties": { "services_sum": 3.6463638527546394, "total_departures_sum": 102, "route_short_name_sum": null, "services_unique": null, "total_departures_unique": null, "route_short_name_unique": "729, 15E" }, "geometry": { "type": "LineString", "coordinates": [ [ -9.204731, 38.6972842 ], [ -9.20468, 38.6972985 ], [ -9.2045351, 38.6973331 ] ] } },
{ "type": "Feature", "properties": { "services_sum": 2.323320853857175, "total_departures_sum": 59, "route_short_name_sum": null, "services_unique": null, "total_departures_unique": null, "route_short_name_unique": "729, 15E" }, "geometry": { "type": "LineString", "coordinates": [ [ -9.2251789, 38.698339 ], [ -9.2250746, 38.6983068 ], [ -9.2245256, 38.6981369 ] ] } },
{ "type": "Feature", "properties": { "services_sum": 2.323320853857175, "total_departures_sum": 59, "route_short_name_sum": null, "services_unique": null, "total_departures_unique": null, "route_short_name_unique": "729, 15E" }, "geometry": { "type": "LineString", "coordinates": [ [ -9.2202096, 38.696314 ], [ -9.2193605, 38.6960413 ] ] } },
{ "type": "Feature", "properties": { "services_sum": 2.323320853857175, "total_departures_sum": 59, "route_short_name_sum": null, "services_unique": null, "total_departures_unique": null, "route_short_name_unique": "729, 15E" }, "geometry": { "type": "LineString", "coordinates": [ [ -9.218895, 38.6958846 ], [ -9.2188657, 38.6958752 ], [ -9.2185489, 38.6957735 ] ] } },
{ "type": "Feature", "properties": { "services_sum": 2.323320853857175, "total_departures_sum": 59, "route_short_name_sum": null, "services_unique": null, "total_departures_unique": null, "route_short_name_unique": "729, 15E" }, "geometry": { "type": "LineString", "coordinates": [ [ -9.2157494, 38.6950298 ], [ -9.2151034, 38.6950191 ] ] } },
{ "type": "Feature", "properties": { "services_sum": 2.323320853857175, "total_departures_sum": 59, "route_short_name_sum": null, "services_unique": null, "total_departures_unique": null, "route_short_name_unique": "729, 15E" }, "geometry": { "type": "LineString", "coordinates": [ [ -9.2146482, 38.6950121 ], [ -9.2145672, 38.6950148 ], [ -9.2142166, 38.6950263 ] ] } },
{ "type": "Feature", "properties": { "services_sum": 2.323320853857175, "total_departures_sum": 59, "route_short_name_sum": null, "services_unique": null, "total_departures_unique": null, "route_short_name_unique": "729, 15E" }, "geometry": { "type": "LineString", "coordinates": [ [ -9.2098932, 38.6960544 ], [ -9.2093183, 38.6962472 ], [ -9.2092808, 38.6962597 ] ] } },
{ "type": "Feature", "properties": { "services_sum": 2.323320853857175, "total_departures_sum": 59, "route_short_name_sum": null, "services_unique": null, "total_departures_unique": null, "route_short_name_unique": "729, 15E" }, "geometry": { "type": "LineString", "coordinates": [ [ -9.2050552, 38.6972035 ], [ -9.2050531, 38.6972041 ], [ -9.204731, 38.6972842 ] ] } },
{ "type": "Feature", "properties": { "services_sum": 2.323320853857175, "total_departures_sum": 59, "route_short_name_sum": null, "services_unique": null, "total_departures_unique": null, "route_short_name_unique": "729, 15E" }, "geometry": { "type": "LineString", "coordinates": [ [ -9.2045351, 38.6973331 ], [ -9.2044998, 38.6973445 ] ] } },
{ "type": "Feature", "properties": { "services_sum": 2.323320853857175, "total_departures_sum": 59, "route_short_name_sum": null, "services_unique": null, "total_departures_unique": null, "route_short_name_unique": "729, 15E" }, "geometry": { "type": "LineString", "coordinates": [ [ -9.2043692, 38.6974131 ], [ -9.2041961, 38.6974456 ] ] } },
{ "type": "Feature", "properties": { "services_sum": 1.0002778549597111, "total_departures_sum": 11, "route_short_name_sum": null, "services_unique": null, "total_departures_unique": null, "route_short_name_unique": "746" }, "geometry": { "type": "LineString", "coordinates": [ [ -9.2145691, 38.7481243 ], [ -9.2145204, 38.7482397 ], [ -9.2148092, 38.7483061 ], [ -9.2150013, 38.7483544 ], [ -9.2151504, 38.7483919 ], [ -9.2150301, 38.7488774 ], [ -9.2149849, 38.7491159 ], [ -9.2149327, 38.7492375 ], [ -9.2148879, 38.7492808 ], [ -9.2148291, 38.7492859 ], [ -9.2147376, 38.7492508 ], [ -9.2141511, 38.7488486 ], [ -9.2140635, 38.7488099 ], [ -9.2140052, 38.7487982 ], [ -9.2138701, 38.7488165 ], [ -9.213435, 38.7490318 ], [ -9.2128907, 38.7493206 ], [ -9.2129409, 38.7497662 ], [ -9.2129474, 38.7498241 ], [ -9.2129741, 38.7500612 ], [ -9.212989, 38.7501634 ], [ -9.2129936, 38.750259 ], [ -9.2129724, 38.7503324 ], [ -9.2129305, 38.7503865 ], [ -9.2128853, 38.7504258 ], [ -9.2128286, 38.7504584 ], [ -9.2127557, 38.7504784 ], [ -9.2126484, 38.7504961 ], [ -9.2113556, 38.7505972 ], [ -9.2113207, 38.7505963 ], [ -9.2113044, 38.7505941 ], [ -9.211263, 38.7505885 ], [ -9.2111349, 38.7505496 ], [ -9.2111104, 38.750481 ], [ -9.2110584, 38.7504091 ], [ -9.2109843, 38.75035 ], [ -9.2108933, 38.7503079 ], [ -9.2108514, 38.7502985 ], [ -9.2107967, 38.7502861 ], [ -9.2106963, 38.7502835 ], [ -9.2106709, 38.750288 ], [ -9.2105908, 38.7503021 ], [ -9.2104954, 38.7503417 ], [ -9.2104881, 38.7503471 ], [ -9.2104167, 38.7503995 ], [ -9.2103602, 38.7504714 ], [ -9.21033, 38.7505524 ], [ -9.2103282, 38.7506367 ], [ -9.2102657, 38.75078 ], [ -9.2100968, 38.7510837 ], [ -9.2097755, 38.7516545 ], [ -9.209593, 38.7520133 ], [ -9.2094499, 38.7522739 ], [ -9.2093557, 38.7524391 ], [ -9.2093057, 38.7525011 ], [ -9.2090407, 38.7526781 ] ] } },
{ "type": "Feature", "properties": { "services_sum": 1.0002778549597111, "total_departures_sum": 11, "route_short_name_sum": null, "services_unique": null, "total_departures_unique": null, "route_short_name_unique": "746" }, "geometry": { "type": "LineString", "coordinates": [ [ -9.2024951, 38.7488588 ], [ -9.2007635, 38.7484658 ], [ -9.2006697, 38.7487834 ] ] } },
{ "type": "Feature", "properties": { "services_sum": 1.0002778549597111, "total_departures_sum": 11, "route_short_name_sum": null, "services_unique": null, "total_departures_unique": null, "route_short_name_unique": "746" }, "geometry": { "type": "LineString", "coordinates": [ [ -9.1589857, 38.7382427 ], [ -9.1585712, 38.7384366 ], [ -9.1585326, 38.7384531 ], [ -9.1581645, 38.73861 ] ] } },
{ "type": "Feature", "properties": { "services_sum": 1.0002778549597111, "total_departures_sum": 11, "route_short_name_sum": null, "services_unique": null, "total_departures_unique": null, "route_short_name_unique": "746" }, "geometry": { "type": "LineString", "coordinates": [ [ -9.1508243, 38.7247136 ], [ -9.1508064, 38.7247 ], [ -9.1507329, 38.7246441 ] ] } },
{ "type": "Feature", "properties": { "services_sum": 1.0002778549597111, "total_departures_sum": 11, "route_short_name_sum": null, "services_unique": null, "total_departures_unique": null, "route_short_name_unique": "746" }, "geometry": { "type": "LineString", "coordinates": [ [ -9.1492941, 38.7258289 ], [ -9.1492794, 38.725818 ] ] } },
{ "type": "Feature", "properties": { "services_sum": 1.0002778549597111, "total_departures_sum": 11, "route_short_name_sum": null, "services_unique": null, "total_departures_unique": null, "route_short_name_unique": "746" }, "geometry": { "type": "LineString", "coordinates": [ [ -9.1489952, 38.7253904 ], [ -9.1489778, 38.7253061 ], [ -9.1489707, 38.7252426 ], [ -9.1489758, 38.7251493 ] ] } },
{ "type": "Feature", "properties": { "services_sum": 2.0, "total_departures_sum": 258, "route_short_name_sum": null, "services_unique": null, "total_departures_unique": null, "route_short_name_unique": "203" }, "geometry": { "type": "LineString", "coordinates": [ [ -9.2114192, 38.7093012 ], [ -9.2111881, 38.7093201 ], [ -9.2109851, 38.7092941 ], [ -9.2109074, 38.7092659 ], [ -9.2108304, 38.7092586 ], [ -9.2107541, 38.7092694 ], [ -9.2106852, 38.7092972 ], [ -9.2106372, 38.7093324 ], [ -9.2106021, 38.7093758 ], [ -9.2105821, 38.7094247 ], [ -9.2105791, 38.7094824 ], [ -9.2105971, 38.7095385 ], [ -9.2106346, 38.7095883 ], [ -9.2106956, 38.7096316 ], [ -9.210771, 38.7096578 ], [ -9.2107857, 38.7097736 ], [ -9.2108197, 38.7100415 ], [ -9.2108376, 38.7102526 ], [ -9.210801, 38.7104218 ], [ -9.2107394, 38.7107992 ], [ -9.2106854, 38.7110281 ], [ -9.2106494, 38.711131 ], [ -9.210585, 38.7112228 ], [ -9.2104933, 38.711316 ], [ -9.2103909, 38.7113554 ], [ -9.2102804, 38.7113979 ], [ -9.2099276, 38.7114572 ], [ -9.2095164, 38.7114836 ], [ -9.2103416, 38.7116212 ], [ -9.2106779, 38.7116873 ], [ -9.2107864, 38.7117033 ], [ -9.2110146, 38.7117477 ], [ -9.2111808, 38.711786 ], [ -9.2113288, 38.7117943 ], [ -9.2114856, 38.7117427 ], [ -9.2115272, 38.7116841 ], [ -9.2115291, 38.7116025 ], [ -9.2114633, 38.711556 ], [ -9.2112234, 38.7114284 ], [ -9.2110913, 38.7113675 ], [ -9.2108941, 38.7113054 ], [ -9.2108351, 38.7112251 ], [ -9.2107888, 38.7111513 ], [ -9.21077, 38.7110553 ], [ -9.2107811, 38.7110043 ], [ -9.2108493, 38.7106918 ], [ -9.2109217, 38.7104449 ], [ -9.2109635, 38.7102668 ], [ -9.210963, 38.7100327 ], [ -9.2109432, 38.7097625 ], [ -9.2109605, 38.7096408 ], [ -9.2110313, 38.7095975 ], [ -9.211079, 38.7095381 ], [ -9.2112181, 38.70942 ], [ -9.2114192, 38.7093012 ] ] } },
{ "type": "Feature", "properties": { "services_sum": 2.0, "total_departures_sum": 258, "route_short_name_sum": null, "services_unique": null, "total_departures_unique": null, "route_short_name_unique": "203" }, "geometry": { "type": "LineString", "coordinates": [ [ -9.2114192, 38.7093012 ], [ -9.2114961, 38.7092773 ], [ -9.2122347, 38.7090468 ], [ -9.2115265, 38.7092678 ], [ -9.2114192, 38.7093012 ] ] } },
{ "type": "Feature", "properties": { "services_sum": 2.0, "total_departures_sum": 258, "route_short_name_sum": null, "services_unique": null, "total_departures_unique": null, "route_short_name_unique": "203" }, "geometry": { "type": "LineString", "coordinates": [ [ -9.2085112, 38.7114626 ], [ -9.2084352, 38.7114632 ], [ -9.207942, 38.7114671 ], [ -9.2085112, 38.7114626 ] ] } },
{ "type": "Feature", "properties": { "services_sum": 2.0, "total_departures_sum": 258, "route_short_name_sum": null, "services_unique": null, "total_departures_unique": null, "route_short_name_unique": "203" }, "geometry": { "type": "LineString", "coordinates": [ [ -9.2085112, 38.7114626 ], [ -9.2086266, 38.7114616 ], [ -9.208534, 38.7114624 ], [ -9.2085112, 38.7114626 ] ] } },
{ "type": "Feature", "properties": { "services_sum": 2.0, "total_departures_sum": 258, "route_short_name_sum": null, "services_unique": null, "total_departures_unique": null, "route_short_name_unique": "203" }, "geometry": { "type": "LineString", "coordinates": [ [ -9.2018102, 38.7121519 ], [ -9.2018012, 38.712154 ], [ -9.2016773, 38.7121829 ], [ -9.2014406, 38.7122427 ], [ -9.2013215, 38.7122872 ], [ -9.2011455, 38.7123529 ], [ -9.2010077, 38.7124257 ], [ -9.2007992, 38.7124702 ], [ -9.2003055, 38.7124357 ], [ -9.1999563, 38.712417 ], [ -9.2001852, 38.7124659 ], [ -9.2004006, 38.7125072 ], [ -9.200558, 38.7125873 ], [ -9.2006742, 38.7126892 ], [ -9.2007796, 38.7128939 ], [ -9.2008029, 38.7130246 ], [ -9.200888, 38.7133244 ], [ -9.200938, 38.7135004 ], [ -9.2010008, 38.7136347 ] ] } },
{ "type": "Feature", "properties": { "services_sum": 2.0, "total_departures_sum": 258, "route_short_name_sum": null, "services_unique": null, "total_departures_unique": null, "route_short_name_unique": "203" }, "geometry": { "type": "LineString", "coordinates": [ [ -9.2008952, 38.7138926 ], [ -9.200857, 38.7138578 ], [ -9.2008333, 38.7138117 ], [ -9.2008306, 38.7137621 ], [ -9.2008493, 38.7137146 ], [ -9.2008873, 38.7136747 ] ] } },
{ "type": "Feature", "properties": { "services_sum": 2.0, "total_departures_sum": 258, "route_short_name_sum": null, "services_unique": null, "total_departures_unique": null, "route_short_name_unique": "203" }, "geometry": { "type": "LineString", "coordinates": [ [ -9.1991435, 38.706223 ], [ -9.1991212, 38.7064138 ], [ -9.1991176, 38.7064468 ], [ -9.1990878, 38.7067184 ] ] } },
{ "type": "Feature", "properties": { "services_sum": 2.0, "total_departures_sum": 258, "route_short_name_sum": null, "services_unique": null, "total_departures_unique": null, "route_short_name_unique": "203" }, "geometry": { "type": "LineString", "coordinates": [ [ -9.1987811, 38.7138705 ], [ -9.1987717, 38.7137182 ] ] } },
{ "type": "Feature", "properties": { "services_sum": 2.0, "total_departures_sum": 258, "route_short_name_sum": null, "services_unique": null, "total_departures_unique": null, "route_short_name_unique": "203" }, "geometry": { "type": "LineString", "coordinates": [ [ -9.1987717, 38.7137182 ], [ -9.1987179, 38.7121682 ], [ -9.1987156, 38.7121018 ], [ -9.1987717, 38.7137182 ] ] } },
{ "type": "Feature", "properties": { "services_sum": 2.0, "total_departures_sum": 258, "route_short_name_sum": null, "services_unique": null, "total_departures_unique": null, "route_short_name_unique": "203" }, "geometry": { "type": "LineString", "coordinates": [ [ -9.1987056, 38.7047263 ], [ -9.1986635, 38.7047298 ], [ -9.1984131, 38.7047504 ], [ -9.1987056, 38.7047263 ] ] } },
{ "type": "Feature", "properties": { "services_sum": 2.0, "total_departures_sum": 258, "route_short_name_sum": null, "services_unique": null, "total_departures_unique": null, "route_short_name_unique": "203" }, "geometry": { "type": "LineString", "coordinates": [ [ -9.1987056, 38.7047263 ], [ -9.1992362, 38.7046825 ], [ -9.198952, 38.704706 ], [ -9.1987056, 38.7047263 ] ] } },
{ "type": "Feature", "properties": { "services_sum": 2.0, "total_departures_sum": 258, "route_short_name_sum": null, "services_unique": null, "total_departures_unique": null, "route_short_name_unique": "203" }, "geometry": { "type": "LineString", "coordinates": [ [ -9.1966538, 38.7076482 ], [ -9.1961675, 38.7076729 ], [ -9.1960693, 38.7076779 ], [ -9.1964083, 38.7076607 ], [ -9.1966538, 38.7076482 ] ] } },
{ "type": "Feature", "properties": { "services_sum": 2.0, "total_departures_sum": 258, "route_short_name_sum": null, "services_unique": null, "total_departures_unique": null, "route_short_name_unique": "203" }, "geometry": { "type": "LineString", "coordinates": [ [ -9.1966538, 38.7076482 ], [ -9.1966591, 38.707682 ], [ -9.1966793, 38.7077122 ], [ -9.1967118, 38.7077349 ], [ -9.1967525, 38.7077472 ], [ -9.1967962, 38.7077475 ], [ -9.1968372, 38.7077358 ], [ -9.1968702, 38.7077135 ], [ -9.1968911, 38.7076836 ], [ -9.1968972, 38.7076499 ], [ -9.1968891, 38.7076196 ], [ -9.1968689, 38.7075929 ], [ -9.1968389, 38.7075726 ], [ -9.196802, 38.707561 ], [ -9.1967624, 38.7075593 ], [ -9.1967215, 38.7075686 ], [ -9.1966872, 38.7075882 ], [ -9.1966637, 38.7076159 ], [ -9.1966538, 38.7076482 ] ] } },
{ "type": "Feature", "properties": { "services_sum": 2.0, "total_departures_sum": 258, "route_short_name_sum": null, "services_unique": null, "total_departures_unique": null, "route_short_name_unique": "203" }, "geometry": { "type": "LineString", "coordinates": [ [ -9.1958409, 38.7134857 ], [ -9.1957888, 38.7132361 ], [ -9.1957666, 38.7127447 ], [ -9.1957311, 38.7119599 ], [ -9.1956909, 38.7112452 ], [ -9.1956798, 38.7111473 ], [ -9.1956533, 38.7109145 ], [ -9.1956247, 38.7108088 ], [ -9.1955367, 38.7104833 ], [ -9.1954525, 38.7114116 ], [ -9.1954587, 38.7117514 ], [ -9.1954626, 38.7119623 ], [ -9.1955039, 38.7128606 ], [ -9.1955211, 38.7132342 ], [ -9.1955087, 38.713364 ], [ -9.1954559, 38.7134887 ] ] } },
{ "type": "Feature", "properties": { "services_sum": 2.0, "total_departures_sum": 258, "route_short_name_sum": null, "services_unique": null, "total_departures_unique": null, "route_short_name_unique": "203" }, "geometry": { "type": "LineString", "coordinates": [ [ -9.1874516, 38.7049346 ], [ -9.1877233, 38.7049984 ], [ -9.1877006, 38.7049931 ], [ -9.1874516, 38.7049346 ] ] } },
{ "type": "Feature", "properties": { "services_sum": 2.0, "total_departures_sum": 258, "route_short_name_sum": null, "services_unique": null, "total_departures_unique": null, "route_short_name_unique": "203" }, "geometry": { "type": "LineString", "coordinates": [ [ -9.1874516, 38.7049346 ], [ -9.1874122, 38.7049249 ], [ -9.1866886, 38.7047456 ], [ -9.1874516, 38.7049346 ] ] } },
{ "type": "Feature", "properties": { "services_sum": 2.0, "total_departures_sum": 258, "route_short_name_sum": null, "services_unique": null, "total_departures_unique": null, "route_short_name_unique": "203" }, "geometry": { "type": "LineString", "coordinates": [ [ -9.1859842, 38.7038026 ], [ -9.1856879, 38.7039885 ], [ -9.1856698, 38.7039998 ] ] } },
{ "type": "Feature", "properties": { "services_sum": 2.0, "total_departures_sum": 258, "route_short_name_sum": null, "services_unique": null, "total_departures_unique": null, "route_short_name_unique": "203" }, "geometry": { "type": "LineString", "coordinates": [ [ -9.1848561, 38.7045193 ], [ -9.1848527, 38.7045213 ], [ -9.1847788, 38.7045656 ] ] } },
{ "type": "Feature", "properties": { "services_sum": 2.0, "total_departures_sum": 258, "route_short_name_sum": null, "services_unique": null, "total_departures_unique": null, "route_short_name_unique": "203" }, "geometry": { "type": "LineString", "coordinates": [ [ -9.1832072, 38.7045868 ], [ -9.1831019, 38.7044885 ], [ -9.1830901, 38.7044775 ], [ -9.1827208, 38.704133 ], [ -9.1827101, 38.704123 ] ] } },
{ "type": "Feature", "properties": { "services_sum": 2.0, "total_departures_sum": 258, "route_short_name_sum": null, "services_unique": null, "total_departures_unique": null, "route_short_name_unique": "203" }, "geometry": { "type": "LineString", "coordinates": [ [ -9.1816221, 38.7031347 ], [ -9.1809809, 38.7025544 ], [ -9.1809668, 38.7025416 ] ] } },
{ "type": "Feature", "properties": { "services_sum": 2.0, "total_departures_sum": 258, "route_short_name_sum": null, "services_unique": null, "total_departures_unique": null, "route_short_name_unique": "203" }, "geometry": { "type": "LineString", "coordinates": [ [ -9.1776323, 38.7047713 ], [ -9.1773048, 38.7049216 ] ] } },
{ "type": "Feature", "properties": { "services_sum": 2.0, "total_departures_sum": 258, "route_short_name_sum": null, "services_unique": null, "total_departures_unique": null, "route_short_name_unique": "203" }, "geometry": { "type": "LineString", "coordinates": [ [ -9.1681792, 38.7035999 ], [ -9.1680997, 38.7035992 ], [ -9.1680049, 38.7035983 ] ] } },
{ "type": "Feature", "properties": { "services_sum": 2.0, "total_departures_sum": 258, "route_short_name_sum": null, "services_unique": null, "total_departures_unique": null, "route_short_name_unique": "203" }, "geometry": { "type": "LineString", "coordinates": [ [ -9.1681766, 38.7037792 ], [ -9.1681743, 38.7037967 ], [ -9.1681558, 38.7039392 ] ] } },
{ "type": "Feature", "properties": { "services_sum": 2.0, "total_departures_sum": 258, "route_short_name_sum": null, "services_unique": null, "total_departures_unique": null, "route_short_name_unique": "203" }, "geometry": { "type": "LineString", "coordinates": [ [ -9.1680105, 38.7042057 ], [ -9.1680102, 38.704187 ], [ -9.1680076, 38.7040325 ] ] } },
{ "type": "Feature", "properties": { "services_sum": 2.0, "total_departures_sum": 258, "route_short_name_sum": null, "services_unique": null, "total_departures_unique": null, "route_short_name_unique": "203" }, "geometry": { "type": "LineString", "coordinates": [ [ -9.1675633, 38.7068129 ], [ -9.1675216, 38.7070077 ], [ -9.1675128, 38.7070485 ] ] } },
{ "type": "Feature", "properties": { "services_sum": 2.0, "total_departures_sum": 258, "route_short_name_sum": null, "services_unique": null, "total_departures_unique": null, "route_short_name_unique": "203" }, "geometry": { "type": "LineString", "coordinates": [ [ -9.1674952, 38.7071308 ], [ -9.1674897, 38.7071551 ], [ -9.1674551, 38.7073082 ] ] } },
{ "type": "Feature", "properties": { "services_sum": 2.0, "total_departures_sum": 258, "route_short_name_sum": null, "services_unique": null, "total_departures_unique": null, "route_short_name_unique": "203" }, "geometry": { "type": "LineString", "coordinates": [ [ -9.1666805, 38.7092067 ], [ -9.1665471, 38.7093622 ], [ -9.1665405, 38.7093698 ] ] } },
{ "type": "Feature", "properties": { "services_sum": 2.0, "total_departures_sum": 258, "route_short_name_sum": null, "services_unique": null, "total_departures_unique": null, "route_short_name_unique": "203" }, "geometry": { "type": "LineString", "coordinates": [ [ -9.165943, 38.7099105 ], [ -9.1659324, 38.7099196 ], [ -9.1654367, 38.710342 ] ] } },
{ "type": "Feature", "properties": { "services_sum": 2.0, "total_departures_sum": 258, "route_short_name_sum": null, "services_unique": null, "total_departures_unique": null, "route_short_name_unique": "203" }, "geometry": { "type": "LineString", "coordinates": [ [ -9.1643702, 38.7112496 ], [ -9.1642764, 38.7113281 ], [ -9.1642732, 38.7113308 ] ] } },
{ "type": "Feature", "properties": { "services_sum": 2.0, "total_departures_sum": 258, "route_short_name_sum": null, "services_unique": null, "total_departures_unique": null, "route_short_name_unique": "203" }, "geometry": { "type": "LineString", "coordinates": [ [ -9.163656, 38.7118605 ], [ -9.1634166, 38.7120748 ], [ -9.1634092, 38.7120814 ] ] } },
{ "type": "Feature", "properties": { "services_sum": 2.0, "total_departures_sum": 258, "route_short_name_sum": null, "services_unique": null, "total_departures_unique": null, "route_short_name_unique": "203" }, "geometry": { "type": "LineString", "coordinates": [ [ -9.1633894, 38.7253677 ], [ -9.163353, 38.7253799 ], [ -9.162862, 38.725544 ], [ -9.1633894, 38.7253677 ] ] } },
{ "type": "Feature", "properties": { "services_sum": 2.0, "total_departures_sum": 258, "route_short_name_sum": null, "services_unique": null, "total_departures_unique": null, "route_short_name_unique": "203" }, "geometry": { "type": "LineString", "coordinates": [ [ -9.1633894, 38.7253677 ], [ -9.1637123, 38.7252444 ], [ -9.1635941, 38.7252896 ], [ -9.1633894, 38.7253677 ] ] } },
{ "type": "Feature", "properties": { "services_sum": 2.0, "total_departures_sum": 258, "route_short_name_sum": null, "services_unique": null, "total_departures_unique": null, "route_short_name_unique": "203" }, "geometry": { "type": "LineString", "coordinates": [ [ -9.1623415, 38.7265344 ], [ -9.1623194, 38.726754 ], [ -9.162318, 38.7267676 ], [ -9.1623415, 38.7265344 ] ] } },
{ "type": "Feature", "properties": { "services_sum": 2.0, "total_departures_sum": 258, "route_short_name_sum": null, "services_unique": null, "total_departures_unique": null, "route_short_name_unique": "203" }, "geometry": { "type": "LineString", "coordinates": [ [ -9.1623415, 38.7265344 ], [ -9.1626376, 38.725776 ], [ -9.1623496, 38.7265138 ], [ -9.1623415, 38.7265344 ] ] } },
{ "type": "Feature", "properties": { "services_sum": 2.0, "total_departures_sum": 258, "route_short_name_sum": null, "services_unique": null, "total_departures_unique": null, "route_short_name_unique": "203" }, "geometry": { "type": "LineString", "coordinates": [ [ -9.1622483, 38.7145238 ], [ -9.1629863, 38.7150063 ], [ -9.1633121, 38.7152192 ], [ -9.1630725, 38.7150626 ], [ -9.1622483, 38.7145238 ] ] } },
{ "type": "Feature", "properties": { "services_sum": 2.0, "total_departures_sum": 258, "route_short_name_sum": null, "services_unique": null, "total_departures_unique": null, "route_short_name_unique": "203" }, "geometry": { "type": "LineString", "coordinates": [ [ -9.1622483, 38.7145238 ], [ -9.1617417, 38.7141992 ] ] } },
{ "type": "Feature", "properties": { "services_sum": 2.0, "total_departures_sum": 258, "route_short_name_sum": null, "services_unique": null, "total_departures_unique": null, "route_short_name_unique": "203" }, "geometry": { "type": "LineString", "coordinates": [ [ -9.1622483, 38.7145238 ], [ -9.162154, 38.7144634 ], [ -9.1617417, 38.7141992 ] ] } },
{ "type": "Feature", "properties": { "services_sum": 2.0, "total_departures_sum": 258, "route_short_name_sum": null, "services_unique": null, "total_departures_unique": null, "route_short_name_unique": "203" }, "geometry": { "type": "LineString", "coordinates": [ [ -9.1621905, 38.7275926 ], [ -9.1615803, 38.7277136 ] ] } },
{ "type": "Feature", "properties": { "services_sum": 2.0, "total_departures_sum": 258, "route_short_name_sum": null, "services_unique": null, "total_departures_unique": null, "route_short_name_unique": "203" }, "geometry": { "type": "LineString", "coordinates": [ [ -9.1617417, 38.7141992 ], [ -9.161653, 38.7141395 ], [ -9.1615837, 38.7140929 ], [ -9.1617417, 38.7141992 ] ] } },
{ "type": "Feature", "properties": { "services_sum": 2.0, "total_departures_sum": 258, "route_short_name_sum": null, "services_unique": null, "total_departures_unique": null, "route_short_name_unique": "203" }, "geometry": { "type": "LineString", "coordinates": [ [ -9.1615803, 38.7277136 ], [ -9.1613749, 38.7276907 ], [ -9.1613318, 38.7276859 ], [ -9.1611047, 38.7276538 ], [ -9.1609459, 38.7276695 ], [ -9.1607962, 38.7276973 ], [ -9.1605913, 38.7277713 ], [ -9.1605218, 38.7278128 ], [ -9.1604124, 38.7278781 ], [ -9.1602402, 38.7279697 ], [ -9.1601907, 38.7280373 ], [ -9.1601448, 38.7280991 ], [ -9.1600891, 38.7281777 ], [ -9.1600515, 38.728234 ], [ -9.1600032, 38.7283277 ], [ -9.1599835, 38.7284361 ], [ -9.1601052, 38.7283706 ], [ -9.1602377, 38.728283 ], [ -9.1603768, 38.7281917 ], [ -9.1604727, 38.7281193 ], [ -9.1605576, 38.7280558 ], [ -9.1607152, 38.727962 ], [ -9.1609744, 38.7278746 ], [ -9.1612454, 38.7278183 ], [ -9.1613382, 38.7277991 ], [ -9.1615803, 38.7277136 ] ] } },
{ "type": "Feature", "properties": { "services_sum": 2.0, "total_departures_sum": 258, "route_short_name_sum": null, "services_unique": null, "total_departures_unique": null, "route_short_name_unique": "203" }, "geometry": { "type": "LineString", "coordinates": [ [ -9.1614574, 38.7137683 ], [ -9.1614436, 38.7138456 ], [ -9.1614187, 38.7139845 ], [ -9.1612995, 38.713899 ], [ -9.1612369, 38.7138541 ] ] } },
{ "type": "Feature", "properties": { "services_sum": 2.0, "total_departures_sum": 258, "route_short_name_sum": null, "services_unique": null, "total_departures_unique": null, "route_short_name_unique": "203" }, "geometry": { "type": "LineString", "coordinates": [ [ -9.1538929, 38.7343748 ], [ -9.1539972, 38.7343298 ], [ -9.1540874, 38.7342909 ], [ -9.1541819, 38.7342168 ], [ -9.1544233, 38.7339627 ], [ -9.1545081, 38.7338432 ], [ -9.1545667, 38.7336909 ], [ -9.1546233, 38.7335093 ], [ -9.1546822, 38.7333207 ], [ -9.1547052, 38.7332468 ], [ -9.1549023, 38.73273 ], [ -9.1549666, 38.7325554 ], [ -9.1550042, 38.7323848 ], [ -9.1549723, 38.732239 ], [ -9.1549178, 38.7323704 ], [ -9.1549089, 38.7324001 ], [ -9.1547747, 38.7328502 ], [ -9.154737, 38.732991 ], [ -9.1545582, 38.7334201 ], [ -9.1545535, 38.7334313 ], [ -9.1545299, 38.7335 ], [ -9.1545014, 38.7335938 ], [ -9.1544696, 38.7336896 ], [ -9.1544283, 38.7337823 ], [ -9.154362, 38.7338853 ], [ -9.1542705, 38.7340116 ], [ -9.1541599, 38.7341146 ], [ -9.1540283, 38.7341993 ], [ -9.1539334, 38.7342528 ], [ -9.1538358, 38.7343078 ], [ -9.1537277, 38.7343693 ], [ -9.1536006, 38.7344687 ] ] } },
{ "type": "Feature", "properties": { "services_sum": 2.0, "total_departures_sum": 258, "route_short_name_sum": null, "services_unique": null, "total_departures_unique": null, "route_short_name_unique": "203" }, "geometry": { "type": "LineString", "coordinates": [ [ -9.1523052, 38.7362421 ], [ -9.1521033, 38.7362723 ], [ -9.15143, 38.7363732 ], [ -9.150572, 38.7365057 ], [ -9.150327, 38.7365435 ], [ -9.1502166, 38.7365592 ], [ -9.149643, 38.7366409 ], [ -9.1495071, 38.7366612 ], [ -9.1493501, 38.7366847 ], [ -9.1492447, 38.7367005 ], [ -9.1486881, 38.7367839 ], [ -9.1479647, 38.7368922 ], [ -9.1478068, 38.7369159 ], [ -9.1476369, 38.7369413 ], [ -9.1475105, 38.7369603 ], [ -9.1466851, 38.7370839 ], [ -9.1465829, 38.7370992 ], [ -9.1460461, 38.7371796 ], [ -9.1459114, 38.7371998 ], [ -9.1458338, 38.7372112 ], [ -9.1457572, 38.7372223 ], [ -9.1456145, 38.7372432 ], [ -9.1454495, 38.7372673 ], [ -9.1453178, 38.7372866 ], [ -9.1441278, 38.7374605 ], [ -9.1440317, 38.7374745 ], [ -9.1438729, 38.7374977 ], [ -9.1437446, 38.7375165 ], [ -9.1429424, 38.7376337 ], [ -9.1428205, 38.7376523 ], [ -9.1423229, 38.7377281 ], [ -9.1421375, 38.7377585 ] ] } },
{ "type": "Feature", "properties": { "services_sum": 2.0, "total_departures_sum": 258, "route_short_name_sum": null, "services_unique": null, "total_departures_unique": null, "route_short_name_unique": "203" }, "geometry": { "type": "LineString", "coordinates": [ [ -9.1521381, 38.7349293 ], [ -9.1520136, 38.7349296 ], [ -9.151888, 38.7349299 ], [ -9.1518327, 38.7349313 ], [ -9.1501016, 38.7349758 ], [ -9.1498994, 38.734981 ], [ -9.1495674, 38.7349896 ], [ -9.1493267, 38.7349957 ], [ -9.1491707, 38.7349997 ], [ -9.1490237, 38.7350035 ], [ -9.1488887, 38.735007 ], [ -9.1481141, 38.7350268 ], [ -9.1480337, 38.7350289 ], [ -9.1478966, 38.7350324 ], [ -9.1474483, 38.7350439 ], [ -9.1473546, 38.7350463 ], [ -9.1471949, 38.7350511 ], [ -9.1470696, 38.7350536 ], [ -9.1462887, 38.7350737 ], [ -9.1462656, 38.7350743 ], [ -9.1455094, 38.7350937 ], [ -9.1454095, 38.7350963 ], [ -9.1453406, 38.7350986 ], [ -9.145238, 38.7351007 ], [ -9.1450979, 38.7351043 ], [ -9.1449322, 38.7351085 ], [ -9.1448254, 38.7351108 ], [ -9.1435619, 38.7351437 ], [ -9.1434598, 38.7351466 ], [ -9.1433109, 38.7351498 ], [ -9.1431968, 38.7351531 ], [ -9.142472, 38.7351717 ], [ -9.1424238, 38.735173 ], [ -9.1417389, 38.7351905 ], [ -9.141587, 38.7351944 ] ] } },
{ "type": "Feature", "properties": { "services_sum": 2.0, "total_departures_sum": 258, "route_short_name_sum": null, "services_unique": null, "total_departures_unique": null, "route_short_name_unique": "203" }, "geometry": { "type": "LineString", "coordinates": [ [ -9.1521381, 38.7349293 ], [ -9.1523925, 38.7348529 ], [ -9.1531049, 38.7346388 ], [ -9.1526254, 38.7347829 ], [ -9.1521381, 38.7349293 ] ] } },
{ "type": "Feature", "properties": { "services_sum": 2.0, "total_departures_sum": 258, "route_short_name_sum": null, "services_unique": null, "total_departures_unique": null, "route_short_name_unique": "203" }, "geometry": { "type": "LineString", "coordinates": [ [ -9.1408807, 38.738023 ], [ -9.14085, 38.7379899 ], [ -9.1408325, 38.7379515 ], [ -9.1408297, 38.7379107 ], [ -9.1408416, 38.737871 ], [ -9.1408675, 38.7378355 ], [ -9.1407817, 38.7376944 ], [ -9.1406953, 38.7375515 ], [ -9.1406679, 38.7374782 ], [ -9.1405307, 38.7371116 ], [ -9.1404875, 38.7369853 ], [ -9.1404702, 38.7369036 ], [ -9.1404626, 38.7368702 ], [ -9.1403422, 38.7368439 ], [ -9.1402511, 38.7367772 ], [ -9.1402097, 38.7366852 ], [ -9.1402169, 38.7366134 ], [ -9.1402555, 38.7365481 ], [ -9.1403206, 38.7364971 ], [ -9.1404043, 38.7364668 ], [ -9.1404, 38.7364203 ], [ -9.1403837, 38.7362552 ], [ -9.1403869, 38.736077 ], [ -9.1404056, 38.7358964 ], [ -9.1404707, 38.7356271 ], [ -9.1405, 38.7354388 ], [ -9.1405027, 38.7353994 ], [ -9.1404992, 38.7353298 ], [ -9.1404006, 38.735281 ], [ -9.1402833, 38.735223 ], [ -9.1401277, 38.735143 ], [ -9.1400674, 38.7351164 ], [ -9.1396395, 38.734924 ], [ -9.1391766, 38.7347158 ], [ -9.1390402, 38.7347153 ], [ -9.1378188, 38.7348653 ], [ -9.1376818, 38.734856 ], [ -9.1375818, 38.7348228 ], [ -9.137439, 38.7347682 ], [ -9.1372352, 38.734693 ], [ -9.1371103, 38.7346468 ], [ -9.1370147, 38.7346096 ], [ -9.1369722, 38.7345388 ], [ -9.137059, 38.7345107 ], [ -9.1371671, 38.7345512 ], [ -9.1372986, 38.7346077 ], [ -9.1376947, 38.734778 ], [ -9.1378048, 38.7347818 ], [ -9.1390258, 38.7346191 ], [ -9.13919, 38.7346441 ], [ -9.1395924, 38.7348056 ], [ -9.1399352, 38.7349757 ], [ -9.1401778, 38.735096 ], [ -9.1404443, 38.7352204 ] ] } },
{ "type": "Feature", "properties": { "services_sum": 2.0, "total_departures_sum": 258, "route_short_name_sum": null, "services_unique": null, "total_departures_unique": null, "route_short_name_unique": "203" }, "geometry": { "type": "LineString", "coordinates": [ [ -9.1353067, 38.7339103 ], [ -9.1357853, 38.7340832 ], [ -9.1361767, 38.7342245 ], [ -9.1357173, 38.7340586 ], [ -9.1353067, 38.7339103 ] ] } },
{ "type": "Feature", "properties": { "services_sum": 2.0, "total_departures_sum": 258, "route_short_name_sum": null, "services_unique": null, "total_departures_unique": null, "route_short_name_unique": "203" }, "geometry": { "type": "LineString", "coordinates": [ [ -9.1353067, 38.7339103 ], [ -9.1352257, 38.7338601 ], [ -9.1351602, 38.7338442 ], [ -9.1349961, 38.7338008 ], [ -9.1345117, 38.7336688 ], [ -9.1343798, 38.7336372 ], [ -9.1342556, 38.733601 ], [ -9.1341505, 38.7335732 ], [ -9.1340281, 38.7335407 ], [ -9.1338942, 38.7335053 ], [ -9.1338055, 38.733538 ] ] } },
{ "type": "Feature", "properties": { "services_sum": 2.0, "total_departures_sum": 258, "route_short_name_sum": null, "services_unique": null, "total_departures_unique": null, "route_short_name_unique": "203" }, "geometry": { "type": "LineString", "coordinates": [ [ -9.1344934, 38.7337697 ], [ -9.1343653, 38.7337383 ], [ -9.1342461, 38.7337041 ], [ -9.1341398, 38.7336758 ], [ -9.1339984, 38.7336382 ], [ -9.1338578, 38.733601 ] ] } },
{ "type": "Feature", "properties": { "services_sum": 2.0, "total_departures_sum": 258, "route_short_name_sum": null, "services_unique": null, "total_departures_unique": null, "route_short_name_unique": "203" }, "geometry": { "type": "LineString", "coordinates": [ [ -9.1271375, 38.731456 ], [ -9.1270489, 38.7314112 ], [ -9.1269385, 38.7313553 ] ] } },
{ "type": "Feature", "properties": { "services_sum": 2.0, "total_departures_sum": 258, "route_short_name_sum": null, "services_unique": null, "total_departures_unique": null, "route_short_name_unique": "203" }, "geometry": { "type": "LineString", "coordinates": [ [ -9.1126624, 38.7256336 ], [ -9.1121733, 38.7253542 ], [ -9.112173, 38.7253541 ], [ -9.1118278, 38.7251543 ] ] } },
{ "type": "Feature", "properties": { "services_sum": 2.0, "total_departures_sum": 258, "route_short_name_sum": null, "services_unique": null, "total_departures_unique": null, "route_short_name_unique": "203" }, "geometry": { "type": "LineString", "coordinates": [ [ -9.1116635, 38.7264552 ], [ -9.111232, 38.7265561 ], [ -9.1111306, 38.7265674 ], [ -9.11056, 38.7267128 ], [ -9.1103755, 38.7267558 ], [ -9.1102806, 38.7267921 ], [ -9.1101879, 38.7268132 ], [ -9.1101113, 38.7267808 ], [ -9.1100391, 38.7267278 ], [ -9.1104174, 38.7263352 ], [ -9.1104528, 38.7262946 ], [ -9.1112591, 38.7253692 ], [ -9.1113278, 38.7252941 ], [ -9.1114705, 38.7251382 ], [ -9.1115119, 38.7250904 ], [ -9.1115784, 38.7250131 ] ] } },
{ "type": "Feature", "properties": { "services_sum": 2.0, "total_departures_sum": 258, "route_short_name_sum": null, "services_unique": null, "total_departures_unique": null, "route_short_name_unique": "203" }, "geometry": { "type": "LineString", "coordinates": [ [ -9.2147067, 38.7090621 ], [ -9.2146866, 38.7091239 ], [ -9.2146699, 38.7091828 ], [ -9.2145986, 38.7091812 ], [ -9.2145252, 38.7091683 ], [ -9.2141183, 38.709097 ], [ -9.2140231, 38.7090824 ], [ -9.2139429, 38.7090014 ], [ -9.2140741, 38.7089573 ], [ -9.2141524, 38.7089693 ], [ -9.2142717, 38.7089876 ], [ -9.2143296, 38.7089961 ], [ -9.2143568, 38.7090001 ], [ -9.2146167, 38.7090448 ], [ -9.2147067, 38.7090621 ] ] } },
{ "type": "Feature", "properties": { "services_sum": 2.0, "total_departures_sum": 258, "route_short_name_sum": null, "services_unique": null, "total_departures_unique": null, "route_short_name_unique": "203" }, "geometry": { "type": "LineString", "coordinates": [ [ -9.2134517, 38.7089078 ], [ -9.2134006, 38.7089078 ], [ -9.2131063, 38.7089078 ], [ -9.2134517, 38.7089078 ] ] } },
{ "type": "Feature", "properties": { "services_sum": 2.0, "total_departures_sum": 258, "route_short_name_sum": null, "services_unique": null, "total_departures_unique": null, "route_short_name_unique": "203" }, "geometry": { "type": "LineString", "coordinates": [ [ -9.2059363, 38.7109903 ], [ -9.2049916, 38.7108925 ], [ -9.2047916, 38.7108718 ], [ -9.2055913, 38.7109546 ], [ -9.2059363, 38.7109903 ] ] } },
{ "type": "Feature", "properties": { "services_sum": 2.0, "total_departures_sum": 258, "route_short_name_sum": null, "services_unique": null, "total_departures_unique": null, "route_short_name_unique": "203" }, "geometry": { "type": "LineString", "coordinates": [ [ -9.2040147, 38.7114418 ], [ -9.2040134, 38.7114327 ], [ -9.2039876, 38.7112474 ], [ -9.2040147, 38.7114418 ] ] } },
{ "type": "Feature", "properties": { "services_sum": 2.0, "total_departures_sum": 258, "route_short_name_sum": null, "services_unique": null, "total_departures_unique": null, "route_short_name_unique": "203" }, "geometry": { "type": "LineString", "coordinates": [ [ -9.2039959, 38.7115927 ], [ -9.2039032, 38.7119518 ], [ -9.2037793, 38.7124319 ], [ -9.2039959, 38.7115927 ] ] } },
{ "type": "Feature", "properties": { "services_sum": 2.0, "total_departures_sum": 258, "route_short_name_sum": null, "services_unique": null, "total_departures_unique": null, "route_short_name_unique": "203" }, "geometry": { "type": "LineString", "coordinates": [ [ -9.199493, 38.7122986 ], [ -9.1991449, 38.7121369 ], [ -9.1989428, 38.712043 ], [ -9.199493, 38.7122986 ] ] } },
{ "type": "Feature", "properties": { "services_sum": 2.0, "total_departures_sum": 258, "route_short_name_sum": null, "services_unique": null, "total_departures_unique": null, "route_short_name_unique": "203" }, "geometry": { "type": "LineString", "coordinates": [ [ -9.1990776, 38.7068156 ], [ -9.1990477, 38.7068139 ], [ -9.1989754, 38.7068082 ], [ -9.1990776, 38.7068156 ] ] } },
{ "type": "Feature", "properties": { "services_sum": 2.0, "total_departures_sum": 258, "route_short_name_sum": null, "services_unique": null, "total_departures_unique": null, "route_short_name_unique": "203" }, "geometry": { "type": "LineString", "coordinates": [ [ -9.1971095, 38.7048473 ], [ -9.1962521, 38.7049181 ], [ -9.1961327, 38.7049279 ], [ -9.1967173, 38.7048797 ], [ -9.1971095, 38.7048473 ] ] } },
{ "type": "Feature", "properties": { "services_sum": 2.0, "total_departures_sum": 258, "route_short_name_sum": null, "services_unique": null, "total_departures_unique": null, "route_short_name_unique": "203" }, "geometry": { "type": "LineString", "coordinates": [ [ -9.195574, 38.7035841 ], [ -9.1954926, 38.7035955 ], [ -9.195455, 38.7035999 ], [ -9.1949674, 38.703683 ], [ -9.1948444, 38.7037039 ], [ -9.1947907, 38.7037154 ], [ -9.1946485, 38.703742 ], [ -9.1944207, 38.7037656 ], [ -9.194356, 38.7037737 ], [ -9.1943257, 38.7037252 ], [ -9.1943137, 38.703706 ], [ -9.1941877, 38.7035043 ], [ -9.193985, 38.7032424 ], [ -9.1939505, 38.7031978 ], [ -9.1937374, 38.7030408 ], [ -9.1939224, 38.7030652 ], [ -9.1940021, 38.7030718 ], [ -9.1941691, 38.7031042 ], [ -9.1942993, 38.7030676 ], [ -9.1946283, 38.7029902 ], [ -9.1952711, 38.7028388 ], [ -9.1953404, 38.7028225 ], [ -9.1953928, 38.702987 ], [ -9.1954063, 38.7030294 ], [ -9.1955601, 38.7035338 ], [ -9.195574, 38.7035841 ] ] } },
{ "type": "Feature", "properties": { "services_sum": 2.0, "total_departures_sum": 258, "route_short_name_sum": null, "services_unique": null, "total_departures_unique": null, "route_short_name_unique": "203" }, "geometry": { "type": "LineString", "coordinates": [ [ -9.1948023, 38.7095316 ], [ -9.1947784, 38.7096361 ], [ -9.1947008, 38.7099748 ], [ -9.1948023, 38.7095316 ] ] } },
{ "type": "Feature", "properties": { "services_sum": 2.0, "total_departures_sum": 258, "route_short_name_sum": null, "services_unique": null, "total_departures_unique": null, "route_short_name_unique": "203" }, "geometry": { "type": "LineString", "coordinates": [ [ -9.1936195, 38.7030415 ], [ -9.1933784, 38.7030884 ], [ -9.1930914, 38.7031442 ], [ -9.1933255, 38.7030987 ], [ -9.1936195, 38.7030415 ] ] } },
{ "type": "Feature", "properties": { "services_sum": 2.0, "total_departures_sum": 258, "route_short_name_sum": null, "services_unique": null, "total_departures_unique": null, "route_short_name_unique": "203" }, "geometry": { "type": "LineString", "coordinates": [ [ -9.1924826, 38.7032653 ], [ -9.1916012, 38.7034419 ], [ -9.1915921, 38.7034437 ], [ -9.1924826, 38.7032653 ] ] } },
{ "type": "Feature", "properties": { "services_sum": 2.0, "total_departures_sum": 258, "route_short_name_sum": null, "services_unique": null, "total_departures_unique": null, "route_short_name_unique": "203" }, "geometry": { "type": "LineString", "coordinates": [ [ -9.1910568, 38.703575 ], [ -9.1908519, 38.7036764 ], [ -9.1905626, 38.7038194 ], [ -9.1910568, 38.703575 ] ] } },
{ "type": "Feature", "properties": { "services_sum": 2.0, "total_departures_sum": 258, "route_short_name_sum": null, "services_unique": null, "total_departures_unique": null, "route_short_name_unique": "203" }, "geometry": { "type": "LineString", "coordinates": [ [ -9.1896607, 38.7042659 ], [ -9.1895279, 38.7043303 ], [ -9.1893423, 38.7044202 ], [ -9.1896607, 38.7042659 ] ] } },
{ "type": "Feature", "properties": { "services_sum": 2.0, "total_departures_sum": 258, "route_short_name_sum": null, "services_unique": null, "total_departures_unique": null, "route_short_name_unique": "203" }, "geometry": { "type": "LineString", "coordinates": [ [ -9.1700319, 38.7149556 ], [ -9.1700001, 38.7146364 ], [ -9.1699084, 38.7143096 ], [ -9.1698939, 38.7142755 ], [ -9.1698911, 38.7142689 ], [ -9.1697993, 38.7140523 ], [ -9.1695581, 38.7141125 ], [ -9.1695055, 38.7141257 ], [ -9.1694515, 38.7141391 ], [ -9.169424, 38.7140974 ], [ -9.1693846, 38.7140689 ], [ -9.1693359, 38.7140514 ], [ -9.1692827, 38.7140465 ], [ -9.1692301, 38.7140546 ], [ -9.1691833, 38.7140751 ], [ -9.1691468, 38.7141058 ], [ -9.1691244, 38.7141438 ], [ -9.169118, 38.7141853 ], [ -9.1691298, 38.7142306 ], [ -9.1691547, 38.7142629 ], [ -9.169182, 38.7142861 ], [ -9.1691997, 38.7143418 ], [ -9.1692432, 38.71446 ], [ -9.1693531, 38.7147721 ], [ -9.1694013, 38.7149091 ], [ -9.1694712, 38.7151077 ], [ -9.1695049, 38.7151691 ], [ -9.1696021, 38.7151535 ], [ -9.1699092, 38.7151044 ], [ -9.1699755, 38.715075 ], [ -9.1700185, 38.7150389 ], [ -9.1700236, 38.7150071 ], [ -9.1700319, 38.7149556 ] ] } },
{ "type": "Feature", "properties": { "services_sum": 2.0, "total_departures_sum": 258, "route_short_name_sum": null, "services_unique": null, "total_departures_unique": null, "route_short_name_unique": "203" }, "geometry": { "type": "LineString", "coordinates": [ [ -9.1696177, 38.7191101 ], [ -9.1696135, 38.7189616 ], [ -9.1695955, 38.7183327 ], [ -9.1696037, 38.7186215 ], [ -9.1696177, 38.7191101 ] ] } },
{ "type": "Feature", "properties": { "services_sum": 2.0, "total_departures_sum": 258, "route_short_name_sum": null, "services_unique": null, "total_departures_unique": null, "route_short_name_unique": "203" }, "geometry": { "type": "LineString", "coordinates": [ [ -9.1695627, 38.7171898 ], [ -9.1695605, 38.7171114 ], [ -9.1695408, 38.7164229 ], [ -9.169557, 38.7169897 ], [ -9.1695627, 38.7171898 ] ] } },
{ "type": "Feature", "properties": { "services_sum": 2.0, "total_departures_sum": 258, "route_short_name_sum": null, "services_unique": null, "total_departures_unique": null, "route_short_name_unique": "203" }, "geometry": { "type": "LineString", "coordinates": [ [ -9.1677277, 38.7209996 ], [ -9.1674769, 38.7211427 ], [ -9.1674447, 38.721161 ], [ -9.1677277, 38.7209996 ] ] } },
{ "type": "Feature", "properties": { "services_sum": 2.0, "total_departures_sum": 258, "route_short_name_sum": null, "services_unique": null, "total_departures_unique": null, "route_short_name_unique": "203" }, "geometry": { "type": "LineString", "coordinates": [ [ -9.1674984, 38.7146437 ], [ -9.1664044, 38.7149144 ], [ -9.1662669, 38.7149484 ], [ -9.166521, 38.7148856 ], [ -9.1674984, 38.7146437 ] ] } },
{ "type": "Feature", "properties": { "services_sum": 2.0, "total_departures_sum": 258, "route_short_name_sum": null, "services_unique": null, "total_departures_unique": null, "route_short_name_unique": "203" }, "geometry": { "type": "LineString", "coordinates": [ [ -9.1671689, 38.7215886 ], [ -9.1671681, 38.721555 ], [ -9.167168, 38.7215497 ], [ -9.1671689, 38.7215886 ] ] } },
{ "type": "Feature", "properties": { "services_sum": 2.0, "total_departures_sum": 258, "route_short_name_sum": null, "services_unique": null, "total_departures_unique": null, "route_short_name_unique": "203" }, "geometry": { "type": "LineString", "coordinates": [ [ -9.1655412, 38.7239176 ], [ -9.1652336, 38.7241823 ], [ -9.1650768, 38.7243172 ], [ -9.1653996, 38.7240395 ], [ -9.1655412, 38.7239176 ] ] } },
{ "type": "Feature", "properties": { "services_sum": 2.0, "total_departures_sum": 258, "route_short_name_sum": null, "services_unique": null, "total_departures_unique": null, "route_short_name_unique": "203" }, "geometry": { "type": "LineString", "coordinates": [ [ -9.1651024, 38.7152512 ], [ -9.1645033, 38.7153956 ], [ -9.1640589, 38.7155027 ], [ -9.1646175, 38.7153681 ], [ -9.1651024, 38.7152512 ] ] } },
{ "type": "Feature", "properties": { "services_sum": 2.0, "total_departures_sum": 258, "route_short_name_sum": null, "services_unique": null, "total_departures_unique": null, "route_short_name_unique": "203" }, "geometry": { "type": "LineString", "coordinates": [ [ -9.1626049, 38.7127703 ], [ -9.1620914, 38.7132197 ], [ -9.1620109, 38.7132902 ], [ -9.1620968, 38.7132151 ], [ -9.1626049, 38.7127703 ] ] } },
{ "type": "Feature", "properties": { "services_sum": 2.0, "total_departures_sum": 258, "route_short_name_sum": null, "services_unique": null, "total_departures_unique": null, "route_short_name_unique": "203" }, "geometry": { "type": "LineString", "coordinates": [ [ -9.1593947, 38.7288564 ], [ -9.159143, 38.7290318 ], [ -9.1588545, 38.7292328 ], [ -9.1593947, 38.7288564 ] ] } },
{ "type": "Feature", "properties": { "services_sum": 2.0, "total_departures_sum": 258, "route_short_name_sum": null, "services_unique": null, "total_departures_unique": null, "route_short_name_unique": "203" }, "geometry": { "type": "LineString", "coordinates": [ [ -9.1586835, 38.7293518 ], [ -9.15839, 38.7295642 ], [ -9.1582538, 38.7296627 ], [ -9.1586835, 38.7293518 ] ] } },
{ "type": "Feature", "properties": { "services_sum": 2.0, "total_departures_sum": 258, "route_short_name_sum": null, "services_unique": null, "total_departures_unique": null, "route_short_name_unique": "203" }, "geometry": { "type": "LineString", "coordinates": [ [ -9.1569723, 38.7305774 ], [ -9.1569497, 38.7305936 ], [ -9.1569432, 38.7305982 ], [ -9.1569723, 38.7305774 ] ] } },
{ "type": "Feature", "properties": { "services_sum": 2.0, "total_departures_sum": 258, "route_short_name_sum": null, "services_unique": null, "total_departures_unique": null, "route_short_name_unique": "203" }, "geometry": { "type": "LineString", "coordinates": [ [ -9.1562612, 38.7310758 ], [ -9.1561236, 38.7311742 ], [ -9.1560295, 38.7312414 ], [ -9.1562612, 38.7310758 ] ] } },
{ "type": "Feature", "properties": { "services_sum": 2.0, "total_departures_sum": 258, "route_short_name_sum": null, "services_unique": null, "total_departures_unique": null, "route_short_name_unique": "203" }, "geometry": { "type": "LineString", "coordinates": [ [ -9.1262478, 38.7310053 ], [ -9.1253772, 38.7305655 ], [ -9.123947, 38.729843 ], [ -9.1248826, 38.7303157 ], [ -9.1262478, 38.7310053 ] ] } },
{ "type": "Feature", "properties": { "services_sum": 2.0, "total_departures_sum": 258, "route_short_name_sum": null, "services_unique": null, "total_departures_unique": null, "route_short_name_unique": "203" }, "geometry": { "type": "LineString", "coordinates": [ [ -9.1232824, 38.7295003 ], [ -9.1231293, 38.7294213 ], [ -9.1230233, 38.7293666 ], [ -9.1232824, 38.7295003 ] ] } },
{ "type": "Feature", "properties": { "services_sum": 2.0, "total_departures_sum": 258, "route_short_name_sum": null, "services_unique": null, "total_departures_unique": null, "route_short_name_unique": "203" }, "geometry": { "type": "LineString", "coordinates": [ [ -9.1221441, 38.7289128 ], [ -9.1221429, 38.7289122 ], [ -9.1220026, 38.7288397 ], [ -9.1221441, 38.7289128 ] ] } },
{ "type": "Feature", "properties": { "services_sum": 2.0, "total_departures_sum": 258, "route_short_name_sum": null, "services_unique": null, "total_departures_unique": null, "route_short_name_unique": "203" }, "geometry": { "type": "LineString", "coordinates": [ [ -9.1197468, 38.7276913 ], [ -9.1195351, 38.7275429 ], [ -9.1194234, 38.7274645 ], [ -9.119695, 38.727655 ], [ -9.1197468, 38.7276913 ] ] } },
{ "type": "Feature", "properties": { "services_sum": 2.0, "total_departures_sum": 258, "route_short_name_sum": null, "services_unique": null, "total_departures_unique": null, "route_short_name_unique": "203" }, "geometry": { "type": "LineString", "coordinates": [ [ -9.1188093, 38.7258373 ], [ -9.1187995, 38.7256649 ], [ -9.1187725, 38.7251912 ], [ -9.118793, 38.725551 ], [ -9.1188093, 38.7258373 ] ] } },
{ "type": "Feature", "properties": { "services_sum": 2.0, "total_departures_sum": 258, "route_short_name_sum": null, "services_unique": null, "total_departures_unique": null, "route_short_name_unique": "203" }, "geometry": { "type": "LineString", "coordinates": [ [ -9.1176537, 38.7244953 ], [ -9.1173936, 38.7245012 ], [ -9.1172893, 38.7245035 ], [ -9.1176537, 38.7244953 ] ] } },
{ "type": "Feature", "properties": { "services_sum": 2.0, "total_departures_sum": 258, "route_short_name_sum": null, "services_unique": null, "total_departures_unique": null, "route_short_name_unique": "203" }, "geometry": { "type": "LineString", "coordinates": [ [ -9.1170351, 38.7245092 ], [ -9.1163778, 38.7245241 ], [ -9.1163614, 38.7245244 ], [ -9.1170351, 38.7245092 ] ] } },
{ "type": "Feature", "properties": { "services_sum": 2.0, "total_departures_sum": 258, "route_short_name_sum": null, "services_unique": null, "total_departures_unique": null, "route_short_name_unique": "203" }, "geometry": { "type": "LineString", "coordinates": [ [ -9.1154051, 38.7233036 ], [ -9.115378, 38.7234272 ], [ -9.1153414, 38.7235941 ], [ -9.1154051, 38.7233036 ] ] } },
{ "type": "Feature", "properties": { "services_sum": 4.0, "total_departures_sum": 516, "route_short_name_sum": null, "services_unique": null, "total_departures_unique": null, "route_short_name_unique": "203" }, "geometry": { "type": "LineString", "coordinates": [ [ -9.2139429, 38.7090014 ], [ -9.2138634, 38.7089789 ], [ -9.2134517, 38.7089078 ] ] } },
{ "type": "Feature", "properties": { "services_sum": 4.0, "total_departures_sum": 516, "route_short_name_sum": null, "services_unique": null, "total_departures_unique": null, "route_short_name_unique": "203" }, "geometry": { "type": "LineString", "coordinates": [ [ -9.2131063, 38.7089078 ], [ -9.2127991, 38.708927 ], [ -9.2125413, 38.7089711 ], [ -9.2122347, 38.7090468 ] ] } },
{ "type": "Feature", "properties": { "services_sum": 4.0, "total_departures_sum": 516, "route_short_name_sum": null, "services_unique": null, "total_departures_unique": null, "route_short_name_unique": "203" }, "geometry": { "type": "LineString", "coordinates": [ [ -9.2095164, 38.7114836 ], [ -9.2088589, 38.7114598 ], [ -9.2086266, 38.7114616 ] ] } },
{ "type": "Feature", "properties": { "services_sum": 4.0, "total_departures_sum": 516, "route_short_name_sum": null, "services_unique": null, "total_departures_unique": null, "route_short_name_unique": "203" }, "geometry": { "type": "LineString", "coordinates": [ [ -9.207942, 38.7114671 ], [ -9.2078204, 38.7114229 ], [ -9.207634, 38.711359 ], [ -9.2074775, 38.7113067 ], [ -9.2069631, 38.7111397 ], [ -9.2067239, 38.71108 ], [ -9.2060022, 38.7109972 ], [ -9.2059363, 38.7109903 ] ] } },
{ "type": "Feature", "properties": { "services_sum": 4.0, "total_departures_sum": 516, "route_short_name_sum": null, "services_unique": null, "total_departures_unique": null, "route_short_name_unique": "203" }, "geometry": { "type": "LineString", "coordinates": [ [ -9.2039876, 38.7112474 ], [ -9.2039786, 38.7111828 ], [ -9.2039429, 38.7110238 ], [ -9.2038761, 38.7108534 ], [ -9.2038646, 38.7107994 ], [ -9.203962, 38.7107894 ], [ -9.2041889, 38.7107959 ], [ -9.2047916, 38.7108718 ] ] } },
{ "type": "Feature", "properties": { "services_sum": 4.0, "total_departures_sum": 516, "route_short_name_sum": null, "services_unique": null, "total_departures_unique": null, "route_short_name_unique": "203" }, "geometry": { "type": "LineString", "coordinates": [ [ -9.2040147, 38.7114418 ], [ -9.2039959, 38.7115927 ] ] } },
{ "type": "Feature", "properties": { "services_sum": 4.0, "total_departures_sum": 516, "route_short_name_sum": null, "services_unique": null, "total_departures_unique": null, "route_short_name_unique": "203" }, "geometry": { "type": "LineString", "coordinates": [ [ -9.2037793, 38.7124319 ], [ -9.2036486, 38.7129531 ], [ -9.2035815, 38.7131164 ], [ -9.2034328, 38.7132612 ], [ -9.2033605, 38.7133327 ] ] } },
{ "type": "Feature", "properties": { "services_sum": 4.0, "total_departures_sum": 516, "route_short_name_sum": null, "services_unique": null, "total_departures_unique": null, "route_short_name_unique": "203" }, "geometry": { "type": "LineString", "coordinates": [ [ -9.1999563, 38.712417 ], [ -9.199493, 38.7122986 ] ] } },
{ "type": "Feature", "properties": { "services_sum": 4.0, "total_departures_sum": 516, "route_short_name_sum": null, "services_unique": null, "total_departures_unique": null, "route_short_name_unique": "203" }, "geometry": { "type": "LineString", "coordinates": [ [ -9.1993368, 38.7046761 ], [ -9.1992362, 38.7046825 ] ] } },
{ "type": "Feature", "properties": { "services_sum": 4.0, "total_departures_sum": 516, "route_short_name_sum": null, "services_unique": null, "total_departures_unique": null, "route_short_name_unique": "203" }, "geometry": { "type": "LineString", "coordinates": [ [ -9.1989754, 38.7068082 ], [ -9.197339, 38.7066117 ], [ -9.1971661, 38.70666 ], [ -9.1969668, 38.7067678 ], [ -9.1968224, 38.7069274 ], [ -9.1967638, 38.7070914 ], [ -9.196739, 38.7071779 ], [ -9.1967624, 38.7075593 ] ] } },
{ "type": "Feature", "properties": { "services_sum": 4.0, "total_departures_sum": 516, "route_short_name_sum": null, "services_unique": null, "total_departures_unique": null, "route_short_name_unique": "203" }, "geometry": { "type": "LineString", "coordinates": [ [ -9.1989428, 38.712043 ], [ -9.1989085, 38.7120274 ], [ -9.1988807, 38.7120201 ], [ -9.1988492, 38.712018 ], [ -9.198819, 38.7120201 ], [ -9.1987925, 38.7120235 ], [ -9.1987721, 38.7120295 ], [ -9.1987493, 38.7120405 ], [ -9.1987358, 38.7120494 ], [ -9.1987231, 38.7120646 ], [ -9.1987184, 38.7120771 ], [ -9.1987156, 38.7121018 ] ] } },
{ "type": "Feature", "properties": { "services_sum": 4.0, "total_departures_sum": 516, "route_short_name_sum": null, "services_unique": null, "total_departures_unique": null, "route_short_name_unique": "203" }, "geometry": { "type": "LineString", "coordinates": [ [ -9.1984131, 38.7047504 ], [ -9.1983358, 38.7047557 ], [ -9.1971095, 38.7048473 ] ] } },
{ "type": "Feature", "properties": { "services_sum": 4.0, "total_departures_sum": 516, "route_short_name_sum": null, "services_unique": null, "total_departures_unique": null, "route_short_name_unique": "203" }, "geometry": { "type": "LineString", "coordinates": [ [ -9.1961327, 38.7049279 ], [ -9.1960949, 38.7049308 ], [ -9.1959942, 38.7049385 ], [ -9.1959665, 38.7049411 ], [ -9.1959524, 38.7048762 ], [ -9.1959384, 38.7048364 ], [ -9.1958989, 38.7047195 ], [ -9.1958074, 38.7044094 ], [ -9.1956415, 38.7038027 ], [ -9.19562, 38.7037318 ], [ -9.195574, 38.7035841 ] ] } },
{ "type": "Feature", "properties": { "services_sum": 4.0, "total_departures_sum": 516, "route_short_name_sum": null, "services_unique": null, "total_departures_unique": null, "route_short_name_unique": "203" }, "geometry": { "type": "LineString", "coordinates": [ [ -9.1960693, 38.7076779 ], [ -9.1958609, 38.7077324 ], [ -9.1958318, 38.7078894 ], [ -9.19587, 38.7080094 ], [ -9.1959644, 38.7082116 ], [ -9.1960899, 38.7085598 ], [ -9.1961261, 38.7090037 ], [ -9.1960593, 38.7090545 ], [ -9.1956452, 38.7092057 ], [ -9.1953211, 38.7092941 ], [ -9.1950413, 38.7093272 ], [ -9.1949704, 38.7093227 ], [ -9.1949015, 38.7094083 ], [ -9.1948023, 38.7095316 ] ] } },
{ "type": "Feature", "properties": { "services_sum": 4.0, "total_departures_sum": 516, "route_short_name_sum": null, "services_unique": null, "total_departures_unique": null, "route_short_name_unique": "203" }, "geometry": { "type": "LineString", "coordinates": [ [ -9.1955367, 38.7104833 ], [ -9.1954941, 38.7102601 ], [ -9.1954232, 38.7101332 ], [ -9.1953061, 38.7100767 ], [ -9.1949666, 38.7100406 ], [ -9.1947008, 38.7099748 ] ] } },
{ "type": "Feature", "properties": { "services_sum": 4.0, "total_departures_sum": 516, "route_short_name_sum": null, "services_unique": null, "total_departures_unique": null, "route_short_name_unique": "203" }, "geometry": { "type": "LineString", "coordinates": [ [ -9.1937374, 38.7030408 ], [ -9.1936875, 38.7030383 ], [ -9.1936602, 38.7030384 ], [ -9.1936195, 38.7030415 ] ] } },
{ "type": "Feature", "properties": { "services_sum": 4.0, "total_departures_sum": 516, "route_short_name_sum": null, "services_unique": null, "total_departures_unique": null, "route_short_name_unique": "203" }, "geometry": { "type": "LineString", "coordinates": [ [ -9.1930914, 38.7031442 ], [ -9.1929672, 38.7031681 ], [ -9.1924826, 38.7032653 ] ] } },
{ "type": "Feature", "properties": { "services_sum": 4.0, "total_departures_sum": 516, "route_short_name_sum": null, "services_unique": null, "total_departures_unique": null, "route_short_name_unique": "203" }, "geometry": { "type": "LineString", "coordinates": [ [ -9.1915921, 38.7034437 ], [ -9.191411, 38.7034814 ], [ -9.1913225, 38.7034998 ], [ -9.1911584, 38.7035356 ], [ -9.1910568, 38.703575 ] ] } },
{ "type": "Feature", "properties": { "services_sum": 4.0, "total_departures_sum": 516, "route_short_name_sum": null, "services_unique": null, "total_departures_unique": null, "route_short_name_unique": "203" }, "geometry": { "type": "LineString", "coordinates": [ [ -9.1905626, 38.7038194 ], [ -9.1899734, 38.7041093 ], [ -9.1896607, 38.7042659 ] ] } },
{ "type": "Feature", "properties": { "services_sum": 4.0, "total_departures_sum": 516, "route_short_name_sum": null, "services_unique": null, "total_departures_unique": null, "route_short_name_unique": "203" }, "geometry": { "type": "LineString", "coordinates": [ [ -9.1893423, 38.7044202 ], [ -9.1892974, 38.7044419 ], [ -9.1887771, 38.7046952 ], [ -9.188593, 38.7047808 ], [ -9.1884675, 38.7048418 ], [ -9.188412, 38.7048639 ], [ -9.1883877, 38.7048725 ], [ -9.1883124, 38.7048946 ], [ -9.1881086, 38.7049545 ], [ -9.1879548, 38.7049968 ], [ -9.1878885, 38.7050123 ], [ -9.1878512, 38.7050172 ], [ -9.1878292, 38.7050186 ], [ -9.1878031, 38.7050174 ], [ -9.1877233, 38.7049984 ] ] } },
{ "type": "Feature", "properties": { "services_sum": 4.0, "total_departures_sum": 516, "route_short_name_sum": null, "services_unique": null, "total_departures_unique": null, "route_short_name_unique": "203" }, "geometry": { "type": "LineString", "coordinates": [ [ -9.1866886, 38.7047456 ], [ -9.1866117, 38.704708 ], [ -9.1865849, 38.7046923 ], [ -9.1865662, 38.7046808 ], [ -9.1865467, 38.7046619 ], [ -9.1865299, 38.7046358 ], [ -9.1865184, 38.7046019 ], [ -9.1865056, 38.7045754 ], [ -9.1864772, 38.7045244 ], [ -9.1860282, 38.7038711 ], [ -9.1859842, 38.7038026 ] ] } },
{ "type": "Feature", "properties": { "services_sum": 4.0, "total_departures_sum": 516, "route_short_name_sum": null, "services_unique": null, "total_departures_unique": null, "route_short_name_unique": "203" }, "geometry": { "type": "LineString", "coordinates": [ [ -9.1696177, 38.7191101 ], [ -9.16962, 38.7191889 ], [ -9.1696223, 38.7192691 ], [ -9.1696384, 38.7198339 ], [ -9.1696539, 38.7199469 ], [ -9.1696684, 38.7200227 ], [ -9.1696435, 38.7200348 ], [ -9.1695239, 38.7200928 ], [ -9.1688166, 38.7204173 ], [ -9.1682326, 38.7207095 ], [ -9.1677277, 38.7209996 ] ] } },
{ "type": "Feature", "properties": { "services_sum": 4.0, "total_departures_sum": 516, "route_short_name_sum": null, "services_unique": null, "total_departures_unique": null, "route_short_name_unique": "203" }, "geometry": { "type": "LineString", "coordinates": [ [ -9.1695955, 38.7183327 ], [ -9.1695937, 38.7182706 ], [ -9.1695696, 38.7174285 ], [ -9.1695673, 38.7173505 ], [ -9.1695627, 38.7171898 ] ] } },
{ "type": "Feature", "properties": { "services_sum": 4.0, "total_departures_sum": 516, "route_short_name_sum": null, "services_unique": null, "total_departures_unique": null, "route_short_name_unique": "203" }, "geometry": { "type": "LineString", "coordinates": [ [ -9.1695408, 38.7164229 ], [ -9.1695162, 38.7155623 ], [ -9.1695098, 38.7153402 ], [ -9.1695049, 38.7151691 ] ] } },
{ "type": "Feature", "properties": { "services_sum": 4.0, "total_departures_sum": 516, "route_short_name_sum": null, "services_unique": null, "total_departures_unique": null, "route_short_name_unique": "203" }, "geometry": { "type": "LineString", "coordinates": [ [ -9.1691298, 38.7142306 ], [ -9.1690768, 38.7142427 ], [ -9.169045, 38.7142501 ], [ -9.1688595, 38.7142927 ], [ -9.167751, 38.7145768 ], [ -9.1674984, 38.7146437 ] ] } },
{ "type": "Feature", "properties": { "services_sum": 4.0, "total_departures_sum": 516, "route_short_name_sum": null, "services_unique": null, "total_departures_unique": null, "route_short_name_unique": "203" }, "geometry": { "type": "LineString", "coordinates": [ [ -9.1680385, 38.7046667 ], [ -9.1680254, 38.7047261 ], [ -9.1676817, 38.7062784 ] ] } },
{ "type": "Feature", "properties": { "services_sum": 4.0, "total_departures_sum": 516, "route_short_name_sum": null, "services_unique": null, "total_departures_unique": null, "route_short_name_unique": "203" }, "geometry": { "type": "LineString", "coordinates": [ [ -9.1674447, 38.721161 ], [ -9.1672529, 38.7212805 ], [ -9.1671899, 38.721321 ], [ -9.1671751, 38.7214503 ], [ -9.1671695, 38.7215 ], [ -9.167168, 38.7215497 ] ] } },
{ "type": "Feature", "properties": { "services_sum": 4.0, "total_departures_sum": 516, "route_short_name_sum": null, "services_unique": null, "total_departures_unique": null, "route_short_name_unique": "203" }, "geometry": { "type": "LineString", "coordinates": [ [ -9.1671689, 38.7215886 ], [ -9.1671627, 38.7217242 ], [ -9.1671525, 38.7217935 ], [ -9.1670833, 38.7219781 ], [ -9.1668229, 38.7224336 ], [ -9.1665654, 38.7228336 ], [ -9.1665279, 38.7228919 ], [ -9.1665078, 38.7229885 ], [ -9.1663549, 38.7231406 ], [ -9.1662186, 38.7232762 ], [ -9.1660805, 38.7234136 ], [ -9.1659933, 38.7235004 ], [ -9.1657995, 38.7237218 ], [ -9.1655412, 38.7239176 ] ] } },
{ "type": "Feature", "properties": { "services_sum": 4.0, "total_departures_sum": 516, "route_short_name_sum": null, "services_unique": null, "total_departures_unique": null, "route_short_name_unique": "203" }, "geometry": { "type": "LineString", "coordinates": [ [ -9.1662669, 38.7149484 ], [ -9.1661594, 38.7149796 ], [ -9.1660249, 38.7150138 ], [ -9.1658845, 38.7150509 ], [ -9.1658214, 38.7150676 ], [ -9.1652287, 38.715219 ], [ -9.1651024, 38.7152512 ] ] } },
{ "type": "Feature", "properties": { "services_sum": 4.0, "total_departures_sum": 516, "route_short_name_sum": null, "services_unique": null, "total_departures_unique": null, "route_short_name_unique": "203" }, "geometry": { "type": "LineString", "coordinates": [ [ -9.1650768, 38.7243172 ], [ -9.1640586, 38.7250437 ], [ -9.1637123, 38.7252444 ] ] } },
{ "type": "Feature", "properties": { "services_sum": 4.0, "total_departures_sum": 516, "route_short_name_sum": null, "services_unique": null, "total_departures_unique": null, "route_short_name_unique": "203" }, "geometry": { "type": "LineString", "coordinates": [ [ -9.1640589, 38.7155027 ], [ -9.1638701, 38.7155482 ], [ -9.1637427, 38.7154956 ], [ -9.1636792, 38.7154553 ], [ -9.1634868, 38.7153335 ], [ -9.1634244, 38.7152937 ], [ -9.1633121, 38.7152192 ] ] } },
{ "type": "Feature", "properties": { "services_sum": 4.0, "total_departures_sum": 516, "route_short_name_sum": null, "services_unique": null, "total_departures_unique": null, "route_short_name_unique": "203" }, "geometry": { "type": "LineString", "coordinates": [ [ -9.162862, 38.725544 ], [ -9.1627212, 38.7255819 ], [ -9.162692, 38.7256497 ], [ -9.1626376, 38.725776 ] ] } },
{ "type": "Feature", "properties": { "services_sum": 4.0, "total_departures_sum": 516, "route_short_name_sum": null, "services_unique": null, "total_departures_unique": null, "route_short_name_unique": "203" }, "geometry": { "type": "LineString", "coordinates": [ [ -9.1623264, 38.727436 ], [ -9.1623189, 38.7268929 ], [ -9.162318, 38.7267676 ] ] } },
{ "type": "Feature", "properties": { "services_sum": 4.0, "total_departures_sum": 516, "route_short_name_sum": null, "services_unique": null, "total_departures_unique": null, "route_short_name_unique": "203" }, "geometry": { "type": "LineString", "coordinates": [ [ -9.1615837, 38.7140929 ], [ -9.1614187, 38.7139845 ] ] } },
{ "type": "Feature", "properties": { "services_sum": 4.0, "total_departures_sum": 516, "route_short_name_sum": null, "services_unique": null, "total_departures_unique": null, "route_short_name_unique": "203" }, "geometry": { "type": "LineString", "coordinates": [ [ -9.1599835, 38.7284361 ], [ -9.1599366, 38.7284696 ], [ -9.1598638, 38.7285216 ], [ -9.1593947, 38.7288564 ] ] } },
{ "type": "Feature", "properties": { "services_sum": 4.0, "total_departures_sum": 516, "route_short_name_sum": null, "services_unique": null, "total_departures_unique": null, "route_short_name_unique": "203" }, "geometry": { "type": "LineString", "coordinates": [ [ -9.1588545, 38.7292328 ], [ -9.158766, 38.7292922 ], [ -9.1586835, 38.7293518 ] ] } },
{ "type": "Feature", "properties": { "services_sum": 4.0, "total_departures_sum": 516, "route_short_name_sum": null, "services_unique": null, "total_departures_unique": null, "route_short_name_unique": "203" }, "geometry": { "type": "LineString", "coordinates": [ [ -9.1582538, 38.7296627 ], [ -9.1582038, 38.7296988 ], [ -9.1579758, 38.7298647 ], [ -9.1578619, 38.7299476 ], [ -9.1577094, 38.7300556 ], [ -9.1574791, 38.7302189 ], [ -9.1573376, 38.730318 ], [ -9.1572303, 38.7303942 ], [ -9.1569723, 38.7305774 ] ] } },
{ "type": "Feature", "properties": { "services_sum": 4.0, "total_departures_sum": 516, "route_short_name_sum": null, "services_unique": null, "total_departures_unique": null, "route_short_name_unique": "203" }, "geometry": { "type": "LineString", "coordinates": [ [ -9.1569432, 38.7305982 ], [ -9.1565575, 38.7308736 ], [ -9.1565161, 38.7309039 ], [ -9.1564233, 38.7309674 ], [ -9.1563784, 38.7309974 ], [ -9.1562612, 38.7310758 ] ] } },
{ "type": "Feature", "properties": { "services_sum": 4.0, "total_departures_sum": 516, "route_short_name_sum": null, "services_unique": null, "total_departures_unique": null, "route_short_name_unique": "203" }, "geometry": { "type": "LineString", "coordinates": [ [ -9.1560295, 38.7312414 ], [ -9.1553324, 38.7317399 ], [ -9.1550968, 38.7319658 ], [ -9.1549723, 38.732239 ] ] } },
{ "type": "Feature", "properties": { "services_sum": 4.0, "total_departures_sum": 516, "route_short_name_sum": null, "services_unique": null, "total_departures_unique": null, "route_short_name_unique": "203" }, "geometry": { "type": "LineString", "coordinates": [ [ -9.1369722, 38.7345388 ], [ -9.1368987, 38.7345069 ], [ -9.1367483, 38.7344449 ], [ -9.1361767, 38.7342245 ] ] } },
{ "type": "Feature", "properties": { "services_sum": 4.0, "total_departures_sum": 516, "route_short_name_sum": null, "services_unique": null, "total_departures_unique": null, "route_short_name_unique": "203" }, "geometry": { "type": "LineString", "coordinates": [ [ -9.1267067, 38.7312381 ], [ -9.1265764, 38.7311713 ], [ -9.1262478, 38.7310053 ] ] } },
{ "type": "Feature", "properties": { "services_sum": 4.0, "total_departures_sum": 516, "route_short_name_sum": null, "services_unique": null, "total_departures_unique": null, "route_short_name_unique": "203" }, "geometry": { "type": "LineString", "coordinates": [ [ -9.123947, 38.729843 ], [ -9.1234821, 38.7296034 ], [ -9.1233958, 38.7295589 ], [ -9.1232824, 38.7295003 ] ] } },
{ "type": "Feature", "properties": { "services_sum": 4.0, "total_departures_sum": 516, "route_short_name_sum": null, "services_unique": null, "total_departures_unique": null, "route_short_name_unique": "203" }, "geometry": { "type": "LineString", "coordinates": [ [ -9.1230233, 38.7293666 ], [ -9.1229629, 38.7293354 ], [ -9.1228677, 38.7292863 ], [ -9.1225917, 38.7291438 ], [ -9.1223491, 38.7290186 ], [ -9.122283, 38.7289845 ], [ -9.1221441, 38.7289128 ] ] } },
{ "type": "Feature", "properties": { "services_sum": 4.0, "total_departures_sum": 516, "route_short_name_sum": null, "services_unique": null, "total_departures_unique": null, "route_short_name_unique": "203" }, "geometry": { "type": "LineString", "coordinates": [ [ -9.1220026, 38.7288397 ], [ -9.1219092, 38.7287915 ], [ -9.1218276, 38.7287494 ], [ -9.1217511, 38.7287128 ], [ -9.1215514, 38.7286171 ], [ -9.1204536, 38.7280626 ], [ -9.1197468, 38.7276913 ] ] } },
{ "type": "Feature", "properties": { "services_sum": 4.0, "total_departures_sum": 516, "route_short_name_sum": null, "services_unique": null, "total_departures_unique": null, "route_short_name_unique": "203" }, "geometry": { "type": "LineString", "coordinates": [ [ -9.1194234, 38.7274645 ], [ -9.1193188, 38.7273438 ], [ -9.1192751, 38.7273001 ], [ -9.1190298, 38.7269362 ], [ -9.1189115, 38.7266377 ], [ -9.1188965, 38.7266001 ], [ -9.1188794, 38.7265322 ], [ -9.1188154, 38.7259384 ], [ -9.1188093, 38.7258373 ] ] } },
{ "type": "Feature", "properties": { "services_sum": 4.0, "total_departures_sum": 516, "route_short_name_sum": null, "services_unique": null, "total_departures_unique": null, "route_short_name_unique": "203" }, "geometry": { "type": "LineString", "coordinates": [ [ -9.1187725, 38.7251912 ], [ -9.1185161, 38.7249133 ], [ -9.1183028, 38.724656 ], [ -9.1182534, 38.7246084 ], [ -9.1181993, 38.7245699 ], [ -9.1181121, 38.7245233 ], [ -9.1180179, 38.7244949 ], [ -9.1176537, 38.7244953 ] ] } },
{ "type": "Feature", "properties": { "services_sum": 4.0, "total_departures_sum": 516, "route_short_name_sum": null, "services_unique": null, "total_departures_unique": null, "route_short_name_unique": "203" }, "geometry": { "type": "LineString", "coordinates": [ [ -9.1172893, 38.7245035 ], [ -9.1170909, 38.7245079 ], [ -9.1170351, 38.7245092 ] ] } },
{ "type": "Feature", "properties": { "services_sum": 4.0, "total_departures_sum": 516, "route_short_name_sum": null, "services_unique": null, "total_departures_unique": null, "route_short_name_unique": "203" }, "geometry": { "type": "LineString", "coordinates": [ [ -9.1163614, 38.7245244 ], [ -9.1162613, 38.7245266 ], [ -9.1162158, 38.7245276 ], [ -9.115691, 38.7245395 ], [ -9.1155779, 38.724542 ], [ -9.1154766, 38.7245339 ], [ -9.1153596, 38.7244076 ], [ -9.1153129, 38.7243058 ], [ -9.1152836, 38.7241749 ], [ -9.1152844, 38.7240499 ], [ -9.1152856, 38.7240242 ], [ -9.1152918, 38.7238956 ], [ -9.1153414, 38.7235941 ] ] } },
{ "type": "Feature", "properties": { "services_sum": 4.0, "total_departures_sum": 516, "route_short_name_sum": null, "services_unique": null, "total_departures_unique": null, "route_short_name_unique": "203" }, "geometry": { "type": "LineString", "coordinates": [ [ -9.1154449, 38.7229146 ], [ -9.1154279, 38.7231847 ], [ -9.1154099, 38.7232787 ], [ -9.1154051, 38.7233036 ] ] } },
{ "type": "Feature", "properties": { "services_sum": 2.7027027027027026, "total_departures_sum": 234, "route_short_name_sum": null, "services_unique": null, "total_departures_unique": null, "route_short_name_unique": "202" }, "geometry": { "type": "LineString", "coordinates": [ [ -9.2095538, 38.7533318 ], [ -9.2096643, 38.7531522 ], [ -9.2096751, 38.7530769 ], [ -9.2096902, 38.7529432 ], [ -9.2096634, 38.7528768 ], [ -9.2096386, 38.7528151 ], [ -9.2095386, 38.752722 ], [ -9.2095283, 38.7527124 ], [ -9.2093759, 38.7526502 ] ] } },
{ "type": "Feature", "properties": { "services_sum": 2.7027027027027026, "total_departures_sum": 234, "route_short_name_sum": null, "services_unique": null, "total_departures_unique": null, "route_short_name_unique": "202" }, "geometry": { "type": "LineString", "coordinates": [ [ -9.209462, 38.753446 ], [ -9.2094129, 38.7534975 ], [ -9.2093583, 38.7535481 ], [ -9.2092262, 38.7536344 ], [ -9.2090747, 38.7536716 ], [ -9.209062, 38.7536747 ], [ -9.2088904, 38.7536629 ], [ -9.2088575, 38.7536496 ], [ -9.2087375, 38.7536007 ], [ -9.2086266, 38.7534971 ], [ -9.2085754, 38.7533692 ] ] } },
{ "type": "Feature", "properties": { "services_sum": 2.7027027027027026, "total_departures_sum": 234, "route_short_name_sum": null, "services_unique": null, "total_departures_unique": null, "route_short_name_unique": "202" }, "geometry": { "type": "LineString", "coordinates": [ [ -9.2085908, 38.7532356 ], [ -9.2086373, 38.7531048 ], [ -9.2085416, 38.7529754 ], [ -9.2083821, 38.7528543 ] ] } },
{ "type": "Feature", "properties": { "services_sum": 2.7027027027027026, "total_departures_sum": 234, "route_short_name_sum": null, "services_unique": null, "total_departures_unique": null, "route_short_name_unique": "202" }, "geometry": { "type": "LineString", "coordinates": [ [ -9.208065, 38.7495259 ], [ -9.2079759, 38.7493317 ], [ -9.2078378, 38.7490309 ], [ -9.2078186, 38.7489891 ], [ -9.207463, 38.7482142 ], [ -9.2073898, 38.7480546 ], [ -9.2073248, 38.747913 ] ] } },
{ "type": "Feature", "properties": { "services_sum": 2.7027027027027026, "total_departures_sum": 234, "route_short_name_sum": null, "services_unique": null, "total_departures_unique": null, "route_short_name_unique": "202" }, "geometry": { "type": "LineString", "coordinates": [ [ -9.2072845, 38.7478251 ], [ -9.2072417, 38.7477319 ], [ -9.207163, 38.7475605 ], [ -9.2070533, 38.7473213 ], [ -9.2069551, 38.7471073 ], [ -9.2065389, 38.7462003 ], [ -9.2065253, 38.7461708 ], [ -9.2065042, 38.7461247 ], [ -9.2064533, 38.7460138 ] ] } },
{ "type": "Feature", "properties": { "services_sum": 2.7027027027027026, "total_departures_sum": 234, "route_short_name_sum": null, "services_unique": null, "total_departures_unique": null, "route_short_name_unique": "202" }, "geometry": { "type": "LineString", "coordinates": [ [ -9.2065986, 38.7504796 ], [ -9.206545, 38.7506096 ], [ -9.2063216, 38.7511514 ], [ -9.2062802, 38.7512503 ], [ -9.2062433, 38.751328 ], [ -9.206178, 38.751484 ], [ -9.2061034, 38.7516407 ], [ -9.2060435, 38.7517687 ] ] } },
{ "type": "Feature", "properties": { "services_sum": 2.7027027027027026, "total_departures_sum": 234, "route_short_name_sum": null, "services_unique": null, "total_departures_unique": null, "route_short_name_unique": "202" }, "geometry": { "type": "LineString", "coordinates": [ [ -9.2064593, 38.7523379 ], [ -9.2064329, 38.7524138 ], [ -9.2063337, 38.7527 ], [ -9.2062595, 38.752885 ] ] } },
{ "type": "Feature", "properties": { "services_sum": 2.7027027027027026, "total_departures_sum": 234, "route_short_name_sum": null, "services_unique": null, "total_departures_unique": null, "route_short_name_unique": "202" }, "geometry": { "type": "LineString", "coordinates": [ [ -9.2062712, 38.745617 ], [ -9.2062387, 38.7455452 ], [ -9.20611, 38.7455114 ], [ -9.2056258, 38.7456498 ], [ -9.2051517, 38.7457853 ], [ -9.2049723, 38.7458351 ], [ -9.2045082, 38.7459775 ] ] } },
{ "type": "Feature", "properties": { "services_sum": 2.7027027027027026, "total_departures_sum": 234, "route_short_name_sum": null, "services_unique": null, "total_departures_unique": null, "route_short_name_unique": "202" }, "geometry": { "type": "LineString", "coordinates": [ [ -9.2062194, 38.7530294 ], [ -9.2063225, 38.7530655 ], [ -9.2065896, 38.7531592 ], [ -9.2065399, 38.7532468 ], [ -9.2062036, 38.7538396 ] ] } },
{ "type": "Feature", "properties": { "services_sum": 2.7027027027027026, "total_departures_sum": 234, "route_short_name_sum": null, "services_unique": null, "total_departures_unique": null, "route_short_name_unique": "202" }, "geometry": { "type": "LineString", "coordinates": [ [ -9.2061041, 38.7539988 ], [ -9.2060629, 38.7540647 ], [ -9.2058279, 38.7544964 ], [ -9.2056692, 38.7546251 ], [ -9.2054431, 38.7548908 ], [ -9.2053824, 38.7549479 ], [ -9.2051284, 38.7551568 ], [ -9.2048082, 38.7554039 ], [ -9.204713, 38.7554656 ], [ -9.2047181, 38.7554708 ], [ -9.2047208, 38.755477 ], [ -9.2047206, 38.7554836 ], [ -9.2047177, 38.7554898 ], [ -9.2047124, 38.7554949 ], [ -9.2047052, 38.7554983 ], [ -9.204697, 38.7554997 ], [ -9.2047161, 38.7556145 ], [ -9.2047446, 38.7557957 ] ] } },
{ "type": "Feature", "properties": { "services_sum": 2.7027027027027026, "total_departures_sum": 234, "route_short_name_sum": null, "services_unique": null, "total_departures_unique": null, "route_short_name_unique": "202" }, "geometry": { "type": "LineString", "coordinates": [ [ -9.2048564, 38.7570778 ], [ -9.2047306, 38.7567429 ] ] } },
{ "type": "Feature", "properties": { "services_sum": 2.7027027027027026, "total_departures_sum": 234, "route_short_name_sum": null, "services_unique": null, "total_departures_unique": null, "route_short_name_unique": "202" }, "geometry": { "type": "LineString", "coordinates": [ [ -9.2046972, 38.7564223 ], [ -9.204687, 38.7563238 ] ] } },
{ "type": "Feature", "properties": { "services_sum": 2.7027027027027026, "total_departures_sum": 234, "route_short_name_sum": null, "services_unique": null, "total_departures_unique": null, "route_short_name_unique": "202" }, "geometry": { "type": "LineString", "coordinates": [ [ -9.2042527, 38.7458925 ], [ -9.2040607, 38.7455729 ] ] } },
{ "type": "Feature", "properties": { "services_sum": 2.7027027027027026, "total_departures_sum": 234, "route_short_name_sum": null, "services_unique": null, "total_departures_unique": null, "route_short_name_unique": "202" }, "geometry": { "type": "LineString", "coordinates": [ [ -9.1615803, 38.7277136 ], [ -9.1614566, 38.7276551 ], [ -9.1614355, 38.7275986 ] ] } },
{ "type": "Feature", "properties": { "services_sum": 1.3513513513513513, "total_departures_sum": 117, "route_short_name_sum": null, "services_unique": null, "total_departures_unique": null, "route_short_name_unique": "202" }, "geometry": { "type": "LineString", "coordinates": [ [ -9.206434, 38.7459718 ], [ -9.2064533, 38.7460138 ], [ -9.2064345, 38.7459728 ], [ -9.206434, 38.7459718 ] ] } },
{ "type": "Feature", "properties": { "services_sum": 1.3513513513513513, "total_departures_sum": 117, "route_short_name_sum": null, "services_unique": null, "total_departures_unique": null, "route_short_name_unique": "202" }, "geometry": { "type": "LineString", "coordinates": [ [ -9.206434, 38.7459718 ], [ -9.2063931, 38.7458827 ], [ -9.2062712, 38.745617 ], [ -9.206434, 38.7459718 ] ] } },
{ "type": "Feature", "properties": { "services_sum": 1.3513513513513513, "total_departures_sum": 117, "route_short_name_sum": null, "services_unique": null, "total_departures_unique": null, "route_short_name_unique": "202" }, "geometry": { "type": "LineString", "coordinates": [ [ -9.2061492, 38.7539267 ], [ -9.2061162, 38.7539794 ], [ -9.2061041, 38.7539988 ], [ -9.2061492, 38.7539267 ] ] } },
{ "type": "Feature", "properties": { "services_sum": 1.3513513513513513, "total_departures_sum": 117, "route_short_name_sum": null, "services_unique": null, "total_departures_unique": null, "route_short_name_unique": "202" }, "geometry": { "type": "LineString", "coordinates": [ [ -9.2061492, 38.7539267 ], [ -9.2062036, 38.7538396 ], [ -9.206154, 38.7539191 ], [ -9.2061492, 38.7539267 ] ] } },
{ "type": "Feature", "properties": { "services_sum": 1.3513513513513513, "total_departures_sum": 117, "route_short_name_sum": null, "services_unique": null, "total_departures_unique": null, "route_short_name_unique": "202" }, "geometry": { "type": "LineString", "coordinates": [ [ -9.2038123, 38.7452179 ], [ -9.2038982, 38.7453113 ], [ -9.2040607, 38.7455729 ], [ -9.2038575, 38.7454113 ], [ -9.2037959, 38.745378 ], [ -9.203595, 38.7452793 ], [ -9.203462, 38.7452537 ], [ -9.203156, 38.7452041 ], [ -9.2029737, 38.745194 ], [ -9.2020354, 38.7451419 ] ] } },
{ "type": "Feature", "properties": { "services_sum": 1.3513513513513513, "total_departures_sum": 117, "route_short_name_sum": null, "services_unique": null, "total_departures_unique": null, "route_short_name_unique": "202" }, "geometry": { "type": "LineString", "coordinates": [ [ -9.2001047, 38.7450322 ], [ -9.1998842, 38.7450161 ], [ -9.1997808, 38.7450085 ], [ -9.1994005, 38.7449882 ], [ -9.1993379, 38.7449837 ], [ -9.1992701, 38.7449799 ], [ -9.1987252, 38.7449488 ], [ -9.1986619, 38.7449444 ], [ -9.198026, 38.7448926 ] ] } },
{ "type": "Feature", "properties": { "services_sum": 1.3513513513513513, "total_departures_sum": 117, "route_short_name_sum": null, "services_unique": null, "total_departures_unique": null, "route_short_name_unique": "202" }, "geometry": { "type": "LineString", "coordinates": [ [ -9.1993, 38.7447951 ], [ -9.1991146, 38.7447789 ], [ -9.1989406, 38.7447637 ] ] } },
{ "type": "Feature", "properties": { "services_sum": 1.3513513513513513, "total_departures_sum": 117, "route_short_name_sum": null, "services_unique": null, "total_departures_unique": null, "route_short_name_unique": "202" }, "geometry": { "type": "LineString", "coordinates": [ [ -9.1976769, 38.748618 ], [ -9.1976018, 38.749291 ], [ -9.1975506, 38.7497503 ], [ -9.1975112, 38.7501374 ], [ -9.197492, 38.7503264 ] ] } },
{ "type": "Feature", "properties": { "services_sum": 1.3513513513513513, "total_departures_sum": 117, "route_short_name_sum": null, "services_unique": null, "total_departures_unique": null, "route_short_name_unique": "202" }, "geometry": { "type": "LineString", "coordinates": [ [ -9.1976769, 38.748618 ], [ -9.1977585, 38.7477741 ], [ -9.1978145, 38.7471944 ], [ -9.1978028, 38.7473159 ], [ -9.1976769, 38.748618 ] ] } },
{ "type": "Feature", "properties": { "services_sum": 1.3513513513513513, "total_departures_sum": 117, "route_short_name_sum": null, "services_unique": null, "total_departures_unique": null, "route_short_name_unique": "202" }, "geometry": { "type": "LineString", "coordinates": [ [ -9.1967328, 38.760787 ], [ -9.1968704, 38.7608005 ], [ -9.1969916, 38.7607994 ], [ -9.1971003, 38.7607868 ], [ -9.1972022, 38.7607576 ], [ -9.1975113, 38.7606567 ], [ -9.1976309, 38.7606172 ], [ -9.1977669, 38.760547 ], [ -9.1978294, 38.7605148 ], [ -9.1979592, 38.7604252 ], [ -9.1981235, 38.7603839 ], [ -9.198214, 38.7603708 ], [ -9.1991024, 38.7602221 ], [ -9.1997401, 38.7601102 ], [ -9.1997971, 38.7600929 ], [ -9.1998521, 38.7600704 ], [ -9.1999091, 38.7600281 ], [ -9.199983, 38.7599389 ], [ -9.1999974, 38.7598129 ], [ -9.2000284, 38.7597274 ], [ -9.2000758, 38.7596466 ], [ -9.2001386, 38.7595725 ], [ -9.2002599, 38.7594765 ], [ -9.2004065, 38.759405 ], [ -9.2005704, 38.759362 ], [ -9.2007425, 38.7593498 ], [ -9.2008568, 38.759238 ], [ -9.2010473, 38.7590181 ], [ -9.2025978, 38.7584168 ], [ -9.2029749, 38.7582227 ], [ -9.2044747, 38.7574332 ], [ -9.2046271, 38.7573529 ], [ -9.2046604, 38.7573187 ], [ -9.2047351, 38.7572393 ], [ -9.204745, 38.7571667 ], [ -9.2047905, 38.7571073 ], [ -9.2048564, 38.7570778 ], [ -9.2049098, 38.7570654 ], [ -9.2050603, 38.7571073 ], [ -9.2051869, 38.757156 ], [ -9.2053397, 38.7572382 ], [ -9.2054489, 38.7572969 ], [ -9.2056093, 38.7573831 ], [ -9.2056981, 38.7574616 ], [ -9.2056986, 38.7575391 ], [ -9.205681, 38.7576002 ], [ -9.2055777, 38.7576546 ], [ -9.2054765, 38.757657 ], [ -9.2053866, 38.7576153 ], [ -9.2052573, 38.7576452 ], [ -9.205212, 38.7576534 ], [ -9.2051535, 38.7576786 ], [ -9.2045021, 38.7579591 ], [ -9.2033299, 38.7583365 ], [ -9.2026683, 38.7585211 ], [ -9.201347, 38.7589899 ], [ -9.2012539, 38.7590691 ], [ -9.2011861, 38.7591928 ], [ -9.2011473, 38.7593232 ], [ -9.2011354, 38.7594477 ], [ -9.2012556, 38.7595263 ], [ -9.2012955, 38.7595613 ], [ -9.2013665, 38.7596523 ], [ -9.2014019, 38.7596976 ], [ -9.2014192, 38.7597465 ], [ -9.2014564, 38.7598514 ], [ -9.2014607, 38.7598843 ], [ -9.2014607, 38.7599688 ], [ -9.2014221, 38.7601151 ], [ -9.2013366, 38.7602488 ], [ -9.2012637, 38.7603203 ], [ -9.2011773, 38.7603819 ], [ -9.2010397, 38.7604432 ], [ -9.2009944, 38.7604633 ], [ -9.2007896, 38.7605012 ], [ -9.2006912, 38.7605031 ], [ -9.2005932, 38.7604947 ], [ -9.2004433, 38.7604608 ], [ -9.2003057, 38.7604032 ], [ -9.200187, 38.7603245 ], [ -9.2000507, 38.760309 ], [ -9.1997999, 38.760331 ], [ -9.1990569, 38.7604585 ], [ -9.1986975, 38.7605087 ], [ -9.1984404, 38.7605337 ], [ -9.1981712, 38.7605512 ], [ -9.1980913, 38.7605615 ], [ -9.198008, 38.7605818 ], [ -9.1979451, 38.7606073 ], [ -9.1978669, 38.760669 ], [ -9.1978258, 38.7607241 ], [ -9.1977936, 38.7607858 ], [ -9.1977675, 38.7608538 ], [ -9.1977335, 38.7610615 ], [ -9.1977305, 38.7610801 ], [ -9.1976702, 38.7611121 ], [ -9.1975884, 38.7611434 ], [ -9.1975301, 38.7611492 ], [ -9.1974691, 38.761145 ], [ -9.1974033, 38.7611225 ], [ -9.1971834, 38.760997 ], [ -9.197119, 38.7609678 ], [ -9.1970265, 38.7609427 ], [ -9.1968977, 38.7609207 ], [ -9.1966958, 38.7608908 ] ] } },
{ "type": "Feature", "properties": { "services_sum": 1.3513513513513513, "total_departures_sum": 117, "route_short_name_sum": null, "services_unique": null, "total_departures_unique": null, "route_short_name_unique": "202" }, "geometry": { "type": "LineString", "coordinates": [ [ -9.19438, 38.7498331 ], [ -9.194249, 38.7498085 ], [ -9.1941162, 38.7497834 ] ] } },
{ "type": "Feature", "properties": { "services_sum": 1.3513513513513513, "total_departures_sum": 117, "route_short_name_sum": null, "services_unique": null, "total_departures_unique": null, "route_short_name_unique": "202" }, "geometry": { "type": "LineString", "coordinates": [ [ -9.1910453, 38.7478111 ], [ -9.1912438, 38.7480099 ], [ -9.1912502, 38.748098 ], [ -9.1912424, 38.7482148 ], [ -9.1912461, 38.7486201 ], [ -9.1912363, 38.748715 ], [ -9.191305, 38.7487989 ], [ -9.1913004, 38.7489409 ], [ -9.1913002, 38.7489462 ], [ -9.1912943, 38.7491284 ], [ -9.1912562, 38.7492519 ] ] } },
{ "type": "Feature", "properties": { "services_sum": 1.3513513513513513, "total_departures_sum": 117, "route_short_name_sum": null, "services_unique": null, "total_departures_unique": null, "route_short_name_unique": "202" }, "geometry": { "type": "LineString", "coordinates": [ [ -9.1902672, 38.7475262 ], [ -9.190087, 38.7475085 ], [ -9.1900275, 38.7474924 ], [ -9.1898962, 38.7474567 ], [ -9.1896532, 38.7473907 ], [ -9.189444, 38.7473834 ], [ -9.1893623, 38.747375 ], [ -9.1891565, 38.7473503 ], [ -9.189017, 38.7473321 ], [ -9.1889811, 38.7473268 ], [ -9.1886724, 38.7472809 ], [ -9.1886018, 38.7472632 ], [ -9.1885018, 38.7472381 ], [ -9.1883786, 38.747207 ], [ -9.1882518, 38.7471751 ], [ -9.188143, 38.7471477 ], [ -9.1880209, 38.7471026 ], [ -9.1879042, 38.7470629 ] ] } },
{ "type": "Feature", "properties": { "services_sum": 1.3513513513513513, "total_departures_sum": 117, "route_short_name_sum": null, "services_unique": null, "total_departures_unique": null, "route_short_name_unique": "202" }, "geometry": { "type": "LineString", "coordinates": [ [ -9.1897471, 38.7691076 ], [ -9.1893302, 38.7690722 ], [ -9.1890788, 38.7690508 ] ] } },
{ "type": "Feature", "properties": { "services_sum": 1.3513513513513513, "total_departures_sum": 117, "route_short_name_sum": null, "services_unique": null, "total_departures_unique": null, "route_short_name_unique": "202" }, "geometry": { "type": "LineString", "coordinates": [ [ -9.1846201, 38.7467641 ], [ -9.1846193, 38.7467641 ], [ -9.1844846, 38.7467515 ] ] } },
{ "type": "Feature", "properties": { "services_sum": 1.3513513513513513, "total_departures_sum": 117, "route_short_name_sum": null, "services_unique": null, "total_departures_unique": null, "route_short_name_unique": "202" }, "geometry": { "type": "LineString", "coordinates": [ [ -9.1819744, 38.7457581 ], [ -9.1817686, 38.745646 ], [ -9.1817381, 38.7456294 ], [ -9.1816999, 38.7456069 ] ] } },
{ "type": "Feature", "properties": { "services_sum": 1.3513513513513513, "total_departures_sum": 117, "route_short_name_sum": null, "services_unique": null, "total_departures_unique": null, "route_short_name_unique": "202" }, "geometry": { "type": "LineString", "coordinates": [ [ -9.1793178, 38.7445263 ], [ -9.1792972, 38.7445211 ], [ -9.1786926, 38.7443657 ] ] } },
{ "type": "Feature", "properties": { "services_sum": 1.3513513513513513, "total_departures_sum": 117, "route_short_name_sum": null, "services_unique": null, "total_departures_unique": null, "route_short_name_unique": "202" }, "geometry": { "type": "LineString", "coordinates": [ [ -9.1767409, 38.743853 ], [ -9.1764873, 38.7438373 ], [ -9.176085, 38.7437344 ], [ -9.1759243, 38.7436933 ], [ -9.1757755, 38.7436497 ], [ -9.175544, 38.7435686 ], [ -9.1755223, 38.7435609 ], [ -9.175317, 38.743489 ] ] } },
{ "type": "Feature", "properties": { "services_sum": 1.3513513513513513, "total_departures_sum": 117, "route_short_name_sum": null, "services_unique": null, "total_departures_unique": null, "route_short_name_unique": "202" }, "geometry": { "type": "LineString", "coordinates": [ [ -9.1734827, 38.742846 ], [ -9.1726771, 38.7425479 ], [ -9.1726463, 38.7425365 ], [ -9.1722272, 38.7423814 ] ] } },
{ "type": "Feature", "properties": { "services_sum": 1.3513513513513513, "total_departures_sum": 117, "route_short_name_sum": null, "services_unique": null, "total_departures_unique": null, "route_short_name_unique": "202" }, "geometry": { "type": "LineString", "coordinates": [ [ -9.1707969, 38.7418382 ], [ -9.1706999, 38.7417527 ], [ -9.1706201, 38.7416565 ], [ -9.1705766, 38.7416037 ], [ -9.1704564, 38.7414936 ] ] } },
{ "type": "Feature", "properties": { "services_sum": 1.3513513513513513, "total_departures_sum": 117, "route_short_name_sum": null, "services_unique": null, "total_departures_unique": null, "route_short_name_unique": "202" }, "geometry": { "type": "LineString", "coordinates": [ [ -9.1701201, 38.741321 ], [ -9.1699682, 38.741278 ], [ -9.1699062, 38.7412566 ], [ -9.1698772, 38.7412512 ], [ -9.1698403, 38.7412517 ], [ -9.1698001, 38.74126 ], [ -9.1697572, 38.7412733 ], [ -9.1695951, 38.7413904 ], [ -9.1695204, 38.741424 ], [ -9.169233, 38.7415741 ], [ -9.1691056, 38.7416405 ], [ -9.1689506, 38.7417216 ], [ -9.1688198, 38.7417935 ], [ -9.1687682, 38.7417963 ], [ -9.1687024, 38.7417934 ], [ -9.1686506, 38.7417846 ], [ -9.1686134, 38.7417714 ], [ -9.1685717, 38.7417478 ], [ -9.1685319, 38.7417155 ], [ -9.1684892, 38.7416756 ], [ -9.1684006, 38.7415712 ], [ -9.168309, 38.7414633 ], [ -9.1682507, 38.7413948 ], [ -9.1682216, 38.7413605 ], [ -9.1680955, 38.74119 ] ] } },
{ "type": "Feature", "properties": { "services_sum": 1.3513513513513513, "total_departures_sum": 117, "route_short_name_sum": null, "services_unique": null, "total_departures_unique": null, "route_short_name_unique": "202" }, "geometry": { "type": "LineString", "coordinates": [ [ -9.167858, 38.736765 ], [ -9.1673324, 38.7368483 ] ] } },
{ "type": "Feature", "properties": { "services_sum": 1.3513513513513513, "total_departures_sum": 117, "route_short_name_sum": null, "services_unique": null, "total_departures_unique": null, "route_short_name_unique": "202" }, "geometry": { "type": "LineString", "coordinates": [ [ -9.1669378, 38.7396651 ], [ -9.1669547, 38.7395468 ], [ -9.1670105, 38.7393621 ], [ -9.1670543, 38.7392375 ], [ -9.1671657, 38.7389203 ], [ -9.1672693, 38.7386644 ], [ -9.1672857, 38.7386239 ], [ -9.1673425, 38.7384836 ], [ -9.167435, 38.738287 ], [ -9.1674953, 38.7381478 ], [ -9.1676993, 38.7377518 ], [ -9.1679943, 38.737179 ], [ -9.1680007, 38.7371376 ], [ -9.1680017, 38.7371002 ], [ -9.1679912, 38.7370614 ], [ -9.1679686, 38.7370153 ], [ -9.1679473, 38.7369818 ], [ -9.167918, 38.7369503 ], [ -9.1678811, 38.7369297 ], [ -9.1678266, 38.7369145 ], [ -9.1677164, 38.7368986 ], [ -9.1674404, 38.7369147 ], [ -9.1671663, 38.7369325 ], [ -9.1667815, 38.7369599 ], [ -9.1666573, 38.7369692 ], [ -9.1665358, 38.7369734 ], [ -9.166434, 38.7369646 ], [ -9.1663681, 38.7369553 ], [ -9.1663121, 38.7369348 ], [ -9.1662572, 38.7369004 ], [ -9.1662066, 38.7368394 ], [ -9.1661865, 38.7367818 ], [ -9.1661493, 38.7363471 ], [ -9.1661226, 38.7361014 ], [ -9.1661136, 38.7359965 ], [ -9.1661008, 38.7359333 ], [ -9.1660963, 38.735911 ], [ -9.1660655, 38.735844 ], [ -9.1660256, 38.7357832 ], [ -9.1659645, 38.7357122 ], [ -9.1658458, 38.7356149 ], [ -9.1656413, 38.7354276 ], [ -9.1655997, 38.7353919 ], [ -9.1654302, 38.7352462 ], [ -9.1652785, 38.7351039 ], [ -9.1651478, 38.7349694 ], [ -9.165116, 38.7349364 ], [ -9.1650908, 38.7349102 ], [ -9.1646915, 38.7344744 ], [ -9.1645848, 38.734358 ], [ -9.1644527, 38.7342137 ], [ -9.1644169, 38.7341843 ], [ -9.1643359, 38.7341114 ], [ -9.1642895, 38.7340696 ], [ -9.1641307, 38.7340365 ], [ -9.1638837, 38.7339068 ], [ -9.1638473, 38.7338876 ], [ -9.1637589, 38.7338365 ], [ -9.1633591, 38.7336052 ], [ -9.1633107, 38.7335786 ], [ -9.1632435, 38.7335389 ], [ -9.1631677, 38.7334853 ], [ -9.1631428, 38.7334618 ], [ -9.1630802, 38.7334138 ], [ -9.1629619, 38.7333074 ], [ -9.1629171, 38.7332639 ], [ -9.1628377, 38.7331336 ], [ -9.1628054, 38.7330415 ], [ -9.1627227, 38.7328063 ], [ -9.1625994, 38.732443 ], [ -9.1625143, 38.7323042 ], [ -9.1624711, 38.7322458 ], [ -9.1624621, 38.7322336 ], [ -9.1622964, 38.7320414 ], [ -9.1623303, 38.731965 ], [ -9.1623536, 38.7319122 ], [ -9.1623936, 38.7318856 ], [ -9.1624101, 38.7318733 ], [ -9.1625399, 38.7317769 ] ] } },
{ "type": "Feature", "properties": { "services_sum": 1.3513513513513513, "total_departures_sum": 117, "route_short_name_sum": null, "services_unique": null, "total_departures_unique": null, "route_short_name_unique": "202" }, "geometry": { "type": "LineString", "coordinates": [ [ -9.1625061, 38.7308447 ], [ -9.1623519, 38.7305856 ], [ -9.1623504, 38.7305831 ] ] } },
{ "type": "Feature", "properties": { "services_sum": 1.3513513513513513, "total_departures_sum": 117, "route_short_name_sum": null, "services_unique": null, "total_departures_unique": null, "route_short_name_unique": "202" }, "geometry": { "type": "LineString", "coordinates": [ [ -9.1624195, 38.728675 ], [ -9.1623702, 38.7295025 ] ] } },
{ "type": "Feature", "properties": { "services_sum": 1.3513513513513513, "total_departures_sum": 117, "route_short_name_sum": null, "services_unique": null, "total_departures_unique": null, "route_short_name_unique": "202" }, "geometry": { "type": "LineString", "coordinates": [ [ -9.1621905, 38.7275926 ], [ -9.1620172, 38.727627 ], [ -9.1615803, 38.7277136 ] ] } },
{ "type": "Feature", "properties": { "services_sum": 1.3513513513513513, "total_departures_sum": 117, "route_short_name_sum": null, "services_unique": null, "total_departures_unique": null, "route_short_name_unique": "202" }, "geometry": { "type": "LineString", "coordinates": [ [ -9.1620452, 38.7214841 ], [ -9.1620612, 38.7213911 ], [ -9.1620062, 38.7212626 ], [ -9.1619653, 38.7211839 ], [ -9.1618776, 38.7210463 ] ] } },
{ "type": "Feature", "properties": { "services_sum": 1.3513513513513513, "total_departures_sum": 117, "route_short_name_sum": null, "services_unique": null, "total_departures_unique": null, "route_short_name_unique": "202" }, "geometry": { "type": "LineString", "coordinates": [ [ -9.1616679, 38.7209918 ], [ -9.1613991, 38.7209309 ], [ -9.1610092, 38.7208425 ] ] } },
{ "type": "Feature", "properties": { "services_sum": 1.3513513513513513, "total_departures_sum": 117, "route_short_name_sum": null, "services_unique": null, "total_departures_unique": null, "route_short_name_unique": "202" }, "geometry": { "type": "LineString", "coordinates": [ [ -9.1616472, 38.7266936 ], [ -9.1616794, 38.7268258 ], [ -9.1616294, 38.7270445 ], [ -9.161607, 38.7271423 ], [ -9.1615622, 38.7272874 ], [ -9.1614864, 38.7274787 ], [ -9.1614355, 38.7275986 ], [ -9.1614019, 38.7275313 ], [ -9.1615559, 38.7270298 ], [ -9.1616023, 38.7268711 ], [ -9.1615744, 38.7267823 ], [ -9.1615017, 38.726668 ], [ -9.1613772, 38.7265659 ], [ -9.1608746, 38.726198 ], [ -9.1605423, 38.7258921 ], [ -9.1602191, 38.7254656 ], [ -9.1600991, 38.7252801 ], [ -9.1600629, 38.7251949 ], [ -9.1600158, 38.7250836 ], [ -9.159965, 38.7248793 ] ] } },
{ "type": "Feature", "properties": { "services_sum": 1.3513513513513513, "total_departures_sum": 117, "route_short_name_sum": null, "services_unique": null, "total_departures_unique": null, "route_short_name_unique": "202" }, "geometry": { "type": "LineString", "coordinates": [ [ -9.1613431, 38.7222027 ], [ -9.1612375, 38.7223143 ], [ -9.1611999, 38.7224314 ], [ -9.1611117, 38.7230949 ], [ -9.1609737, 38.7236004 ], [ -9.1607588, 38.7238412 ], [ -9.1606751, 38.7239252 ], [ -9.1605697, 38.7240308 ] ] } },
{ "type": "Feature", "properties": { "services_sum": 1.3513513513513513, "total_departures_sum": 117, "route_short_name_sum": null, "services_unique": null, "total_departures_unique": null, "route_short_name_unique": "202" }, "geometry": { "type": "LineString", "coordinates": [ [ -9.1609237, 38.7208223 ], [ -9.1600904, 38.7206255 ] ] } },
{ "type": "Feature", "properties": { "services_sum": 1.3513513513513513, "total_departures_sum": 117, "route_short_name_sum": null, "services_unique": null, "total_departures_unique": null, "route_short_name_unique": "202" }, "geometry": { "type": "LineString", "coordinates": [ [ -9.1593191, 38.7204461 ], [ -9.1591755, 38.7204101 ], [ -9.1590172, 38.7203704 ] ] } },
{ "type": "Feature", "properties": { "services_sum": 1.3513513513513513, "total_departures_sum": 117, "route_short_name_sum": null, "services_unique": null, "total_departures_unique": null, "route_short_name_unique": "202" }, "geometry": { "type": "LineString", "coordinates": [ [ -9.1563657, 38.7208193 ], [ -9.1563379, 38.7208262 ] ] } },
{ "type": "Feature", "properties": { "services_sum": 1.3513513513513513, "total_departures_sum": 117, "route_short_name_sum": null, "services_unique": null, "total_departures_unique": null, "route_short_name_unique": "202" }, "geometry": { "type": "LineString", "coordinates": [ [ -9.1555952, 38.7205258 ], [ -9.1554179, 38.7203693 ], [ -9.1553274, 38.7203328 ], [ -9.1552477, 38.7202746 ], [ -9.1551412, 38.7202027 ], [ -9.1550762, 38.7201318 ], [ -9.1549778, 38.7201138 ], [ -9.1548765, 38.720134 ], [ -9.1548517, 38.7201389 ], [ -9.1543681, 38.7202344 ], [ -9.1543156, 38.7201971 ], [ -9.1542801, 38.7201641 ], [ -9.1542424, 38.7201192 ] ] } },
{ "type": "Feature", "properties": { "services_sum": 1.3513513513513513, "total_departures_sum": 117, "route_short_name_sum": null, "services_unique": null, "total_departures_unique": null, "route_short_name_unique": "202" }, "geometry": { "type": "LineString", "coordinates": [ [ -9.1523745, 38.7183092 ], [ -9.1518985, 38.7179809 ], [ -9.1515955, 38.7177718 ] ] } },
{ "type": "Feature", "properties": { "services_sum": 1.3513513513513513, "total_departures_sum": 117, "route_short_name_sum": null, "services_unique": null, "total_departures_unique": null, "route_short_name_unique": "202" }, "geometry": { "type": "LineString", "coordinates": [ [ -9.1481275, 38.7165521 ], [ -9.1481262, 38.7165514 ], [ -9.148122, 38.7165491 ] ] } },
{ "type": "Feature", "properties": { "services_sum": 1.3513513513513513, "total_departures_sum": 117, "route_short_name_sum": null, "services_unique": null, "total_departures_unique": null, "route_short_name_unique": "202" }, "geometry": { "type": "LineString", "coordinates": [ [ -9.1450908, 38.7154904 ], [ -9.1449831, 38.7154657 ] ] } },
{ "type": "Feature", "properties": { "services_sum": 1.3513513513513513, "total_departures_sum": 117, "route_short_name_sum": null, "services_unique": null, "total_departures_unique": null, "route_short_name_unique": "202" }, "geometry": { "type": "LineString", "coordinates": [ [ -9.1446603, 38.7151588 ], [ -9.144496, 38.7149004 ], [ -9.1444075, 38.7147611 ] ] } },
{ "type": "Feature", "properties": { "services_sum": 1.3513513513513513, "total_departures_sum": 117, "route_short_name_sum": null, "services_unique": null, "total_departures_unique": null, "route_short_name_unique": "202" }, "geometry": { "type": "LineString", "coordinates": [ [ -9.1442831, 38.7145643 ], [ -9.1441354, 38.7143278 ] ] } },
{ "type": "Feature", "properties": { "services_sum": 1.3513513513513513, "total_departures_sum": 117, "route_short_name_sum": null, "services_unique": null, "total_departures_unique": null, "route_short_name_unique": "202" }, "geometry": { "type": "LineString", "coordinates": [ [ -9.1435657, 38.7133987 ], [ -9.1433943, 38.7131512 ], [ -9.1433831, 38.713135 ] ] } },
{ "type": "Feature", "properties": { "services_sum": 1.3513513513513513, "total_departures_sum": 117, "route_short_name_sum": null, "services_unique": null, "total_departures_unique": null, "route_short_name_unique": "202" }, "geometry": { "type": "LineString", "coordinates": [ [ -9.1434031, 38.7075278 ], [ -9.1433948, 38.7075936 ], [ -9.1433799, 38.7077125 ] ] } },
{ "type": "Feature", "properties": { "services_sum": 1.3513513513513513, "total_departures_sum": 117, "route_short_name_sum": null, "services_unique": null, "total_departures_unique": null, "route_short_name_unique": "202" }, "geometry": { "type": "LineString", "coordinates": [ [ -9.1433748, 38.7077522 ], [ -9.1432733, 38.7085593 ] ] } },
{ "type": "Feature", "properties": { "services_sum": 1.3513513513513513, "total_departures_sum": 117, "route_short_name_sum": null, "services_unique": null, "total_departures_unique": null, "route_short_name_unique": "202" }, "geometry": { "type": "LineString", "coordinates": [ [ -9.1432474, 38.7128985 ], [ -9.1431083, 38.7124523 ] ] } },
{ "type": "Feature", "properties": { "services_sum": 1.3513513513513513, "total_departures_sum": 117, "route_short_name_sum": null, "services_unique": null, "total_departures_unique": null, "route_short_name_unique": "202" }, "geometry": { "type": "LineString", "coordinates": [ [ -9.1432219, 38.7056407 ], [ -9.1432212, 38.7056615 ], [ -9.1432191, 38.7057253 ] ] } },
{ "type": "Feature", "properties": { "services_sum": 1.3513513513513513, "total_departures_sum": 117, "route_short_name_sum": null, "services_unique": null, "total_departures_unique": null, "route_short_name_unique": "202" }, "geometry": { "type": "LineString", "coordinates": [ [ -9.1431103, 38.7098542 ], [ -9.1430411, 38.7104043 ] ] } },
{ "type": "Feature", "properties": { "services_sum": 1.3513513513513513, "total_departures_sum": 117, "route_short_name_sum": null, "services_unique": null, "total_departures_unique": null, "route_short_name_unique": "202" }, "geometry": { "type": "LineString", "coordinates": [ [ -9.1429442, 38.7108425 ], [ -9.1429375, 38.7111461 ], [ -9.1429291, 38.7115265 ] ] } },
{ "type": "Feature", "properties": { "services_sum": 1.3513513513513513, "total_departures_sum": 117, "route_short_name_sum": null, "services_unique": null, "total_departures_unique": null, "route_short_name_unique": "202" }, "geometry": { "type": "LineString", "coordinates": [ [ -9.2095538, 38.7533318 ], [ -9.2095474, 38.7533398 ], [ -9.209462, 38.753446 ], [ -9.2095538, 38.7533318 ] ] } },
{ "type": "Feature", "properties": { "services_sum": 1.3513513513513513, "total_departures_sum": 117, "route_short_name_sum": null, "services_unique": null, "total_departures_unique": null, "route_short_name_unique": "202" }, "geometry": { "type": "LineString", "coordinates": [ [ -9.2085908, 38.7532356 ], [ -9.2085845, 38.7532905 ], [ -9.2085754, 38.7533692 ], [ -9.2085908, 38.7532356 ] ] } },
{ "type": "Feature", "properties": { "services_sum": 1.3513513513513513, "total_departures_sum": 117, "route_short_name_sum": null, "services_unique": null, "total_departures_unique": null, "route_short_name_unique": "202" }, "geometry": { "type": "LineString", "coordinates": [ [ -9.2082872, 38.7500071 ], [ -9.2081479, 38.7500461 ], [ -9.2079809, 38.7500931 ], [ -9.2077786, 38.75015 ], [ -9.2076901, 38.7501749 ], [ -9.2075561, 38.7502127 ], [ -9.2074279, 38.7502488 ], [ -9.2070612, 38.750352 ], [ -9.2069578, 38.7503791 ], [ -9.2065986, 38.7504796 ], [ -9.2065653, 38.7503929 ], [ -9.2063489, 38.7500107 ], [ -9.2066579, 38.7499213 ], [ -9.2067604, 38.7498916 ], [ -9.2069898, 38.7498253 ], [ -9.2079239, 38.7495618 ], [ -9.208065, 38.7495259 ], [ -9.2082405, 38.749906 ], [ -9.2082872, 38.7500071 ] ] } },
{ "type": "Feature", "properties": { "services_sum": 1.3513513513513513, "total_departures_sum": 117, "route_short_name_sum": null, "services_unique": null, "total_departures_unique": null, "route_short_name_unique": "202" }, "geometry": { "type": "LineString", "coordinates": [ [ -9.2073248, 38.747913 ], [ -9.207298, 38.7478545 ], [ -9.2072845, 38.7478251 ], [ -9.2073009, 38.747861 ], [ -9.2073248, 38.747913 ] ] } },
{ "type": "Feature", "properties": { "services_sum": 1.3513513513513513, "total_departures_sum": 117, "route_short_name_sum": null, "services_unique": null, "total_departures_unique": null, "route_short_name_unique": "202" }, "geometry": { "type": "LineString", "coordinates": [ [ -9.2062595, 38.752885 ], [ -9.2062591, 38.7528865 ], [ -9.2062194, 38.7530294 ], [ -9.2062595, 38.752885 ] ] } },
{ "type": "Feature", "properties": { "services_sum": 1.3513513513513513, "total_departures_sum": 117, "route_short_name_sum": null, "services_unique": null, "total_departures_unique": null, "route_short_name_unique": "202" }, "geometry": { "type": "LineString", "coordinates": [ [ -9.2060435, 38.7517687 ], [ -9.2059688, 38.7519357 ], [ -9.2058506, 38.7521998 ], [ -9.2060435, 38.7517687 ] ] } },
{ "type": "Feature", "properties": { "services_sum": 1.3513513513513513, "total_departures_sum": 117, "route_short_name_sum": null, "services_unique": null, "total_departures_unique": null, "route_short_name_unique": "202" }, "geometry": { "type": "LineString", "coordinates": [ [ -9.2049525, 38.7560457 ], [ -9.2049498, 38.7560226 ], [ -9.2049337, 38.7559986 ], [ -9.2049109, 38.7559735 ], [ -9.2048819, 38.7559598 ], [ -9.2048345, 38.75594 ], [ -9.2047853, 38.755861 ], [ -9.2047446, 38.7557957 ], [ -9.2047172, 38.7558634 ], [ -9.2046673, 38.7559869 ], [ -9.2045414, 38.7561389 ], [ -9.2045268, 38.7561566 ], [ -9.204514, 38.7561983 ], [ -9.2045142, 38.7562351 ], [ -9.2045303, 38.7562665 ], [ -9.2045504, 38.7562853 ], [ -9.2045887, 38.7563086 ], [ -9.2046363, 38.7563219 ], [ -9.204687, 38.7563238 ], [ -9.2047366, 38.7563134 ], [ -9.2047746, 38.7562921 ], [ -9.2049485, 38.7560823 ], [ -9.2049525, 38.7560457 ] ] } },
{ "type": "Feature", "properties": { "services_sum": 1.3513513513513513, "total_departures_sum": 117, "route_short_name_sum": null, "services_unique": null, "total_departures_unique": null, "route_short_name_unique": "202" }, "geometry": { "type": "LineString", "coordinates": [ [ -9.2047306, 38.7567429 ], [ -9.2047233, 38.7566726 ], [ -9.2046972, 38.7564223 ], [ -9.2047156, 38.7565993 ], [ -9.2047306, 38.7567429 ] ] } },
{ "type": "Feature", "properties": { "services_sum": 1.3513513513513513, "total_departures_sum": 117, "route_short_name_sum": null, "services_unique": null, "total_departures_unique": null, "route_short_name_unique": "202" }, "geometry": { "type": "LineString", "coordinates": [ [ -9.2045082, 38.7459775 ], [ -9.2044854, 38.7459854 ], [ -9.2044703, 38.7459927 ], [ -9.2044579, 38.746 ], [ -9.2044465, 38.7460076 ], [ -9.2044365, 38.7460173 ], [ -9.2044284, 38.746025 ], [ -9.204419, 38.7460397 ], [ -9.2044041, 38.7460512 ], [ -9.2043853, 38.7460584 ], [ -9.2043619, 38.7460604 ], [ -9.2043391, 38.7460557 ], [ -9.2043199, 38.746045 ], [ -9.204307, 38.7460297 ], [ -9.204302, 38.7460117 ], [ -9.204305, 38.7459948 ], [ -9.2043044, 38.7459773 ], [ -9.2043017, 38.7459605 ], [ -9.2042956, 38.7459459 ], [ -9.2042863, 38.7459328 ], [ -9.2042769, 38.7459203 ], [ -9.2042527, 38.7458925 ], [ -9.2042722, 38.7459098 ], [ -9.2042963, 38.745926 ], [ -9.2043158, 38.7459375 ], [ -9.2043372, 38.7459475 ], [ -9.2043547, 38.7459537 ], [ -9.2043766, 38.7459602 ], [ -9.204399, 38.7459664 ], [ -9.2044231, 38.745976 ], [ -9.2044395, 38.7459804 ], [ -9.2044593, 38.7459828 ], [ -9.2044821, 38.7459817 ], [ -9.2045082, 38.7459775 ] ] } },
{ "type": "Feature", "properties": { "services_sum": 1.3513513513513513, "total_departures_sum": 117, "route_short_name_sum": null, "services_unique": null, "total_departures_unique": null, "route_short_name_unique": "202" }, "geometry": { "type": "LineString", "coordinates": [ [ -9.1619083, 38.7216369 ], [ -9.1617954, 38.7217401 ], [ -9.1616212, 38.7218993 ], [ -9.1619083, 38.7216369 ] ] } },
{ "type": "Feature", "properties": { "services_sum": 1.2004001333777925, "total_departures_sum": 36, "route_short_name_sum": null, "services_unique": null, "total_departures_unique": null, "route_short_name_unique": "758" }, "geometry": { "type": "LineString", "coordinates": [ [ -9.2094561, 38.752683 ], [ -9.2093759, 38.7526502 ] ] } },
{ "type": "Feature", "properties": { "services_sum": 1.2004001333777925, "total_departures_sum": 36, "route_short_name_sum": null, "services_unique": null, "total_departures_unique": null, "route_short_name_unique": "758" }, "geometry": { "type": "LineString", "coordinates": [ [ -9.2033504, 38.7491103 ], [ -9.2032644, 38.7490553 ] ] } },
{ "type": "Feature", "properties": { "services_sum": 1.2004001333777925, "total_departures_sum": 36, "route_short_name_sum": null, "services_unique": null, "total_departures_unique": null, "route_short_name_unique": "758" }, "geometry": { "type": "LineString", "coordinates": [ [ -9.2023979, 38.7488367 ], [ -9.2007635, 38.7484658 ], [ -9.2007273, 38.748593 ], [ -9.2006697, 38.7487834 ] ] } },
{ "type": "Feature", "properties": { "services_sum": 1.2004001333777925, "total_departures_sum": 36, "route_short_name_sum": null, "services_unique": null, "total_departures_unique": null, "route_short_name_unique": "758" }, "geometry": { "type": "LineString", "coordinates": [ [ -9.167858, 38.736765 ], [ -9.1678198, 38.7367711 ], [ -9.1673324, 38.7368483 ] ] } },
{ "type": "Feature", "properties": { "services_sum": 1.2004001333777925, "total_departures_sum": 36, "route_short_name_sum": null, "services_unique": null, "total_departures_unique": null, "route_short_name_unique": "758" }, "geometry": { "type": "LineString", "coordinates": [ [ -9.1623264, 38.727436 ], [ -9.1623209, 38.7270399 ], [ -9.1623189, 38.7268929 ], [ -9.1616472, 38.7266936 ] ] } },
{ "type": "Feature", "properties": { "services_sum": 1.2004001333777925, "total_departures_sum": 36, "route_short_name_sum": null, "services_unique": null, "total_departures_unique": null, "route_short_name_unique": "758" }, "geometry": { "type": "LineString", "coordinates": [ [ -9.1619083, 38.7216369 ], [ -9.1618226, 38.7217152 ], [ -9.1616212, 38.7218993 ] ] } },
{ "type": "Feature", "properties": { "services_sum": 3.9031028360804951, "total_departures_sum": 270, "route_short_name_sum": null, "services_unique": null, "total_departures_unique": null, "route_short_name_unique": "758, 202" }, "geometry": { "type": "LineString", "coordinates": [ [ -9.2093759, 38.7526502 ], [ -9.2092047, 38.7526382 ], [ -9.2090407, 38.7526781 ] ] } },
{ "type": "Feature", "properties": { "services_sum": 3.9031028360804951, "total_departures_sum": 270, "route_short_name_sum": null, "services_unique": null, "total_departures_unique": null, "route_short_name_unique": "758, 202" }, "geometry": { "type": "LineString", "coordinates": [ [ -9.1625399, 38.7317769 ], [ -9.1625416, 38.7317341 ], [ -9.1625658, 38.7311349 ], [ -9.1625584, 38.7310183 ], [ -9.1625061, 38.7308447 ] ] } },
{ "type": "Feature", "properties": { "services_sum": 3.9031028360804951, "total_departures_sum": 270, "route_short_name_sum": null, "services_unique": null, "total_departures_unique": null, "route_short_name_unique": "758, 202" }, "geometry": { "type": "LineString", "coordinates": [ [ -9.1624195, 38.728675 ], [ -9.1624165, 38.7285911 ], [ -9.162413, 38.7284582 ], [ -9.1624037, 38.7283973 ], [ -9.162342, 38.7277269 ], [ -9.1623369, 38.72767 ], [ -9.1623276, 38.7275654 ] ] } },
{ "type": "Feature", "properties": { "services_sum": 3.9031028360804951, "total_departures_sum": 270, "route_short_name_sum": null, "services_unique": null, "total_departures_unique": null, "route_short_name_unique": "758, 202" }, "geometry": { "type": "LineString", "coordinates": [ [ -9.1623702, 38.7295025 ], [ -9.1623558, 38.7295911 ], [ -9.1622804, 38.7300561 ], [ -9.1622644, 38.7303444 ], [ -9.1622927, 38.7304596 ], [ -9.1623407, 38.7305562 ], [ -9.1623504, 38.7305831 ] ] } },
{ "type": "Feature", "properties": { "services_sum": 3.9031028360804951, "total_departures_sum": 270, "route_short_name_sum": null, "services_unique": null, "total_departures_unique": null, "route_short_name_unique": "758, 202" }, "geometry": { "type": "LineString", "coordinates": [ [ -9.1620452, 38.7214841 ], [ -9.1619083, 38.7216369 ] ] } },
{ "type": "Feature", "properties": { "services_sum": 3.9031028360804951, "total_departures_sum": 270, "route_short_name_sum": null, "services_unique": null, "total_departures_unique": null, "route_short_name_unique": "758, 202" }, "geometry": { "type": "LineString", "coordinates": [ [ -9.1618776, 38.7210463 ], [ -9.1616679, 38.7209918 ] ] } },
{ "type": "Feature", "properties": { "services_sum": 3.9031028360804951, "total_departures_sum": 270, "route_short_name_sum": null, "services_unique": null, "total_departures_unique": null, "route_short_name_unique": "758, 202" }, "geometry": { "type": "LineString", "coordinates": [ [ -9.1616212, 38.7218993 ], [ -9.1614927, 38.7220097 ], [ -9.1614041, 38.7221004 ], [ -9.1613431, 38.7222027 ] ] } },
{ "type": "Feature", "properties": { "services_sum": 3.9031028360804951, "total_departures_sum": 270, "route_short_name_sum": null, "services_unique": null, "total_departures_unique": null, "route_short_name_unique": "758, 202" }, "geometry": { "type": "LineString", "coordinates": [ [ -9.1610092, 38.7208425 ], [ -9.1609237, 38.7208223 ] ] } },
{ "type": "Feature", "properties": { "services_sum": 3.9031028360804951, "total_departures_sum": 270, "route_short_name_sum": null, "services_unique": null, "total_departures_unique": null, "route_short_name_unique": "758, 202" }, "geometry": { "type": "LineString", "coordinates": [ [ -9.1605697, 38.7240308 ], [ -9.160375, 38.7242071 ], [ -9.1602551, 38.7243194 ], [ -9.1601603, 38.7244082 ], [ -9.1600261, 38.7245338 ], [ -9.1599662, 38.7246262 ], [ -9.1599412, 38.724736 ], [ -9.1599421, 38.7247873 ], [ -9.159965, 38.7248793 ] ] } },
{ "type": "Feature", "properties": { "services_sum": 3.9031028360804951, "total_departures_sum": 270, "route_short_name_sum": null, "services_unique": null, "total_departures_unique": null, "route_short_name_unique": "758, 202" }, "geometry": { "type": "LineString", "coordinates": [ [ -9.1600904, 38.7206255 ], [ -9.1594619, 38.7204793 ], [ -9.1593191, 38.7204461 ] ] } },
{ "type": "Feature", "properties": { "services_sum": 3.9031028360804951, "total_departures_sum": 270, "route_short_name_sum": null, "services_unique": null, "total_departures_unique": null, "route_short_name_unique": "758, 202" }, "geometry": { "type": "LineString", "coordinates": [ [ -9.1590172, 38.7203704 ], [ -9.1586703, 38.7203058 ], [ -9.1583174, 38.7202923 ], [ -9.1579014, 38.720319 ], [ -9.1574261, 38.7203834 ], [ -9.157119, 38.7204687 ], [ -9.1568643, 38.7205707 ], [ -9.1566795, 38.7206714 ], [ -9.1564856, 38.7207642 ], [ -9.1563657, 38.7208193 ] ] } },
{ "type": "Feature", "properties": { "services_sum": 3.9031028360804951, "total_departures_sum": 270, "route_short_name_sum": null, "services_unique": null, "total_departures_unique": null, "route_short_name_unique": "758, 202" }, "geometry": { "type": "LineString", "coordinates": [ [ -9.1563379, 38.7208262 ], [ -9.1562666, 38.7208439 ], [ -9.1561672, 38.7208533 ], [ -9.1560822, 38.72085 ], [ -9.15598, 38.7208318 ], [ -9.1559012, 38.7208059 ], [ -9.1558086, 38.7207586 ], [ -9.1557399, 38.7206912 ], [ -9.1555952, 38.7205258 ] ] } },
{ "type": "Feature", "properties": { "services_sum": 3.9031028360804951, "total_departures_sum": 270, "route_short_name_sum": null, "services_unique": null, "total_departures_unique": null, "route_short_name_unique": "758, 202" }, "geometry": { "type": "LineString", "coordinates": [ [ -9.1476699, 38.7162615 ], [ -9.147602, 38.7162061 ], [ -9.1474234, 38.7160826 ], [ -9.1473837, 38.7160596 ], [ -9.1472698, 38.7159986 ], [ -9.1469377, 38.7159112 ], [ -9.1462205, 38.7157217 ], [ -9.1460663, 38.7156886 ], [ -9.1459944, 38.7156741 ], [ -9.1450908, 38.7154904 ] ] } },
{ "type": "Feature", "properties": { "services_sum": 3.9031028360804951, "total_departures_sum": 270, "route_short_name_sum": null, "services_unique": null, "total_departures_unique": null, "route_short_name_unique": "758, 202" }, "geometry": { "type": "LineString", "coordinates": [ [ -9.1449831, 38.7154657 ], [ -9.1448512, 38.7154245 ], [ -9.1447904, 38.7153802 ], [ -9.144749, 38.7153223 ], [ -9.1446603, 38.7151588 ] ] } },
{ "type": "Feature", "properties": { "services_sum": 3.9031028360804951, "total_departures_sum": 270, "route_short_name_sum": null, "services_unique": null, "total_departures_unique": null, "route_short_name_unique": "758, 202" }, "geometry": { "type": "LineString", "coordinates": [ [ -9.1444075, 38.7147611 ], [ -9.1442831, 38.7145643 ] ] } },
{ "type": "Feature", "properties": { "services_sum": 3.9031028360804951, "total_departures_sum": 270, "route_short_name_sum": null, "services_unique": null, "total_departures_unique": null, "route_short_name_unique": "758, 202" }, "geometry": { "type": "LineString", "coordinates": [ [ -9.1441354, 38.7143278 ], [ -9.1440855, 38.7142406 ], [ -9.1439893, 38.7140497 ], [ -9.1438269, 38.7137708 ], [ -9.1436508, 38.7135178 ], [ -9.1435657, 38.7133987 ] ] } },
{ "type": "Feature", "properties": { "services_sum": 3.9031028360804951, "total_departures_sum": 270, "route_short_name_sum": null, "services_unique": null, "total_departures_unique": null, "route_short_name_unique": "758, 202" }, "geometry": { "type": "LineString", "coordinates": [ [ -9.1434987, 38.7067106 ], [ -9.1434969, 38.7067345 ], [ -9.1434905, 38.7067855 ], [ -9.1434861, 38.7068204 ], [ -9.143457, 38.707052 ], [ -9.143418, 38.7074095 ], [ -9.1434123, 38.7074545 ], [ -9.1434031, 38.7075278 ] ] } },
{ "type": "Feature", "properties": { "services_sum": 3.9031028360804951, "total_departures_sum": 270, "route_short_name_sum": null, "services_unique": null, "total_departures_unique": null, "route_short_name_unique": "758, 202" }, "geometry": { "type": "LineString", "coordinates": [ [ -9.1433831, 38.713135 ], [ -9.1433152, 38.71303 ], [ -9.143275, 38.7129663 ], [ -9.1432474, 38.7128985 ] ] } },
{ "type": "Feature", "properties": { "services_sum": 3.9031028360804951, "total_departures_sum": 270, "route_short_name_sum": null, "services_unique": null, "total_departures_unique": null, "route_short_name_unique": "758, 202" }, "geometry": { "type": "LineString", "coordinates": [ [ -9.1433799, 38.7077125 ], [ -9.1433748, 38.7077522 ] ] } },
{ "type": "Feature", "properties": { "services_sum": 3.9031028360804951, "total_departures_sum": 270, "route_short_name_sum": null, "services_unique": null, "total_departures_unique": null, "route_short_name_unique": "758, 202" }, "geometry": { "type": "LineString", "coordinates": [ [ -9.1432733, 38.7085593 ], [ -9.1432645, 38.7086293 ], [ -9.1431659, 38.7094128 ], [ -9.1431608, 38.7094528 ], [ -9.1431103, 38.7098542 ] ] } },
{ "type": "Feature", "properties": { "services_sum": 3.9031028360804951, "total_departures_sum": 270, "route_short_name_sum": null, "services_unique": null, "total_departures_unique": null, "route_short_name_unique": "758, 202" }, "geometry": { "type": "LineString", "coordinates": [ [ -9.1431083, 38.7124523 ], [ -9.142996, 38.712091 ], [ -9.1429758, 38.7120306 ], [ -9.1429338, 38.7117493 ], [ -9.1429291, 38.7115265 ] ] } },
{ "type": "Feature", "properties": { "services_sum": 3.9031028360804951, "total_departures_sum": 270, "route_short_name_sum": null, "services_unique": null, "total_departures_unique": null, "route_short_name_unique": "758, 202" }, "geometry": { "type": "LineString", "coordinates": [ [ -9.1430411, 38.7104043 ], [ -9.143022, 38.7105078 ], [ -9.1429911, 38.7105905 ], [ -9.14298, 38.7106517 ], [ -9.1429745, 38.7107307 ], [ -9.1429442, 38.7108425 ] ] } },
{ "type": "Feature", "properties": { "services_sum": 4.9033806910402067, "total_departures_sum": 281, "route_short_name_sum": null, "services_unique": null, "total_departures_unique": null, "route_short_name_unique": "746, 758, 202" }, "geometry": { "type": "LineString", "coordinates": [ [ -9.2090407, 38.7526781 ], [ -9.2089082, 38.7527642 ], [ -9.2088864, 38.752783 ], [ -9.2087925, 38.752864 ], [ -9.2086015, 38.7528757 ], [ -9.2083821, 38.7528543 ] ] } },
{ "type": "Feature", "properties": { "services_sum": 4.9033806910402067, "total_departures_sum": 281, "route_short_name_sum": null, "services_unique": null, "total_departures_unique": null, "route_short_name_unique": "746, 758, 202" }, "geometry": { "type": "LineString", "coordinates": [ [ -9.2064593, 38.7523379 ], [ -9.2059374, 38.7522239 ], [ -9.2058506, 38.7521998 ] ] } },
{ "type": "Feature", "properties": { "services_sum": 4.9033806910402067, "total_departures_sum": 281, "route_short_name_sum": null, "services_unique": null, "total_departures_unique": null, "route_short_name_unique": "746, 758, 202" }, "geometry": { "type": "LineString", "coordinates": [ [ -9.1879042, 38.7470629 ], [ -9.1874414, 38.7470102 ], [ -9.1872796, 38.746992 ], [ -9.1866399, 38.746934 ], [ -9.1865521, 38.7469268 ], [ -9.1862083, 38.7468985 ], [ -9.1857317, 38.7468676 ], [ -9.1853377, 38.7468324 ], [ -9.1850782, 38.7468109 ], [ -9.1848012, 38.7467809 ], [ -9.1846201, 38.7467641 ] ] } },
{ "type": "Feature", "properties": { "services_sum": 4.9033806910402067, "total_departures_sum": 281, "route_short_name_sum": null, "services_unique": null, "total_departures_unique": null, "route_short_name_unique": "746, 758, 202" }, "geometry": { "type": "LineString", "coordinates": [ [ -9.1844846, 38.7467515 ], [ -9.1840796, 38.7466804 ], [ -9.1839992, 38.7466627 ], [ -9.1838248, 38.7466146 ], [ -9.1837617, 38.7465945 ], [ -9.1837286, 38.746584 ], [ -9.1835875, 38.7465392 ], [ -9.1834882, 38.7465032 ], [ -9.1833104, 38.7464388 ], [ -9.182955, 38.7462725 ], [ -9.1828827, 38.7462325 ], [ -9.1822015, 38.7458794 ], [ -9.1820568, 38.7458044 ], [ -9.1819744, 38.7457581 ] ] } },
{ "type": "Feature", "properties": { "services_sum": 4.9033806910402067, "total_departures_sum": 281, "route_short_name_sum": null, "services_unique": null, "total_departures_unique": null, "route_short_name_unique": "746, 758, 202" }, "geometry": { "type": "LineString", "coordinates": [ [ -9.1816999, 38.7456069 ], [ -9.1811952, 38.7453206 ], [ -9.1810856, 38.7452613 ], [ -9.1809554, 38.7451994 ], [ -9.1808205, 38.745138 ], [ -9.1807463, 38.7451084 ], [ -9.1803017, 38.7449268 ], [ -9.1797907, 38.7447203 ], [ -9.1793999, 38.7445474 ], [ -9.1793178, 38.7445263 ] ] } },
{ "type": "Feature", "properties": { "services_sum": 4.9033806910402067, "total_departures_sum": 281, "route_short_name_sum": null, "services_unique": null, "total_departures_unique": null, "route_short_name_unique": "746, 758, 202" }, "geometry": { "type": "LineString", "coordinates": [ [ -9.1786926, 38.7443657 ], [ -9.1783877, 38.7442874 ], [ -9.178292, 38.7442628 ], [ -9.1774699, 38.7440477 ], [ -9.1772483, 38.7439916 ], [ -9.1771489, 38.7439643 ], [ -9.1768187, 38.7438742 ], [ -9.1767409, 38.743853 ] ] } },
{ "type": "Feature", "properties": { "services_sum": 4.9033806910402067, "total_departures_sum": 281, "route_short_name_sum": null, "services_unique": null, "total_departures_unique": null, "route_short_name_unique": "746, 758, 202" }, "geometry": { "type": "LineString", "coordinates": [ [ -9.175317, 38.743489 ], [ -9.1743962, 38.7431729 ], [ -9.1742366, 38.7431166 ], [ -9.1738678, 38.7429864 ], [ -9.1737542, 38.7429487 ], [ -9.1734827, 38.742846 ] ] } },
{ "type": "Feature", "properties": { "services_sum": 4.9033806910402067, "total_departures_sum": 281, "route_short_name_sum": null, "services_unique": null, "total_departures_unique": null, "route_short_name_unique": "746, 758, 202" }, "geometry": { "type": "LineString", "coordinates": [ [ -9.1722272, 38.7423814 ], [ -9.1721342, 38.742347 ], [ -9.1720382, 38.742314 ], [ -9.1719861, 38.7422962 ], [ -9.1718964, 38.7422646 ], [ -9.1711484, 38.7420764 ], [ -9.1710671, 38.7420524 ], [ -9.1710003, 38.7420227 ], [ -9.1709108, 38.7419628 ], [ -9.17085, 38.7419019 ], [ -9.1707969, 38.7418382 ] ] } },
{ "type": "Feature", "properties": { "services_sum": 4.9033806910402067, "total_departures_sum": 281, "route_short_name_sum": null, "services_unique": null, "total_departures_unique": null, "route_short_name_unique": "746, 758, 202" }, "geometry": { "type": "LineString", "coordinates": [ [ -9.1704564, 38.7414936 ], [ -9.1701688, 38.7413465 ], [ -9.1701201, 38.741321 ] ] } },
{ "type": "Feature", "properties": { "services_sum": 2.2006779883375036, "total_departures_sum": 47, "route_short_name_sum": null, "services_unique": null, "total_departures_unique": null, "route_short_name_unique": "746, 758" }, "geometry": { "type": "LineString", "coordinates": [ [ -9.2058506, 38.7521998 ], [ -9.2054807, 38.7520708 ], [ -9.2052986, 38.7520073 ], [ -9.2051927, 38.7519697 ], [ -9.2051195, 38.7519438 ], [ -9.2042444, 38.7516383 ], [ -9.2034801, 38.7513624 ], [ -9.2026332, 38.751062 ] ] } },
{ "type": "Feature", "properties": { "services_sum": 2.2006779883375036, "total_departures_sum": 47, "route_short_name_sum": null, "services_unique": null, "total_departures_unique": null, "route_short_name_unique": "746, 758" }, "geometry": { "type": "LineString", "coordinates": [ [ -9.2032902, 38.7498318 ], [ -9.2030699, 38.7502442 ] ] } },
{ "type": "Feature", "properties": { "services_sum": 2.2006779883375036, "total_departures_sum": 47, "route_short_name_sum": null, "services_unique": null, "total_departures_unique": null, "route_short_name_unique": "746, 758" }, "geometry": { "type": "LineString", "coordinates": [ [ -9.2006697, 38.7487834 ], [ -9.1990455, 38.7486936 ], [ -9.1976769, 38.748618 ] ] } },
{ "type": "Feature", "properties": { "services_sum": 2.2006779883375036, "total_departures_sum": 47, "route_short_name_sum": null, "services_unique": null, "total_departures_unique": null, "route_short_name_unique": "746, 758" }, "geometry": { "type": "LineString", "coordinates": [ [ -9.19438, 38.7498331 ], [ -9.1943562, 38.7498286 ], [ -9.1941162, 38.7497834 ] ] } },
{ "type": "Feature", "properties": { "services_sum": 3.9546444455087855, "total_departures_sum": 197, "route_short_name_sum": null, "services_unique": null, "total_departures_unique": null, "route_short_name_unique": "751, 201, 15E" }, "geometry": { "type": "LineString", "coordinates": [ [ -9.2043083, 38.6973898 ], [ -9.2042595, 38.6973976 ], [ -9.2042172, 38.6974024 ], [ -9.2041453, 38.6974076 ], [ -9.204059, 38.6974059 ], [ -9.2039419, 38.6973971 ], [ -9.2036711, 38.6973778 ] ] } },
{ "type": "Feature", "properties": { "services_sum": 3.9546444455087855, "total_departures_sum": 197, "route_short_name_sum": null, "services_unique": null, "total_departures_unique": null, "route_short_name_unique": "751, 201, 15E" }, "geometry": { "type": "LineString", "coordinates": [ [ -9.2040504, 38.6974461 ], [ -9.2039373, 38.6974381 ] ] } },
{ "type": "Feature", "properties": { "services_sum": 3.9546444455087855, "total_departures_sum": 197, "route_short_name_sum": null, "services_unique": null, "total_departures_unique": null, "route_short_name_unique": "751, 201, 15E" }, "geometry": { "type": "LineString", "coordinates": [ [ -9.203371, 38.6973565 ], [ -9.2032863, 38.6973377 ], [ -9.2031593, 38.697309 ], [ -9.202628, 38.6972684 ], [ -9.202436, 38.6972539 ], [ -9.2019337, 38.6972178 ], [ -9.2017947, 38.697208 ], [ -9.2017165, 38.6971976 ], [ -9.2016358, 38.6971834 ], [ -9.2014944, 38.697155 ], [ -9.20135, 38.6971275 ], [ -9.2012321, 38.6971109 ], [ -9.2010189, 38.6971091 ], [ -9.2008017, 38.6971404 ] ] } },
{ "type": "Feature", "properties": { "services_sum": 3.9546444455087855, "total_departures_sum": 197, "route_short_name_sum": null, "services_unique": null, "total_departures_unique": null, "route_short_name_unique": "751, 201, 15E" }, "geometry": { "type": "LineString", "coordinates": [ [ -9.2005581, 38.6971846 ], [ -9.2003207, 38.6972276 ], [ -9.2001083, 38.6972661 ], [ -9.1998993, 38.6973086 ], [ -9.1996925, 38.6973847 ] ] } },
{ "type": "Feature", "properties": { "services_sum": 3.9546444455087855, "total_departures_sum": 197, "route_short_name_sum": null, "services_unique": null, "total_departures_unique": null, "route_short_name_unique": "751, 201, 15E" }, "geometry": { "type": "LineString", "coordinates": [ [ -9.1838786, 38.699977 ], [ -9.1836705, 38.7000633 ], [ -9.1833274, 38.7002055 ], [ -9.1838786, 38.699977 ] ] } },
{ "type": "Feature", "properties": { "services_sum": 3.9546444455087855, "total_departures_sum": 197, "route_short_name_sum": null, "services_unique": null, "total_departures_unique": null, "route_short_name_unique": "751, 201, 15E" }, "geometry": { "type": "LineString", "coordinates": [ [ -9.1838786, 38.699977 ], [ -9.1856174, 38.6992562 ], [ -9.1843448, 38.6997838 ], [ -9.1838786, 38.699977 ] ] } },
{ "type": "Feature", "properties": { "services_sum": 3.9546444455087855, "total_departures_sum": 197, "route_short_name_sum": null, "services_unique": null, "total_departures_unique": null, "route_short_name_unique": "751, 201, 15E" }, "geometry": { "type": "LineString", "coordinates": [ [ -9.198611, 38.6974189 ], [ -9.1985839, 38.6974195 ], [ -9.1978344, 38.6974337 ], [ -9.198611, 38.6974189 ] ] } },
{ "type": "Feature", "properties": { "services_sum": 3.9546444455087855, "total_departures_sum": 197, "route_short_name_sum": null, "services_unique": null, "total_departures_unique": null, "route_short_name_unique": "751, 201, 15E" }, "geometry": { "type": "LineString", "coordinates": [ [ -9.1962747, 38.6974487 ], [ -9.1960058, 38.697464 ], [ -9.195977, 38.6974656 ], [ -9.1962747, 38.6974487 ] ] } },
{ "type": "Feature", "properties": { "services_sum": 3.9546444455087855, "total_departures_sum": 197, "route_short_name_sum": null, "services_unique": null, "total_departures_unique": null, "route_short_name_unique": "751, 201, 15E" }, "geometry": { "type": "LineString", "coordinates": [ [ -9.1941786, 38.6974241 ], [ -9.1941701, 38.6974247 ], [ -9.1939896, 38.6974358 ], [ -9.1941786, 38.6974241 ] ] } },
{ "type": "Feature", "properties": { "services_sum": 3.9546444455087855, "total_departures_sum": 197, "route_short_name_sum": null, "services_unique": null, "total_departures_unique": null, "route_short_name_unique": "751, 201, 15E" }, "geometry": { "type": "LineString", "coordinates": [ [ -9.1926403, 38.6976806 ], [ -9.1917558, 38.6978189 ], [ -9.1914994, 38.697859 ], [ -9.1926403, 38.6976806 ] ] } },
{ "type": "Feature", "properties": { "services_sum": 3.9546444455087855, "total_departures_sum": 197, "route_short_name_sum": null, "services_unique": null, "total_departures_unique": null, "route_short_name_unique": "751, 201, 15E" }, "geometry": { "type": "LineString", "coordinates": [ [ -9.1908731, 38.6979825 ], [ -9.1905382, 38.6980286 ], [ -9.1902187, 38.6980725 ], [ -9.1908731, 38.6979825 ] ] } },
{ "type": "Feature", "properties": { "services_sum": 3.9546444455087855, "total_departures_sum": 197, "route_short_name_sum": null, "services_unique": null, "total_departures_unique": null, "route_short_name_unique": "751, 201, 15E" }, "geometry": { "type": "LineString", "coordinates": [ [ -9.1889674, 38.6983001 ], [ -9.1883546, 38.6984219 ], [ -9.1879859, 38.6984952 ], [ -9.1889674, 38.6983001 ] ] } },
{ "type": "Feature", "properties": { "services_sum": 3.9546444455087855, "total_departures_sum": 197, "route_short_name_sum": null, "services_unique": null, "total_departures_unique": null, "route_short_name_unique": "751, 201, 15E" }, "geometry": { "type": "LineString", "coordinates": [ [ -9.187519, 38.6985822 ], [ -9.1874048, 38.6986116 ], [ -9.1870671, 38.6986984 ], [ -9.187519, 38.6985822 ] ] } },
{ "type": "Feature", "properties": { "services_sum": 3.9546444455087855, "total_departures_sum": 197, "route_short_name_sum": null, "services_unique": null, "total_departures_unique": null, "route_short_name_unique": "751, 201, 15E" }, "geometry": { "type": "LineString", "coordinates": [ [ -9.1810527, 38.7018596 ], [ -9.1809737, 38.701957 ], [ -9.1809191, 38.7020244 ], [ -9.1810527, 38.7018596 ] ] } },
{ "type": "Feature", "properties": { "services_sum": 4.9549223004684961, "total_departures_sum": 213, "route_short_name_sum": null, "services_unique": null, "total_departures_unique": null, "route_short_name_unique": "729, 751, 201, 15E" }, "geometry": { "type": "LineString", "coordinates": [ [ -9.2041479, 38.697452 ], [ -9.204116, 38.6974503 ], [ -9.2040504, 38.6974461 ] ] } },
{ "type": "Feature", "properties": { "services_sum": 4.9549223004684961, "total_departures_sum": 213, "route_short_name_sum": null, "services_unique": null, "total_departures_unique": null, "route_short_name_unique": "729, 751, 201, 15E" }, "geometry": { "type": "LineString", "coordinates": [ [ -9.2039373, 38.6974381 ], [ -9.2038212, 38.6974306 ], [ -9.2035, 38.6974086 ], [ -9.2031638, 38.6973844 ] ] } },
{ "type": "Feature", "properties": { "services_sum": 4.9549223004684961, "total_departures_sum": 213, "route_short_name_sum": null, "services_unique": null, "total_departures_unique": null, "route_short_name_unique": "729, 751, 201, 15E" }, "geometry": { "type": "LineString", "coordinates": [ [ -9.2026217, 38.6973441 ], [ -9.2024786, 38.6973346 ], [ -9.2021092, 38.6973207 ], [ -9.2019256, 38.697312 ], [ -9.2017953, 38.6972977 ], [ -9.2016242, 38.6972727 ], [ -9.2014083, 38.697245 ], [ -9.2011944, 38.6972273 ], [ -9.2011531, 38.6972284 ], [ -9.2010369, 38.697231 ], [ -9.2009204, 38.6972433 ], [ -9.2007541, 38.6972622 ], [ -9.2004562, 38.6972993 ], [ -9.199904, 38.6973834 ], [ -9.1998206, 38.6973839 ], [ -9.1997819, 38.6973841 ], [ -9.1996925, 38.6973847 ] ] } },
{ "type": "Feature", "properties": { "services_sum": 2.4945714212148, "total_departures_sum": 142, "route_short_name_sum": null, "services_unique": null, "total_departures_unique": null, "route_short_name_unique": "750, 202" }, "geometry": { "type": "LineString", "coordinates": [ [ -9.2038123, 38.7452179 ], [ -9.2036332, 38.7452114 ], [ -9.203156, 38.7452041 ], [ -9.2027324, 38.7451806 ], [ -9.2020354, 38.7451419 ] ] } },
{ "type": "Feature", "properties": { "services_sum": 2.4945714212148, "total_departures_sum": 142, "route_short_name_sum": null, "services_unique": null, "total_departures_unique": null, "route_short_name_unique": "750, 202" }, "geometry": { "type": "LineString", "coordinates": [ [ -9.1989406, 38.7447637 ], [ -9.198744, 38.7447502 ] ] } },
{ "type": "Feature", "properties": { "services_sum": 2.4945714212148, "total_departures_sum": 142, "route_short_name_sum": null, "services_unique": null, "total_departures_unique": null, "route_short_name_unique": "750, 202" }, "geometry": { "type": "LineString", "coordinates": [ [ -9.1981124, 38.7444862 ], [ -9.198026, 38.7448926 ] ] } },
{ "type": "Feature", "properties": { "services_sum": 3.2009558432972147, "total_departures_sum": 63, "route_short_name_sum": null, "services_unique": null, "total_departures_unique": null, "route_short_name_unique": "729, 746, 758" }, "geometry": { "type": "LineString", "coordinates": [ [ -9.2033504, 38.7491103 ], [ -9.2034004, 38.7491623 ], [ -9.2034316, 38.7491972 ], [ -9.203468, 38.7492468 ], [ -9.2034805, 38.7492864 ], [ -9.2034867, 38.7493302 ], [ -9.2034857, 38.7493651 ], [ -9.2034857, 38.7494113 ], [ -9.2034825, 38.7494421 ], [ -9.2034662, 38.7494975 ], [ -9.2033996, 38.7496528 ], [ -9.2032902, 38.7498318 ] ] } },
{ "type": "Feature", "properties": { "services_sum": 3.2009558432972147, "total_departures_sum": 63, "route_short_name_sum": null, "services_unique": null, "total_departures_unique": null, "route_short_name_unique": "729, 746, 758" }, "geometry": { "type": "LineString", "coordinates": [ [ -9.2032644, 38.7490553 ], [ -9.202634, 38.7488943 ], [ -9.2024951, 38.7488588 ] ] } },
{ "type": "Feature", "properties": { "services_sum": 3.2009558432972147, "total_departures_sum": 63, "route_short_name_sum": null, "services_unique": null, "total_departures_unique": null, "route_short_name_unique": "729, 746, 758" }, "geometry": { "type": "LineString", "coordinates": [ [ -9.2030699, 38.7502442 ], [ -9.2029502, 38.7504684 ], [ -9.2026332, 38.751062 ] ] } },
{ "type": "Feature", "properties": { "services_sum": 3.0002778549597111, "total_departures_sum": 274, "route_short_name_sum": null, "services_unique": null, "total_departures_unique": null, "route_short_name_unique": "729, 203" }, "geometry": { "type": "LineString", "coordinates": [ [ -9.2018102, 38.7121519 ], [ -9.2019264, 38.7121361 ], [ -9.202058, 38.7121452 ], [ -9.2021648, 38.7121612 ], [ -9.2022818, 38.7122016 ], [ -9.2024134, 38.7122972 ], [ -9.202503, 38.7123771 ], [ -9.2026404, 38.7125929 ], [ -9.2030015, 38.7131313 ], [ -9.2030629, 38.7131998 ], [ -9.2031271, 38.7131841 ], [ -9.2031944, 38.7131854 ], [ -9.2032575, 38.7132037 ], [ -9.2033097, 38.7132369 ], [ -9.2033453, 38.7132815 ], [ -9.2033605, 38.7133327 ], [ -9.2033545, 38.7133825 ], [ -9.2033291, 38.7134285 ], [ -9.2032868, 38.7134661 ], [ -9.2032316, 38.7134917 ], [ -9.203169, 38.7135027 ], [ -9.2031051, 38.7134981 ], [ -9.2030462, 38.7134784 ], [ -9.2030026, 38.7134497 ], [ -9.2029708, 38.7134128 ], [ -9.2028145, 38.71337 ], [ -9.2026939, 38.7133521 ], [ -9.2026552, 38.7133529 ], [ -9.2023603, 38.7133589 ], [ -9.2020169, 38.7134037 ], [ -9.2016601, 38.7135021 ], [ -9.2014075, 38.7136068 ], [ -9.2013401, 38.7136404 ], [ -9.2012021, 38.7137552 ] ] } },
{ "type": "Feature", "properties": { "services_sum": 3.0002778549597111, "total_departures_sum": 274, "route_short_name_sum": null, "services_unique": null, "total_departures_unique": null, "route_short_name_unique": "729, 203" }, "geometry": { "type": "LineString", "coordinates": [ [ -9.201169, 38.7138671 ], [ -9.2011343, 38.7138955 ], [ -9.2010996, 38.7139126 ], [ -9.201061, 38.7139234 ], [ -9.2010025, 38.7139271 ], [ -9.2009454, 38.7139164 ], [ -9.2008952, 38.7138926 ] ] } },
{ "type": "Feature", "properties": { "services_sum": 3.0002778549597111, "total_departures_sum": 274, "route_short_name_sum": null, "services_unique": null, "total_departures_unique": null, "route_short_name_unique": "729, 203" }, "geometry": { "type": "LineString", "coordinates": [ [ -9.2010008, 38.7136347 ], [ -9.2009397, 38.7136471 ], [ -9.2008873, 38.7136747 ] ] } },
{ "type": "Feature", "properties": { "services_sum": 3.0002778549597111, "total_departures_sum": 274, "route_short_name_sum": null, "services_unique": null, "total_departures_unique": null, "route_short_name_unique": "729, 203" }, "geometry": { "type": "LineString", "coordinates": [ [ -9.1991435, 38.706223 ], [ -9.199126, 38.706373 ], [ -9.1991212, 38.7064138 ], [ -9.1990878, 38.7067184 ] ] } },
{ "type": "Feature", "properties": { "services_sum": 3.0002778549597111, "total_departures_sum": 274, "route_short_name_sum": null, "services_unique": null, "total_departures_unique": null, "route_short_name_unique": "729, 203" }, "geometry": { "type": "LineString", "coordinates": [ [ -9.1987811, 38.7138705 ], [ -9.1981957, 38.7138799 ], [ -9.1974881, 38.7138913 ], [ -9.1969741, 38.7138996 ], [ -9.1963768, 38.7139092 ], [ -9.1963288, 38.71391 ], [ -9.196158, 38.7139128 ], [ -9.1958959, 38.7138822 ], [ -9.1957712, 38.7139041 ], [ -9.1955154, 38.7139028 ], [ -9.1954185, 38.713878 ], [ -9.1953504, 38.7138413 ], [ -9.1953072, 38.7137953 ], [ -9.1952856, 38.7137313 ], [ -9.1952911, 38.7136478 ], [ -9.1953269, 38.7135716 ], [ -9.1953914, 38.7135301 ], [ -9.1954559, 38.7134887 ] ] } },
{ "type": "Feature", "properties": { "services_sum": 3.0002778549597111, "total_departures_sum": 274, "route_short_name_sum": null, "services_unique": null, "total_departures_unique": null, "route_short_name_unique": "729, 203" }, "geometry": { "type": "LineString", "coordinates": [ [ -9.1987717, 38.7137182 ], [ -9.1983194, 38.7137278 ], [ -9.1981974, 38.7137298 ], [ -9.197317, 38.7137475 ], [ -9.1963975, 38.713766 ], [ -9.1963759, 38.7137603 ], [ -9.196163, 38.713704 ], [ -9.1960139, 38.713627 ], [ -9.1959496, 38.7135484 ], [ -9.1958409, 38.7134857 ] ] } },
{ "type": "Feature", "properties": { "services_sum": 2.1434979248231598, "total_departures_sum": 41, "route_short_name_sum": null, "services_unique": null, "total_departures_unique": null, "route_short_name_unique": "729, 750" }, "geometry": { "type": "LineString", "coordinates": [ [ -9.2025053, 38.7392212 ], [ -9.2024279, 38.7391722 ] ] } },
{ "type": "Feature", "properties": { "services_sum": 2.1434979248231598, "total_departures_sum": 41, "route_short_name_sum": null, "services_unique": null, "total_departures_unique": null, "route_short_name_unique": "729, 750" }, "geometry": { "type": "LineString", "coordinates": [ [ -9.2021238, 38.7399015 ], [ -9.2020249, 38.7398904 ], [ -9.2019307, 38.7398645 ] ] } },
{ "type": "Feature", "properties": { "services_sum": 2.1434979248231598, "total_departures_sum": 41, "route_short_name_sum": null, "services_unique": null, "total_departures_unique": null, "route_short_name_unique": "729, 750" }, "geometry": { "type": "LineString", "coordinates": [ [ -9.1993, 38.7447951 ], [ -9.1989406, 38.7447637 ] ] } },
{ "type": "Feature", "properties": { "services_sum": 3.8459227725661513, "total_departures_sum": 259, "route_short_name_sum": null, "services_unique": null, "total_departures_unique": null, "route_short_name_unique": "750, 202" }, "geometry": { "type": "LineString", "coordinates": [ [ -9.2020354, 38.7451419 ], [ -9.2005688, 38.7450618 ] ] } },
{ "type": "Feature", "properties": { "services_sum": 3.8459227725661513, "total_departures_sum": 259, "route_short_name_sum": null, "services_unique": null, "total_departures_unique": null, "route_short_name_unique": "750, 202" }, "geometry": { "type": "LineString", "coordinates": [ [ -9.198026, 38.7448926 ], [ -9.1979459, 38.7457417 ], [ -9.1979395, 38.7458205 ], [ -9.1978145, 38.7471944 ] ] } },
{ "type": "Feature", "properties": { "services_sum": 2.3516292063110624, "total_departures_sum": 133, "route_short_name_sum": null, "services_unique": null, "total_departures_unique": null, "route_short_name_unique": "729, 202" }, "geometry": { "type": "LineString", "coordinates": [ [ -9.2001047, 38.7450322 ], [ -9.1997135, 38.7448691 ] ] } },
{ "type": "Feature", "properties": { "services_sum": 2.3516292063110624, "total_departures_sum": 133, "route_short_name_sum": null, "services_unique": null, "total_departures_unique": null, "route_short_name_unique": "729, 202" }, "geometry": { "type": "LineString", "coordinates": [ [ -9.1969621, 38.7617526 ], [ -9.1969529, 38.761749 ], [ -9.196826, 38.7616989 ] ] } },
{ "type": "Feature", "properties": { "services_sum": 2.3516292063110624, "total_departures_sum": 133, "route_short_name_sum": null, "services_unique": null, "total_departures_unique": null, "route_short_name_unique": "729, 202" }, "geometry": { "type": "LineString", "coordinates": [ [ -9.1961179, 38.7502267 ], [ -9.1955993, 38.7500991 ], [ -9.1955488, 38.7500866 ] ] } },
{ "type": "Feature", "properties": { "services_sum": 2.3516292063110624, "total_departures_sum": 133, "route_short_name_sum": null, "services_unique": null, "total_departures_unique": null, "route_short_name_unique": "729, 202" }, "geometry": { "type": "LineString", "coordinates": [ [ -9.19438, 38.7498331 ], [ -9.1941162, 38.7497834 ] ] } },
{ "type": "Feature", "properties": { "services_sum": 2.3516292063110624, "total_departures_sum": 133, "route_short_name_sum": null, "services_unique": null, "total_departures_unique": null, "route_short_name_unique": "729, 202" }, "geometry": { "type": "LineString", "coordinates": [ [ -9.1927319, 38.7495182 ], [ -9.1923446, 38.7494448 ], [ -9.1912562, 38.7492519 ] ] } },
{ "type": "Feature", "properties": { "services_sum": 3.4948492761745111, "total_departures_sum": 158, "route_short_name_sum": null, "services_unique": null, "total_departures_unique": null, "route_short_name_unique": "729, 750, 202" }, "geometry": { "type": "LineString", "coordinates": [ [ -9.1997135, 38.7448691 ], [ -9.1994986, 38.7448172 ], [ -9.1993545, 38.7448007 ], [ -9.1993, 38.7447951 ] ] } },
{ "type": "Feature", "properties": { "services_sum": 3.4948492761745111, "total_departures_sum": 158, "route_short_name_sum": null, "services_unique": null, "total_departures_unique": null, "route_short_name_unique": "729, 750, 202" }, "geometry": { "type": "LineString", "coordinates": [ [ -9.198744, 38.7447502 ], [ -9.1985695, 38.7446908 ], [ -9.1982948, 38.7445569 ], [ -9.1981124, 38.7444862 ] ] } },
{ "type": "Feature", "properties": { "services_sum": 4.7022446456668732, "total_departures_sum": 263, "route_short_name_sum": null, "services_unique": null, "total_departures_unique": null, "route_short_name_unique": "729, 726, 202" }, "geometry": { "type": "LineString", "coordinates": [ [ -9.1985085, 38.765752 ], [ -9.1980096, 38.7663492 ] ] } },
{ "type": "Feature", "properties": { "services_sum": 4.7022446456668732, "total_departures_sum": 263, "route_short_name_sum": null, "services_unique": null, "total_departures_unique": null, "route_short_name_unique": "729, 726, 202" }, "geometry": { "type": "LineString", "coordinates": [ [ -9.1971543, 38.7631462 ], [ -9.197173, 38.7631806 ], [ -9.1972055, 38.7632124 ], [ -9.1972421, 38.7632313 ], [ -9.1972847, 38.7632491 ], [ -9.1974748, 38.7632797 ], [ -9.1976774, 38.7633147 ], [ -9.1980033, 38.7633714 ], [ -9.1987465, 38.7634715 ], [ -9.198828, 38.7635178 ], [ -9.1988701, 38.7635608 ], [ -9.1988854, 38.7636373 ], [ -9.1987131, 38.7641503 ], [ -9.1987514, 38.7643033 ], [ -9.1988176, 38.7643161 ], [ -9.1993849, 38.7644368 ], [ -9.1994925, 38.7644561 ], [ -9.1994597, 38.764575 ], [ -9.1994451, 38.7646094 ], [ -9.1994067, 38.7647612 ], [ -9.1993786, 38.7648427 ], [ -9.1993601, 38.7648709 ], [ -9.199344, 38.7648881 ], [ -9.1993203, 38.7649041 ], [ -9.1993071, 38.7649129 ], [ -9.1992616, 38.7649337 ], [ -9.1991752, 38.7649674 ], [ -9.1990776, 38.7650055 ], [ -9.1990033, 38.7650345 ], [ -9.1989134, 38.7650695 ], [ -9.1988834, 38.7650813 ], [ -9.1988727, 38.7650854 ], [ -9.1987339, 38.7651395 ], [ -9.1985453, 38.7652131 ], [ -9.1984893, 38.7652458 ], [ -9.1984605, 38.7652732 ], [ -9.1984454, 38.7652963 ], [ -9.198429, 38.7653388 ], [ -9.1984274, 38.7653695 ], [ -9.198433, 38.7654052 ], [ -9.1984394, 38.7654309 ], [ -9.1984462, 38.7654767 ] ] } },
{ "type": "Feature", "properties": { "services_sum": 4.7022446456668732, "total_departures_sum": 263, "route_short_name_sum": null, "services_unique": null, "total_departures_unique": null, "route_short_name_unique": "729, 726, 202" }, "geometry": { "type": "LineString", "coordinates": [ [ -9.1967799, 38.7679318 ], [ -9.1958012, 38.7687942 ], [ -9.1956509, 38.7689265 ], [ -9.195265, 38.7693223 ] ] } },
{ "type": "Feature", "properties": { "services_sum": 4.7022446456668732, "total_departures_sum": 263, "route_short_name_sum": null, "services_unique": null, "total_departures_unique": null, "route_short_name_unique": "729, 726, 202" }, "geometry": { "type": "LineString", "coordinates": [ [ -9.1967328, 38.760787 ], [ -9.1966958, 38.7608908 ] ] } },
{ "type": "Feature", "properties": { "services_sum": 4.7022446456668732, "total_departures_sum": 263, "route_short_name_sum": null, "services_unique": null, "total_departures_unique": null, "route_short_name_unique": "729, 726, 202" }, "geometry": { "type": "LineString", "coordinates": [ [ -9.1938359, 38.7707692 ], [ -9.1935243, 38.7709312 ], [ -9.1934497, 38.7709699 ], [ -9.1929485, 38.7711662 ] ] } },
{ "type": "Feature", "properties": { "services_sum": 4.7022446456668732, "total_departures_sum": 263, "route_short_name_sum": null, "services_unique": null, "total_departures_unique": null, "route_short_name_unique": "729, 726, 202" }, "geometry": { "type": "LineString", "coordinates": [ [ -9.190872, 38.7721288 ], [ -9.1907118, 38.7721785 ], [ -9.1903855, 38.7722795 ] ] } },
{ "type": "Feature", "properties": { "services_sum": 4.7022446456668732, "total_departures_sum": 263, "route_short_name_sum": null, "services_unique": null, "total_departures_unique": null, "route_short_name_unique": "729, 726, 202" }, "geometry": { "type": "LineString", "coordinates": [ [ -9.1903368, 38.7722336 ], [ -9.1900488, 38.7719531 ] ] } },
{ "type": "Feature", "properties": { "services_sum": 4.7022446456668732, "total_departures_sum": 263, "route_short_name_sum": null, "services_unique": null, "total_departures_unique": null, "route_short_name_unique": "729, 726, 202" }, "geometry": { "type": "LineString", "coordinates": [ [ -9.1897185, 38.7695469 ], [ -9.189636, 38.7695979 ], [ -9.1893403, 38.7697807 ] ] } },
{ "type": "Feature", "properties": { "services_sum": 4.7022446456668732, "total_departures_sum": 263, "route_short_name_sum": null, "services_unique": null, "total_departures_unique": null, "route_short_name_unique": "729, 726, 202" }, "geometry": { "type": "LineString", "coordinates": [ [ -9.1892235, 38.771146 ], [ -9.1890163, 38.7709438 ], [ -9.1889978, 38.7709257 ] ] } },
{ "type": "Feature", "properties": { "services_sum": 5.2853821854782126, "total_departures_sum": 276, "route_short_name_sum": null, "services_unique": null, "total_departures_unique": null, "route_short_name_unique": "201, 15E" }, "geometry": { "type": "LineString", "coordinates": [ [ -9.1993666, 38.697406 ], [ -9.1993148, 38.6974084 ], [ -9.1991819, 38.6974143 ] ] } },
{ "type": "Feature", "properties": { "services_sum": 5.2853821854782126, "total_departures_sum": 276, "route_short_name_sum": null, "services_unique": null, "total_departures_unique": null, "route_short_name_unique": "201, 15E" }, "geometry": { "type": "LineString", "coordinates": [ [ -9.1683381, 38.7034906 ], [ -9.168102, 38.7034903 ] ] } },
{ "type": "Feature", "properties": { "services_sum": 5.0002778549597107, "total_departures_sum": 532, "route_short_name_sum": null, "services_unique": null, "total_departures_unique": null, "route_short_name_unique": "729, 203" }, "geometry": { "type": "LineString", "coordinates": [ [ -9.1993368, 38.7046761 ], [ -9.199327, 38.7047398 ], [ -9.1993227, 38.7048442 ], [ -9.1992899, 38.7050606 ], [ -9.1992113, 38.7057245 ], [ -9.1991435, 38.706223 ] ] } },
{ "type": "Feature", "properties": { "services_sum": 5.0002778549597107, "total_departures_sum": 532, "route_short_name_sum": null, "services_unique": null, "total_departures_unique": null, "route_short_name_unique": "729, 203" }, "geometry": { "type": "LineString", "coordinates": [ [ -9.1990878, 38.7067184 ], [ -9.1990776, 38.7068156 ] ] } },
{ "type": "Feature", "properties": { "services_sum": 2.6239067055393583, "total_departures_sum": 118, "route_short_name_sum": null, "services_unique": null, "total_departures_unique": null, "route_short_name_unique": "751" }, "geometry": { "type": "LineString", "coordinates": [ [ -9.1993148, 38.6974088 ], [ -9.1991819, 38.6974143 ] ] } },
{ "type": "Feature", "properties": { "services_sum": 2.6239067055393583, "total_departures_sum": 118, "route_short_name_sum": null, "services_unique": null, "total_departures_unique": null, "route_short_name_unique": "751" }, "geometry": { "type": "LineString", "coordinates": [ [ -9.1772068, 38.704959 ], [ -9.1770968, 38.7049993 ], [ -9.1768776, 38.7051169 ], [ -9.1765555, 38.7052937 ] ] } },
{ "type": "Feature", "properties": { "services_sum": 2.6239067055393583, "total_departures_sum": 118, "route_short_name_sum": null, "services_unique": null, "total_departures_unique": null, "route_short_name_unique": "751" }, "geometry": { "type": "LineString", "coordinates": [ [ -9.1763349, 38.7054598 ], [ -9.1761463, 38.7056996 ] ] } },
{ "type": "Feature", "properties": { "services_sum": 6.5862458921201066, "total_departures_sum": 351, "route_short_name_sum": null, "services_unique": null, "total_departures_unique": null, "route_short_name_unique": "751, 201, 15E" }, "geometry": { "type": "LineString", "coordinates": [ [ -9.1991819, 38.6974143 ], [ -9.198611, 38.6974189 ] ] } },
{ "type": "Feature", "properties": { "services_sum": 6.5862458921201066, "total_departures_sum": 351, "route_short_name_sum": null, "services_unique": null, "total_departures_unique": null, "route_short_name_unique": "751, 201, 15E" }, "geometry": { "type": "LineString", "coordinates": [ [ -9.1807236, 38.7022343 ], [ -9.180678, 38.7022814 ] ] } },
{ "type": "Feature", "properties": { "services_sum": 8.4042114363740339, "total_departures_sum": 510, "route_short_name_sum": null, "services_unique": null, "total_departures_unique": null, "route_short_name_unique": "729, 726, 202" }, "geometry": { "type": "LineString", "coordinates": [ [ -9.1985085, 38.765752 ], [ -9.1985125, 38.7656009 ], [ -9.1984462, 38.7654767 ] ] } },
{ "type": "Feature", "properties": { "services_sum": 8.4042114363740339, "total_departures_sum": 510, "route_short_name_sum": null, "services_unique": null, "total_departures_unique": null, "route_short_name_unique": "729, 726, 202" }, "geometry": { "type": "LineString", "coordinates": [ [ -9.1980096, 38.7663492 ], [ -9.197664, 38.7667807 ], [ -9.196952, 38.767778 ], [ -9.1967799, 38.7679318 ] ] } },
{ "type": "Feature", "properties": { "services_sum": 8.4042114363740339, "total_departures_sum": 510, "route_short_name_sum": null, "services_unique": null, "total_departures_unique": null, "route_short_name_unique": "729, 726, 202" }, "geometry": { "type": "LineString", "coordinates": [ [ -9.1969621, 38.7617526 ], [ -9.1970145, 38.7617733 ], [ -9.1972401, 38.7618623 ], [ -9.1973605, 38.7619097 ], [ -9.1973167, 38.7621728 ], [ -9.1972751, 38.762423 ], [ -9.1972604, 38.7625115 ], [ -9.1972382, 38.7626448 ], [ -9.1971968, 38.7628934 ], [ -9.1971629, 38.7630968 ], [ -9.1971543, 38.7631462 ] ] } },
{ "type": "Feature", "properties": { "services_sum": 8.4042114363740339, "total_departures_sum": 510, "route_short_name_sum": null, "services_unique": null, "total_departures_unique": null, "route_short_name_unique": "729, 726, 202" }, "geometry": { "type": "LineString", "coordinates": [ [ -9.196826, 38.7616989 ], [ -9.1966851, 38.7616434 ], [ -9.1966431, 38.7616268 ], [ -9.1966047, 38.7616062 ] ] } },
{ "type": "Feature", "properties": { "services_sum": 8.4042114363740339, "total_departures_sum": 510, "route_short_name_sum": null, "services_unique": null, "total_departures_unique": null, "route_short_name_unique": "729, 726, 202" }, "geometry": { "type": "LineString", "coordinates": [ [ -9.1966958, 38.7608908 ], [ -9.1966149, 38.7611361 ], [ -9.1965491, 38.7614352 ], [ -9.196547, 38.7614891 ], [ -9.1965491, 38.7615314 ], [ -9.1965658, 38.7615717 ] ] } },
{ "type": "Feature", "properties": { "services_sum": 8.4042114363740339, "total_departures_sum": 510, "route_short_name_sum": null, "services_unique": null, "total_departures_unique": null, "route_short_name_unique": "729, 726, 202" }, "geometry": { "type": "LineString", "coordinates": [ [ -9.195265, 38.7693223 ], [ -9.1948604, 38.7697423 ], [ -9.1941707, 38.770468 ], [ -9.1938359, 38.7707692 ] ] } },
{ "type": "Feature", "properties": { "services_sum": 8.4042114363740339, "total_departures_sum": 510, "route_short_name_sum": null, "services_unique": null, "total_departures_unique": null, "route_short_name_unique": "729, 726, 202" }, "geometry": { "type": "LineString", "coordinates": [ [ -9.1929485, 38.7711662 ], [ -9.1927861, 38.7712313 ], [ -9.1918404, 38.7718583 ], [ -9.190872, 38.7721288 ] ] } },
{ "type": "Feature", "properties": { "services_sum": 8.4042114363740339, "total_departures_sum": 510, "route_short_name_sum": null, "services_unique": null, "total_departures_unique": null, "route_short_name_unique": "729, 726, 202" }, "geometry": { "type": "LineString", "coordinates": [ [ -9.1903855, 38.7722795 ], [ -9.1903368, 38.7722336 ] ] } },
{ "type": "Feature", "properties": { "services_sum": 8.4042114363740339, "total_departures_sum": 510, "route_short_name_sum": null, "services_unique": null, "total_departures_unique": null, "route_short_name_unique": "729, 726, 202" }, "geometry": { "type": "LineString", "coordinates": [ [ -9.1900488, 38.7719531 ], [ -9.1899701, 38.7718828 ], [ -9.1896109, 38.7715154 ], [ -9.1892235, 38.771146 ] ] } },
{ "type": "Feature", "properties": { "services_sum": 8.4042114363740339, "total_departures_sum": 510, "route_short_name_sum": null, "services_unique": null, "total_departures_unique": null, "route_short_name_unique": "729, 726, 202" }, "geometry": { "type": "LineString", "coordinates": [ [ -9.1889978, 38.7709257 ], [ -9.1888629, 38.7707977 ], [ -9.1887615, 38.7706984 ], [ -9.1885543, 38.7704955 ], [ -9.1885308, 38.7704725 ], [ -9.1884839, 38.7704291 ], [ -9.1884889, 38.7703722 ], [ -9.1884901, 38.7703214 ], [ -9.1889244, 38.7700378 ], [ -9.1893403, 38.7697807 ] ] } },
{ "type": "Feature", "properties": { "services_sum": 3.7019667907071616, "total_departures_sum": 247, "route_short_name_sum": null, "services_unique": null, "total_departures_unique": null, "route_short_name_unique": "726, 202" }, "geometry": { "type": "LineString", "coordinates": [ [ -9.1985085, 38.765752 ], [ -9.1982383, 38.7660754 ], [ -9.1980096, 38.7663492 ] ] } },
{ "type": "Feature", "properties": { "services_sum": 3.7019667907071616, "total_departures_sum": 247, "route_short_name_sum": null, "services_unique": null, "total_departures_unique": null, "route_short_name_unique": "726, 202" }, "geometry": { "type": "LineString", "coordinates": [ [ -9.1984462, 38.7654767 ], [ -9.1983454, 38.7652875 ], [ -9.1982349, 38.7651229 ], [ -9.197776, 38.7644391 ], [ -9.1975917, 38.7643094 ], [ -9.1972357, 38.7641486 ], [ -9.1971943, 38.7641263 ], [ -9.1971623, 38.7641071 ], [ -9.197135, 38.7640927 ], [ -9.1970575, 38.7640644 ], [ -9.1970171, 38.7640385 ], [ -9.1969948, 38.7640106 ], [ -9.1969836, 38.7639847 ], [ -9.1969806, 38.763945 ], [ -9.1969895, 38.7638675 ], [ -9.1970939, 38.7633049 ], [ -9.197109, 38.7632239 ], [ -9.1971543, 38.7631462 ] ] } },
{ "type": "Feature", "properties": { "services_sum": 3.7019667907071616, "total_departures_sum": 247, "route_short_name_sum": null, "services_unique": null, "total_departures_unique": null, "route_short_name_unique": "726, 202" }, "geometry": { "type": "LineString", "coordinates": [ [ -9.1967799, 38.7679318 ], [ -9.1956509, 38.7689265 ], [ -9.1955883, 38.7689907 ], [ -9.195265, 38.7693223 ] ] } },
{ "type": "Feature", "properties": { "services_sum": 3.7019667907071616, "total_departures_sum": 247, "route_short_name_sum": null, "services_unique": null, "total_departures_unique": null, "route_short_name_unique": "726, 202" }, "geometry": { "type": "LineString", "coordinates": [ [ -9.1938359, 38.7707692 ], [ -9.1934497, 38.7709699 ], [ -9.1934175, 38.7709825 ], [ -9.1929485, 38.7711662 ] ] } },
{ "type": "Feature", "properties": { "services_sum": 3.7019667907071616, "total_departures_sum": 247, "route_short_name_sum": null, "services_unique": null, "total_departures_unique": null, "route_short_name_unique": "726, 202" }, "geometry": { "type": "LineString", "coordinates": [ [ -9.190872, 38.7721288 ], [ -9.1903855, 38.7722795 ] ] } },
{ "type": "Feature", "properties": { "services_sum": 3.7019667907071616, "total_departures_sum": 247, "route_short_name_sum": null, "services_unique": null, "total_departures_unique": null, "route_short_name_unique": "726, 202" }, "geometry": { "type": "LineString", "coordinates": [ [ -9.1903368, 38.7722336 ], [ -9.1901209, 38.7720233 ], [ -9.1900488, 38.7719531 ] ] } },
{ "type": "Feature", "properties": { "services_sum": 3.7019667907071616, "total_departures_sum": 247, "route_short_name_sum": null, "services_unique": null, "total_departures_unique": null, "route_short_name_unique": "726, 202" }, "geometry": { "type": "LineString", "coordinates": [ [ -9.1897471, 38.7691076 ], [ -9.1900046, 38.7691544 ], [ -9.190245, 38.7692214 ], [ -9.1897469, 38.7695293 ], [ -9.1897185, 38.7695469 ] ] } },
{ "type": "Feature", "properties": { "services_sum": 3.7019667907071616, "total_departures_sum": 247, "route_short_name_sum": null, "services_unique": null, "total_departures_unique": null, "route_short_name_unique": "726, 202" }, "geometry": { "type": "LineString", "coordinates": [ [ -9.1893403, 38.7697807 ], [ -9.1890788, 38.7690508 ] ] } },
{ "type": "Feature", "properties": { "services_sum": 3.7019667907071616, "total_departures_sum": 247, "route_short_name_sum": null, "services_unique": null, "total_departures_unique": null, "route_short_name_unique": "726, 202" }, "geometry": { "type": "LineString", "coordinates": [ [ -9.1892235, 38.771146 ], [ -9.1891826, 38.7711061 ], [ -9.1889978, 38.7709257 ] ] } },
{ "type": "Feature", "properties": { "services_sum": 3.7019667907071616, "total_departures_sum": 247, "route_short_name_sum": null, "services_unique": null, "total_departures_unique": null, "route_short_name_unique": "726, 202" }, "geometry": { "type": "LineString", "coordinates": [ [ -9.1680955, 38.74119 ], [ -9.1677361, 38.7408194 ], [ -9.1677077, 38.74079 ], [ -9.1675709, 38.7406295 ], [ -9.1674802, 38.7405232 ], [ -9.1674782, 38.7405208 ], [ -9.1673678, 38.7403832 ], [ -9.1672485, 38.7401985 ], [ -9.1671633, 38.7400667 ], [ -9.1670697, 38.7399 ], [ -9.1669378, 38.7396651 ] ] } },
{ "type": "Feature", "properties": { "services_sum": 7.9092888910175709, "total_departures_sum": 394, "route_short_name_sum": null, "services_unique": null, "total_departures_unique": null, "route_short_name_unique": "751, 201, 15E" }, "geometry": { "type": "LineString", "coordinates": [ [ -9.1978344, 38.6974337 ], [ -9.1972578, 38.697436 ], [ -9.1972241, 38.697437 ], [ -9.1970007, 38.6974377 ], [ -9.1963787, 38.6974455 ], [ -9.1962747, 38.6974487 ] ] } },
{ "type": "Feature", "properties": { "services_sum": 7.9092888910175709, "total_departures_sum": 394, "route_short_name_sum": null, "services_unique": null, "total_departures_unique": null, "route_short_name_unique": "751, 201, 15E" }, "geometry": { "type": "LineString", "coordinates": [ [ -9.195977, 38.6974656 ], [ -9.1956077, 38.6974921 ], [ -9.1952909, 38.6975185 ], [ -9.1951201, 38.6975068 ], [ -9.1949949, 38.6974815 ], [ -9.1949245, 38.6974765 ], [ -9.1947307, 38.6974426 ], [ -9.1945367, 38.6974293 ], [ -9.1942571, 38.6974229 ], [ -9.1941786, 38.6974241 ] ] } },
{ "type": "Feature", "properties": { "services_sum": 7.9092888910175709, "total_departures_sum": 394, "route_short_name_sum": null, "services_unique": null, "total_departures_unique": null, "route_short_name_unique": "751, 201, 15E" }, "geometry": { "type": "LineString", "coordinates": [ [ -9.1939896, 38.6974358 ], [ -9.1931195, 38.6975911 ], [ -9.193077, 38.6975931 ], [ -9.1926403, 38.6976806 ] ] } },
{ "type": "Feature", "properties": { "services_sum": 7.9092888910175709, "total_departures_sum": 394, "route_short_name_sum": null, "services_unique": null, "total_departures_unique": null, "route_short_name_unique": "751, 201, 15E" }, "geometry": { "type": "LineString", "coordinates": [ [ -9.1914994, 38.697859 ], [ -9.1911762, 38.6979228 ], [ -9.1908731, 38.6979825 ] ] } },
{ "type": "Feature", "properties": { "services_sum": 7.9092888910175709, "total_departures_sum": 394, "route_short_name_sum": null, "services_unique": null, "total_departures_unique": null, "route_short_name_unique": "751, 201, 15E" }, "geometry": { "type": "LineString", "coordinates": [ [ -9.1902187, 38.6980725 ], [ -9.189465, 38.6981824 ], [ -9.1892531, 38.6982284 ], [ -9.1889674, 38.6983001 ] ] } },
{ "type": "Feature", "properties": { "services_sum": 7.9092888910175709, "total_departures_sum": 394, "route_short_name_sum": null, "services_unique": null, "total_departures_unique": null, "route_short_name_unique": "751, 201, 15E" }, "geometry": { "type": "LineString", "coordinates": [ [ -9.1879859, 38.6984952 ], [ -9.1878717, 38.6985175 ], [ -9.187519, 38.6985822 ] ] } },
{ "type": "Feature", "properties": { "services_sum": 7.9092888910175709, "total_departures_sum": 394, "route_short_name_sum": null, "services_unique": null, "total_departures_unique": null, "route_short_name_unique": "751, 201, 15E" }, "geometry": { "type": "LineString", "coordinates": [ [ -9.1870671, 38.6986984 ], [ -9.1868016, 38.69878 ], [ -9.1863804, 38.698937 ], [ -9.1856174, 38.6992562 ] ] } },
{ "type": "Feature", "properties": { "services_sum": 7.9092888910175709, "total_departures_sum": 394, "route_short_name_sum": null, "services_unique": null, "total_departures_unique": null, "route_short_name_unique": "751, 201, 15E" }, "geometry": { "type": "LineString", "coordinates": [ [ -9.1833274, 38.7002055 ], [ -9.1831356, 38.7002823 ], [ -9.1828996, 38.7003939 ], [ -9.1827749, 38.7004562 ], [ -9.1825879, 38.7005647 ], [ -9.1825058, 38.7006161 ], [ -9.1819883, 38.7009298 ], [ -9.1817858, 38.7010596 ], [ -9.1816984, 38.7011356 ], [ -9.1816382, 38.7011957 ], [ -9.1812663, 38.7015956 ], [ -9.1810527, 38.7018596 ] ] } },
{ "type": "Feature", "properties": { "services_sum": 7.9092888910175709, "total_departures_sum": 394, "route_short_name_sum": null, "services_unique": null, "total_departures_unique": null, "route_short_name_unique": "751, 201, 15E" }, "geometry": { "type": "LineString", "coordinates": [ [ -9.1809191, 38.7020244 ], [ -9.1807236, 38.7022343 ] ] } },
{ "type": "Feature", "properties": { "services_sum": 4.6952494095523036, "total_departures_sum": 189, "route_short_name_sum": null, "services_unique": null, "total_departures_unique": null, "route_short_name_unique": "750, 746, 758, 202" }, "geometry": { "type": "LineString", "coordinates": [ [ -9.1976769, 38.748618 ], [ -9.1975506, 38.7497503 ], [ -9.197492, 38.7503264 ] ] } },
{ "type": "Feature", "properties": { "services_sum": 4.6952494095523036, "total_departures_sum": 189, "route_short_name_sum": null, "services_unique": null, "total_departures_unique": null, "route_short_name_unique": "750, 746, 758, 202" }, "geometry": { "type": "LineString", "coordinates": [ [ -9.1961179, 38.7502267 ], [ -9.1955488, 38.7500866 ] ] } },
{ "type": "Feature", "properties": { "services_sum": 4.6952494095523036, "total_departures_sum": 189, "route_short_name_sum": null, "services_unique": null, "total_departures_unique": null, "route_short_name_unique": "750, 746, 758, 202" }, "geometry": { "type": "LineString", "coordinates": [ [ -9.1927319, 38.7495182 ], [ -9.1926737, 38.7494796 ], [ -9.1926174, 38.7494315 ], [ -9.1925771, 38.7493646 ], [ -9.1925572, 38.7493141 ], [ -9.1927305, 38.7487809 ], [ -9.1927432, 38.7485704 ], [ -9.1927007, 38.7484476 ], [ -9.1926469, 38.7483823 ] ] } },
{ "type": "Feature", "properties": { "services_sum": 4.6952494095523036, "total_departures_sum": 189, "route_short_name_sum": null, "services_unique": null, "total_departures_unique": null, "route_short_name_unique": "750, 746, 758, 202" }, "geometry": { "type": "LineString", "coordinates": [ [ -9.192533, 38.7482979 ], [ -9.192005, 38.7481496 ], [ -9.1919157, 38.7481216 ], [ -9.1916087, 38.7480156 ], [ -9.1915161, 38.7479813 ], [ -9.1912626, 38.7478799 ], [ -9.1910453, 38.7478111 ] ] } },
{ "type": "Feature", "properties": { "services_sum": 6.0466007609036545, "total_departures_sum": 306, "route_short_name_sum": null, "services_unique": null, "total_departures_unique": null, "route_short_name_unique": "750, 746, 758, 202" }, "geometry": { "type": "LineString", "coordinates": [ [ -9.197492, 38.7503264 ], [ -9.1974737, 38.7505282 ] ] } },
{ "type": "Feature", "properties": { "services_sum": 6.0466007609036545, "total_departures_sum": 306, "route_short_name_sum": null, "services_unique": null, "total_departures_unique": null, "route_short_name_unique": "750, 746, 758, 202" }, "geometry": { "type": "LineString", "coordinates": [ [ -9.1910453, 38.7478111 ], [ -9.1908029, 38.7477292 ], [ -9.1905413, 38.747626 ], [ -9.1902672, 38.7475262 ] ] } },
{ "type": "Feature", "properties": { "services_sum": 7.0468786158633661, "total_departures_sum": 322, "route_short_name_sum": null, "services_unique": null, "total_departures_unique": null, "route_short_name_unique": "729, 750, 746, 758, 202" }, "geometry": { "type": "LineString", "coordinates": [ [ -9.1974737, 38.7505282 ], [ -9.1971871, 38.7504746 ], [ -9.1967828, 38.7503854 ], [ -9.1961179, 38.7502267 ] ] } },
{ "type": "Feature", "properties": { "services_sum": 7.0468786158633661, "total_departures_sum": 322, "route_short_name_sum": null, "services_unique": null, "total_departures_unique": null, "route_short_name_unique": "729, 750, 746, 758, 202" }, "geometry": { "type": "LineString", "coordinates": [ [ -9.1955488, 38.7500866 ], [ -9.1949162, 38.749937 ] ] } },
{ "type": "Feature", "properties": { "services_sum": 7.0468786158633661, "total_departures_sum": 322, "route_short_name_sum": null, "services_unique": null, "total_departures_unique": null, "route_short_name_unique": "729, 750, 746, 758, 202" }, "geometry": { "type": "LineString", "coordinates": [ [ -9.1941162, 38.7497834 ], [ -9.1933345, 38.7496335 ], [ -9.1927319, 38.7495182 ] ] } },
{ "type": "Feature", "properties": { "services_sum": 2.3506154393558103, "total_departures_sum": 130, "route_short_name_sum": null, "services_unique": null, "total_departures_unique": null, "route_short_name_unique": "726" }, "geometry": { "type": "LineString", "coordinates": [ [ -9.1966958, 38.7608908 ], [ -9.1965494, 38.7608692 ], [ -9.196509, 38.7608632 ], [ -9.1964002, 38.7608471 ], [ -9.1963147, 38.7608331 ], [ -9.1961637, 38.7608085 ], [ -9.1953568, 38.7606839 ], [ -9.1952671, 38.7606698 ], [ -9.1952657, 38.7606696 ], [ -9.1951761, 38.7606536 ], [ -9.1950189, 38.76063 ], [ -9.1947872, 38.7605936 ], [ -9.194663, 38.7605741 ], [ -9.1946432, 38.760571 ], [ -9.1942527, 38.7605095 ], [ -9.1942314, 38.7605061 ], [ -9.1940927, 38.7604793 ], [ -9.1933166, 38.7603671 ], [ -9.1923998, 38.7601366 ], [ -9.1920521, 38.7600492 ], [ -9.191938, 38.7600193 ], [ -9.1917011, 38.759958 ], [ -9.1911938, 38.7598272 ], [ -9.1909116, 38.7597454 ], [ -9.1909091, 38.7597448 ], [ -9.1906073, 38.7596696 ], [ -9.1905321, 38.7596455 ], [ -9.1900437, 38.7595003 ], [ -9.1901549, 38.759519 ], [ -9.1905564, 38.7595864 ], [ -9.1906461, 38.7596017 ], [ -9.1908962, 38.7596516 ], [ -9.1909931, 38.7596773 ], [ -9.1913265, 38.7597595 ], [ -9.192001, 38.7599402 ], [ -9.1921104, 38.7599731 ], [ -9.1924501, 38.7600617 ] ] } },
{ "type": "Feature", "properties": { "services_sum": 2.3506154393558103, "total_departures_sum": 130, "route_short_name_sum": null, "services_unique": null, "total_departures_unique": null, "route_short_name_unique": "726" }, "geometry": { "type": "LineString", "coordinates": [ [ -9.1966047, 38.7616062 ], [ -9.1966005, 38.7616025 ], [ -9.1965658, 38.7615717 ] ] } },
{ "type": "Feature", "properties": { "services_sum": 2.3506154393558103, "total_departures_sum": 130, "route_short_name_sum": null, "services_unique": null, "total_departures_unique": null, "route_short_name_unique": "726" }, "geometry": { "type": "LineString", "coordinates": [ [ -9.1776942, 38.7567048 ], [ -9.1777785, 38.7567725 ], [ -9.1777118, 38.756719 ], [ -9.1776942, 38.7567048 ] ] } },
{ "type": "Feature", "properties": { "services_sum": 2.3506154393558103, "total_departures_sum": 130, "route_short_name_sum": null, "services_unique": null, "total_departures_unique": null, "route_short_name_unique": "726" }, "geometry": { "type": "LineString", "coordinates": [ [ -9.1776942, 38.7567048 ], [ -9.1774731, 38.7565272 ], [ -9.1774401, 38.7565006 ], [ -9.1776942, 38.7567048 ] ] } },
{ "type": "Feature", "properties": { "services_sum": 2.3506154393558103, "total_departures_sum": 130, "route_short_name_sum": null, "services_unique": null, "total_departures_unique": null, "route_short_name_unique": "726" }, "geometry": { "type": "LineString", "coordinates": [ [ -9.1686923, 38.7418343 ], [ -9.1686769, 38.741861 ], [ -9.1686633, 38.7418795 ] ] } },
{ "type": "Feature", "properties": { "services_sum": 2.3506154393558103, "total_departures_sum": 130, "route_short_name_sum": null, "services_unique": null, "total_departures_unique": null, "route_short_name_unique": "726" }, "geometry": { "type": "LineString", "coordinates": [ [ -9.1680955, 38.74119 ], [ -9.1681402, 38.7414206 ], [ -9.1681357, 38.7414729 ], [ -9.1681223, 38.7415163 ], [ -9.1681029, 38.7415487 ], [ -9.1680482, 38.7416003 ], [ -9.1678689, 38.7416941 ], [ -9.1676648, 38.7418009 ], [ -9.1675518, 38.7418601 ], [ -9.1672714, 38.7420068 ], [ -9.1670996, 38.7421124 ], [ -9.1669018, 38.7422151 ], [ -9.166725, 38.7423069 ], [ -9.1666989, 38.7423205 ], [ -9.1665951, 38.7423745 ], [ -9.1665738, 38.7423856 ], [ -9.1665525, 38.7423967 ], [ -9.1664761, 38.7425059 ], [ -9.1664667, 38.7425272 ], [ -9.1664684, 38.7425634 ], [ -9.1664741, 38.7425854 ], [ -9.1664762, 38.7425885 ], [ -9.1664904, 38.742609 ], [ -9.1665059, 38.7426243 ], [ -9.1665553, 38.7426747 ], [ -9.1666105, 38.7427311 ], [ -9.1666519, 38.7427739 ], [ -9.1667228, 38.7428577 ], [ -9.1667291, 38.7428652 ], [ -9.1667683, 38.7429114 ], [ -9.1668201, 38.7429724 ] ] } },
{ "type": "Feature", "properties": { "services_sum": 2.3506154393558103, "total_departures_sum": 130, "route_short_name_sum": null, "services_unique": null, "total_departures_unique": null, "route_short_name_unique": "726" }, "geometry": { "type": "LineString", "coordinates": [ [ -9.1680702, 38.7421974 ], [ -9.1678532, 38.7423105 ], [ -9.1677683, 38.7423547 ] ] } },
{ "type": "Feature", "properties": { "services_sum": 2.3506154393558103, "total_departures_sum": 130, "route_short_name_sum": null, "services_unique": null, "total_departures_unique": null, "route_short_name_unique": "726" }, "geometry": { "type": "LineString", "coordinates": [ [ -9.1669378, 38.7396651 ], [ -9.1668433, 38.7395906 ], [ -9.1667513, 38.7394965 ], [ -9.1667115, 38.7394627 ], [ -9.166576, 38.7393473 ], [ -9.1663509, 38.7391962 ], [ -9.1660723, 38.7390794 ], [ -9.1658342, 38.7390158 ], [ -9.1651824, 38.738896 ], [ -9.1650384, 38.7388655 ], [ -9.1647624, 38.7388083 ], [ -9.1646231, 38.7387829 ], [ -9.1638755, 38.7386464 ], [ -9.1637572, 38.7386254 ], [ -9.1636925, 38.7386123 ], [ -9.1628449, 38.7384481 ], [ -9.1627035, 38.7384207 ], [ -9.1625714, 38.7383973 ], [ -9.1624009, 38.7383671 ], [ -9.1619715, 38.7382879 ], [ -9.1619469, 38.7382833 ], [ -9.1616221, 38.7382233 ], [ -9.1602656, 38.7379639 ], [ -9.1601985, 38.7379616 ], [ -9.1601403, 38.7379678 ], [ -9.1600859, 38.7379824 ], [ -9.159941, 38.7380436 ], [ -9.15992, 38.7380525 ], [ -9.15974, 38.7381283 ], [ -9.1596745, 38.738156 ], [ -9.1596337, 38.738173 ], [ -9.1591097, 38.7383961 ], [ -9.1581675, 38.738798 ], [ -9.1578754, 38.7389232 ], [ -9.1578339, 38.738941 ], [ -9.1577302, 38.7389855 ], [ -9.1575456, 38.7390678 ], [ -9.1574605, 38.73894 ], [ -9.1574164, 38.7388737 ], [ -9.1573403, 38.7387596 ], [ -9.1572474, 38.7386283 ], [ -9.156739, 38.7379457 ], [ -9.1565378, 38.7376545 ], [ -9.1564915, 38.7375843 ], [ -9.1564913, 38.7375841 ], [ -9.1564299, 38.7374909 ], [ -9.1563547, 38.7373769 ], [ -9.1563306, 38.7373403 ], [ -9.1562875, 38.7372749 ], [ -9.156144, 38.7370739 ], [ -9.1559291, 38.7367966 ], [ -9.1558401, 38.7366867 ], [ -9.1553914, 38.7361324 ], [ -9.154743, 38.7353758 ], [ -9.1545803, 38.7351859 ], [ -9.1540542, 38.7345654 ], [ -9.1539718, 38.7344681 ], [ -9.1538929, 38.7343748 ] ] } },
{ "type": "Feature", "properties": { "services_sum": 2.3506154393558103, "total_departures_sum": 130, "route_short_name_sum": null, "services_unique": null, "total_departures_unique": null, "route_short_name_unique": "726" }, "geometry": { "type": "LineString", "coordinates": [ [ -9.1589857, 38.7382427 ], [ -9.1589498, 38.7382595 ], [ -9.1585712, 38.7384366 ], [ -9.1581645, 38.73861 ] ] } },
{ "type": "Feature", "properties": { "services_sum": 2.3506154393558103, "total_departures_sum": 130, "route_short_name_sum": null, "services_unique": null, "total_departures_unique": null, "route_short_name_unique": "726" }, "geometry": { "type": "LineString", "coordinates": [ [ -9.1873927, 38.7592015 ], [ -9.18733, 38.7592318 ], [ -9.1871289, 38.759329 ], [ -9.1873927, 38.7592015 ] ] } },
{ "type": "Feature", "properties": { "services_sum": 2.3506154393558103, "total_departures_sum": 130, "route_short_name_sum": null, "services_unique": null, "total_departures_unique": null, "route_short_name_unique": "726" }, "geometry": { "type": "LineString", "coordinates": [ [ -9.1868772, 38.7594537 ], [ -9.1868772, 38.7594538 ], [ -9.1867662, 38.7595553 ], [ -9.1868772, 38.7594537 ] ] } },
{ "type": "Feature", "properties": { "services_sum": 2.3506154393558103, "total_departures_sum": 130, "route_short_name_sum": null, "services_unique": null, "total_departures_unique": null, "route_short_name_unique": "726" }, "geometry": { "type": "LineString", "coordinates": [ [ -9.1849675, 38.7602853 ], [ -9.1844456, 38.7602931 ], [ -9.1843339, 38.7603114 ], [ -9.1842086, 38.7603542 ], [ -9.1841424, 38.7603809 ], [ -9.1832041, 38.760375 ], [ -9.1831156, 38.7603497 ], [ -9.1829488, 38.7603021 ], [ -9.182901, 38.7602743 ], [ -9.1828474, 38.7602431 ], [ -9.1824581, 38.7599728 ], [ -9.1827126, 38.7600742 ], [ -9.1827355, 38.7600833 ], [ -9.1829723, 38.760166 ], [ -9.1831872, 38.7601965 ], [ -9.1832758, 38.7602091 ], [ -9.1834679, 38.7602186 ], [ -9.1841381, 38.7602326 ], [ -9.1843307, 38.7602331 ], [ -9.1846353, 38.7602472 ], [ -9.1849675, 38.7602853 ] ] } },
{ "type": "Feature", "properties": { "services_sum": 2.3506154393558103, "total_departures_sum": 130, "route_short_name_sum": null, "services_unique": null, "total_departures_unique": null, "route_short_name_unique": "726" }, "geometry": { "type": "LineString", "coordinates": [ [ -9.1807716, 38.7588845 ], [ -9.1807448, 38.7588666 ], [ -9.1804634, 38.7586781 ], [ -9.1807716, 38.7588845 ] ] } },
{ "type": "Feature", "properties": { "services_sum": 2.3506154393558103, "total_departures_sum": 130, "route_short_name_sum": null, "services_unique": null, "total_departures_unique": null, "route_short_name_unique": "726" }, "geometry": { "type": "LineString", "coordinates": [ [ -9.1799745, 38.7583587 ], [ -9.1799216, 38.7583237 ], [ -9.1791926, 38.7578414 ], [ -9.1799745, 38.7583587 ] ] } },
{ "type": "Feature", "properties": { "services_sum": 2.3506154393558103, "total_departures_sum": 130, "route_short_name_sum": null, "services_unique": null, "total_departures_unique": null, "route_short_name_unique": "726" }, "geometry": { "type": "LineString", "coordinates": [ [ -9.1756894, 38.7547872 ], [ -9.1754969, 38.7545763 ], [ -9.1754787, 38.7545563 ], [ -9.1756894, 38.7547872 ] ] } },
{ "type": "Feature", "properties": { "services_sum": 2.3506154393558103, "total_departures_sum": 130, "route_short_name_sum": null, "services_unique": null, "total_departures_unique": null, "route_short_name_unique": "726" }, "geometry": { "type": "LineString", "coordinates": [ [ -9.1746403, 38.7535568 ], [ -9.1746119, 38.7535178 ], [ -9.1744644, 38.7533154 ], [ -9.1746403, 38.7535568 ] ] } },
{ "type": "Feature", "properties": { "services_sum": 2.3506154393558103, "total_departures_sum": 130, "route_short_name_sum": null, "services_unique": null, "total_departures_unique": null, "route_short_name_unique": "726" }, "geometry": { "type": "LineString", "coordinates": [ [ -9.1733579, 38.7511536 ], [ -9.1731786, 38.7508465 ], [ -9.1731608, 38.7508159 ], [ -9.1733579, 38.7511536 ] ] } },
{ "type": "Feature", "properties": { "services_sum": 2.3506154393558103, "total_departures_sum": 130, "route_short_name_sum": null, "services_unique": null, "total_departures_unique": null, "route_short_name_unique": "726" }, "geometry": { "type": "LineString", "coordinates": [ [ -9.1728576, 38.7501729 ], [ -9.1728392, 38.7502704 ], [ -9.1727995, 38.750206 ], [ -9.1727138, 38.7500866 ], [ -9.1726608, 38.7500099 ], [ -9.1726446, 38.7499886 ], [ -9.1725679, 38.7498877 ], [ -9.1725031, 38.7498024 ], [ -9.1724514, 38.7497345 ], [ -9.1723872, 38.7496499 ], [ -9.1718529, 38.7489471 ], [ -9.1713191, 38.748245 ], [ -9.1712774, 38.7479404 ], [ -9.1713319, 38.7481015 ], [ -9.1714104, 38.748206 ], [ -9.1717179, 38.7486122 ], [ -9.1724704, 38.7496243 ], [ -9.1725263, 38.7496956 ], [ -9.172544, 38.7497181 ], [ -9.1726077, 38.7498028 ], [ -9.1726647, 38.7498859 ], [ -9.1727338, 38.7499868 ], [ -9.1727567, 38.7500201 ], [ -9.1727995, 38.7500851 ], [ -9.1728576, 38.7501729 ] ] } },
{ "type": "Feature", "properties": { "services_sum": 2.3506154393558103, "total_departures_sum": 130, "route_short_name_sum": null, "services_unique": null, "total_departures_unique": null, "route_short_name_unique": "726" }, "geometry": { "type": "LineString", "coordinates": [ [ -9.1712174, 38.7478628 ], [ -9.1711575, 38.7477949 ], [ -9.1711256, 38.7477587 ], [ -9.1712174, 38.7478628 ] ] } },
{ "type": "Feature", "properties": { "services_sum": 2.3506154393558103, "total_departures_sum": 130, "route_short_name_sum": null, "services_unique": null, "total_departures_unique": null, "route_short_name_unique": "726" }, "geometry": { "type": "LineString", "coordinates": [ [ -9.1710491, 38.7476855 ], [ -9.170923, 38.7475581 ], [ -9.170902, 38.7475369 ], [ -9.1710491, 38.7476855 ] ] } },
{ "type": "Feature", "properties": { "services_sum": 2.3506154393558103, "total_departures_sum": 130, "route_short_name_sum": null, "services_unique": null, "total_departures_unique": null, "route_short_name_unique": "726" }, "geometry": { "type": "LineString", "coordinates": [ [ -9.1694512, 38.7456611 ], [ -9.1693746, 38.7455441 ], [ -9.1693621, 38.7455249 ], [ -9.1694512, 38.7456611 ] ] } },
{ "type": "Feature", "properties": { "services_sum": 2.3506154393558103, "total_departures_sum": 130, "route_short_name_sum": null, "services_unique": null, "total_departures_unique": null, "route_short_name_unique": "726" }, "geometry": { "type": "LineString", "coordinates": [ [ -9.1692623, 38.7453722 ], [ -9.1692152, 38.7453002 ], [ -9.1689884, 38.7449533 ], [ -9.1692623, 38.7453722 ] ] } },
{ "type": "Feature", "properties": { "services_sum": 3.5520293396888549, "total_departures_sum": 164, "route_short_name_sum": null, "services_unique": null, "total_departures_unique": null, "route_short_name_unique": "746, 758, 202" }, "geometry": { "type": "LineString", "coordinates": [ [ -9.1926469, 38.7483823 ], [ -9.1925759, 38.7483297 ], [ -9.192533, 38.7482979 ] ] } },
{ "type": "Feature", "properties": { "services_sum": 3.5520293396888549, "total_departures_sum": 164, "route_short_name_sum": null, "services_unique": null, "total_departures_unique": null, "route_short_name_unique": "746, 758, 202" }, "geometry": { "type": "LineString", "coordinates": [ [ -9.1902672, 38.7475262 ], [ -9.1901567, 38.7474379 ], [ -9.1900821, 38.7474119 ], [ -9.1899571, 38.7473681 ], [ -9.1897042, 38.7472797 ], [ -9.1895926, 38.7472407 ], [ -9.1894816, 38.747217 ], [ -9.1891956, 38.747156 ], [ -9.1886979, 38.7470998 ], [ -9.1885666, 38.7470849 ], [ -9.1884374, 38.7470727 ], [ -9.1880624, 38.7470388 ], [ -9.1879042, 38.7470629 ] ] } },
{ "type": "Feature", "properties": { "services_sum": 3.5520293396888549, "total_departures_sum": 164, "route_short_name_sum": null, "services_unique": null, "total_departures_unique": null, "route_short_name_unique": "746, 758, 202" }, "geometry": { "type": "LineString", "coordinates": [ [ -9.1846201, 38.7467641 ], [ -9.1845797, 38.7467604 ], [ -9.1844846, 38.7467515 ] ] } },
{ "type": "Feature", "properties": { "services_sum": 3.5520293396888549, "total_departures_sum": 164, "route_short_name_sum": null, "services_unique": null, "total_departures_unique": null, "route_short_name_unique": "746, 758, 202" }, "geometry": { "type": "LineString", "coordinates": [ [ -9.1819744, 38.7457581 ], [ -9.1817381, 38.7456294 ], [ -9.1817042, 38.7456095 ], [ -9.1816999, 38.7456069 ] ] } },
{ "type": "Feature", "properties": { "services_sum": 3.5520293396888549, "total_departures_sum": 164, "route_short_name_sum": null, "services_unique": null, "total_departures_unique": null, "route_short_name_unique": "746, 758, 202" }, "geometry": { "type": "LineString", "coordinates": [ [ -9.1793178, 38.7445263 ], [ -9.1787218, 38.7443732 ], [ -9.1786926, 38.7443657 ] ] } },
{ "type": "Feature", "properties": { "services_sum": 3.5520293396888549, "total_departures_sum": 164, "route_short_name_sum": null, "services_unique": null, "total_departures_unique": null, "route_short_name_unique": "746, 758, 202" }, "geometry": { "type": "LineString", "coordinates": [ [ -9.1767409, 38.743853 ], [ -9.1765274, 38.743774 ], [ -9.1761033, 38.7436673 ], [ -9.1759541, 38.7436297 ], [ -9.175317, 38.743489 ] ] } },
{ "type": "Feature", "properties": { "services_sum": 3.5520293396888549, "total_departures_sum": 164, "route_short_name_sum": null, "services_unique": null, "total_departures_unique": null, "route_short_name_unique": "746, 758, 202" }, "geometry": { "type": "LineString", "coordinates": [ [ -9.1734827, 38.742846 ], [ -9.1726463, 38.7425365 ], [ -9.1723886, 38.7424412 ], [ -9.1722272, 38.7423814 ] ] } },
{ "type": "Feature", "properties": { "services_sum": 3.5520293396888549, "total_departures_sum": 164, "route_short_name_sum": null, "services_unique": null, "total_departures_unique": null, "route_short_name_unique": "746, 758, 202" }, "geometry": { "type": "LineString", "coordinates": [ [ -9.1707969, 38.7418382 ], [ -9.1707784, 38.7417857 ], [ -9.1707559, 38.7417334 ], [ -9.1707516, 38.7417083 ], [ -9.1707502, 38.7416902 ], [ -9.1707555, 38.7416221 ], [ -9.1706664, 38.7415901 ], [ -9.1706171, 38.7415703 ], [ -9.1705856, 38.7415557 ], [ -9.1705094, 38.7415197 ], [ -9.1704564, 38.7414936 ] ] } },
{ "type": "Feature", "properties": { "services_sum": 3.5520293396888549, "total_departures_sum": 164, "route_short_name_sum": null, "services_unique": null, "total_departures_unique": null, "route_short_name_unique": "746, 758, 202" }, "geometry": { "type": "LineString", "coordinates": [ [ -9.1701201, 38.741321 ], [ -9.1700256, 38.7412089 ], [ -9.1700031, 38.7411833 ], [ -9.1699808, 38.7411541 ], [ -9.169962, 38.7411251 ], [ -9.1698983, 38.7410618 ], [ -9.1698653, 38.7410289 ], [ -9.1698465, 38.7410027 ], [ -9.169825, 38.7409814 ], [ -9.1697843, 38.7409455 ], [ -9.1697511, 38.7409162 ], [ -9.1697005, 38.7408514 ], [ -9.1696827, 38.7408286 ], [ -9.1696329, 38.7407905 ], [ -9.1695826, 38.7407657 ], [ -9.169555, 38.7407561 ], [ -9.1695498, 38.7407542 ], [ -9.1695241, 38.7407489 ], [ -9.1694929, 38.7407445 ], [ -9.1694678, 38.7407437 ], [ -9.1694489, 38.7407442 ], [ -9.1694205, 38.7407474 ], [ -9.1693904, 38.7407541 ], [ -9.1693077, 38.7407813 ], [ -9.1691771, 38.7408516 ], [ -9.1691241, 38.7408908 ], [ -9.1690625, 38.7409405 ], [ -9.1689954, 38.7409834 ], [ -9.1688485, 38.7410396 ], [ -9.1687334, 38.7410791 ], [ -9.1686534, 38.741101 ], [ -9.1685621, 38.7411143 ], [ -9.1684844, 38.741111 ], [ -9.1683993, 38.7410937 ], [ -9.1681948, 38.7410285 ] ] } },
{ "type": "Feature", "properties": { "services_sum": 4.7012308787116206, "total_departures_sum": 260, "route_short_name_sum": null, "services_unique": null, "total_departures_unique": null, "route_short_name_unique": "726" }, "geometry": { "type": "LineString", "coordinates": [ [ -9.1900437, 38.7595003 ], [ -9.1897824, 38.7594432 ], [ -9.1892581, 38.759323 ], [ -9.1886669, 38.7591897 ], [ -9.1881422, 38.7590655 ], [ -9.1878782, 38.7589942 ], [ -9.1873927, 38.7592015 ] ] } },
{ "type": "Feature", "properties": { "services_sum": 4.7012308787116206, "total_departures_sum": 260, "route_short_name_sum": null, "services_unique": null, "total_departures_unique": null, "route_short_name_unique": "726" }, "geometry": { "type": "LineString", "coordinates": [ [ -9.1871289, 38.759329 ], [ -9.1868772, 38.7594537 ] ] } },
{ "type": "Feature", "properties": { "services_sum": 4.7012308787116206, "total_departures_sum": 260, "route_short_name_sum": null, "services_unique": null, "total_departures_unique": null, "route_short_name_unique": "726" }, "geometry": { "type": "LineString", "coordinates": [ [ -9.1867662, 38.7595553 ], [ -9.1866577, 38.7597096 ], [ -9.1865876, 38.7598421 ], [ -9.1865159, 38.7599095 ], [ -9.1859321, 38.760049 ], [ -9.1857829, 38.7600936 ], [ -9.1853137, 38.7602283 ], [ -9.1851188, 38.760264 ], [ -9.1849675, 38.7602853 ] ] } },
{ "type": "Feature", "properties": { "services_sum": 4.7012308787116206, "total_departures_sum": 260, "route_short_name_sum": null, "services_unique": null, "total_departures_unique": null, "route_short_name_unique": "726" }, "geometry": { "type": "LineString", "coordinates": [ [ -9.1824581, 38.7599728 ], [ -9.1809691, 38.7590176 ], [ -9.1808126, 38.758911 ], [ -9.1807716, 38.7588845 ] ] } },
{ "type": "Feature", "properties": { "services_sum": 4.7012308787116206, "total_departures_sum": 260, "route_short_name_sum": null, "services_unique": null, "total_departures_unique": null, "route_short_name_unique": "726" }, "geometry": { "type": "LineString", "coordinates": [ [ -9.1804634, 38.7586781 ], [ -9.1803254, 38.7585969 ], [ -9.1802326, 38.7585287 ], [ -9.1800928, 38.758437 ], [ -9.1799745, 38.7583587 ] ] } },
{ "type": "Feature", "properties": { "services_sum": 4.7012308787116206, "total_departures_sum": 260, "route_short_name_sum": null, "services_unique": null, "total_departures_unique": null, "route_short_name_unique": "726" }, "geometry": { "type": "LineString", "coordinates": [ [ -9.1791926, 38.7578414 ], [ -9.1790545, 38.7577407 ], [ -9.1789896, 38.7576934 ], [ -9.178563, 38.7573823 ], [ -9.1785203, 38.7573511 ], [ -9.1784591, 38.757302 ], [ -9.1781329, 38.75704 ], [ -9.1777785, 38.7567725 ] ] } },
{ "type": "Feature", "properties": { "services_sum": 4.7012308787116206, "total_departures_sum": 260, "route_short_name_sum": null, "services_unique": null, "total_departures_unique": null, "route_short_name_unique": "726" }, "geometry": { "type": "LineString", "coordinates": [ [ -9.1774401, 38.7565006 ], [ -9.177098, 38.7562259 ], [ -9.1769944, 38.756121 ], [ -9.1768741, 38.7560015 ], [ -9.1764266, 38.755537 ], [ -9.1756894, 38.7547872 ] ] } },
{ "type": "Feature", "properties": { "services_sum": 4.7012308787116206, "total_departures_sum": 260, "route_short_name_sum": null, "services_unique": null, "total_departures_unique": null, "route_short_name_unique": "726" }, "geometry": { "type": "LineString", "coordinates": [ [ -9.1754787, 38.7545563 ], [ -9.1751899, 38.7542468 ], [ -9.1750525, 38.7540991 ], [ -9.1749822, 38.7540123 ], [ -9.1749617, 38.7539751 ], [ -9.1747178, 38.7536577 ], [ -9.1746403, 38.7535568 ] ] } },
{ "type": "Feature", "properties": { "services_sum": 4.7012308787116206, "total_departures_sum": 260, "route_short_name_sum": null, "services_unique": null, "total_departures_unique": null, "route_short_name_unique": "726" }, "geometry": { "type": "LineString", "coordinates": [ [ -9.1744644, 38.7533154 ], [ -9.174386, 38.7531803 ], [ -9.1743659, 38.7531458 ], [ -9.1741969, 38.7528546 ], [ -9.1738928, 38.7522638 ], [ -9.173637, 38.7517329 ], [ -9.1733579, 38.7511536 ] ] } },
{ "type": "Feature", "properties": { "services_sum": 4.7012308787116206, "total_departures_sum": 260, "route_short_name_sum": null, "services_unique": null, "total_departures_unique": null, "route_short_name_unique": "726" }, "geometry": { "type": "LineString", "coordinates": [ [ -9.1731608, 38.7508159 ], [ -9.173037, 38.7506036 ], [ -9.1728559, 38.7502997 ], [ -9.1728392, 38.7502704 ] ] } },
{ "type": "Feature", "properties": { "services_sum": 4.7012308787116206, "total_departures_sum": 260, "route_short_name_sum": null, "services_unique": null, "total_departures_unique": null, "route_short_name_unique": "726" }, "geometry": { "type": "LineString", "coordinates": [ [ -9.1712774, 38.7479404 ], [ -9.1712174, 38.7478628 ] ] } },
{ "type": "Feature", "properties": { "services_sum": 4.7012308787116206, "total_departures_sum": 260, "route_short_name_sum": null, "services_unique": null, "total_departures_unique": null, "route_short_name_unique": "726" }, "geometry": { "type": "LineString", "coordinates": [ [ -9.1711256, 38.7477587 ], [ -9.1710491, 38.7476855 ] ] } },
{ "type": "Feature", "properties": { "services_sum": 4.7012308787116206, "total_departures_sum": 260, "route_short_name_sum": null, "services_unique": null, "total_departures_unique": null, "route_short_name_unique": "726" }, "geometry": { "type": "LineString", "coordinates": [ [ -9.170902, 38.7475369 ], [ -9.1707101, 38.7472614 ], [ -9.1706186, 38.7471291 ], [ -9.170333, 38.746833 ], [ -9.1702164, 38.7467365 ], [ -9.1701112, 38.7466695 ], [ -9.1700354, 38.7466103 ], [ -9.1697268, 38.7463717 ], [ -9.1695873, 38.746012 ], [ -9.1694512, 38.7456611 ] ] } },
{ "type": "Feature", "properties": { "services_sum": 4.7012308787116206, "total_departures_sum": 260, "route_short_name_sum": null, "services_unique": null, "total_departures_unique": null, "route_short_name_unique": "726" }, "geometry": { "type": "LineString", "coordinates": [ [ -9.1693621, 38.7455249 ], [ -9.1692623, 38.7453722 ] ] } },
{ "type": "Feature", "properties": { "services_sum": 4.7012308787116206, "total_departures_sum": 260, "route_short_name_sum": null, "services_unique": null, "total_departures_unique": null, "route_short_name_unique": "726" }, "geometry": { "type": "LineString", "coordinates": [ [ -9.1689884, 38.7449533 ], [ -9.1686026, 38.7446953 ] ] } },
{ "type": "Feature", "properties": { "services_sum": 4.7012308787116206, "total_departures_sum": 260, "route_short_name_sum": null, "services_unique": null, "total_departures_unique": null, "route_short_name_unique": "726" }, "geometry": { "type": "LineString", "coordinates": [ [ -9.1673135, 38.7435549 ], [ -9.1672348, 38.7434623 ], [ -9.1670696, 38.743267 ] ] } },
{ "type": "Feature", "properties": { "services_sum": 1.3503375843960992, "total_departures_sum": 82, "route_short_name_sum": null, "services_unique": null, "total_departures_unique": null, "route_short_name_unique": "726" }, "geometry": { "type": "LineString", "coordinates": [ [ -9.1897471, 38.7691076 ], [ -9.1892194, 38.7690628 ], [ -9.1890788, 38.7690508 ] ] } },
{ "type": "Feature", "properties": { "services_sum": 1.3503375843960992, "total_departures_sum": 82, "route_short_name_sum": null, "services_unique": null, "total_departures_unique": null, "route_short_name_unique": "726" }, "geometry": { "type": "LineString", "coordinates": [ [ -9.1538929, 38.7343748 ], [ -9.1538358, 38.7343078 ], [ -9.1537724, 38.7342326 ], [ -9.15363, 38.7340681 ], [ -9.1530196, 38.7333633 ], [ -9.152953, 38.7332864 ], [ -9.1529018, 38.7332272 ], [ -9.1528555, 38.7331739 ], [ -9.1519759, 38.7321605 ], [ -9.1518871, 38.7320692 ], [ -9.1517382, 38.7318926 ], [ -9.1516487, 38.7317866 ], [ -9.1508637, 38.7308555 ], [ -9.1507556, 38.7307274 ], [ -9.150702, 38.7306633 ], [ -9.1506696, 38.7306245 ], [ -9.1500954, 38.7299376 ], [ -9.1499053, 38.7297065 ], [ -9.1498314, 38.7296225 ], [ -9.1493768, 38.7290959 ], [ -9.1489877, 38.7286451 ], [ -9.1485938, 38.7281894 ], [ -9.1485167, 38.7280899 ], [ -9.1484989, 38.7280645 ], [ -9.1484454, 38.7279978 ], [ -9.1484223, 38.7279716 ], [ -9.1485155, 38.7278242 ], [ -9.1486945, 38.7275411 ], [ -9.1493295, 38.7265191 ], [ -9.1493889, 38.7264147 ], [ -9.14951, 38.7262003 ], [ -9.1495299, 38.7261651 ], [ -9.1495583, 38.72603 ] ] } },
{ "type": "Feature", "properties": { "services_sum": 1.3503375843960992, "total_departures_sum": 82, "route_short_name_sum": null, "services_unique": null, "total_departures_unique": null, "route_short_name_unique": "726" }, "geometry": { "type": "LineString", "coordinates": [ [ -9.1497041, 38.7262339 ], [ -9.1496194, 38.7263718 ], [ -9.1495246, 38.7265262 ] ] } },
{ "type": "Feature", "properties": { "services_sum": 1.3503375843960992, "total_departures_sum": 82, "route_short_name_sum": null, "services_unique": null, "total_departures_unique": null, "route_short_name_unique": "726" }, "geometry": { "type": "LineString", "coordinates": [ [ -9.1493856, 38.7258965 ], [ -9.1492941, 38.7258289 ] ] } },
{ "type": "Feature", "properties": { "services_sum": 1.0002778549597111, "total_departures_sum": 48, "route_short_name_sum": null, "services_unique": null, "total_departures_unique": null, "route_short_name_unique": "726" }, "geometry": { "type": "LineString", "coordinates": [ [ -9.1897471, 38.7691076 ], [ -9.189201, 38.7690612 ], [ -9.1890788, 38.7690508 ] ] } },
{ "type": "Feature", "properties": { "services_sum": 1.0002778549597111, "total_departures_sum": 48, "route_short_name_sum": null, "services_unique": null, "total_departures_unique": null, "route_short_name_unique": "726" }, "geometry": { "type": "LineString", "coordinates": [ [ -9.1565605, 38.7374386 ], [ -9.1564299, 38.7374909 ], [ -9.1563176, 38.7375358 ], [ -9.1562562, 38.7375604 ], [ -9.1561553, 38.7376008 ], [ -9.155914, 38.7376902 ], [ -9.1555827, 38.7378386 ], [ -9.1555589, 38.7378492 ], [ -9.1553057, 38.7379616 ], [ -9.154833, 38.7381754 ], [ -9.1546623, 38.7382542 ], [ -9.1545132, 38.7383241 ], [ -9.1538485, 38.7386239 ], [ -9.1534555, 38.7388011 ], [ -9.1533495, 38.7388039 ], [ -9.1532851, 38.7388039 ], [ -9.1532073, 38.7387935 ], [ -9.153143, 38.7387726 ], [ -9.1531027, 38.7387558 ], [ -9.1530276, 38.7387182 ], [ -9.1529229, 38.7386216 ], [ -9.1527377, 38.7383141 ], [ -9.1526602, 38.7381826 ], [ -9.1526226, 38.7381052 ], [ -9.1525903, 38.7379937 ], [ -9.1525756, 38.7378766 ], [ -9.1525249, 38.7377425 ], [ -9.1524616, 38.7372917 ], [ -9.1523265, 38.7363962 ], [ -9.1523052, 38.7362421 ] ] } },
{ "type": "Feature", "properties": { "services_sum": 1.0002778549597111, "total_departures_sum": 48, "route_short_name_sum": null, "services_unique": null, "total_departures_unique": null, "route_short_name_unique": "726" }, "geometry": { "type": "LineString", "coordinates": [ [ -9.1531049, 38.7346388 ], [ -9.1521381, 38.7349293 ] ] } },
{ "type": "Feature", "properties": { "services_sum": 1.4827018121911038, "total_departures_sum": 104, "route_short_name_sum": null, "services_unique": null, "total_departures_unique": null, "route_short_name_unique": "720" }, "geometry": { "type": "LineString", "coordinates": [ [ -9.1856698, 38.7039998 ], [ -9.1854709, 38.7041327 ], [ -9.1852715, 38.7042658 ] ] } },
{ "type": "Feature", "properties": { "services_sum": 1.4827018121911038, "total_departures_sum": 104, "route_short_name_sum": null, "services_unique": null, "total_departures_unique": null, "route_short_name_unique": "720" }, "geometry": { "type": "LineString", "coordinates": [ [ -9.1848561, 38.7045193 ], [ -9.1848525, 38.7045215 ], [ -9.1847788, 38.7045656 ] ] } },
{ "type": "Feature", "properties": { "services_sum": 1.4827018121911038, "total_departures_sum": 104, "route_short_name_sum": null, "services_unique": null, "total_departures_unique": null, "route_short_name_unique": "720" }, "geometry": { "type": "LineString", "coordinates": [ [ -9.1832072, 38.7045868 ], [ -9.1831018, 38.7044884 ], [ -9.1830901, 38.7044775 ], [ -9.1827207, 38.7041329 ], [ -9.1827101, 38.704123 ] ] } },
{ "type": "Feature", "properties": { "services_sum": 1.4827018121911038, "total_departures_sum": 104, "route_short_name_sum": null, "services_unique": null, "total_departures_unique": null, "route_short_name_unique": "720" }, "geometry": { "type": "LineString", "coordinates": [ [ -9.1816221, 38.7031347 ], [ -9.1809808, 38.7025543 ], [ -9.1809668, 38.7025416 ] ] } },
{ "type": "Feature", "properties": { "services_sum": 1.4827018121911038, "total_departures_sum": 104, "route_short_name_sum": null, "services_unique": null, "total_departures_unique": null, "route_short_name_unique": "720" }, "geometry": { "type": "LineString", "coordinates": [ [ -9.1798315, 38.7029802 ], [ -9.1797887, 38.7030326 ], [ -9.1795001, 38.7033851 ] ] } },
{ "type": "Feature", "properties": { "services_sum": 1.4827018121911038, "total_departures_sum": 104, "route_short_name_sum": null, "services_unique": null, "total_departures_unique": null, "route_short_name_unique": "720" }, "geometry": { "type": "LineString", "coordinates": [ [ -9.1777569, 38.7047148 ], [ -9.177657, 38.70476 ], [ -9.1773612, 38.7048958 ], [ -9.1776323, 38.7047713 ] ] } },
{ "type": "Feature", "properties": { "services_sum": 1.4827018121911038, "total_departures_sum": 104, "route_short_name_sum": null, "services_unique": null, "total_departures_unique": null, "route_short_name_unique": "720" }, "geometry": { "type": "LineString", "coordinates": [ [ -9.1766226, 38.704616 ], [ -9.176574, 38.7046111 ], [ -9.1763005, 38.7045832 ] ] } },
{ "type": "Feature", "properties": { "services_sum": 1.4827018121911038, "total_departures_sum": 104, "route_short_name_sum": null, "services_unique": null, "total_departures_unique": null, "route_short_name_unique": "720" }, "geometry": { "type": "LineString", "coordinates": [ [ -9.1738292, 38.7042122 ], [ -9.1737955, 38.7042045 ], [ -9.1736032, 38.7041605 ] ] } },
{ "type": "Feature", "properties": { "services_sum": 1.4827018121911038, "total_departures_sum": 104, "route_short_name_sum": null, "services_unique": null, "total_departures_unique": null, "route_short_name_unique": "720" }, "geometry": { "type": "LineString", "coordinates": [ [ -9.1681792, 38.7035999 ], [ -9.1680049, 38.7035983 ] ] } },
{ "type": "Feature", "properties": { "services_sum": 1.4827018121911038, "total_departures_sum": 104, "route_short_name_sum": null, "services_unique": null, "total_departures_unique": null, "route_short_name_unique": "720" }, "geometry": { "type": "LineString", "coordinates": [ [ -9.1681766, 38.7037792 ], [ -9.1681743, 38.7037968 ], [ -9.1681558, 38.7039392 ] ] } },
{ "type": "Feature", "properties": { "services_sum": 1.4827018121911038, "total_departures_sum": 104, "route_short_name_sum": null, "services_unique": null, "total_departures_unique": null, "route_short_name_unique": "720" }, "geometry": { "type": "LineString", "coordinates": [ [ -9.1680105, 38.7042057 ], [ -9.1680102, 38.7041871 ], [ -9.1680076, 38.7040325 ] ] } },
{ "type": "Feature", "properties": { "services_sum": 1.4827018121911038, "total_departures_sum": 104, "route_short_name_sum": null, "services_unique": null, "total_departures_unique": null, "route_short_name_unique": "720" }, "geometry": { "type": "LineString", "coordinates": [ [ -9.1675633, 38.7068129 ], [ -9.1675215, 38.7070078 ], [ -9.1675128, 38.7070485 ] ] } },
{ "type": "Feature", "properties": { "services_sum": 1.4827018121911038, "total_departures_sum": 104, "route_short_name_sum": null, "services_unique": null, "total_departures_unique": null, "route_short_name_unique": "720" }, "geometry": { "type": "LineString", "coordinates": [ [ -9.1674952, 38.7071308 ], [ -9.1674897, 38.7071553 ], [ -9.1674551, 38.7073082 ] ] } },
{ "type": "Feature", "properties": { "services_sum": 1.4827018121911038, "total_departures_sum": 104, "route_short_name_sum": null, "services_unique": null, "total_departures_unique": null, "route_short_name_unique": "720" }, "geometry": { "type": "LineString", "coordinates": [ [ -9.1666805, 38.7092067 ], [ -9.1665469, 38.7093624 ], [ -9.1665405, 38.7093698 ] ] } },
{ "type": "Feature", "properties": { "services_sum": 1.4827018121911038, "total_departures_sum": 104, "route_short_name_sum": null, "services_unique": null, "total_departures_unique": null, "route_short_name_unique": "720" }, "geometry": { "type": "LineString", "coordinates": [ [ -9.165943, 38.7099105 ], [ -9.1659322, 38.7099198 ], [ -9.1654367, 38.710342 ] ] } },
{ "type": "Feature", "properties": { "services_sum": 1.4827018121911038, "total_departures_sum": 104, "route_short_name_sum": null, "services_unique": null, "total_departures_unique": null, "route_short_name_unique": "720" }, "geometry": { "type": "LineString", "coordinates": [ [ -9.1643702, 38.7112496 ], [ -9.1642762, 38.7113283 ], [ -9.1642732, 38.7113308 ] ] } },
{ "type": "Feature", "properties": { "services_sum": 1.4827018121911038, "total_departures_sum": 104, "route_short_name_sum": null, "services_unique": null, "total_departures_unique": null, "route_short_name_unique": "720" }, "geometry": { "type": "LineString", "coordinates": [ [ -9.1612369, 38.7138541 ], [ -9.1611102, 38.7138978 ], [ -9.1610197, 38.7139465 ], [ -9.160909, 38.7140484 ], [ -9.1607997, 38.714113 ], [ -9.1608208, 38.713965 ], [ -9.1609023, 38.7138884 ], [ -9.1609999, 38.7138303 ], [ -9.161117, 38.7137937 ] ] } },
{ "type": "Feature", "properties": { "services_sum": 1.4827018121911038, "total_departures_sum": 104, "route_short_name_sum": null, "services_unique": null, "total_departures_unique": null, "route_short_name_unique": "720" }, "geometry": { "type": "LineString", "coordinates": [ [ -9.1598681, 38.7156553 ], [ -9.1595615, 38.7156913 ], [ -9.1595281, 38.7156952 ], [ -9.1598681, 38.7156553 ] ] } },
{ "type": "Feature", "properties": { "services_sum": 1.4827018121911038, "total_departures_sum": 104, "route_short_name_sum": null, "services_unique": null, "total_departures_unique": null, "route_short_name_unique": "720" }, "geometry": { "type": "LineString", "coordinates": [ [ -9.1598681, 38.7156553 ], [ -9.1604969, 38.7155873 ], [ -9.1600204, 38.7156389 ], [ -9.1598681, 38.7156553 ] ] } },
{ "type": "Feature", "properties": { "services_sum": 1.4827018121911038, "total_departures_sum": 104, "route_short_name_sum": null, "services_unique": null, "total_departures_unique": null, "route_short_name_unique": "720" }, "geometry": { "type": "LineString", "coordinates": [ [ -9.1550561, 38.7199089 ], [ -9.1550864, 38.7199033 ], [ -9.1552767, 38.7198678 ], [ -9.1554567, 38.7198322 ], [ -9.1556758, 38.7197041 ], [ -9.1558383, 38.7195888 ], [ -9.1559338, 38.7195192 ], [ -9.1558972, 38.7196553 ], [ -9.1558172, 38.7197549 ], [ -9.1556984, 38.7199028 ], [ -9.1555789, 38.7199139 ], [ -9.1554089, 38.71994 ], [ -9.1550736, 38.7199967 ], [ -9.1548257, 38.720042 ], [ -9.1547694, 38.7200522 ], [ -9.1545231, 38.720098 ], [ -9.1543928, 38.7201564 ], [ -9.1543156, 38.7201971 ], [ -9.1541165, 38.7203112 ], [ -9.1539291, 38.7203403 ] ] } },
{ "type": "Feature", "properties": { "services_sum": 1.4827018121911038, "total_departures_sum": 104, "route_short_name_sum": null, "services_unique": null, "total_departures_unique": null, "route_short_name_unique": "720" }, "geometry": { "type": "LineString", "coordinates": [ [ -9.1547248, 38.7199704 ], [ -9.1544298, 38.7200253 ], [ -9.1543257, 38.7200814 ], [ -9.1542424, 38.7201192 ] ] } },
{ "type": "Feature", "properties": { "services_sum": 1.4827018121911038, "total_departures_sum": 104, "route_short_name_sum": null, "services_unique": null, "total_departures_unique": null, "route_short_name_unique": "720" }, "geometry": { "type": "LineString", "coordinates": [ [ -9.151093, 38.7252889 ], [ -9.1510822, 38.7253815 ], [ -9.1510699, 38.7254342 ] ] } },
{ "type": "Feature", "properties": { "services_sum": 1.4827018121911038, "total_departures_sum": 104, "route_short_name_sum": null, "services_unique": null, "total_departures_unique": null, "route_short_name_unique": "720" }, "geometry": { "type": "LineString", "coordinates": [ [ -9.1508446, 38.7257905 ], [ -9.1508409, 38.7257934 ], [ -9.1507103, 38.7258935 ] ] } },
{ "type": "Feature", "properties": { "services_sum": 1.4827018121911038, "total_departures_sum": 104, "route_short_name_sum": null, "services_unique": null, "total_departures_unique": null, "route_short_name_unique": "720" }, "geometry": { "type": "LineString", "coordinates": [ [ -9.1507989, 38.7240195 ], [ -9.1507169, 38.7241562 ], [ -9.1506995, 38.7241852 ], [ -9.1507989, 38.7240195 ] ] } },
{ "type": "Feature", "properties": { "services_sum": 1.4827018121911038, "total_departures_sum": 104, "route_short_name_sum": null, "services_unique": null, "total_departures_unique": null, "route_short_name_unique": "720" }, "geometry": { "type": "LineString", "coordinates": [ [ -9.1507989, 38.7240195 ], [ -9.1508968, 38.7238562 ], [ -9.1508918, 38.7238646 ], [ -9.1507989, 38.7240195 ] ] } },
{ "type": "Feature", "properties": { "services_sum": 1.4827018121911038, "total_departures_sum": 104, "route_short_name_sum": null, "services_unique": null, "total_departures_unique": null, "route_short_name_unique": "720" }, "geometry": { "type": "LineString", "coordinates": [ [ -9.149852, 38.7260655 ], [ -9.1497109, 38.7260368 ], [ -9.1495771, 38.7259919 ] ] } },
{ "type": "Feature", "properties": { "services_sum": 1.4827018121911038, "total_departures_sum": 104, "route_short_name_sum": null, "services_unique": null, "total_departures_unique": null, "route_short_name_unique": "720" }, "geometry": { "type": "LineString", "coordinates": [ [ -9.1493856, 38.7258965 ], [ -9.1492794, 38.725818 ] ] } },
{ "type": "Feature", "properties": { "services_sum": 1.4827018121911038, "total_departures_sum": 104, "route_short_name_sum": null, "services_unique": null, "total_departures_unique": null, "route_short_name_unique": "720" }, "geometry": { "type": "LineString", "coordinates": [ [ -9.1489758, 38.7251493 ], [ -9.1489596, 38.7252142 ], [ -9.1489448, 38.7252477 ], [ -9.1489274, 38.7252696 ], [ -9.1489046, 38.7252864 ], [ -9.1488791, 38.7252979 ], [ -9.1488433, 38.7253081 ], [ -9.1487524, 38.7253216 ], [ -9.148701, 38.7253362 ], [ -9.1486619, 38.7253551 ], [ -9.1486241, 38.7253771 ], [ -9.1483133, 38.7256137 ], [ -9.1482734, 38.7256398 ], [ -9.1480829, 38.725764 ], [ -9.1475683, 38.7261573 ], [ -9.1474488, 38.7262495 ], [ -9.1474097, 38.7262796 ], [ -9.1472836, 38.7263709 ], [ -9.1471752, 38.7264575 ], [ -9.1468856, 38.7266853 ], [ -9.1467997, 38.7267502 ], [ -9.1466558, 38.7268591 ], [ -9.1462357, 38.7271767 ], [ -9.1461158, 38.7272674 ], [ -9.1460189, 38.7273412 ], [ -9.145797, 38.7275085 ], [ -9.1454934, 38.7277381 ], [ -9.1451986, 38.7279617 ], [ -9.1449821, 38.7281259 ], [ -9.1448743, 38.7282062 ], [ -9.1443424, 38.7286084 ], [ -9.1442425, 38.7286839 ], [ -9.1441303, 38.7287688 ], [ -9.1437162, 38.729086 ], [ -9.1436032, 38.7291674 ], [ -9.1434248, 38.7293416 ], [ -9.1434186, 38.729468 ], [ -9.1434641, 38.7296633 ], [ -9.1435325, 38.7297464 ], [ -9.1435253, 38.7296665 ], [ -9.1435287, 38.7295681 ], [ -9.1435369, 38.729529 ], [ -9.1435502, 38.7294656 ], [ -9.1436145, 38.7293583 ], [ -9.1436786, 38.7292669 ], [ -9.143815, 38.7291719 ], [ -9.1439879, 38.7290663 ], [ -9.1440694, 38.7290003 ], [ -9.1442259, 38.7288799 ], [ -9.1443411, 38.7287947 ], [ -9.1444486, 38.7287096 ], [ -9.1446223, 38.7285813 ], [ -9.1448825, 38.7283752 ], [ -9.1449643, 38.7283161 ], [ -9.1450512, 38.7282504 ], [ -9.1457479, 38.7277242 ], [ -9.1457485, 38.7277238 ], [ -9.1461226, 38.727432 ], [ -9.1462233, 38.7273592 ], [ -9.1463456, 38.7272631 ], [ -9.1469906, 38.7267736 ], [ -9.1472233, 38.7265946 ], [ -9.1473843, 38.7264742 ], [ -9.1476177, 38.726295 ], [ -9.1477329, 38.7262102 ], [ -9.1481792, 38.7258502 ], [ -9.148286, 38.7257632 ], [ -9.1484979, 38.7256078 ], [ -9.1485828, 38.7255435 ], [ -9.1486917, 38.7254609 ], [ -9.1487702, 38.7254156 ], [ -9.1488589, 38.7253996 ], [ -9.1489952, 38.7253904 ] ] } },
{ "type": "Feature", "properties": { "services_sum": 1.4827018121911038, "total_departures_sum": 104, "route_short_name_sum": null, "services_unique": null, "total_departures_unique": null, "route_short_name_unique": "720" }, "geometry": { "type": "LineString", "coordinates": [ [ -9.1421375, 38.7377585 ], [ -9.1421102, 38.7376184 ], [ -9.141902, 38.7366539 ], [ -9.1418912, 38.7366039 ], [ -9.1418747, 38.7365271 ], [ -9.1418559, 38.7364402 ], [ -9.1418379, 38.736357 ], [ -9.1416282, 38.7353851 ], [ -9.1416077, 38.7352905 ], [ -9.1415993, 38.7352514 ], [ -9.141587, 38.7351944 ] ] } },
{ "type": "Feature", "properties": { "services_sum": 1.4827018121911038, "total_departures_sum": 104, "route_short_name_sum": null, "services_unique": null, "total_departures_unique": null, "route_short_name_unique": "720" }, "geometry": { "type": "LineString", "coordinates": [ [ -9.1414891, 38.7347164 ], [ -9.14153, 38.7349163 ], [ -9.1415227, 38.7348806 ], [ -9.1414891, 38.7347164 ] ] } },
{ "type": "Feature", "properties": { "services_sum": 1.4827018121911038, "total_departures_sum": 104, "route_short_name_sum": null, "services_unique": null, "total_departures_unique": null, "route_short_name_unique": "720" }, "geometry": { "type": "LineString", "coordinates": [ [ -9.1414891, 38.7347164 ], [ -9.1414643, 38.7345953 ], [ -9.1414186, 38.7343726 ], [ -9.1414891, 38.7347164 ] ] } },
{ "type": "Feature", "properties": { "services_sum": 1.4827018121911038, "total_departures_sum": 104, "route_short_name_sum": null, "services_unique": null, "total_departures_unique": null, "route_short_name_unique": "720" }, "geometry": { "type": "LineString", "coordinates": [ [ -9.1413661, 38.7316273 ], [ -9.1411599, 38.7316896 ], [ -9.1410751, 38.7317165 ], [ -9.141032, 38.7317705 ], [ -9.140966, 38.7318079 ], [ -9.1409406, 38.7318951 ], [ -9.1409234, 38.7319557 ] ] } },
{ "type": "Feature", "properties": { "services_sum": 1.4827018121911038, "total_departures_sum": 104, "route_short_name_sum": null, "services_unique": null, "total_departures_unique": null, "route_short_name_unique": "720" }, "geometry": { "type": "LineString", "coordinates": [ [ -9.1413661, 38.7316273 ], [ -9.1414641, 38.7316819 ], [ -9.1418698, 38.7319081 ], [ -9.1419545, 38.7319554 ], [ -9.1425949, 38.7323125 ], [ -9.1426712, 38.7322474 ], [ -9.1443017, 38.7316393 ], [ -9.1444031, 38.7316015 ], [ -9.1439599, 38.7310653 ], [ -9.1439189, 38.731004 ], [ -9.1437853, 38.7310418 ], [ -9.1422634, 38.7314111 ], [ -9.1422243, 38.7314206 ], [ -9.1414462, 38.7316094 ], [ -9.1413661, 38.7316273 ] ] } },
{ "type": "Feature", "properties": { "services_sum": 1.4827018121911038, "total_departures_sum": 104, "route_short_name_sum": null, "services_unique": null, "total_departures_unique": null, "route_short_name_unique": "720" }, "geometry": { "type": "LineString", "coordinates": [ [ -9.1413661, 38.7316273 ], [ -9.1412696, 38.7315708 ], [ -9.1410685, 38.7315866 ], [ -9.1410325, 38.7315452 ], [ -9.1409823, 38.731514 ], [ -9.1409225, 38.7314959 ], [ -9.1408585, 38.7314926 ], [ -9.1407961, 38.7315044 ], [ -9.1407411, 38.7315302 ], [ -9.1406985, 38.7315676 ], [ -9.1406721, 38.7316132 ], [ -9.1406646, 38.7316665 ], [ -9.1406793, 38.7317188 ], [ -9.1407147, 38.7317648 ], [ -9.1407627, 38.7317974 ], [ -9.140821, 38.7318175 ], [ -9.1408853, 38.7319057 ], [ -9.1409234, 38.7319557 ] ] } },
{ "type": "Feature", "properties": { "services_sum": 1.4827018121911038, "total_departures_sum": 104, "route_short_name_sum": null, "services_unique": null, "total_departures_unique": null, "route_short_name_unique": "720" }, "geometry": { "type": "LineString", "coordinates": [ [ -9.1409234, 38.7319557 ], [ -9.1409611, 38.7321394 ], [ -9.1409596, 38.7321321 ], [ -9.1409234, 38.7319557 ] ] } },
{ "type": "Feature", "properties": { "services_sum": 1.4827018121911038, "total_departures_sum": 104, "route_short_name_sum": null, "services_unique": null, "total_departures_unique": null, "route_short_name_unique": "720" }, "geometry": { "type": "LineString", "coordinates": [ [ -9.1408807, 38.738023 ], [ -9.140778, 38.738031 ], [ -9.1399213, 38.7381509 ], [ -9.1398516, 38.7381606 ], [ -9.1396179, 38.7381975 ], [ -9.1392624, 38.7382746 ], [ -9.1390816, 38.7383277 ], [ -9.1389244, 38.738319 ], [ -9.1387786, 38.7383108 ], [ -9.1384658, 38.738288 ], [ -9.1383775, 38.7382794 ], [ -9.1381856, 38.7382507 ], [ -9.1378806, 38.7381925 ], [ -9.1376281, 38.7381232 ], [ -9.1374075, 38.7380415 ], [ -9.1371292, 38.7379188 ], [ -9.13691, 38.7377716 ], [ -9.136809, 38.7377029 ], [ -9.1367277, 38.7376375 ], [ -9.1366331, 38.7375608 ], [ -9.1365146, 38.7374659 ], [ -9.1365021, 38.7373676 ], [ -9.1363826, 38.7373748 ], [ -9.1347559, 38.7374733 ], [ -9.1346954, 38.7374769 ], [ -9.1343434, 38.7375008 ], [ -9.1339907, 38.7375196 ], [ -9.1338821, 38.7375261 ] ] } },
{ "type": "Feature", "properties": { "services_sum": 1.4827018121911038, "total_departures_sum": 104, "route_short_name_sum": null, "services_unique": null, "total_departures_unique": null, "route_short_name_unique": "720" }, "geometry": { "type": "LineString", "coordinates": [ [ -9.1404443, 38.7352204 ], [ -9.1402833, 38.735223 ], [ -9.140114, 38.7352236 ], [ -9.1400262, 38.735225 ], [ -9.1397129, 38.7352217 ], [ -9.1395732, 38.7352256 ], [ -9.1395064, 38.7352274 ], [ -9.1388403, 38.7352466 ], [ -9.1387437, 38.7352506 ], [ -9.1383285, 38.7353056 ], [ -9.1379146, 38.7354077 ], [ -9.1374009, 38.7356171 ], [ -9.1370036, 38.7358333 ], [ -9.136902, 38.7358816 ], [ -9.1367679, 38.7359428 ], [ -9.1366618, 38.735994 ], [ -9.136524, 38.7360575 ], [ -9.1364839, 38.7362041 ], [ -9.1364336, 38.736388 ], [ -9.1364105, 38.7364726 ], [ -9.1363018, 38.7364793 ], [ -9.1359902, 38.7364984 ], [ -9.1359398, 38.7365015 ], [ -9.1345759, 38.7365853 ] ] } },
{ "type": "Feature", "properties": { "services_sum": 1.4827018121911038, "total_departures_sum": 104, "route_short_name_sum": null, "services_unique": null, "total_departures_unique": null, "route_short_name_unique": "720" }, "geometry": { "type": "LineString", "coordinates": [ [ -9.1324009, 38.7420509 ], [ -9.1320995, 38.7419921 ] ] } },
{ "type": "Feature", "properties": { "services_sum": 1.4827018121911038, "total_departures_sum": 104, "route_short_name_sum": null, "services_unique": null, "total_departures_unique": null, "route_short_name_unique": "720" }, "geometry": { "type": "LineString", "coordinates": [ [ -9.1320624, 38.7422152 ], [ -9.1319066, 38.742208 ], [ -9.1318609, 38.7422058 ] ] } },
{ "type": "Feature", "properties": { "services_sum": 1.4827018121911038, "total_departures_sum": 104, "route_short_name_sum": null, "services_unique": null, "total_departures_unique": null, "route_short_name_unique": "720" }, "geometry": { "type": "LineString", "coordinates": [ [ -9.1319523, 38.7419879 ], [ -9.1318633, 38.7419815 ], [ -9.131848, 38.7419803 ], [ -9.131164, 38.7419345 ] ] } },
{ "type": "Feature", "properties": { "services_sum": 1.4827018121911038, "total_departures_sum": 104, "route_short_name_sum": null, "services_unique": null, "total_departures_unique": null, "route_short_name_unique": "720" }, "geometry": { "type": "LineString", "coordinates": [ [ -9.13157, 38.7421813 ], [ -9.1312697, 38.7421555 ] ] } },
{ "type": "Feature", "properties": { "services_sum": 1.4827018121911038, "total_departures_sum": 104, "route_short_name_sum": null, "services_unique": null, "total_departures_unique": null, "route_short_name_unique": "720" }, "geometry": { "type": "LineString", "coordinates": [ [ -9.1294095, 38.7415362 ], [ -9.1293529, 38.7415146 ], [ -9.1292703, 38.7414831 ] ] } },
{ "type": "Feature", "properties": { "services_sum": 1.4827018121911038, "total_departures_sum": 104, "route_short_name_sum": null, "services_unique": null, "total_departures_unique": null, "route_short_name_unique": "720" }, "geometry": { "type": "LineString", "coordinates": [ [ -9.1285385, 38.7415327 ], [ -9.1284524, 38.741485 ], [ -9.1284246, 38.7414695 ], [ -9.1282117, 38.7412923 ] ] } },
{ "type": "Feature", "properties": { "services_sum": 1.4827018121911038, "total_departures_sum": 104, "route_short_name_sum": null, "services_unique": null, "total_departures_unique": null, "route_short_name_unique": "720" }, "geometry": { "type": "LineString", "coordinates": [ [ -9.1273507, 38.738793 ], [ -9.1272722, 38.7386066 ], [ -9.1271741, 38.7383738 ], [ -9.1271727, 38.7383705 ] ] } },
{ "type": "Feature", "properties": { "services_sum": 1.4827018121911038, "total_departures_sum": 104, "route_short_name_sum": null, "services_unique": null, "total_departures_unique": null, "route_short_name_unique": "720" }, "geometry": { "type": "LineString", "coordinates": [ [ -9.1265359, 38.7375785 ], [ -9.1263894, 38.7376225 ] ] } },
{ "type": "Feature", "properties": { "services_sum": 1.4827018121911038, "total_departures_sum": 104, "route_short_name_sum": null, "services_unique": null, "total_departures_unique": null, "route_short_name_unique": "720" }, "geometry": { "type": "LineString", "coordinates": [ [ -9.1262804, 38.7392299 ], [ -9.1262565, 38.7392176 ], [ -9.1262107, 38.739194 ] ] } },
{ "type": "Feature", "properties": { "services_sum": 1.4827018121911038, "total_departures_sum": 104, "route_short_name_sum": null, "services_unique": null, "total_departures_unique": null, "route_short_name_unique": "720" }, "geometry": { "type": "LineString", "coordinates": [ [ -9.1256071, 38.7385295 ], [ -9.1255545, 38.7383931 ], [ -9.1255315, 38.7383143 ], [ -9.1255208, 38.7382442 ], [ -9.1253981, 38.7381648 ], [ -9.1252557, 38.7381531 ], [ -9.1248529, 38.7383358 ], [ -9.1247976, 38.7383646 ], [ -9.1246064, 38.7381388 ], [ -9.1246113, 38.7380682 ], [ -9.124534, 38.7379728 ], [ -9.1243769, 38.7378392 ], [ -9.1241699, 38.7377585 ], [ -9.1238992, 38.7377492 ], [ -9.1237851, 38.7377811 ], [ -9.1234014, 38.7379681 ], [ -9.1233467, 38.7379939 ], [ -9.1233153, 38.7380086 ], [ -9.1231321, 38.7380946 ], [ -9.1230653, 38.7381297 ], [ -9.1230112, 38.7381591 ], [ -9.1228693, 38.7383054 ], [ -9.1228095, 38.7384158 ], [ -9.12276, 38.7385073 ], [ -9.1226588, 38.7384865 ], [ -9.1222537, 38.7385266 ], [ -9.1220211, 38.7385622 ], [ -9.1219072, 38.7386094 ], [ -9.121792, 38.7386669 ], [ -9.1213381, 38.739067 ], [ -9.1211327, 38.7392484 ], [ -9.1210518, 38.7393242 ], [ -9.1209746, 38.7392669 ], [ -9.1205233, 38.7389313 ], [ -9.1203879, 38.7388183 ], [ -9.1203852, 38.738816 ], [ -9.1201232, 38.7385972 ], [ -9.1200697, 38.7385546 ], [ -9.1206196, 38.7382301 ], [ -9.1215549, 38.7381074 ], [ -9.1216138, 38.7380999 ], [ -9.1224376, 38.7379932 ], [ -9.1224527, 38.7379912 ], [ -9.1225443, 38.7379793 ], [ -9.1226361, 38.7379692 ], [ -9.1227752, 38.7379429 ], [ -9.1229397, 38.7378717 ], [ -9.1237065, 38.7374887 ], [ -9.1237707, 38.7374567 ], [ -9.1239797, 38.7373646 ], [ -9.1240843, 38.7374144 ], [ -9.1242047, 38.737435 ], [ -9.1242057, 38.7374351 ], [ -9.1253383, 38.7376279 ], [ -9.1255549, 38.7376861 ], [ -9.1260123, 38.7377516 ], [ -9.1261747, 38.73779 ] ] } },
{ "type": "Feature", "properties": { "services_sum": 1.4827018121911038, "total_departures_sum": 104, "route_short_name_sum": null, "services_unique": null, "total_departures_unique": null, "route_short_name_unique": "720" }, "geometry": { "type": "LineString", "coordinates": [ [ -9.1882581, 38.7023774 ], [ -9.1882533, 38.702354 ], [ -9.1882351, 38.7023351 ], [ -9.1882076, 38.7023249 ], [ -9.1881899, 38.7023254 ], [ -9.1881773, 38.7023258 ], [ -9.188151, 38.7023377 ], [ -9.1881347, 38.7023577 ], [ -9.1881323, 38.7023813 ], [ -9.1881441, 38.7024031 ], [ -9.1881677, 38.7024181 ], [ -9.1881974, 38.7024229 ], [ -9.1882266, 38.7024163 ], [ -9.1882408, 38.7024056 ], [ -9.1882485, 38.7023999 ], [ -9.1882581, 38.7023774 ] ] } },
{ "type": "Feature", "properties": { "services_sum": 1.4827018121911038, "total_departures_sum": 104, "route_short_name_sum": null, "services_unique": null, "total_departures_unique": null, "route_short_name_unique": "720" }, "geometry": { "type": "LineString", "coordinates": [ [ -9.1880781, 38.7024462 ], [ -9.1878458, 38.702601 ], [ -9.1871593, 38.7030584 ], [ -9.1879186, 38.7025525 ], [ -9.1880781, 38.7024462 ] ] } },
{ "type": "Feature", "properties": { "services_sum": 1.4827018121911038, "total_departures_sum": 104, "route_short_name_sum": null, "services_unique": null, "total_departures_unique": null, "route_short_name_unique": "720" }, "geometry": { "type": "LineString", "coordinates": [ [ -9.1588706, 38.7157725 ], [ -9.1588693, 38.7158109 ], [ -9.1588525, 38.7158469 ], [ -9.1588219, 38.715877 ], [ -9.1587806, 38.7158979 ], [ -9.158733, 38.7159074 ], [ -9.1586839, 38.7159047 ], [ -9.1586385, 38.7158899 ], [ -9.1586019, 38.7158651 ], [ -9.1585771, 38.7158325 ], [ -9.1585667, 38.7157955 ], [ -9.1585716, 38.7157578 ], [ -9.1585915, 38.7157233 ], [ -9.1586193, 38.7156975 ], [ -9.1586364, 38.7156803 ], [ -9.1587301, 38.7156698 ], [ -9.1587822, 38.7156801 ], [ -9.1588265, 38.7157038 ], [ -9.1588558, 38.7157353 ], [ -9.1588706, 38.7157725 ] ] } },
{ "type": "Feature", "properties": { "services_sum": 1.4827018121911038, "total_departures_sum": 104, "route_short_name_sum": null, "services_unique": null, "total_departures_unique": null, "route_short_name_unique": "720" }, "geometry": { "type": "LineString", "coordinates": [ [ -9.1574256, 38.7175123 ], [ -9.1574167, 38.7175244 ], [ -9.1572034, 38.7178123 ], [ -9.1574256, 38.7175123 ] ] } },
{ "type": "Feature", "properties": { "services_sum": 1.4827018121911038, "total_departures_sum": 104, "route_short_name_sum": null, "services_unique": null, "total_departures_unique": null, "route_short_name_unique": "720" }, "geometry": { "type": "LineString", "coordinates": [ [ -9.1571261, 38.7179165 ], [ -9.1568474, 38.7182982 ], [ -9.1568441, 38.7183027 ], [ -9.1571261, 38.7179165 ] ] } },
{ "type": "Feature", "properties": { "services_sum": 1.4827018121911038, "total_departures_sum": 104, "route_short_name_sum": null, "services_unique": null, "total_departures_unique": null, "route_short_name_unique": "720" }, "geometry": { "type": "LineString", "coordinates": [ [ -9.1520215, 38.7219809 ], [ -9.1519088, 38.7221688 ], [ -9.1518808, 38.7222155 ], [ -9.1518904, 38.7221996 ], [ -9.1520215, 38.7219809 ] ] } },
{ "type": "Feature", "properties": { "services_sum": 1.4827018121911038, "total_departures_sum": 104, "route_short_name_sum": null, "services_unique": null, "total_departures_unique": null, "route_short_name_unique": "720" }, "geometry": { "type": "LineString", "coordinates": [ [ -9.1438485, 38.7308157 ], [ -9.1438182, 38.7307286 ], [ -9.1438115, 38.7307095 ], [ -9.1438485, 38.7308157 ] ] } },
{ "type": "Feature", "properties": { "services_sum": 1.4827018121911038, "total_departures_sum": 104, "route_short_name_sum": null, "services_unique": null, "total_departures_unique": null, "route_short_name_unique": "720" }, "geometry": { "type": "LineString", "coordinates": [ [ -9.1411031, 38.7328328 ], [ -9.1410445, 38.7325468 ], [ -9.1410289, 38.7324704 ], [ -9.1411031, 38.7328328 ] ] } },
{ "type": "Feature", "properties": { "services_sum": 2.9654036243822075, "total_departures_sum": 208, "route_short_name_sum": null, "services_unique": null, "total_departures_unique": null, "route_short_name_unique": "720" }, "geometry": { "type": "LineString", "coordinates": [ [ -9.1881441, 38.7024031 ], [ -9.1880781, 38.7024462 ] ] } },
{ "type": "Feature", "properties": { "services_sum": 2.9654036243822075, "total_departures_sum": 208, "route_short_name_sum": null, "services_unique": null, "total_departures_unique": null, "route_short_name_unique": "720" }, "geometry": { "type": "LineString", "coordinates": [ [ -9.1871593, 38.7030584 ], [ -9.187059, 38.7031197 ], [ -9.1869891, 38.7031557 ], [ -9.1865293, 38.703471 ], [ -9.1859842, 38.7038026 ] ] } },
{ "type": "Feature", "properties": { "services_sum": 2.9654036243822075, "total_departures_sum": 208, "route_short_name_sum": null, "services_unique": null, "total_departures_unique": null, "route_short_name_unique": "720" }, "geometry": { "type": "LineString", "coordinates": [ [ -9.1773612, 38.7048958 ], [ -9.1773048, 38.7049216 ] ] } },
{ "type": "Feature", "properties": { "services_sum": 2.9654036243822075, "total_departures_sum": 208, "route_short_name_sum": null, "services_unique": null, "total_departures_unique": null, "route_short_name_unique": "720" }, "geometry": { "type": "LineString", "coordinates": [ [ -9.1772068, 38.704959 ], [ -9.1771349, 38.7048775 ], [ -9.1770311, 38.7047597 ] ] } },
{ "type": "Feature", "properties": { "services_sum": 2.9654036243822075, "total_departures_sum": 208, "route_short_name_sum": null, "services_unique": null, "total_departures_unique": null, "route_short_name_unique": "720" }, "geometry": { "type": "LineString", "coordinates": [ [ -9.1680385, 38.7046667 ], [ -9.1676817, 38.7062784 ] ] } },
{ "type": "Feature", "properties": { "services_sum": 2.9654036243822075, "total_departures_sum": 208, "route_short_name_sum": null, "services_unique": null, "total_departures_unique": null, "route_short_name_unique": "720" }, "geometry": { "type": "LineString", "coordinates": [ [ -9.1607997, 38.714113 ], [ -9.160754, 38.714272 ], [ -9.1606824, 38.7147083 ], [ -9.1606667, 38.714986 ], [ -9.160671, 38.7152326 ], [ -9.1606772, 38.71538 ], [ -9.1606672, 38.7154446 ], [ -9.1606517, 38.7154791 ], [ -9.1606162, 38.7155361 ], [ -9.1605528, 38.7155769 ], [ -9.1604969, 38.7155873 ] ] } },
{ "type": "Feature", "properties": { "services_sum": 2.9654036243822075, "total_departures_sum": 208, "route_short_name_sum": null, "services_unique": null, "total_departures_unique": null, "route_short_name_unique": "720" }, "geometry": { "type": "LineString", "coordinates": [ [ -9.1595281, 38.7156952 ], [ -9.1589486, 38.7157632 ], [ -9.1588706, 38.7157725 ] ] } },
{ "type": "Feature", "properties": { "services_sum": 2.9654036243822075, "total_departures_sum": 208, "route_short_name_sum": null, "services_unique": null, "total_departures_unique": null, "route_short_name_unique": "720" }, "geometry": { "type": "LineString", "coordinates": [ [ -9.1586385, 38.7158899 ], [ -9.1583249, 38.7163005 ], [ -9.1577141, 38.7171168 ], [ -9.1576498, 38.7172026 ], [ -9.1575527, 38.7173383 ], [ -9.1575328, 38.7173655 ], [ -9.1574256, 38.7175123 ] ] } },
{ "type": "Feature", "properties": { "services_sum": 2.9654036243822075, "total_departures_sum": 208, "route_short_name_sum": null, "services_unique": null, "total_departures_unique": null, "route_short_name_unique": "720" }, "geometry": { "type": "LineString", "coordinates": [ [ -9.1572034, 38.7178123 ], [ -9.1571261, 38.7179165 ] ] } },
{ "type": "Feature", "properties": { "services_sum": 2.9654036243822075, "total_departures_sum": 208, "route_short_name_sum": null, "services_unique": null, "total_departures_unique": null, "route_short_name_unique": "720" }, "geometry": { "type": "LineString", "coordinates": [ [ -9.1568441, 38.7183027 ], [ -9.1566697, 38.7185224 ], [ -9.1560848, 38.7193334 ], [ -9.1559338, 38.7195192 ] ] } },
{ "type": "Feature", "properties": { "services_sum": 2.9654036243822075, "total_departures_sum": 208, "route_short_name_sum": null, "services_unique": null, "total_departures_unique": null, "route_short_name_unique": "720" }, "geometry": { "type": "LineString", "coordinates": [ [ -9.1538651, 38.7203743 ], [ -9.1536984, 38.7204629 ] ] } },
{ "type": "Feature", "properties": { "services_sum": 2.9654036243822075, "total_departures_sum": 208, "route_short_name_sum": null, "services_unique": null, "total_departures_unique": null, "route_short_name_unique": "720" }, "geometry": { "type": "LineString", "coordinates": [ [ -9.1525731, 38.721061 ], [ -9.1524416, 38.7212802 ], [ -9.1521687, 38.7217353 ], [ -9.1520215, 38.7219809 ] ] } },
{ "type": "Feature", "properties": { "services_sum": 2.9654036243822075, "total_departures_sum": 208, "route_short_name_sum": null, "services_unique": null, "total_departures_unique": null, "route_short_name_unique": "720" }, "geometry": { "type": "LineString", "coordinates": [ [ -9.1518808, 38.7222155 ], [ -9.151829, 38.7223019 ], [ -9.1515691, 38.7227352 ], [ -9.1515403, 38.7227868 ], [ -9.1514534, 38.7229282 ], [ -9.1513654, 38.7230749 ], [ -9.151278, 38.7232206 ], [ -9.1511537, 38.7234407 ], [ -9.1508968, 38.7238562 ] ] } },
{ "type": "Feature", "properties": { "services_sum": 2.9654036243822075, "total_departures_sum": 208, "route_short_name_sum": null, "services_unique": null, "total_departures_unique": null, "route_short_name_unique": "720" }, "geometry": { "type": "LineString", "coordinates": [ [ -9.1506995, 38.7241852 ], [ -9.1506102, 38.7243178 ], [ -9.1505347, 38.7244601 ], [ -9.1504976, 38.724522 ] ] } },
{ "type": "Feature", "properties": { "services_sum": 2.9654036243822075, "total_departures_sum": 208, "route_short_name_sum": null, "services_unique": null, "total_departures_unique": null, "route_short_name_unique": "720" }, "geometry": { "type": "LineString", "coordinates": [ [ -9.1439189, 38.731004 ], [ -9.1438733, 38.7309336 ], [ -9.1438665, 38.7308758 ], [ -9.1438485, 38.7308157 ] ] } },
{ "type": "Feature", "properties": { "services_sum": 2.9654036243822075, "total_departures_sum": 208, "route_short_name_sum": null, "services_unique": null, "total_departures_unique": null, "route_short_name_unique": "720" }, "geometry": { "type": "LineString", "coordinates": [ [ -9.1438115, 38.7307095 ], [ -9.1438035, 38.7306855 ], [ -9.1436661, 38.7301792 ], [ -9.1436435, 38.7301059 ], [ -9.1435325, 38.7297464 ] ] } },
{ "type": "Feature", "properties": { "services_sum": 2.9654036243822075, "total_departures_sum": 208, "route_short_name_sum": null, "services_unique": null, "total_departures_unique": null, "route_short_name_unique": "720" }, "geometry": { "type": "LineString", "coordinates": [ [ -9.141587, 38.7351944 ], [ -9.1415522, 38.7350246 ], [ -9.14153, 38.7349163 ] ] } },
{ "type": "Feature", "properties": { "services_sum": 2.9654036243822075, "total_departures_sum": 208, "route_short_name_sum": null, "services_unique": null, "total_departures_unique": null, "route_short_name_unique": "720" }, "geometry": { "type": "LineString", "coordinates": [ [ -9.1414186, 38.7343726 ], [ -9.1414031, 38.734297 ], [ -9.1413854, 38.7342104 ], [ -9.1413701, 38.7341359 ], [ -9.1411509, 38.7330658 ], [ -9.1411293, 38.7329607 ], [ -9.1411031, 38.7328328 ] ] } },
{ "type": "Feature", "properties": { "services_sum": 2.9654036243822075, "total_departures_sum": 208, "route_short_name_sum": null, "services_unique": null, "total_departures_unique": null, "route_short_name_unique": "720" }, "geometry": { "type": "LineString", "coordinates": [ [ -9.1410289, 38.7324704 ], [ -9.1409939, 38.7322997 ], [ -9.1409611, 38.7321394 ] ] } },
{ "type": "Feature", "properties": { "services_sum": 6.9654036243822075, "total_departures_sum": 724, "route_short_name_sum": null, "services_unique": null, "total_departures_unique": null, "route_short_name_unique": "720, 203" }, "geometry": { "type": "LineString", "coordinates": [ [ -9.1852715, 38.7042658 ], [ -9.1852003, 38.7043134 ], [ -9.1851481, 38.7043446 ], [ -9.1848561, 38.7045193 ] ] } },
{ "type": "Feature", "properties": { "services_sum": 6.9654036243822075, "total_departures_sum": 724, "route_short_name_sum": null, "services_unique": null, "total_departures_unique": null, "route_short_name_unique": "720, 203" }, "geometry": { "type": "LineString", "coordinates": [ [ -9.1847788, 38.7045656 ], [ -9.184467, 38.7047698 ], [ -9.1843942, 38.7048188 ], [ -9.1843255, 38.7048593 ], [ -9.1838376, 38.7051838 ], [ -9.1832924, 38.7046674 ], [ -9.1832072, 38.7045868 ] ] } },
{ "type": "Feature", "properties": { "services_sum": 6.9654036243822075, "total_departures_sum": 724, "route_short_name_sum": null, "services_unique": null, "total_departures_unique": null, "route_short_name_unique": "720, 203" }, "geometry": { "type": "LineString", "coordinates": [ [ -9.1827101, 38.704123 ], [ -9.1826777, 38.7040928 ], [ -9.1825818, 38.7040033 ], [ -9.1824929, 38.7039214 ], [ -9.1820605, 38.7035228 ], [ -9.1816781, 38.7031856 ], [ -9.1816221, 38.7031347 ] ] } },
{ "type": "Feature", "properties": { "services_sum": 6.9654036243822075, "total_departures_sum": 724, "route_short_name_sum": null, "services_unique": null, "total_departures_unique": null, "route_short_name_unique": "720, 203" }, "geometry": { "type": "LineString", "coordinates": [ [ -9.1809668, 38.7025416 ], [ -9.1808088, 38.7023986 ], [ -9.1807009, 38.7023021 ], [ -9.180678, 38.7022814 ] ] } },
{ "type": "Feature", "properties": { "services_sum": 6.9654036243822075, "total_departures_sum": 724, "route_short_name_sum": null, "services_unique": null, "total_departures_unique": null, "route_short_name_unique": "720, 203" }, "geometry": { "type": "LineString", "coordinates": [ [ -9.1700421, 38.7036045 ], [ -9.1698015, 38.7036056 ], [ -9.1685261, 38.7036032 ], [ -9.1681792, 38.7035999 ] ] } },
{ "type": "Feature", "properties": { "services_sum": 6.9654036243822075, "total_departures_sum": 724, "route_short_name_sum": null, "services_unique": null, "total_departures_unique": null, "route_short_name_unique": "720, 203" }, "geometry": { "type": "LineString", "coordinates": [ [ -9.1680822, 38.7044426 ], [ -9.1680385, 38.7046667 ] ] } },
{ "type": "Feature", "properties": { "services_sum": 6.9654036243822075, "total_departures_sum": 724, "route_short_name_sum": null, "services_unique": null, "total_departures_unique": null, "route_short_name_unique": "720, 203" }, "geometry": { "type": "LineString", "coordinates": [ [ -9.1676817, 38.7062784 ], [ -9.1676627, 38.7063796 ], [ -9.1676375, 38.7065013 ], [ -9.1676216, 38.706595 ], [ -9.1675904, 38.7067117 ], [ -9.1675633, 38.7068129 ] ] } },
{ "type": "Feature", "properties": { "services_sum": 6.9654036243822075, "total_departures_sum": 724, "route_short_name_sum": null, "services_unique": null, "total_departures_unique": null, "route_short_name_unique": "720, 203" }, "geometry": { "type": "LineString", "coordinates": [ [ -9.1675128, 38.7070485 ], [ -9.1674952, 38.7071308 ] ] } },
{ "type": "Feature", "properties": { "services_sum": 6.9654036243822075, "total_departures_sum": 724, "route_short_name_sum": null, "services_unique": null, "total_departures_unique": null, "route_short_name_unique": "720, 203" }, "geometry": { "type": "LineString", "coordinates": [ [ -9.1674551, 38.7073082 ], [ -9.1672687, 38.7081203 ], [ -9.1671305, 38.7084939 ], [ -9.1669467, 38.708835 ], [ -9.1667274, 38.7091481 ], [ -9.1667121, 38.7091699 ], [ -9.1666805, 38.7092067 ] ] } },
{ "type": "Feature", "properties": { "services_sum": 6.9654036243822075, "total_departures_sum": 724, "route_short_name_sum": null, "services_unique": null, "total_departures_unique": null, "route_short_name_unique": "720, 203" }, "geometry": { "type": "LineString", "coordinates": [ [ -9.1665405, 38.7093698 ], [ -9.1661982, 38.7096904 ], [ -9.165943, 38.7099105 ] ] } },
{ "type": "Feature", "properties": { "services_sum": 6.9654036243822075, "total_departures_sum": 724, "route_short_name_sum": null, "services_unique": null, "total_departures_unique": null, "route_short_name_unique": "720, 203" }, "geometry": { "type": "LineString", "coordinates": [ [ -9.1654367, 38.710342 ], [ -9.1646974, 38.7109776 ], [ -9.1646559, 38.7110131 ], [ -9.1643702, 38.7112496 ] ] } },
{ "type": "Feature", "properties": { "services_sum": 6.9654036243822075, "total_departures_sum": 724, "route_short_name_sum": null, "services_unique": null, "total_departures_unique": null, "route_short_name_unique": "720, 203" }, "geometry": { "type": "LineString", "coordinates": [ [ -9.1642732, 38.7113308 ], [ -9.1640731, 38.7114982 ], [ -9.1639971, 38.7115619 ] ] } },
{ "type": "Feature", "properties": { "services_sum": 3.4827018121911038, "total_departures_sum": 362, "route_short_name_sum": null, "services_unique": null, "total_departures_unique": null, "route_short_name_unique": "720, 203" }, "geometry": { "type": "LineString", "coordinates": [ [ -9.1848561, 38.7045193 ], [ -9.1847788, 38.7045656 ] ] } },
{ "type": "Feature", "properties": { "services_sum": 3.4827018121911038, "total_departures_sum": 362, "route_short_name_sum": null, "services_unique": null, "total_departures_unique": null, "route_short_name_unique": "720, 203" }, "geometry": { "type": "LineString", "coordinates": [ [ -9.1832072, 38.7045868 ], [ -9.1830901, 38.7044775 ], [ -9.1827101, 38.704123 ] ] } },
{ "type": "Feature", "properties": { "services_sum": 3.4827018121911038, "total_departures_sum": 362, "route_short_name_sum": null, "services_unique": null, "total_departures_unique": null, "route_short_name_unique": "720, 203" }, "geometry": { "type": "LineString", "coordinates": [ [ -9.1816221, 38.7031347 ], [ -9.1809668, 38.7025416 ] ] } },
{ "type": "Feature", "properties": { "services_sum": 3.4827018121911038, "total_departures_sum": 362, "route_short_name_sum": null, "services_unique": null, "total_departures_unique": null, "route_short_name_unique": "720, 203" }, "geometry": { "type": "LineString", "coordinates": [ [ -9.1777569, 38.7047148 ], [ -9.1776323, 38.7047713 ] ] } },
{ "type": "Feature", "properties": { "services_sum": 3.4827018121911038, "total_departures_sum": 362, "route_short_name_sum": null, "services_unique": null, "total_departures_unique": null, "route_short_name_unique": "720, 203" }, "geometry": { "type": "LineString", "coordinates": [ [ -9.1712336, 38.7035341 ], [ -9.1711578, 38.7035113 ], [ -9.1711223, 38.703504 ], [ -9.1710847, 38.7034987 ], [ -9.1710432, 38.7034956 ], [ -9.1709714, 38.7034982 ], [ -9.1709265, 38.7035029 ], [ -9.1707556, 38.7035291 ], [ -9.1706389, 38.7035495 ], [ -9.1705517, 38.7035594 ], [ -9.1700421, 38.7036045 ], [ -9.1704301, 38.7036445 ], [ -9.170649, 38.7036447 ], [ -9.1712499, 38.7036712 ], [ -9.1713934, 38.7036789 ], [ -9.1716797, 38.7037024 ] ] } },
{ "type": "Feature", "properties": { "services_sum": 3.4827018121911038, "total_departures_sum": 362, "route_short_name_sum": null, "services_unique": null, "total_departures_unique": null, "route_short_name_unique": "720, 203" }, "geometry": { "type": "LineString", "coordinates": [ [ -9.1681792, 38.7035999 ], [ -9.1681767, 38.7037324 ], [ -9.1681766, 38.7037792 ] ] } },
{ "type": "Feature", "properties": { "services_sum": 3.4827018121911038, "total_departures_sum": 362, "route_short_name_sum": null, "services_unique": null, "total_departures_unique": null, "route_short_name_unique": "720, 203" }, "geometry": { "type": "LineString", "coordinates": [ [ -9.1681558, 38.7039392 ], [ -9.1681537, 38.7043266 ], [ -9.1680822, 38.7044426 ], [ -9.1680184, 38.7043234 ], [ -9.1680105, 38.7042057 ] ] } },
{ "type": "Feature", "properties": { "services_sum": 3.4827018121911038, "total_departures_sum": 362, "route_short_name_sum": null, "services_unique": null, "total_departures_unique": null, "route_short_name_unique": "720, 203" }, "geometry": { "type": "LineString", "coordinates": [ [ -9.1680076, 38.7040325 ], [ -9.1680022, 38.7037319 ], [ -9.1680049, 38.7035983 ] ] } },
{ "type": "Feature", "properties": { "services_sum": 3.4827018121911038, "total_departures_sum": 362, "route_short_name_sum": null, "services_unique": null, "total_departures_unique": null, "route_short_name_unique": "720, 203" }, "geometry": { "type": "LineString", "coordinates": [ [ -9.1675633, 38.7068129 ], [ -9.1675128, 38.7070485 ] ] } },
{ "type": "Feature", "properties": { "services_sum": 3.4827018121911038, "total_departures_sum": 362, "route_short_name_sum": null, "services_unique": null, "total_departures_unique": null, "route_short_name_unique": "720, 203" }, "geometry": { "type": "LineString", "coordinates": [ [ -9.1674952, 38.7071308 ], [ -9.1674551, 38.7073082 ] ] } },
{ "type": "Feature", "properties": { "services_sum": 3.4827018121911038, "total_departures_sum": 362, "route_short_name_sum": null, "services_unique": null, "total_departures_unique": null, "route_short_name_unique": "720, 203" }, "geometry": { "type": "LineString", "coordinates": [ [ -9.1666805, 38.7092067 ], [ -9.1665405, 38.7093698 ] ] } },
{ "type": "Feature", "properties": { "services_sum": 3.4827018121911038, "total_departures_sum": 362, "route_short_name_sum": null, "services_unique": null, "total_departures_unique": null, "route_short_name_unique": "720, 203" }, "geometry": { "type": "LineString", "coordinates": [ [ -9.165943, 38.7099105 ], [ -9.1654367, 38.710342 ] ] } },
{ "type": "Feature", "properties": { "services_sum": 3.4827018121911038, "total_departures_sum": 362, "route_short_name_sum": null, "services_unique": null, "total_departures_unique": null, "route_short_name_unique": "720, 203" }, "geometry": { "type": "LineString", "coordinates": [ [ -9.1643702, 38.7112496 ], [ -9.1642732, 38.7113308 ] ] } },
{ "type": "Feature", "properties": { "services_sum": 3.4827018121911038, "total_departures_sum": 362, "route_short_name_sum": null, "services_unique": null, "total_departures_unique": null, "route_short_name_unique": "720, 203" }, "geometry": { "type": "LineString", "coordinates": [ [ -9.16145, 38.7136775 ], [ -9.1612688, 38.7137365 ], [ -9.161117, 38.7137937 ] ] } },
{ "type": "Feature", "properties": { "services_sum": 3.4827018121911038, "total_departures_sum": 362, "route_short_name_sum": null, "services_unique": null, "total_departures_unique": null, "route_short_name_unique": "720, 203" }, "geometry": { "type": "LineString", "coordinates": [ [ -9.1421375, 38.7377585 ], [ -9.1419577, 38.7377865 ], [ -9.14128, 38.7378854 ], [ -9.141193, 38.7378952 ], [ -9.1411959, 38.7379359 ], [ -9.1411839, 38.7379756 ], [ -9.1411581, 38.7380111 ], [ -9.1411205, 38.7380395 ], [ -9.1410741, 38.7380585 ], [ -9.1410228, 38.7380665 ], [ -9.1409707, 38.7380629 ], [ -9.140922, 38.738048 ], [ -9.1408807, 38.738023 ] ] } },
{ "type": "Feature", "properties": { "services_sum": 3.4827018121911038, "total_departures_sum": 362, "route_short_name_sum": null, "services_unique": null, "total_departures_unique": null, "route_short_name_unique": "720, 203" }, "geometry": { "type": "LineString", "coordinates": [ [ -9.141587, 38.7351944 ], [ -9.1413965, 38.7351972 ], [ -9.1406727, 38.7352182 ], [ -9.1405866, 38.735219 ], [ -9.1404893, 38.73522 ], [ -9.1404443, 38.7352204 ] ] } },
{ "type": "Feature", "properties": { "services_sum": 1.7955112219451372, "total_departures_sum": 127, "route_short_name_sum": null, "services_unique": null, "total_departures_unique": null, "route_short_name_unique": "736" }, "geometry": { "type": "LineString", "coordinates": [ [ -9.1830168, 38.7866422 ], [ -9.1829939, 38.7866125 ], [ -9.1827058, 38.7867522 ], [ -9.1824978, 38.7868506 ], [ -9.1824247, 38.7868581 ], [ -9.1823732, 38.7868409 ], [ -9.1823209, 38.7868016 ], [ -9.1822893, 38.7867791 ] ] } },
{ "type": "Feature", "properties": { "services_sum": 1.7955112219451372, "total_departures_sum": 127, "route_short_name_sum": null, "services_unique": null, "total_departures_unique": null, "route_short_name_unique": "736" }, "geometry": { "type": "LineString", "coordinates": [ [ -9.1689493, 38.7893407 ], [ -9.1688626, 38.7894922 ], [ -9.1687265, 38.78973 ] ] } },
{ "type": "Feature", "properties": { "services_sum": 1.7955112219451372, "total_departures_sum": 127, "route_short_name_sum": null, "services_unique": null, "total_departures_unique": null, "route_short_name_unique": "736" }, "geometry": { "type": "LineString", "coordinates": [ [ -9.1684965, 38.790287 ], [ -9.1683239, 38.7911584 ] ] } },
{ "type": "Feature", "properties": { "services_sum": 1.7955112219451372, "total_departures_sum": 127, "route_short_name_sum": null, "services_unique": null, "total_departures_unique": null, "route_short_name_unique": "736" }, "geometry": { "type": "LineString", "coordinates": [ [ -9.1647449, 38.7822128 ], [ -9.1647106, 38.782179 ], [ -9.1646973, 38.7821659 ] ] } },
{ "type": "Feature", "properties": { "services_sum": 1.7955112219451372, "total_departures_sum": 127, "route_short_name_sum": null, "services_unique": null, "total_departures_unique": null, "route_short_name_unique": "736" }, "geometry": { "type": "LineString", "coordinates": [ [ -9.1614721, 38.7733764 ], [ -9.1613887, 38.7732344 ], [ -9.1611281, 38.7727905 ] ] } },
{ "type": "Feature", "properties": { "services_sum": 1.7955112219451372, "total_departures_sum": 127, "route_short_name_sum": null, "services_unique": null, "total_departures_unique": null, "route_short_name_unique": "736" }, "geometry": { "type": "LineString", "coordinates": [ [ -9.1552874, 38.7578458 ], [ -9.1551619, 38.7576764 ], [ -9.1551618, 38.7576762 ] ] } },
{ "type": "Feature", "properties": { "services_sum": 1.7955112219451372, "total_departures_sum": 127, "route_short_name_sum": null, "services_unique": null, "total_departures_unique": null, "route_short_name_unique": "736" }, "geometry": { "type": "LineString", "coordinates": [ [ -9.1504133, 38.7536728 ], [ -9.1500868, 38.7531025 ], [ -9.1498741, 38.752731 ] ] } },
{ "type": "Feature", "properties": { "services_sum": 1.7955112219451372, "total_departures_sum": 127, "route_short_name_sum": null, "services_unique": null, "total_departures_unique": null, "route_short_name_unique": "736" }, "geometry": { "type": "LineString", "coordinates": [ [ -9.150228, 38.7244554 ], [ -9.1501571, 38.7244486 ], [ -9.1501185, 38.7244448 ] ] } },
{ "type": "Feature", "properties": { "services_sum": 1.7955112219451372, "total_departures_sum": 127, "route_short_name_sum": null, "services_unique": null, "total_departures_unique": null, "route_short_name_unique": "736" }, "geometry": { "type": "LineString", "coordinates": [ [ -9.1496218, 38.7522904 ], [ -9.149573, 38.7522051 ] ] } },
{ "type": "Feature", "properties": { "services_sum": 1.7955112219451372, "total_departures_sum": 127, "route_short_name_sum": null, "services_unique": null, "total_departures_unique": null, "route_short_name_unique": "736" }, "geometry": { "type": "LineString", "coordinates": [ [ -9.1492314, 38.7264471 ], [ -9.1490982, 38.7266629 ], [ -9.1490736, 38.7267028 ], [ -9.1490576, 38.7267287 ] ] } },
{ "type": "Feature", "properties": { "services_sum": 1.7955112219451372, "total_departures_sum": 127, "route_short_name_sum": null, "services_unique": null, "total_departures_unique": null, "route_short_name_unique": "736" }, "geometry": { "type": "LineString", "coordinates": [ [ -9.1480617, 38.7476852 ], [ -9.1480309, 38.7475539 ], [ -9.1480076, 38.7474543 ] ] } },
{ "type": "Feature", "properties": { "services_sum": 1.7955112219451372, "total_departures_sum": 127, "route_short_name_sum": null, "services_unique": null, "total_departures_unique": null, "route_short_name_unique": "736" }, "geometry": { "type": "LineString", "coordinates": [ [ -9.1479616, 38.7472684 ], [ -9.1478612, 38.7468448 ] ] } },
{ "type": "Feature", "properties": { "services_sum": 1.7955112219451372, "total_departures_sum": 127, "route_short_name_sum": null, "services_unique": null, "total_departures_unique": null, "route_short_name_unique": "736" }, "geometry": { "type": "LineString", "coordinates": [ [ -9.1476127, 38.7451057 ], [ -9.147595, 38.7450335 ], [ -9.1475126, 38.7446963 ] ] } },
{ "type": "Feature", "properties": { "services_sum": 1.7955112219451372, "total_departures_sum": 127, "route_short_name_sum": null, "services_unique": null, "total_departures_unique": null, "route_short_name_unique": "736" }, "geometry": { "type": "LineString", "coordinates": [ [ -9.1469152, 38.7419301 ], [ -9.1469099, 38.7419076 ], [ -9.1469039, 38.7418817 ], [ -9.1468576, 38.7416893 ] ] } },
{ "type": "Feature", "properties": { "services_sum": 1.7955112219451372, "total_departures_sum": 127, "route_short_name_sum": null, "services_unique": null, "total_departures_unique": null, "route_short_name_unique": "736" }, "geometry": { "type": "LineString", "coordinates": [ [ -9.1467772, 38.7429943 ], [ -9.1467728, 38.742976 ], [ -9.1467189, 38.7427499 ] ] } },
{ "type": "Feature", "properties": { "services_sum": 1.7955112219451372, "total_departures_sum": 127, "route_short_name_sum": null, "services_unique": null, "total_departures_unique": null, "route_short_name_unique": "736" }, "geometry": { "type": "LineString", "coordinates": [ [ -9.1461038, 38.7385862 ], [ -9.1460574, 38.7383964 ] ] } },
{ "type": "Feature", "properties": { "services_sum": 1.7955112219451372, "total_departures_sum": 127, "route_short_name_sum": null, "services_unique": null, "total_departures_unique": null, "route_short_name_unique": "736" }, "geometry": { "type": "LineString", "coordinates": [ [ -9.1460322, 38.7382933 ], [ -9.146026, 38.7382677 ], [ -9.1460209, 38.7382469 ] ] } },
{ "type": "Feature", "properties": { "services_sum": 1.7955112219451372, "total_departures_sum": 127, "route_short_name_sum": null, "services_unique": null, "total_departures_unique": null, "route_short_name_unique": "736" }, "geometry": { "type": "LineString", "coordinates": [ [ -9.1459623, 38.7386984 ], [ -9.1459184, 38.7385136 ], [ -9.1458882, 38.7383862 ], [ -9.1458719, 38.7383176 ] ] } },
{ "type": "Feature", "properties": { "services_sum": 1.7955112219451372, "total_departures_sum": 127, "route_short_name_sum": null, "services_unique": null, "total_departures_unique": null, "route_short_name_unique": "736" }, "geometry": { "type": "LineString", "coordinates": [ [ -9.1450151, 38.7335995 ], [ -9.1450126, 38.7336132 ], [ -9.1449958, 38.7337039 ] ] } },
{ "type": "Feature", "properties": { "services_sum": 1.7955112219451372, "total_departures_sum": 127, "route_short_name_sum": null, "services_unique": null, "total_departures_unique": null, "route_short_name_unique": "736" }, "geometry": { "type": "LineString", "coordinates": [ [ -9.1449869, 38.7337885 ], [ -9.1449826, 38.733911 ] ] } },
{ "type": "Feature", "properties": { "services_sum": 1.7955112219451372, "total_departures_sum": 127, "route_short_name_sum": null, "services_unique": null, "total_departures_unique": null, "route_short_name_unique": "736" }, "geometry": { "type": "LineString", "coordinates": [ [ -9.1420131, 38.7163429 ], [ -9.1418001, 38.716164 ], [ -9.1417837, 38.7161502 ], [ -9.141606, 38.7159457 ] ] } },
{ "type": "Feature", "properties": { "services_sum": 1.7955112219451372, "total_departures_sum": 127, "route_short_name_sum": null, "services_unique": null, "total_departures_unique": null, "route_short_name_unique": "736" }, "geometry": { "type": "LineString", "coordinates": [ [ -9.1398553, 38.7141664 ], [ -9.1397288, 38.7138633 ] ] } },
{ "type": "Feature", "properties": { "services_sum": 5.9248960257379242, "total_departures_sum": 488, "route_short_name_sum": null, "services_unique": null, "total_departures_unique": null, "route_short_name_unique": "206, 736" }, "geometry": { "type": "LineString", "coordinates": [ [ -9.1822893, 38.7867791 ], [ -9.1821796, 38.7868055 ], [ -9.1819526, 38.7868263 ], [ -9.1818285, 38.7868512 ], [ -9.1817572, 38.7868628 ], [ -9.1815605, 38.7868729 ], [ -9.1813841, 38.7868609 ], [ -9.180976, 38.7867926 ], [ -9.1808622, 38.786781 ], [ -9.1807493, 38.7867799 ], [ -9.1806028, 38.7867947 ], [ -9.1805027, 38.7868174 ] ] } },
{ "type": "Feature", "properties": { "services_sum": 5.9248960257379242, "total_departures_sum": 488, "route_short_name_sum": null, "services_unique": null, "total_departures_unique": null, "route_short_name_unique": "206, 736" }, "geometry": { "type": "LineString", "coordinates": [ [ -9.1804216, 38.7868442 ], [ -9.1803619, 38.7868636 ] ] } },
{ "type": "Feature", "properties": { "services_sum": 5.9248960257379242, "total_departures_sum": 488, "route_short_name_sum": null, "services_unique": null, "total_departures_unique": null, "route_short_name_unique": "206, 736" }, "geometry": { "type": "LineString", "coordinates": [ [ -9.1719221, 38.7862959 ], [ -9.1727362, 38.7860957 ], [ -9.1729045, 38.7860574 ], [ -9.1729564, 38.7861002 ], [ -9.1730236, 38.7861269 ], [ -9.1730985, 38.7861345 ], [ -9.1731724, 38.7861221 ], [ -9.1732365, 38.7860911 ], [ -9.1732837, 38.7860451 ], [ -9.1733065, 38.7859967 ], [ -9.1733099, 38.7859436 ], [ -9.1732924, 38.7858922 ], [ -9.1732606, 38.7858519 ], [ -9.173216, 38.7858199 ], [ -9.1731584, 38.7857975 ], [ -9.1731017, 38.7857891 ], [ -9.1730442, 38.7857925 ], [ -9.1729898, 38.7858073 ], [ -9.1729421, 38.7858325 ], [ -9.1729168, 38.7858531 ], [ -9.1728489, 38.7857863 ], [ -9.1727944, 38.7857622 ], [ -9.172688, 38.7857298 ], [ -9.1725941, 38.7857319 ], [ -9.1722953, 38.7858116 ], [ -9.172147, 38.7858498 ], [ -9.1721238, 38.7858557 ], [ -9.1719001, 38.7859119 ], [ -9.171768, 38.7859452 ], [ -9.1717348, 38.7859642 ], [ -9.171671, 38.78607 ], [ -9.1715743, 38.7862258 ], [ -9.1715173, 38.7863222 ], [ -9.1711533, 38.7863965 ], [ -9.1710138, 38.7864301 ], [ -9.1707612, 38.786302 ] ] } },
{ "type": "Feature", "properties": { "services_sum": 5.9248960257379242, "total_departures_sum": 488, "route_short_name_sum": null, "services_unique": null, "total_departures_unique": null, "route_short_name_unique": "206, 736" }, "geometry": { "type": "LineString", "coordinates": [ [ -9.1714756, 38.7869424 ], [ -9.1713771, 38.7870525 ], [ -9.1712929, 38.7871008 ], [ -9.1711969, 38.7871412 ], [ -9.171095, 38.7871489 ], [ -9.1709867, 38.7871425 ], [ -9.1708238, 38.7870659 ] ] } },
{ "type": "Feature", "properties": { "services_sum": 5.9248960257379242, "total_departures_sum": 488, "route_short_name_sum": null, "services_unique": null, "total_departures_unique": null, "route_short_name_unique": "206, 736" }, "geometry": { "type": "LineString", "coordinates": [ [ -9.1704466, 38.7868885 ], [ -9.1702185, 38.7867813 ] ] } },
{ "type": "Feature", "properties": { "services_sum": 5.9248960257379242, "total_departures_sum": 488, "route_short_name_sum": null, "services_unique": null, "total_departures_unique": null, "route_short_name_unique": "206, 736" }, "geometry": { "type": "LineString", "coordinates": [ [ -9.1621892, 38.7743397 ], [ -9.162162, 38.7743015 ], [ -9.1620004, 38.7740785 ], [ -9.1619686, 38.7740345 ], [ -9.1619237, 38.7739699 ], [ -9.1618324, 38.7738384 ], [ -9.1617762, 38.7737527 ] ] } },
{ "type": "Feature", "properties": { "services_sum": 2.9624480128689621, "total_departures_sum": 244, "route_short_name_sum": null, "services_unique": null, "total_departures_unique": null, "route_short_name_unique": "206, 736" }, "geometry": { "type": "LineString", "coordinates": [ [ -9.1694655, 38.7877258 ], [ -9.1693677, 38.7879067 ], [ -9.1693009, 38.7880348 ], [ -9.1689393, 38.7886352 ], [ -9.1688027, 38.7888437 ], [ -9.168667, 38.7890508 ], [ -9.1684966, 38.7893185 ], [ -9.1685123, 38.7895184 ], [ -9.1684518, 38.7895911 ], [ -9.1684278, 38.7896224 ], [ -9.1684089, 38.7896469 ], [ -9.1683373, 38.7897402 ], [ -9.1681937, 38.7897729 ], [ -9.1680719, 38.7899597 ], [ -9.167934, 38.7901635 ], [ -9.1677237, 38.790466 ], [ -9.1675397, 38.7907374 ], [ -9.1673678, 38.7909673 ], [ -9.1673949, 38.7911225 ], [ -9.1674439, 38.7912357 ], [ -9.1675696, 38.791328 ], [ -9.1677038, 38.7913865 ], [ -9.1679309, 38.791394 ], [ -9.1681011, 38.7913384 ], [ -9.1683239, 38.7911584 ] ] } },
{ "type": "Feature", "properties": { "services_sum": 2.9624480128689621, "total_departures_sum": 244, "route_short_name_sum": null, "services_unique": null, "total_departures_unique": null, "route_short_name_unique": "206, 736" }, "geometry": { "type": "LineString", "coordinates": [ [ -9.1694655, 38.7877258 ], [ -9.1695432, 38.7878887 ], [ -9.1696359, 38.7882817 ], [ -9.1695512, 38.7885616 ], [ -9.1689493, 38.7893407 ] ] } },
{ "type": "Feature", "properties": { "services_sum": 2.9624480128689621, "total_departures_sum": 244, "route_short_name_sum": null, "services_unique": null, "total_departures_unique": null, "route_short_name_unique": "206, 736" }, "geometry": { "type": "LineString", "coordinates": [ [ -9.1694655, 38.7877258 ], [ -9.1695316, 38.7876037 ], [ -9.1695594, 38.7875522 ], [ -9.1696026, 38.7873984 ], [ -9.1696427, 38.7872556 ], [ -9.1697089, 38.7871256 ], [ -9.1697694, 38.7869811 ], [ -9.1698492, 38.786834 ], [ -9.1699394, 38.7867902 ], [ -9.1700137, 38.7867731 ], [ -9.1702185, 38.7867813 ], [ -9.1701847, 38.7867278 ], [ -9.1701632, 38.7866709 ], [ -9.1701569, 38.7865988 ], [ -9.1701636, 38.7865235 ], [ -9.1703497, 38.7863312 ], [ -9.1704149, 38.7863074 ], [ -9.1704847, 38.7862937 ], [ -9.1705767, 38.7862868 ], [ -9.1707612, 38.786302 ], [ -9.1704361, 38.7861184 ], [ -9.1704132, 38.7861057 ], [ -9.1698777, 38.7858618 ], [ -9.1698658, 38.7858561 ], [ -9.169746, 38.7857978 ], [ -9.1692726, 38.7855197 ], [ -9.1686994, 38.7851485 ], [ -9.1683329, 38.7847963 ], [ -9.1677402, 38.7842505 ], [ -9.1673604, 38.7839226 ], [ -9.1672051, 38.783788 ], [ -9.167013, 38.7836143 ], [ -9.1661469, 38.7830486 ], [ -9.1659364, 38.7828893 ], [ -9.1657478, 38.7828894 ], [ -9.1656742, 38.7828895 ], [ -9.1655754, 38.7828657 ], [ -9.1654871, 38.7828071 ], [ -9.1654581, 38.7827879 ], [ -9.1652351, 38.7826241 ], [ -9.1649288, 38.7823827 ], [ -9.1647449, 38.7822128 ] ] } },
{ "type": "Feature", "properties": { "services_sum": 2.9624480128689621, "total_departures_sum": 244, "route_short_name_sum": null, "services_unique": null, "total_departures_unique": null, "route_short_name_unique": "206, 736" }, "geometry": { "type": "LineString", "coordinates": [ [ -9.1694655, 38.7877258 ], [ -9.1693347, 38.7874512 ], [ -9.16891, 38.7865122 ], [ -9.1687914, 38.7859788 ], [ -9.168568, 38.7855447 ], [ -9.1682919, 38.7851321 ], [ -9.1675984, 38.7843569 ], [ -9.1672813, 38.7840331 ], [ -9.1670489, 38.7838465 ], [ -9.1668559, 38.7836954 ], [ -9.1663697, 38.7833486 ], [ -9.1661611, 38.7832142 ], [ -9.1661023, 38.7831763 ], [ -9.1659023, 38.7830733 ], [ -9.1657363, 38.782986 ], [ -9.1655972, 38.7829274 ], [ -9.1653562, 38.7828837 ], [ -9.1652374, 38.7828789 ], [ -9.1652158, 38.782879 ], [ -9.1650824, 38.7828791 ], [ -9.1647766, 38.7828894 ], [ -9.1647116, 38.7828971 ], [ -9.1646605, 38.7829031 ], [ -9.1645378, 38.7829352 ], [ -9.1644513, 38.7829672 ], [ -9.1643677, 38.7830054 ], [ -9.1642882, 38.7830559 ], [ -9.1634903, 38.7836278 ], [ -9.1634608, 38.7836473 ], [ -9.163252, 38.7837849 ], [ -9.1630413, 38.7839229 ], [ -9.1629562, 38.7839611 ], [ -9.1628822, 38.7839735 ], [ -9.1627771, 38.7839761 ], [ -9.162668, 38.7839379 ], [ -9.1626246, 38.7839142 ], [ -9.1625964, 38.7838878 ], [ -9.16253, 38.7838231 ], [ -9.1624907, 38.7837536 ], [ -9.1624784, 38.7836834 ], [ -9.1624845, 38.7836112 ], [ -9.162509, 38.7835458 ], [ -9.1625414, 38.7835035 ], [ -9.1625833, 38.7834688 ], [ -9.1630632, 38.7832637 ], [ -9.1631109, 38.7832454 ], [ -9.1633884, 38.783139 ], [ -9.1634513, 38.7830981 ], [ -9.1635134, 38.7830429 ], [ -9.1635576, 38.7829741 ], [ -9.1635693, 38.7829141 ], [ -9.1635641, 38.7828398 ], [ -9.1635598, 38.7828166 ], [ -9.1635445, 38.7827338 ], [ -9.1635262, 38.7826364 ], [ -9.1635155, 38.7825573 ], [ -9.1634582, 38.782354 ], [ -9.1633595, 38.7821303 ], [ -9.1632605, 38.7819449 ], [ -9.1631629, 38.7817147 ], [ -9.1631006, 38.7815511 ], [ -9.1630363, 38.7813535 ], [ -9.1630056, 38.7812096 ], [ -9.1629916, 38.781144 ], [ -9.1629757, 38.7810224 ], [ -9.1629661, 38.7809306 ], [ -9.1629535, 38.7807749 ], [ -9.1629359, 38.7806405 ], [ -9.162936, 38.7804567 ], [ -9.1629639, 38.7802473 ], [ -9.1630176, 38.7800344 ], [ -9.1630815, 38.7798945 ], [ -9.1631767, 38.779729 ], [ -9.1632274, 38.7796408 ], [ -9.1633043, 38.7794268 ], [ -9.1634237, 38.7789922 ], [ -9.163459, 38.7788375 ], [ -9.1634769, 38.7787592 ], [ -9.1634834, 38.7786408 ], [ -9.1634657, 38.7784786 ], [ -9.1634272, 38.7783549 ], [ -9.1630856, 38.7779766 ], [ -9.1630514, 38.7778646 ], [ -9.1630274, 38.777737 ], [ -9.1630364, 38.777607 ], [ -9.1630474, 38.7774727 ], [ -9.1630578, 38.7772811 ], [ -9.1630771, 38.7770332 ], [ -9.1630444, 38.7769152 ], [ -9.1629857, 38.7767771 ], [ -9.1628941, 38.7766229 ], [ -9.1627566, 38.7763753 ], [ -9.1627468, 38.7763576 ], [ -9.1626617, 38.7762088 ], [ -9.162588, 38.7760984 ], [ -9.1622855, 38.7756558 ], [ -9.1621603, 38.7754525 ], [ -9.1621406, 38.7754155 ], [ -9.1617711, 38.7748207 ], [ -9.1617327, 38.7747583 ], [ -9.1617163, 38.7747317 ], [ -9.1617013, 38.7747033 ], [ -9.1616903, 38.7746807 ], [ -9.1620999, 38.7743954 ], [ -9.1621892, 38.7743397 ], [ -9.1622316, 38.7743987 ], [ -9.1622888, 38.7744819 ], [ -9.1623456, 38.774596 ], [ -9.1625603, 38.7749399 ], [ -9.1627545, 38.7752406 ], [ -9.1630575, 38.775655 ], [ -9.1632883, 38.775916 ], [ -9.16334, 38.7759805 ], [ -9.1633449, 38.7759866 ], [ -9.1633974, 38.776052 ], [ -9.1636605, 38.7763284 ], [ -9.1637623, 38.7764412 ], [ -9.1639154, 38.7767134 ], [ -9.1639485, 38.7767749 ], [ -9.1640248, 38.7769124 ], [ -9.1641309, 38.7771009 ], [ -9.1642448, 38.7773002 ], [ -9.1642632, 38.7773886 ], [ -9.1643254, 38.7776301 ], [ -9.1643312, 38.7778116 ], [ -9.1642973, 38.7780812 ], [ -9.1642955, 38.7781803 ], [ -9.164277, 38.7783405 ], [ -9.1642753, 38.7783627 ], [ -9.1642649, 38.7784958 ], [ -9.1642556, 38.7786797 ], [ -9.1642398, 38.7789316 ], [ -9.164238, 38.7791135 ], [ -9.1642357, 38.7793655 ], [ -9.1642233, 38.7795512 ], [ -9.1642086, 38.7797503 ], [ -9.1641869, 38.780032 ], [ -9.1641541, 38.7804878 ], [ -9.1641465, 38.7806646 ], [ -9.1641495, 38.7808071 ], [ -9.1641738, 38.7810226 ], [ -9.1642022, 38.781173 ], [ -9.164283, 38.781429 ], [ -9.1644092, 38.7817382 ], [ -9.1644812, 38.781877 ], [ -9.1645599, 38.7820068 ], [ -9.1646973, 38.7821659 ] ] } },
{ "type": "Feature", "properties": { "services_sum": 2.9624480128689621, "total_departures_sum": 244, "route_short_name_sum": null, "services_unique": null, "total_departures_unique": null, "route_short_name_unique": "206, 736" }, "geometry": { "type": "LineString", "coordinates": [ [ -9.1687265, 38.78973 ], [ -9.1684965, 38.790287 ] ] } },
{ "type": "Feature", "properties": { "services_sum": 2.9624480128689621, "total_departures_sum": 244, "route_short_name_sum": null, "services_unique": null, "total_departures_unique": null, "route_short_name_unique": "206, 736" }, "geometry": { "type": "LineString", "coordinates": [ [ -9.1805027, 38.7868174 ], [ -9.1804951, 38.78682 ], [ -9.1804216, 38.7868442 ], [ -9.1805027, 38.7868174 ] ] } },
{ "type": "Feature", "properties": { "services_sum": 2.9624480128689621, "total_departures_sum": 244, "route_short_name_sum": null, "services_unique": null, "total_departures_unique": null, "route_short_name_unique": "206, 736" }, "geometry": { "type": "LineString", "coordinates": [ [ -9.1803619, 38.7868636 ], [ -9.1803069, 38.7869043 ], [ -9.1802741, 38.7869388 ], [ -9.1802534, 38.7869793 ], [ -9.1802583, 38.78701 ], [ -9.1802518, 38.7870405 ], [ -9.1802308, 38.7870722 ], [ -9.1801975, 38.7870969 ], [ -9.1801558, 38.7871117 ], [ -9.1801101, 38.7871151 ], [ -9.180032, 38.7871275 ], [ -9.1799958, 38.7871406 ], [ -9.1799558, 38.7871638 ], [ -9.1798407, 38.7872657 ], [ -9.1797798, 38.7873196 ], [ -9.1797058, 38.7873852 ], [ -9.1794803, 38.7875849 ], [ -9.1794105, 38.7876429 ], [ -9.1794064, 38.7876461 ], [ -9.1791864, 38.7878126 ], [ -9.1791368, 38.7878545 ], [ -9.1790499, 38.7879277 ], [ -9.1787941, 38.7881311 ], [ -9.1779571, 38.7887969 ], [ -9.1778475, 38.788884 ], [ -9.1778052, 38.7889177 ], [ -9.1777501, 38.7889673 ], [ -9.1776769, 38.7890567 ], [ -9.1776805, 38.7891054 ], [ -9.1776599, 38.7891516 ], [ -9.1776183, 38.7891882 ], [ -9.1775618, 38.7892095 ], [ -9.1774991, 38.7892124 ], [ -9.1772718, 38.7893049 ], [ -9.1772416, 38.7893292 ], [ -9.1771345, 38.7894154 ], [ -9.1771017, 38.7894418 ], [ -9.1765113, 38.7899168 ], [ -9.1762117, 38.7901506 ], [ -9.1761489, 38.7901893 ], [ -9.1760731, 38.790228 ], [ -9.1759926, 38.7902474 ], [ -9.1758927, 38.790242 ], [ -9.1758109, 38.7902191 ], [ -9.1757492, 38.7901862 ], [ -9.1756673, 38.7901331 ], [ -9.1755389, 38.7899962 ], [ -9.1754705, 38.7899232 ], [ -9.1754576, 38.7899091 ], [ -9.1753408, 38.7897806 ], [ -9.1752175, 38.7896599 ], [ -9.1751189, 38.7895836 ], [ -9.1750558, 38.7895517 ], [ -9.1749946, 38.789518 ], [ -9.1749398, 38.7894921 ], [ -9.1748245, 38.7894592 ], [ -9.174735, 38.7894483 ], [ -9.17452, 38.7894713 ], [ -9.174442, 38.7894833 ], [ -9.1743641, 38.789471 ], [ -9.1743636, 38.7894708 ], [ -9.1742983, 38.7894366 ], [ -9.1742544, 38.7893852 ], [ -9.1742391, 38.7893246 ], [ -9.1740692, 38.7892466 ], [ -9.1737214, 38.7890505 ], [ -9.1734992, 38.7888238 ], [ -9.1733398, 38.7885499 ], [ -9.1730956, 38.7877148 ], [ -9.1729435, 38.7874739 ], [ -9.1729093, 38.7874196 ], [ -9.1728549, 38.7873717 ], [ -9.1728153, 38.7873369 ], [ -9.1726003, 38.7871475 ], [ -9.172356, 38.7870171 ], [ -9.1720527, 38.7869137 ], [ -9.1718827, 38.786858 ], [ -9.1717894, 38.7868463 ], [ -9.1716954, 38.7868504 ], [ -9.1716201, 38.7868674 ], [ -9.1715517, 38.7868967 ], [ -9.1714756, 38.7869424 ], [ -9.1715051, 38.7868711 ], [ -9.1715203, 38.7867993 ], [ -9.1714864, 38.7866909 ], [ -9.1714506, 38.7866428 ], [ -9.1714179, 38.7865207 ], [ -9.1714533, 38.7864602 ], [ -9.1714945, 38.7864102 ], [ -9.1716628, 38.7863626 ], [ -9.1719221, 38.7862959 ], [ -9.1718991, 38.7863541 ], [ -9.1718931, 38.7864117 ], [ -9.1718977, 38.7864499 ], [ -9.1719218, 38.7865191 ], [ -9.1719497, 38.7865777 ], [ -9.1719941, 38.7866416 ], [ -9.1720506, 38.7867003 ], [ -9.1721408, 38.786763 ], [ -9.172346, 38.7869047 ], [ -9.1724116, 38.7869336 ], [ -9.172683, 38.7870848 ], [ -9.1729388, 38.7873007 ], [ -9.172967, 38.7873245 ], [ -9.1730293, 38.787377 ], [ -9.1730579, 38.7874287 ], [ -9.1732048, 38.7876934 ], [ -9.1734234, 38.7885299 ], [ -9.1735691, 38.7887785 ], [ -9.1737576, 38.7889662 ], [ -9.17411, 38.7891723 ], [ -9.1742988, 38.7892125 ], [ -9.1743647, 38.7891783 ], [ -9.1744128, 38.7891708 ], [ -9.1744427, 38.7891662 ], [ -9.1745206, 38.7891784 ], [ -9.1746085, 38.7892251 ], [ -9.1746305, 38.7892644 ], [ -9.1746966, 38.7893156 ], [ -9.174787, 38.7893557 ], [ -9.1750163, 38.7893844 ], [ -9.1753, 38.78937 ], [ -9.1757685, 38.7890054 ], [ -9.1758262, 38.7889604 ], [ -9.1759157, 38.7888906 ], [ -9.1764576, 38.7884681 ], [ -9.176705, 38.7882672 ], [ -9.1767713, 38.7882164 ], [ -9.177397, 38.7877241 ], [ -9.177747, 38.7874471 ], [ -9.1778676, 38.7873604 ], [ -9.1782369, 38.7870609 ], [ -9.178494, 38.7868523 ], [ -9.1785505, 38.786789 ], [ -9.1786082, 38.7867208 ], [ -9.1787234, 38.7865401 ], [ -9.1787246, 38.7865227 ], [ -9.1787302, 38.7865059 ], [ -9.1787461, 38.7864832 ], [ -9.1787698, 38.7864651 ], [ -9.1787992, 38.786453 ], [ -9.1788318, 38.7864482 ], [ -9.178854, 38.7864491 ], [ -9.1788755, 38.7864535 ], [ -9.1789017, 38.7864641 ], [ -9.1789235, 38.7864797 ], [ -9.1789394, 38.7864992 ], [ -9.1790477, 38.7865418 ], [ -9.1791165, 38.7865841 ], [ -9.1791666, 38.7866055 ], [ -9.1792531, 38.7866462 ], [ -9.1797049, 38.7868457 ], [ -9.1797867, 38.7868752 ], [ -9.1798306, 38.786897 ], [ -9.1798572, 38.7869039 ], [ -9.1799039, 38.7869158 ], [ -9.1799529, 38.7869195 ], [ -9.1800032, 38.7869158 ], [ -9.1800709, 38.7869073 ], [ -9.1801075, 38.7869006 ], [ -9.1801451, 38.7869019 ], [ -9.1802178, 38.7868808 ], [ -9.1802888, 38.7868683 ], [ -9.1803619, 38.7868636 ] ] } },
{ "type": "Feature", "properties": { "services_sum": 2.9624480128689621, "total_departures_sum": 244, "route_short_name_sum": null, "services_unique": null, "total_departures_unique": null, "route_short_name_unique": "206, 736" }, "geometry": { "type": "LineString", "coordinates": [ [ -9.1708238, 38.7870659 ], [ -9.1704547, 38.7868923 ], [ -9.1704466, 38.7868885 ], [ -9.1708238, 38.7870659 ] ] } },
{ "type": "Feature", "properties": { "services_sum": 1.6216216216216217, "total_departures_sum": 38, "route_short_name_sum": null, "services_unique": null, "total_departures_unique": null, "route_short_name_unique": "760" }, "geometry": { "type": "LineString", "coordinates": [ [ -9.1804347, 38.7024958 ], [ -9.1803488, 38.7025751 ], [ -9.1804341, 38.7024963 ] ] } },
{ "type": "Feature", "properties": { "services_sum": 1.6216216216216217, "total_departures_sum": 38, "route_short_name_sum": null, "services_unique": null, "total_departures_unique": null, "route_short_name_unique": "760" }, "geometry": { "type": "LineString", "coordinates": [ [ -9.1777293, 38.7047268 ], [ -9.177657, 38.70476 ], [ -9.1776323, 38.7047713 ] ] } },
{ "type": "Feature", "properties": { "services_sum": 1.6216216216216217, "total_departures_sum": 38, "route_short_name_sum": null, "services_unique": null, "total_departures_unique": null, "route_short_name_unique": "760" }, "geometry": { "type": "LineString", "coordinates": [ [ -9.1738292, 38.7042122 ], [ -9.1737959, 38.7042046 ], [ -9.1736032, 38.7041605 ] ] } },
{ "type": "Feature", "properties": { "services_sum": 1.6216216216216217, "total_departures_sum": 38, "route_short_name_sum": null, "services_unique": null, "total_departures_unique": null, "route_short_name_unique": "760" }, "geometry": { "type": "LineString", "coordinates": [ [ -9.1627595, 38.7036527 ], [ -9.1625135, 38.7037057 ], [ -9.1624549, 38.7037183 ] ] } },
{ "type": "Feature", "properties": { "services_sum": 1.6216216216216217, "total_departures_sum": 38, "route_short_name_sum": null, "services_unique": null, "total_departures_unique": null, "route_short_name_unique": "760" }, "geometry": { "type": "LineString", "coordinates": [ [ -9.1561188, 38.7061151 ], [ -9.1560196, 38.7061585 ], [ -9.1559609, 38.7061842 ] ] } },
{ "type": "Feature", "properties": { "services_sum": 1.6216216216216217, "total_departures_sum": 38, "route_short_name_sum": null, "services_unique": null, "total_departures_unique": null, "route_short_name_unique": "760" }, "geometry": { "type": "LineString", "coordinates": [ [ -9.1508954, 38.7063889 ], [ -9.1499308, 38.7063719 ], [ -9.1499232, 38.7063717 ], [ -9.1497644, 38.7063696 ], [ -9.1497578, 38.7063695 ] ] } },
{ "type": "Feature", "properties": { "services_sum": 1.6216216216216217, "total_departures_sum": 38, "route_short_name_sum": null, "services_unique": null, "total_departures_unique": null, "route_short_name_unique": "760" }, "geometry": { "type": "LineString", "coordinates": [ [ -9.141669, 38.7070317 ], [ -9.1416657, 38.7069943 ], [ -9.1416572, 38.7069592 ] ] } },
{ "type": "Feature", "properties": { "services_sum": 1.6216216216216217, "total_departures_sum": 38, "route_short_name_sum": null, "services_unique": null, "total_departures_unique": null, "route_short_name_unique": "760" }, "geometry": { "type": "LineString", "coordinates": [ [ -9.1416679, 38.7070478 ], [ -9.1416626, 38.7070708 ], [ -9.141651, 38.7070923 ] ] } },
{ "type": "Feature", "properties": { "services_sum": 1.6216216216216217, "total_departures_sum": 38, "route_short_name_sum": null, "services_unique": null, "total_departures_unique": null, "route_short_name_unique": "760" }, "geometry": { "type": "LineString", "coordinates": [ [ -9.1416072, 38.7068391 ], [ -9.1415939, 38.7068041 ] ] } },
{ "type": "Feature", "properties": { "services_sum": 1.6216216216216217, "total_departures_sum": 38, "route_short_name_sum": null, "services_unique": null, "total_departures_unique": null, "route_short_name_unique": "760" }, "geometry": { "type": "LineString", "coordinates": [ [ -9.1414923, 38.7071888 ], [ -9.1410441, 38.7072949 ] ] } },
{ "type": "Feature", "properties": { "services_sum": 1.6216216216216217, "total_departures_sum": 38, "route_short_name_sum": null, "services_unique": null, "total_departures_unique": null, "route_short_name_unique": "760" }, "geometry": { "type": "LineString", "coordinates": [ [ -9.1394105, 38.707721 ], [ -9.1389651, 38.7078285 ], [ -9.1388174, 38.7078498 ], [ -9.138706, 38.7078675 ], [ -9.1385335, 38.7079082 ], [ -9.1380711, 38.7080197 ] ] } },
{ "type": "Feature", "properties": { "services_sum": 1.6216216216216217, "total_departures_sum": 38, "route_short_name_sum": null, "services_unique": null, "total_departures_unique": null, "route_short_name_unique": "760" }, "geometry": { "type": "LineString", "coordinates": [ [ -9.138127, 38.7080072 ], [ -9.1378445, 38.7080744 ] ] } },
{ "type": "Feature", "properties": { "services_sum": 1.6216216216216217, "total_departures_sum": 38, "route_short_name_sum": null, "services_unique": null, "total_departures_unique": null, "route_short_name_unique": "760" }, "geometry": { "type": "LineString", "coordinates": [ [ -9.1363283, 38.7094156 ], [ -9.1362426, 38.7094338 ] ] } },
{ "type": "Feature", "properties": { "services_sum": 1.6216216216216217, "total_departures_sum": 38, "route_short_name_sum": null, "services_unique": null, "total_departures_unique": null, "route_short_name_unique": "760" }, "geometry": { "type": "LineString", "coordinates": [ [ -9.1356283, 38.7086176 ], [ -9.1352797, 38.7087049 ] ] } },
{ "type": "Feature", "properties": { "services_sum": 1.6216216216216217, "total_departures_sum": 38, "route_short_name_sum": null, "services_unique": null, "total_departures_unique": null, "route_short_name_unique": "760" }, "geometry": { "type": "LineString", "coordinates": [ [ -9.1355734, 38.7095962 ], [ -9.1355, 38.7096127 ], [ -9.1353379, 38.7092269 ] ] } },
{ "type": "Feature", "properties": { "services_sum": 1.6216216216216217, "total_departures_sum": 38, "route_short_name_sum": null, "services_unique": null, "total_departures_unique": null, "route_short_name_unique": "760" }, "geometry": { "type": "LineString", "coordinates": [ [ -9.1352548, 38.7090147 ], [ -9.1352053, 38.7088884 ] ] } },
{ "type": "Feature", "properties": { "services_sum": 1.6216216216216217, "total_departures_sum": 38, "route_short_name_sum": null, "services_unique": null, "total_departures_unique": null, "route_short_name_unique": "760" }, "geometry": { "type": "LineString", "coordinates": [ [ -9.135165, 38.7087676 ], [ -9.135164, 38.7087119 ] ] } },
{ "type": "Feature", "properties": { "services_sum": 1.6216216216216217, "total_departures_sum": 38, "route_short_name_sum": null, "services_unique": null, "total_departures_unique": null, "route_short_name_unique": "760" }, "geometry": { "type": "LineString", "coordinates": [ [ -9.1683381, 38.7034906 ], [ -9.1677263, 38.7034897 ], [ -9.1677198, 38.7034897 ], [ -9.1683381, 38.7034906 ] ] } },
{ "type": "Feature", "properties": { "services_sum": 18.117935758643021, "total_departures_sum": 1194, "route_short_name_sum": null, "services_unique": null, "total_departures_unique": null, "route_short_name_unique": "751, 720, 760, 201, 203, 15E" }, "geometry": { "type": "LineString", "coordinates": [ [ -9.1803488, 38.7025751 ], [ -9.180155, 38.7027211 ], [ -9.1799216, 38.7028948 ], [ -9.1798315, 38.7029802 ] ] } },
{ "type": "Feature", "properties": { "services_sum": 18.117935758643021, "total_departures_sum": 1194, "route_short_name_sum": null, "services_unique": null, "total_departures_unique": null, "route_short_name_unique": "751, 720, 760, 201, 203, 15E" }, "geometry": { "type": "LineString", "coordinates": [ [ -9.1795001, 38.7033851 ], [ -9.1792766, 38.7036291 ], [ -9.179045, 38.7038822 ], [ -9.1789432, 38.7039974 ], [ -9.1786772, 38.704193 ], [ -9.1783585, 38.7044036 ], [ -9.1782857, 38.7044487 ], [ -9.1782198, 38.7044907 ], [ -9.1781767, 38.7045144 ], [ -9.1779553, 38.7046363 ], [ -9.177801, 38.7046968 ], [ -9.1777569, 38.7047148 ] ] } },
{ "type": "Feature", "properties": { "services_sum": 4.6316014466113211, "total_departures_sum": 412, "route_short_name_sum": null, "services_unique": null, "total_departures_unique": null, "route_short_name_unique": "751, 201, 203" }, "geometry": { "type": "LineString", "coordinates": [ [ -9.1798315, 38.7029802 ], [ -9.1797893, 38.7030317 ], [ -9.1797568, 38.7030715 ] ] } },
{ "type": "Feature", "properties": { "services_sum": 4.6316014466113211, "total_departures_sum": 412, "route_short_name_sum": null, "services_unique": null, "total_departures_unique": null, "route_short_name_unique": "751, 201, 203" }, "geometry": { "type": "LineString", "coordinates": [ [ -9.1777293, 38.7047268 ], [ -9.1776575, 38.7047598 ], [ -9.1776323, 38.7047713 ] ] } },
{ "type": "Feature", "properties": { "services_sum": 10.506446136465886, "total_departures_sum": 642, "route_short_name_sum": null, "services_unique": null, "total_departures_unique": null, "route_short_name_unique": "751, 760, 201, 203" }, "geometry": { "type": "LineString", "coordinates": [ [ -9.1777569, 38.7047148 ], [ -9.1777293, 38.7047268 ] ] } },
{ "type": "Feature", "properties": { "services_sum": 10.506446136465886, "total_departures_sum": 642, "route_short_name_sum": null, "services_unique": null, "total_departures_unique": null, "route_short_name_unique": "751, 760, 201, 203" }, "geometry": { "type": "LineString", "coordinates": [ [ -9.1776323, 38.7047713 ], [ -9.1773415, 38.7049048 ], [ -9.1773048, 38.7049216 ] ] } },
{ "type": "Feature", "properties": { "services_sum": 15.494029053103663, "total_departures_sum": 1076, "route_short_name_sum": null, "services_unique": null, "total_departures_unique": null, "route_short_name_unique": "720, 760, 201, 203, 15E" }, "geometry": { "type": "LineString", "coordinates": [ [ -9.1770311, 38.7047597 ], [ -9.1769319, 38.7047018 ], [ -9.1768707, 38.7046701 ], [ -9.1767593, 38.7046399 ], [ -9.1766226, 38.704616 ] ] } },
{ "type": "Feature", "properties": { "services_sum": 15.494029053103663, "total_departures_sum": 1076, "route_short_name_sum": null, "services_unique": null, "total_departures_unique": null, "route_short_name_unique": "720, 760, 201, 203, 15E" }, "geometry": { "type": "LineString", "coordinates": [ [ -9.1763005, 38.7045832 ], [ -9.17473, 38.7044091 ], [ -9.1746097, 38.7043888 ], [ -9.1744956, 38.7043631 ], [ -9.1744109, 38.7043438 ], [ -9.1743069, 38.7043209 ] ] } },
{ "type": "Feature", "properties": { "services_sum": 15.494029053103663, "total_departures_sum": 1076, "route_short_name_sum": null, "services_unique": null, "total_departures_unique": null, "route_short_name_unique": "720, 760, 201, 203, 15E" }, "geometry": { "type": "LineString", "coordinates": [ [ -9.1739542, 38.7042408 ], [ -9.1738292, 38.7042122 ] ] } },
{ "type": "Feature", "properties": { "services_sum": 15.494029053103663, "total_departures_sum": 1076, "route_short_name_sum": null, "services_unique": null, "total_departures_unique": null, "route_short_name_unique": "720, 760, 201, 203, 15E" }, "geometry": { "type": "LineString", "coordinates": [ [ -9.1736032, 38.7041605 ], [ -9.1723186, 38.7038397 ], [ -9.1720262, 38.7037695 ], [ -9.171803, 38.7037266 ], [ -9.1716797, 38.7037024 ] ] } },
{ "type": "Feature", "properties": { "services_sum": 4.6426910927391063, "total_departures_sum": 396, "route_short_name_sum": null, "services_unique": null, "total_departures_unique": null, "route_short_name_unique": "201, 203, 15E" }, "geometry": { "type": "LineString", "coordinates": [ [ -9.1743069, 38.7043209 ], [ -9.1739683, 38.704244 ], [ -9.1739542, 38.7042408 ] ] } },
{ "type": "Feature", "properties": { "services_sum": 4.6426910927391063, "total_departures_sum": 396, "route_short_name_sum": null, "services_unique": null, "total_departures_unique": null, "route_short_name_unique": "201, 203, 15E" }, "geometry": { "type": "LineString", "coordinates": [ [ -9.1738292, 38.7042122 ], [ -9.173796, 38.7042047 ], [ -9.1736032, 38.7041605 ] ] } },
{ "type": "Feature", "properties": { "services_sum": 7.7470145265518315, "total_departures_sum": 538, "route_short_name_sum": null, "services_unique": null, "total_departures_unique": null, "route_short_name_unique": "720, 760, 201, 203, 15E" }, "geometry": { "type": "LineString", "coordinates": [ [ -9.1743069, 38.7043209 ], [ -9.1739542, 38.7042408 ] ] } },
{ "type": "Feature", "properties": { "services_sum": 7.7470145265518315, "total_departures_sum": 538, "route_short_name_sum": null, "services_unique": null, "total_departures_unique": null, "route_short_name_unique": "720, 760, 201, 203, 15E" }, "geometry": { "type": "LineString", "coordinates": [ [ -9.1738292, 38.7042122 ], [ -9.1736032, 38.7041605 ] ] } },
{ "type": "Feature", "properties": { "services_sum": 2.6499815973500187, "total_departures_sum": 152, "route_short_name_sum": null, "services_unique": null, "total_departures_unique": null, "route_short_name_unique": "773" }, "geometry": { "type": "LineString", "coordinates": [ [ -9.1735908, 38.7063393 ], [ -9.1735482, 38.7063175 ], [ -9.1734951, 38.7062905 ], [ -9.1732876, 38.7061848 ], [ -9.1732216, 38.7061513 ] ] } },
{ "type": "Feature", "properties": { "services_sum": 2.6499815973500187, "total_departures_sum": 152, "route_short_name_sum": null, "services_unique": null, "total_departures_unique": null, "route_short_name_unique": "773" }, "geometry": { "type": "LineString", "coordinates": [ [ -9.173093, 38.70609 ], [ -9.172931, 38.7060278 ], [ -9.1726872, 38.7059569 ], [ -9.1726006, 38.7059316 ], [ -9.172496, 38.7059011 ] ] } },
{ "type": "Feature", "properties": { "services_sum": 2.6499815973500187, "total_departures_sum": 152, "route_short_name_sum": null, "services_unique": null, "total_departures_unique": null, "route_short_name_unique": "773" }, "geometry": { "type": "LineString", "coordinates": [ [ -9.1717996, 38.7056884 ], [ -9.1717436, 38.7056658 ] ] } },
{ "type": "Feature", "properties": { "services_sum": 2.6499815973500187, "total_departures_sum": 152, "route_short_name_sum": null, "services_unique": null, "total_departures_unique": null, "route_short_name_unique": "773" }, "geometry": { "type": "LineString", "coordinates": [ [ -9.1715849, 38.7074594 ], [ -9.1714793, 38.7078265 ] ] } },
{ "type": "Feature", "properties": { "services_sum": 2.6499815973500187, "total_departures_sum": 152, "route_short_name_sum": null, "services_unique": null, "total_departures_unique": null, "route_short_name_unique": "773" }, "geometry": { "type": "LineString", "coordinates": [ [ -9.1713667, 38.7084875 ], [ -9.1713333, 38.7086704 ], [ -9.1715751, 38.7095064 ], [ -9.171566, 38.7095466 ], [ -9.1714928, 38.7099599 ], [ -9.1714409, 38.7102136 ], [ -9.171329, 38.7103709 ] ] } },
{ "type": "Feature", "properties": { "services_sum": 2.6499815973500187, "total_departures_sum": 152, "route_short_name_sum": null, "services_unique": null, "total_departures_unique": null, "route_short_name_unique": "773" }, "geometry": { "type": "LineString", "coordinates": [ [ -9.1707796, 38.7107168 ], [ -9.1707073, 38.7107535 ], [ -9.1703489, 38.7109721 ], [ -9.1692735, 38.7116282 ], [ -9.1691207, 38.7117243 ] ] } },
{ "type": "Feature", "properties": { "services_sum": 2.6499815973500187, "total_departures_sum": 152, "route_short_name_sum": null, "services_unique": null, "total_departures_unique": null, "route_short_name_unique": "773" }, "geometry": { "type": "LineString", "coordinates": [ [ -9.1683481, 38.712197 ], [ -9.1681295, 38.7123423 ], [ -9.1675516, 38.7126453 ], [ -9.1672004, 38.7126046 ] ] } },
{ "type": "Feature", "properties": { "services_sum": 2.6499815973500187, "total_departures_sum": 152, "route_short_name_sum": null, "services_unique": null, "total_departures_unique": null, "route_short_name_unique": "773" }, "geometry": { "type": "LineString", "coordinates": [ [ -9.166413, 38.7127991 ], [ -9.1659688, 38.7128696 ], [ -9.1657534, 38.7128554 ], [ -9.1654791, 38.7128015 ], [ -9.1652877, 38.7127567 ], [ -9.1652022, 38.7127289 ] ] } },
{ "type": "Feature", "properties": { "services_sum": 2.6499815973500187, "total_departures_sum": 152, "route_short_name_sum": null, "services_unique": null, "total_departures_unique": null, "route_short_name_unique": "773" }, "geometry": { "type": "LineString", "coordinates": [ [ -9.1650094, 38.7125346 ], [ -9.1643877, 38.7119363 ], [ -9.164114, 38.7116765 ], [ -9.1639971, 38.7115619 ] ] } },
{ "type": "Feature", "properties": { "services_sum": 2.6499815973500187, "total_departures_sum": 152, "route_short_name_sum": null, "services_unique": null, "total_departures_unique": null, "route_short_name_unique": "773" }, "geometry": { "type": "LineString", "coordinates": [ [ -9.1619863, 38.7103564 ], [ -9.1618967, 38.7104312 ], [ -9.1615816, 38.7106944 ] ] } },
{ "type": "Feature", "properties": { "services_sum": 2.6499815973500187, "total_departures_sum": 152, "route_short_name_sum": null, "services_unique": null, "total_departures_unique": null, "route_short_name_unique": "773" }, "geometry": { "type": "LineString", "coordinates": [ [ -9.1608791, 38.7137465 ], [ -9.1605744, 38.7137595 ], [ -9.1603987, 38.7137461 ], [ -9.1602675, 38.7137106 ], [ -9.1602237, 38.7137004 ], [ -9.1598297, 38.7136033 ], [ -9.159678, 38.7135487 ], [ -9.1596071, 38.7135232 ], [ -9.1595651, 38.7135089 ], [ -9.1595026, 38.7134812 ], [ -9.1592926, 38.7133882 ], [ -9.1593687, 38.7133205 ], [ -9.1593837, 38.7133072 ], [ -9.159435, 38.7132637 ], [ -9.1594905, 38.7132167 ], [ -9.1595246, 38.713189 ], [ -9.159666, 38.7130732 ], [ -9.1601354, 38.7127051 ] ] } },
{ "type": "Feature", "properties": { "services_sum": 2.6499815973500187, "total_departures_sum": 152, "route_short_name_sum": null, "services_unique": null, "total_departures_unique": null, "route_short_name_unique": "773" }, "geometry": { "type": "LineString", "coordinates": [ [ -9.1605439, 38.711583 ], [ -9.1604693, 38.7116469 ], [ -9.1603366, 38.7117542 ], [ -9.1603176, 38.7117797 ], [ -9.160301, 38.7118253 ], [ -9.1603014, 38.7118796 ] ] } },
{ "type": "Feature", "properties": { "services_sum": 2.6499815973500187, "total_departures_sum": 152, "route_short_name_sum": null, "services_unique": null, "total_departures_unique": null, "route_short_name_unique": "773" }, "geometry": { "type": "LineString", "coordinates": [ [ -9.1604728, 38.7123449 ], [ -9.1604688, 38.7123826 ], [ -9.1604528, 38.7124216 ], [ -9.1604198, 38.7124556 ] ] } },
{ "type": "Feature", "properties": { "services_sum": 2.6499815973500187, "total_departures_sum": 152, "route_short_name_sum": null, "services_unique": null, "total_departures_unique": null, "route_short_name_unique": "773" }, "geometry": { "type": "LineString", "coordinates": [ [ -9.1599374, 38.7102546 ], [ -9.1597059, 38.7103734 ], [ -9.1592476, 38.710612 ], [ -9.1587395, 38.7108837 ] ] } },
{ "type": "Feature", "properties": { "services_sum": 2.6499815973500187, "total_departures_sum": 152, "route_short_name_sum": null, "services_unique": null, "total_departures_unique": null, "route_short_name_unique": "773" }, "geometry": { "type": "LineString", "coordinates": [ [ -9.1561343, 38.7124848 ], [ -9.1560518, 38.71254 ] ] } },
{ "type": "Feature", "properties": { "services_sum": 2.6499815973500187, "total_departures_sum": 152, "route_short_name_sum": null, "services_unique": null, "total_departures_unique": null, "route_short_name_unique": "773" }, "geometry": { "type": "LineString", "coordinates": [ [ -9.1553957, 38.7123439 ], [ -9.1551628, 38.7122758 ], [ -9.1550846, 38.7122456 ], [ -9.1546985, 38.7120963 ], [ -9.154303, 38.7119305 ], [ -9.1540799, 38.711837 ], [ -9.1538408, 38.7117409 ], [ -9.1537654, 38.7117111 ], [ -9.1535895, 38.7116323 ], [ -9.1530212, 38.7120632 ] ] } },
{ "type": "Feature", "properties": { "services_sum": 2.6499815973500187, "total_departures_sum": 152, "route_short_name_sum": null, "services_unique": null, "total_departures_unique": null, "route_short_name_unique": "773" }, "geometry": { "type": "LineString", "coordinates": [ [ -9.1534004, 38.7139802 ], [ -9.1524919, 38.7144099 ], [ -9.1520481, 38.7146296 ], [ -9.1517547, 38.7147764 ], [ -9.1517397, 38.7147845 ] ] } },
{ "type": "Feature", "properties": { "services_sum": 2.6499815973500187, "total_departures_sum": 152, "route_short_name_sum": null, "services_unique": null, "total_departures_unique": null, "route_short_name_unique": "773" }, "geometry": { "type": "LineString", "coordinates": [ [ -9.153238, 38.7134914 ], [ -9.1532332, 38.7134768 ] ] } },
{ "type": "Feature", "properties": { "services_sum": 2.6499815973500187, "total_departures_sum": 152, "route_short_name_sum": null, "services_unique": null, "total_departures_unique": null, "route_short_name_unique": "773" }, "geometry": { "type": "LineString", "coordinates": [ [ -9.1531381, 38.7131907 ], [ -9.1531117, 38.7131085 ], [ -9.1530835, 38.7129975 ], [ -9.1530214, 38.7128217 ], [ -9.1528903, 38.7124626 ], [ -9.152872, 38.7124102 ], [ -9.1528532, 38.7123567 ] ] } },
{ "type": "Feature", "properties": { "services_sum": 2.6499815973500187, "total_departures_sum": 152, "route_short_name_sum": null, "services_unique": null, "total_departures_unique": null, "route_short_name_unique": "773" }, "geometry": { "type": "LineString", "coordinates": [ [ -9.151079, 38.7150987 ], [ -9.1508945, 38.7150464 ], [ -9.1508218, 38.7150216 ], [ -9.1503507, 38.7148612 ] ] } },
{ "type": "Feature", "properties": { "services_sum": 2.6499815973500187, "total_departures_sum": 152, "route_short_name_sum": null, "services_unique": null, "total_departures_unique": null, "route_short_name_unique": "773" }, "geometry": { "type": "LineString", "coordinates": [ [ -9.1486539, 38.7155497 ], [ -9.1479762, 38.7160415 ], [ -9.1478451, 38.7161383 ], [ -9.1477731, 38.716193 ], [ -9.1476699, 38.7162615 ] ] } },
{ "type": "Feature", "properties": { "services_sum": 1.3249907986750094, "total_departures_sum": 76, "route_short_name_sum": null, "services_unique": null, "total_departures_unique": null, "route_short_name_unique": "773" }, "geometry": { "type": "LineString", "coordinates": [ [ -9.1731371, 38.706802 ], [ -9.1730925, 38.706864 ], [ -9.1730148, 38.7069805 ], [ -9.1729462, 38.707076 ], [ -9.1728679, 38.7070315 ], [ -9.1728269, 38.7069984 ], [ -9.1727969, 38.7069671 ], [ -9.1728243, 38.7069535 ], [ -9.1730878, 38.7068142 ], [ -9.1731371, 38.706802 ] ] } },
{ "type": "Feature", "properties": { "services_sum": 1.3249907986750094, "total_departures_sum": 76, "route_short_name_sum": null, "services_unique": null, "total_departures_unique": null, "route_short_name_unique": "773" }, "geometry": { "type": "LineString", "coordinates": [ [ -9.1731371, 38.706802 ], [ -9.1734837, 38.706455 ], [ -9.1735908, 38.7063393 ], [ -9.1735135, 38.706422 ], [ -9.1731371, 38.706802 ] ] } },
{ "type": "Feature", "properties": { "services_sum": 1.3249907986750094, "total_departures_sum": 76, "route_short_name_sum": null, "services_unique": null, "total_departures_unique": null, "route_short_name_unique": "773" }, "geometry": { "type": "LineString", "coordinates": [ [ -9.171508, 38.7070229 ], [ -9.1715223, 38.7071044 ], [ -9.1715849, 38.7074594 ], [ -9.171522, 38.7071024 ], [ -9.171508, 38.7070229 ] ] } },
{ "type": "Feature", "properties": { "services_sum": 1.3249907986750094, "total_departures_sum": 76, "route_short_name_sum": null, "services_unique": null, "total_departures_unique": null, "route_short_name_unique": "773" }, "geometry": { "type": "LineString", "coordinates": [ [ -9.171508, 38.7070229 ], [ -9.1717147, 38.7070607 ], [ -9.1719352, 38.7069528 ], [ -9.1720056, 38.7067037 ], [ -9.1718582, 38.7064956 ], [ -9.1717893, 38.7063905 ], [ -9.1716103, 38.7061176 ], [ -9.1715929, 38.7060226 ], [ -9.1716878, 38.7057979 ], [ -9.1717436, 38.7056658 ], [ -9.1714769, 38.7055714 ], [ -9.1710614, 38.7054139 ], [ -9.1709689, 38.7053788 ], [ -9.1709152, 38.7053495 ], [ -9.1702706, 38.7049973 ], [ -9.1702076, 38.7049628 ], [ -9.1699731, 38.7048347 ], [ -9.1692727, 38.7046766 ], [ -9.169004, 38.7046764 ], [ -9.169424, 38.7053685 ], [ -9.1695475, 38.7055719 ], [ -9.1697746, 38.7057231 ], [ -9.170382, 38.7061271 ], [ -9.1709299, 38.7063798 ], [ -9.1713152, 38.7066884 ], [ -9.1714698, 38.7069291 ], [ -9.171508, 38.7070229 ] ] } },
{ "type": "Feature", "properties": { "services_sum": 1.3249907986750094, "total_departures_sum": 76, "route_short_name_sum": null, "services_unique": null, "total_departures_unique": null, "route_short_name_unique": "773" }, "geometry": { "type": "LineString", "coordinates": [ [ -9.1687289, 38.711964 ], [ -9.1686477, 38.7120137 ], [ -9.1683481, 38.712197 ], [ -9.1687289, 38.711964 ] ] } },
{ "type": "Feature", "properties": { "services_sum": 1.3249907986750094, "total_departures_sum": 76, "route_short_name_sum": null, "services_unique": null, "total_departures_unique": null, "route_short_name_unique": "773" }, "geometry": { "type": "LineString", "coordinates": [ [ -9.1687289, 38.711964 ], [ -9.1691207, 38.7117243 ], [ -9.1689196, 38.7118474 ], [ -9.1687289, 38.711964 ] ] } },
{ "type": "Feature", "properties": { "services_sum": 1.3249907986750094, "total_departures_sum": 76, "route_short_name_sum": null, "services_unique": null, "total_departures_unique": null, "route_short_name_unique": "773" }, "geometry": { "type": "LineString", "coordinates": [ [ -9.163877, 38.7116627 ], [ -9.1638375, 38.7116981 ], [ -9.163656, 38.7118605 ] ] } },
{ "type": "Feature", "properties": { "services_sum": 1.3249907986750094, "total_departures_sum": 76, "route_short_name_sum": null, "services_unique": null, "total_departures_unique": null, "route_short_name_unique": "773" }, "geometry": { "type": "LineString", "coordinates": [ [ -9.16145, 38.7136775 ], [ -9.1611293, 38.713677 ], [ -9.1608791, 38.7137465 ], [ -9.1609792, 38.7137574 ], [ -9.161117, 38.7137937 ] ] } },
{ "type": "Feature", "properties": { "services_sum": 1.3249907986750094, "total_departures_sum": 76, "route_short_name_sum": null, "services_unique": null, "total_departures_unique": null, "route_short_name_unique": "773" }, "geometry": { "type": "LineString", "coordinates": [ [ -9.1580428, 38.7112969 ], [ -9.1563803, 38.7123317 ], [ -9.1561343, 38.7124848 ], [ -9.15657, 38.7122137 ], [ -9.1580428, 38.7112969 ] ] } },
{ "type": "Feature", "properties": { "services_sum": 1.3249907986750094, "total_departures_sum": 76, "route_short_name_sum": null, "services_unique": null, "total_departures_unique": null, "route_short_name_unique": "773" }, "geometry": { "type": "LineString", "coordinates": [ [ -9.1580428, 38.7112969 ], [ -9.15828, 38.7111563 ], [ -9.1587395, 38.7108837 ], [ -9.1585091, 38.7110204 ], [ -9.1580428, 38.7112969 ] ] } },
{ "type": "Feature", "properties": { "services_sum": 1.3249907986750094, "total_departures_sum": 76, "route_short_name_sum": null, "services_unique": null, "total_departures_unique": null, "route_short_name_unique": "773" }, "geometry": { "type": "LineString", "coordinates": [ [ -9.1538651, 38.7203743 ], [ -9.1537404, 38.7204406 ], [ -9.1536984, 38.7204629 ] ] } },
{ "type": "Feature", "properties": { "services_sum": 1.3249907986750094, "total_departures_sum": 76, "route_short_name_sum": null, "services_unique": null, "total_departures_unique": null, "route_short_name_unique": "773" }, "geometry": { "type": "LineString", "coordinates": [ [ -9.1525731, 38.721061 ], [ -9.1524372, 38.7211333 ], [ -9.1520551, 38.7213364 ], [ -9.1518828, 38.721428 ], [ -9.1517684, 38.7212969 ], [ -9.1517146, 38.7212337 ], [ -9.1512943, 38.7207404 ], [ -9.1507229, 38.7200834 ], [ -9.1506975, 38.720055 ], [ -9.150678, 38.7200191 ], [ -9.15067, 38.7199846 ], [ -9.1506753, 38.7199467 ], [ -9.1506957, 38.7199128 ], [ -9.1507168, 38.7198838 ], [ -9.1507499, 38.7198553 ], [ -9.1509124, 38.7197136 ], [ -9.151049, 38.7195907 ], [ -9.1523268, 38.718441 ], [ -9.1524274, 38.7183469 ] ] } },
{ "type": "Feature", "properties": { "services_sum": 1.3249907986750094, "total_departures_sum": 76, "route_short_name_sum": null, "services_unique": null, "total_departures_unique": null, "route_short_name_unique": "773" }, "geometry": { "type": "LineString", "coordinates": [ [ -9.1523745, 38.7183092 ], [ -9.1519775, 38.7180353 ], [ -9.1515955, 38.7177718 ] ] } },
{ "type": "Feature", "properties": { "services_sum": 1.3249907986750094, "total_departures_sum": 76, "route_short_name_sum": null, "services_unique": null, "total_departures_unique": null, "route_short_name_unique": "773" }, "geometry": { "type": "LineString", "coordinates": [ [ -9.1511721, 38.7176347 ], [ -9.1510169, 38.7175925 ], [ -9.1508336, 38.7175425 ] ] } },
{ "type": "Feature", "properties": { "services_sum": 1.3249907986750094, "total_departures_sum": 76, "route_short_name_sum": null, "services_unique": null, "total_departures_unique": null, "route_short_name_unique": "773" }, "geometry": { "type": "LineString", "coordinates": [ [ -9.149973, 38.7147384 ], [ -9.1503507, 38.7148612 ], [ -9.1501688, 38.7148021 ], [ -9.149973, 38.7147384 ] ] } },
{ "type": "Feature", "properties": { "services_sum": 1.3249907986750094, "total_departures_sum": 76, "route_short_name_sum": null, "services_unique": null, "total_departures_unique": null, "route_short_name_unique": "773" }, "geometry": { "type": "LineString", "coordinates": [ [ -9.149973, 38.7147384 ], [ -9.1498903, 38.7146729 ] ] } },
{ "type": "Feature", "properties": { "services_sum": 1.3249907986750094, "total_departures_sum": 76, "route_short_name_sum": null, "services_unique": null, "total_departures_unique": null, "route_short_name_unique": "773" }, "geometry": { "type": "LineString", "coordinates": [ [ -9.149973, 38.7147384 ], [ -9.1499509, 38.7147209 ], [ -9.1498903, 38.7146729 ] ] } },
{ "type": "Feature", "properties": { "services_sum": 1.3249907986750094, "total_departures_sum": 76, "route_short_name_sum": null, "services_unique": null, "total_departures_unique": null, "route_short_name_unique": "773" }, "geometry": { "type": "LineString", "coordinates": [ [ -9.1498903, 38.7146729 ], [ -9.1492231, 38.7147291 ], [ -9.1491792, 38.7148826 ], [ -9.1490561, 38.7150974 ], [ -9.1489535, 38.7152209 ], [ -9.1486539, 38.7155497 ], [ -9.1489758, 38.7157063 ], [ -9.1492832, 38.7153496 ], [ -9.1497913, 38.7147639 ], [ -9.1498903, 38.7146729 ] ] } },
{ "type": "Feature", "properties": { "services_sum": 1.3249907986750094, "total_departures_sum": 76, "route_short_name_sum": null, "services_unique": null, "total_departures_unique": null, "route_short_name_unique": "773" }, "geometry": { "type": "LineString", "coordinates": [ [ -9.149159, 38.717059 ], [ -9.1484613, 38.7167177 ], [ -9.1484342, 38.7167044 ] ] } },
{ "type": "Feature", "properties": { "services_sum": 1.3249907986750094, "total_departures_sum": 76, "route_short_name_sum": null, "services_unique": null, "total_departures_unique": null, "route_short_name_unique": "773" }, "geometry": { "type": "LineString", "coordinates": [ [ -9.1481275, 38.7165521 ], [ -9.1481268, 38.7165518 ], [ -9.148122, 38.7165491 ] ] } },
{ "type": "Feature", "properties": { "services_sum": 1.3249907986750094, "total_departures_sum": 76, "route_short_name_sum": null, "services_unique": null, "total_departures_unique": null, "route_short_name_unique": "773" }, "geometry": { "type": "LineString", "coordinates": [ [ -9.1732216, 38.7061513 ], [ -9.1732029, 38.7061417 ], [ -9.1731313, 38.7061077 ], [ -9.173093, 38.70609 ], [ -9.1732216, 38.7061513 ] ] } },
{ "type": "Feature", "properties": { "services_sum": 1.3249907986750094, "total_departures_sum": 76, "route_short_name_sum": null, "services_unique": null, "total_departures_unique": null, "route_short_name_unique": "773" }, "geometry": { "type": "LineString", "coordinates": [ [ -9.172496, 38.7059011 ], [ -9.1723423, 38.705856 ], [ -9.1717996, 38.7056884 ], [ -9.1723475, 38.7058576 ], [ -9.172496, 38.7059011 ] ] } },
{ "type": "Feature", "properties": { "services_sum": 1.3249907986750094, "total_departures_sum": 76, "route_short_name_sum": null, "services_unique": null, "total_departures_unique": null, "route_short_name_unique": "773" }, "geometry": { "type": "LineString", "coordinates": [ [ -9.1714793, 38.7078265 ], [ -9.1713689, 38.7084747 ], [ -9.1713667, 38.7084875 ], [ -9.1714793, 38.7078265 ] ] } },
{ "type": "Feature", "properties": { "services_sum": 1.3249907986750094, "total_departures_sum": 76, "route_short_name_sum": null, "services_unique": null, "total_departures_unique": null, "route_short_name_unique": "773" }, "geometry": { "type": "LineString", "coordinates": [ [ -9.171329, 38.7103709 ], [ -9.1710907, 38.7105209 ], [ -9.1707796, 38.7107168 ], [ -9.1712935, 38.7103933 ], [ -9.171329, 38.7103709 ] ] } },
{ "type": "Feature", "properties": { "services_sum": 1.3249907986750094, "total_departures_sum": 76, "route_short_name_sum": null, "services_unique": null, "total_departures_unique": null, "route_short_name_unique": "773" }, "geometry": { "type": "LineString", "coordinates": [ [ -9.1672004, 38.7126046 ], [ -9.1665055, 38.7127763 ], [ -9.166413, 38.7127991 ], [ -9.1669246, 38.7126728 ], [ -9.1672004, 38.7126046 ] ] } },
{ "type": "Feature", "properties": { "services_sum": 1.3249907986750094, "total_departures_sum": 76, "route_short_name_sum": null, "services_unique": null, "total_departures_unique": null, "route_short_name_unique": "773" }, "geometry": { "type": "LineString", "coordinates": [ [ -9.1652022, 38.7127289 ], [ -9.1650454, 38.7125709 ], [ -9.1650094, 38.7125346 ], [ -9.1652022, 38.7127289 ] ] } },
{ "type": "Feature", "properties": { "services_sum": 1.3249907986750094, "total_departures_sum": 76, "route_short_name_sum": null, "services_unique": null, "total_departures_unique": null, "route_short_name_unique": "773" }, "geometry": { "type": "LineString", "coordinates": [ [ -9.1626429, 38.7098197 ], [ -9.1626358, 38.7097782 ], [ -9.1626145, 38.7097394 ], [ -9.1625794, 38.7097067 ], [ -9.1622089, 38.709427 ], [ -9.1620447, 38.7092557 ], [ -9.1619772, 38.709193 ], [ -9.1618505, 38.7092571 ], [ -9.1617238, 38.7093211 ], [ -9.1614964, 38.709436 ], [ -9.1608624, 38.7097586 ], [ -9.1602699, 38.7100743 ], [ -9.1599374, 38.7102546 ], [ -9.1600706, 38.7102836 ], [ -9.1602271, 38.7103532 ], [ -9.1607217, 38.7104344 ], [ -9.1611838, 38.7104005 ], [ -9.1612325, 38.7103615 ], [ -9.161339, 38.7102763 ], [ -9.1614175, 38.7102134 ], [ -9.1619863, 38.7103564 ], [ -9.1624063, 38.7100131 ], [ -9.1625531, 38.7098931 ], [ -9.1626429, 38.7098197 ] ] } },
{ "type": "Feature", "properties": { "services_sum": 1.3249907986750094, "total_departures_sum": 76, "route_short_name_sum": null, "services_unique": null, "total_departures_unique": null, "route_short_name_unique": "773" }, "geometry": { "type": "LineString", "coordinates": [ [ -9.1615816, 38.7106944 ], [ -9.1608889, 38.7112876 ], [ -9.1605439, 38.711583 ], [ -9.1613964, 38.710853 ], [ -9.1615816, 38.7106944 ] ] } },
{ "type": "Feature", "properties": { "services_sum": 1.3249907986750094, "total_departures_sum": 76, "route_short_name_sum": null, "services_unique": null, "total_departures_unique": null, "route_short_name_unique": "773" }, "geometry": { "type": "LineString", "coordinates": [ [ -9.1604728, 38.7123449 ], [ -9.1603866, 38.712111 ], [ -9.1603014, 38.7118796 ], [ -9.1604728, 38.7123449 ] ] } },
{ "type": "Feature", "properties": { "services_sum": 1.3249907986750094, "total_departures_sum": 76, "route_short_name_sum": null, "services_unique": null, "total_departures_unique": null, "route_short_name_unique": "773" }, "geometry": { "type": "LineString", "coordinates": [ [ -9.1604198, 38.7124556 ], [ -9.1601896, 38.7126576 ], [ -9.1601354, 38.7127051 ], [ -9.1604198, 38.7124556 ] ] } },
{ "type": "Feature", "properties": { "services_sum": 1.3249907986750094, "total_departures_sum": 76, "route_short_name_sum": null, "services_unique": null, "total_departures_unique": null, "route_short_name_unique": "773" }, "geometry": { "type": "LineString", "coordinates": [ [ -9.1560518, 38.71254 ], [ -9.1557361, 38.7124457 ], [ -9.1553957, 38.7123439 ], [ -9.1560518, 38.71254 ] ] } },
{ "type": "Feature", "properties": { "services_sum": 1.3249907986750094, "total_departures_sum": 76, "route_short_name_sum": null, "services_unique": null, "total_departures_unique": null, "route_short_name_unique": "773" }, "geometry": { "type": "LineString", "coordinates": [ [ -9.1534004, 38.7139802 ], [ -9.1532404, 38.7134985 ], [ -9.153238, 38.7134914 ], [ -9.1534004, 38.7139802 ] ] } },
{ "type": "Feature", "properties": { "services_sum": 1.3249907986750094, "total_departures_sum": 76, "route_short_name_sum": null, "services_unique": null, "total_departures_unique": null, "route_short_name_unique": "773" }, "geometry": { "type": "LineString", "coordinates": [ [ -9.1532332, 38.7134768 ], [ -9.1532004, 38.713378 ], [ -9.1531381, 38.7131907 ], [ -9.1532332, 38.7134768 ] ] } },
{ "type": "Feature", "properties": { "services_sum": 1.3249907986750094, "total_departures_sum": 76, "route_short_name_sum": null, "services_unique": null, "total_departures_unique": null, "route_short_name_unique": "773" }, "geometry": { "type": "LineString", "coordinates": [ [ -9.1530212, 38.7120632 ], [ -9.1529388, 38.7121994 ], [ -9.1528532, 38.7123567 ], [ -9.1527932, 38.7122296 ], [ -9.1527838, 38.7122001 ], [ -9.1527515, 38.7120989 ], [ -9.1528628, 38.7120557 ], [ -9.1529052, 38.7120504 ], [ -9.1529556, 38.7120522 ], [ -9.1530212, 38.7120632 ] ] } },
{ "type": "Feature", "properties": { "services_sum": 1.3249907986750094, "total_departures_sum": 76, "route_short_name_sum": null, "services_unique": null, "total_departures_unique": null, "route_short_name_unique": "773" }, "geometry": { "type": "LineString", "coordinates": [ [ -9.1517397, 38.7147845 ], [ -9.1515387, 38.7148801 ], [ -9.151079, 38.7150987 ], [ -9.151433, 38.7149304 ], [ -9.1517397, 38.7147845 ] ] } },
{ "type": "Feature", "properties": { "services_sum": 8.5286254287214565, "total_departures_sum": 352, "route_short_name_sum": null, "services_unique": null, "total_departures_unique": null, "route_short_name_unique": "760, 201, 15E" }, "geometry": { "type": "LineString", "coordinates": [ [ -9.1712336, 38.7035341 ], [ -9.1711599, 38.7035071 ], [ -9.1710962, 38.7034894 ], [ -9.1710118, 38.7034707 ], [ -9.1709564, 38.7034625 ], [ -9.1708951, 38.7034574 ], [ -9.1707804, 38.7034536 ], [ -9.170684, 38.7034609 ], [ -9.1706257, 38.7034649 ], [ -9.1704691, 38.7034754 ], [ -9.1701953, 38.7034903 ], [ -9.1696628, 38.7034907 ], [ -9.1683381, 38.7034906 ] ] } },
{ "type": "Feature", "properties": { "services_sum": 8.5286254287214565, "total_departures_sum": 352, "route_short_name_sum": null, "services_unique": null, "total_departures_unique": null, "route_short_name_unique": "760, 201, 15E" }, "geometry": { "type": "LineString", "coordinates": [ [ -9.1677198, 38.7034897 ], [ -9.1674575, 38.7034893 ], [ -9.1670586, 38.7034972 ] ] } },
{ "type": "Feature", "properties": { "services_sum": 8.5286254287214565, "total_departures_sum": 352, "route_short_name_sum": null, "services_unique": null, "total_departures_unique": null, "route_short_name_unique": "760, 201, 15E" }, "geometry": { "type": "LineString", "coordinates": [ [ -9.1667543, 38.7035032 ], [ -9.1645073, 38.7035015 ], [ -9.1640441, 38.7035006 ], [ -9.1637434, 38.703518 ], [ -9.1634318, 38.7035438 ], [ -9.1630949, 38.7035907 ] ] } },
{ "type": "Feature", "properties": { "services_sum": 8.5286254287214565, "total_departures_sum": 352, "route_short_name_sum": null, "services_unique": null, "total_departures_unique": null, "route_short_name_unique": "760, 201, 15E" }, "geometry": { "type": "LineString", "coordinates": [ [ -9.1624549, 38.7037183 ], [ -9.1623899, 38.7037314 ] ] } },
{ "type": "Feature", "properties": { "services_sum": 8.5286254287214565, "total_departures_sum": 352, "route_short_name_sum": null, "services_unique": null, "total_departures_unique": null, "route_short_name_unique": "760, 201, 15E" }, "geometry": { "type": "LineString", "coordinates": [ [ -9.1620875, 38.7037923 ], [ -9.1611421, 38.7039923 ], [ -9.1608308, 38.7040703 ], [ -9.1603217, 38.7042326 ], [ -9.1599002, 38.7043735 ], [ -9.1592651, 38.7046356 ], [ -9.1581843, 38.7051393 ], [ -9.1567875, 38.7058019 ], [ -9.1561188, 38.7061151 ] ] } },
{ "type": "Feature", "properties": { "services_sum": 8.5286254287214565, "total_departures_sum": 352, "route_short_name_sum": null, "services_unique": null, "total_departures_unique": null, "route_short_name_unique": "760, 201, 15E" }, "geometry": { "type": "LineString", "coordinates": [ [ -9.1558756, 38.7062162 ], [ -9.1557713, 38.7062472 ] ] } },
{ "type": "Feature", "properties": { "services_sum": 8.5286254287214565, "total_departures_sum": 352, "route_short_name_sum": null, "services_unique": null, "total_departures_unique": null, "route_short_name_unique": "760, 201, 15E" }, "geometry": { "type": "LineString", "coordinates": [ [ -9.1555672, 38.7063079 ], [ -9.1553538, 38.7063509 ], [ -9.1551107, 38.7063999 ], [ -9.1550289, 38.7064092 ], [ -9.1549446, 38.7064122 ], [ -9.1544116, 38.7064457 ], [ -9.1542891, 38.7064444 ], [ -9.1540295, 38.7064416 ], [ -9.1536682, 38.7064376 ], [ -9.1525385, 38.7064128 ], [ -9.1508954, 38.7063889 ] ] } },
{ "type": "Feature", "properties": { "services_sum": 8.5286254287214565, "total_departures_sum": 352, "route_short_name_sum": null, "services_unique": null, "total_departures_unique": null, "route_short_name_unique": "760, 201, 15E" }, "geometry": { "type": "LineString", "coordinates": [ [ -9.1481632, 38.7063397 ], [ -9.1473092, 38.7063222 ], [ -9.1459863, 38.7063004 ] ] } },
{ "type": "Feature", "properties": { "services_sum": 8.5286254287214565, "total_departures_sum": 352, "route_short_name_sum": null, "services_unique": null, "total_departures_unique": null, "route_short_name_unique": "760, 201, 15E" }, "geometry": { "type": "LineString", "coordinates": [ [ -9.1451474, 38.706285 ], [ -9.1450359, 38.7062833 ] ] } },
{ "type": "Feature", "properties": { "services_sum": 8.5286254287214565, "total_departures_sum": 352, "route_short_name_sum": null, "services_unique": null, "total_departures_unique": null, "route_short_name_unique": "760, 201, 15E" }, "geometry": { "type": "LineString", "coordinates": [ [ -9.1448613, 38.7062808 ], [ -9.1448047, 38.7062799 ], [ -9.1443824, 38.7062724 ], [ -9.1442379, 38.7062601 ], [ -9.1441081, 38.7062411 ], [ -9.1438556, 38.7062184 ] ] } },
{ "type": "Feature", "properties": { "services_sum": 1.1669367909238251, "total_departures_sum": 117, "route_short_name_sum": null, "services_unique": null, "total_departures_unique": null, "route_short_name_unique": "206" }, "geometry": { "type": "LineString", "coordinates": [ [ -9.1689493, 38.7893407 ], [ -9.1687265, 38.78973 ] ] } },
{ "type": "Feature", "properties": { "services_sum": 1.1669367909238251, "total_departures_sum": 117, "route_short_name_sum": null, "services_unique": null, "total_departures_unique": null, "route_short_name_unique": "206" }, "geometry": { "type": "LineString", "coordinates": [ [ -9.1684965, 38.790287 ], [ -9.1683545, 38.7910039 ], [ -9.1683239, 38.7911584 ] ] } },
{ "type": "Feature", "properties": { "services_sum": 1.1669367909238251, "total_departures_sum": 117, "route_short_name_sum": null, "services_unique": null, "total_departures_unique": null, "route_short_name_unique": "206" }, "geometry": { "type": "LineString", "coordinates": [ [ -9.1647449, 38.7822128 ], [ -9.1647085, 38.7821769 ], [ -9.1646973, 38.7821659 ] ] } },
{ "type": "Feature", "properties": { "services_sum": 1.1669367909238251, "total_departures_sum": 117, "route_short_name_sum": null, "services_unique": null, "total_departures_unique": null, "route_short_name_unique": "206" }, "geometry": { "type": "LineString", "coordinates": [ [ -9.1616062, 38.7738054 ], [ -9.1614416, 38.7738522 ], [ -9.1612269, 38.7739131 ] ] } },
{ "type": "Feature", "properties": { "services_sum": 1.1669367909238251, "total_departures_sum": 117, "route_short_name_sum": null, "services_unique": null, "total_departures_unique": null, "route_short_name_unique": "206" }, "geometry": { "type": "LineString", "coordinates": [ [ -9.1569651, 38.7601995 ], [ -9.1568743, 38.7602557 ], [ -9.1568332, 38.7602811 ] ] } },
{ "type": "Feature", "properties": { "services_sum": 1.1669367909238251, "total_departures_sum": 117, "route_short_name_sum": null, "services_unique": null, "total_departures_unique": null, "route_short_name_unique": "206" }, "geometry": { "type": "LineString", "coordinates": [ [ -9.1565626, 38.7603358 ], [ -9.1565088, 38.7603467 ], [ -9.1563359, 38.7603816 ] ] } },
{ "type": "Feature", "properties": { "services_sum": 1.1669367909238251, "total_departures_sum": 117, "route_short_name_sum": null, "services_unique": null, "total_departures_unique": null, "route_short_name_unique": "206" }, "geometry": { "type": "LineString", "coordinates": [ [ -9.1558119, 38.7610027 ], [ -9.1558439, 38.7610684 ], [ -9.155852, 38.7610948 ], [ -9.15585, 38.7611173 ], [ -9.1558406, 38.7611351 ], [ -9.1558245, 38.7611497 ], [ -9.1557932, 38.7611622 ], [ -9.1557749, 38.7611665 ], [ -9.155734, 38.7611709 ], [ -9.1556911, 38.7611701 ], [ -9.1556606, 38.7611701 ], [ -9.1556085, 38.7611675 ], [ -9.155561, 38.7611712 ], [ -9.1555301, 38.7611767 ] ] } },
{ "type": "Feature", "properties": { "services_sum": 1.1669367909238251, "total_departures_sum": 117, "route_short_name_sum": null, "services_unique": null, "total_departures_unique": null, "route_short_name_unique": "206" }, "geometry": { "type": "LineString", "coordinates": [ [ -9.1556802, 38.7604814 ], [ -9.1556627, 38.7605778 ], [ -9.1556494, 38.7606525 ] ] } },
{ "type": "Feature", "properties": { "services_sum": 1.1669367909238251, "total_departures_sum": 117, "route_short_name_sum": null, "services_unique": null, "total_departures_unique": null, "route_short_name_unique": "206" }, "geometry": { "type": "LineString", "coordinates": [ [ -9.1541842, 38.7617068 ], [ -9.1541053, 38.761731 ], [ -9.1539855, 38.7617676 ] ] } },
{ "type": "Feature", "properties": { "services_sum": 1.1669367909238251, "total_departures_sum": 117, "route_short_name_sum": null, "services_unique": null, "total_departures_unique": null, "route_short_name_unique": "206" }, "geometry": { "type": "LineString", "coordinates": [ [ -9.1538839, 38.7617981 ], [ -9.1536259, 38.7618777 ] ] } },
{ "type": "Feature", "properties": { "services_sum": 1.1669367909238251, "total_departures_sum": 117, "route_short_name_sum": null, "services_unique": null, "total_departures_unique": null, "route_short_name_unique": "206" }, "geometry": { "type": "LineString", "coordinates": [ [ -9.1536469, 38.7638747 ], [ -9.1537111, 38.7642349 ], [ -9.1537799, 38.7645895 ], [ -9.153969, 38.7655644 ], [ -9.1539869, 38.7656729 ], [ -9.1541273, 38.7663159 ], [ -9.1541958, 38.7666293 ], [ -9.1542331, 38.766743 ], [ -9.1542666, 38.7668156 ], [ -9.1535576, 38.7666988 ], [ -9.15329, 38.7666693 ], [ -9.1530792, 38.766667 ], [ -9.1529309, 38.7666861 ], [ -9.1527842, 38.7666953 ], [ -9.1522991, 38.7667625 ], [ -9.1517282, 38.7668419 ], [ -9.1516756, 38.7668549 ], [ -9.1515891, 38.7668762 ], [ -9.1510438, 38.7670137 ], [ -9.1505517, 38.7671115 ], [ -9.1495106, 38.7672974 ], [ -9.1488979, 38.7674104 ], [ -9.1487674, 38.7674238 ], [ -9.1489417, 38.7688141 ], [ -9.1489582, 38.7689456 ], [ -9.1489929, 38.7692085 ], [ -9.1489969, 38.7692443 ], [ -9.1490092, 38.7693262 ], [ -9.1493342, 38.7723448 ], [ -9.1494167, 38.772396 ], [ -9.1494809, 38.7724612 ], [ -9.149523, 38.7725366 ], [ -9.14954, 38.7726123 ], [ -9.1495247, 38.7727236 ], [ -9.1494634, 38.7728249 ], [ -9.149363, 38.7729049 ], [ -9.1492346, 38.7729549 ], [ -9.1485862, 38.774556 ], [ -9.1485516, 38.7746416 ] ] } },
{ "type": "Feature", "properties": { "services_sum": 1.1669367909238251, "total_departures_sum": 117, "route_short_name_sum": null, "services_unique": null, "total_departures_unique": null, "route_short_name_unique": "206" }, "geometry": { "type": "LineString", "coordinates": [ [ -9.1535114, 38.7632615 ], [ -9.1534782, 38.7630982 ] ] } },
{ "type": "Feature", "properties": { "services_sum": 1.1669367909238251, "total_departures_sum": 117, "route_short_name_sum": null, "services_unique": null, "total_departures_unique": null, "route_short_name_unique": "206" }, "geometry": { "type": "LineString", "coordinates": [ [ -9.1534488, 38.7629606 ], [ -9.1534472, 38.762953 ], [ -9.1533912, 38.7626914 ] ] } },
{ "type": "Feature", "properties": { "services_sum": 1.1669367909238251, "total_departures_sum": 117, "route_short_name_sum": null, "services_unique": null, "total_departures_unique": null, "route_short_name_unique": "206" }, "geometry": { "type": "LineString", "coordinates": [ [ -9.152034, 38.7546778 ], [ -9.151919, 38.7547156 ], [ -9.1518862, 38.7547263 ] ] } },
{ "type": "Feature", "properties": { "services_sum": 1.1669367909238251, "total_departures_sum": 117, "route_short_name_sum": null, "services_unique": null, "total_departures_unique": null, "route_short_name_unique": "206" }, "geometry": { "type": "LineString", "coordinates": [ [ -9.1505106, 38.7551751 ], [ -9.1504658, 38.7551898 ], [ -9.1504499, 38.7551949 ] ] } },
{ "type": "Feature", "properties": { "services_sum": 1.1669367909238251, "total_departures_sum": 117, "route_short_name_sum": null, "services_unique": null, "total_departures_unique": null, "route_short_name_unique": "206" }, "geometry": { "type": "LineString", "coordinates": [ [ -9.1459392, 38.7566557 ], [ -9.1458756, 38.7565363 ], [ -9.1455642, 38.7559708 ], [ -9.1455597, 38.7559627 ], [ -9.1455212, 38.7558928 ], [ -9.1449951, 38.7548912 ], [ -9.1448377, 38.7545849 ], [ -9.1447712, 38.7544549 ], [ -9.1446926, 38.7543012 ], [ -9.144572, 38.7540678 ], [ -9.1445602, 38.7540449 ], [ -9.1444165, 38.753767 ], [ -9.1444011, 38.7537192 ], [ -9.1443248, 38.7534576 ], [ -9.1443048, 38.7533891 ], [ -9.1442562, 38.7532574 ], [ -9.1442278, 38.7531668 ], [ -9.1441469, 38.7529984 ], [ -9.144087, 38.7529153 ], [ -9.1440246, 38.7528368 ], [ -9.1438892, 38.7526808 ], [ -9.1437082, 38.7524387 ], [ -9.1435191, 38.7521152 ], [ -9.1434867, 38.7520597 ], [ -9.1434511, 38.7519943 ], [ -9.143165, 38.751468 ], [ -9.1430347, 38.7512284 ], [ -9.1429879, 38.7511423 ], [ -9.1425489, 38.7503349 ], [ -9.1425032, 38.7502507 ], [ -9.1423889, 38.7500406 ], [ -9.1423486, 38.7499664 ], [ -9.1422768, 38.7498343 ], [ -9.1421821, 38.7496601 ], [ -9.1421629, 38.7496248 ], [ -9.142134, 38.7495717 ], [ -9.1420596, 38.7494348 ], [ -9.14202, 38.749362 ], [ -9.1419801, 38.7492874 ], [ -9.1419498, 38.7492306 ], [ -9.1419131, 38.7491619 ], [ -9.1418798, 38.7490917 ], [ -9.1418073, 38.7489651 ], [ -9.1417606, 38.7488733 ], [ -9.1417191, 38.7487713 ], [ -9.1411527, 38.7477258 ], [ -9.1410066, 38.7474561 ], [ -9.141005, 38.7474531 ], [ -9.1408246, 38.7471201 ], [ -9.1406695, 38.7468338 ], [ -9.1406013, 38.7467047 ], [ -9.1403056, 38.7461607 ], [ -9.1400577, 38.7457234 ], [ -9.1399656, 38.7455667 ], [ -9.1399402, 38.745516 ], [ -9.1398209, 38.7452773 ], [ -9.1397943, 38.7452241 ], [ -9.1396079, 38.7448793 ], [ -9.1394549, 38.7445964 ], [ -9.1394386, 38.7445662 ], [ -9.1393437, 38.7443906 ], [ -9.1392177, 38.7441612 ], [ -9.1391477, 38.7440337 ], [ -9.139091, 38.7439319 ], [ -9.1388384, 38.7434786 ], [ -9.1387679, 38.743352 ], [ -9.1387303, 38.7432697 ], [ -9.138445, 38.7427022 ], [ -9.1383889, 38.7425867 ], [ -9.1383677, 38.742546 ], [ -9.1383465, 38.7425052 ], [ -9.1383261, 38.7424661 ], [ -9.138208, 38.7424607 ], [ -9.1381019, 38.7424536 ], [ -9.1380103, 38.7424475 ], [ -9.1375595, 38.7424175 ], [ -9.1365592, 38.7423508 ], [ -9.1356354, 38.7422892 ], [ -9.1354606, 38.7422775 ], [ -9.1352842, 38.742266 ], [ -9.1344423, 38.7422111 ], [ -9.1339969, 38.7421821 ], [ -9.1337783, 38.7421017 ], [ -9.1336331, 38.7420232 ], [ -9.1335345, 38.7419258 ], [ -9.1334921, 38.74182 ], [ -9.1334824, 38.7417204 ], [ -9.1334973, 38.7415686 ], [ -9.1334429, 38.7414844 ] ] } },
{ "type": "Feature", "properties": { "services_sum": 1.1669367909238251, "total_departures_sum": 117, "route_short_name_sum": null, "services_unique": null, "total_departures_unique": null, "route_short_name_unique": "206" }, "geometry": { "type": "LineString", "coordinates": [ [ -9.1432162, 38.70583 ], [ -9.1432142, 38.7059023 ] ] } },
{ "type": "Feature", "properties": { "services_sum": 1.1669367909238251, "total_departures_sum": 117, "route_short_name_sum": null, "services_unique": null, "total_departures_unique": null, "route_short_name_unique": "206" }, "geometry": { "type": "LineString", "coordinates": [ [ -9.1341339, 38.7348467 ], [ -9.1340293, 38.7347734 ], [ -9.1339253, 38.7347708 ], [ -9.1333339, 38.7350054 ], [ -9.1332636, 38.7349217 ], [ -9.1332013, 38.7348487 ], [ -9.1332082, 38.7347847 ], [ -9.1333444, 38.7335166 ], [ -9.1333533, 38.7334314 ] ] } },
{ "type": "Feature", "properties": { "services_sum": 1.1669367909238251, "total_departures_sum": 117, "route_short_name_sum": null, "services_unique": null, "total_departures_unique": null, "route_short_name_unique": "206" }, "geometry": { "type": "LineString", "coordinates": [ [ -9.1287822, 38.7224088 ], [ -9.1288649, 38.7224125 ], [ -9.1290594, 38.7224213 ], [ -9.1291325, 38.7224246 ], [ -9.1291701, 38.7222882 ], [ -9.1292279, 38.7220747 ], [ -9.1292478, 38.7220312 ], [ -9.1293356, 38.7218389 ], [ -9.1295344, 38.7216181 ], [ -9.1295818, 38.7215692 ], [ -9.1296351, 38.7215143 ], [ -9.1297186, 38.7214238 ], [ -9.1295953, 38.7214088 ], [ -9.1295384, 38.7214019 ], [ -9.1294405, 38.721389 ], [ -9.129391, 38.7213824 ], [ -9.129337, 38.7213751 ], [ -9.1292047, 38.7213576 ], [ -9.1291758, 38.7213538 ], [ -9.1290258, 38.7213338 ], [ -9.1289081, 38.7213171 ], [ -9.1288417, 38.7212453 ], [ -9.1282817, 38.7211825 ], [ -9.1280497, 38.7211675 ], [ -9.1271442, 38.7211112 ], [ -9.1270895, 38.7211469 ], [ -9.1270341, 38.721145 ], [ -9.1269174, 38.7211408 ] ] } },
{ "type": "Feature", "properties": { "services_sum": 1.1669367909238251, "total_departures_sum": 117, "route_short_name_sum": null, "services_unique": null, "total_departures_unique": null, "route_short_name_unique": "206" }, "geometry": { "type": "LineString", "coordinates": [ [ -9.1286222, 38.7240539 ], [ -9.128542, 38.7248771 ], [ -9.1285354, 38.7249444 ] ] } },
{ "type": "Feature", "properties": { "services_sum": 1.1669367909238251, "total_departures_sum": 117, "route_short_name_sum": null, "services_unique": null, "total_departures_unique": null, "route_short_name_unique": "206" }, "geometry": { "type": "LineString", "coordinates": [ [ -9.1283405, 38.7269442 ], [ -9.1283167, 38.7271882 ], [ -9.1283011, 38.7273478 ] ] } },
{ "type": "Feature", "properties": { "services_sum": 1.1669367909238251, "total_departures_sum": 117, "route_short_name_sum": null, "services_unique": null, "total_departures_unique": null, "route_short_name_unique": "206" }, "geometry": { "type": "LineString", "coordinates": [ [ -9.1282885, 38.7274772 ], [ -9.1282632, 38.7277368 ] ] } },
{ "type": "Feature", "properties": { "services_sum": 1.1669367909238251, "total_departures_sum": 117, "route_short_name_sum": null, "services_unique": null, "total_departures_unique": null, "route_short_name_unique": "206" }, "geometry": { "type": "LineString", "coordinates": [ [ -9.1278805, 38.7304094 ], [ -9.1277693, 38.7306139 ] ] } },
{ "type": "Feature", "properties": { "services_sum": 1.1669367909238251, "total_departures_sum": 117, "route_short_name_sum": null, "services_unique": null, "total_departures_unique": null, "route_short_name_unique": "206" }, "geometry": { "type": "LineString", "coordinates": [ [ -9.1277218, 38.7307082 ], [ -9.1278002, 38.7307623 ], [ -9.1278411, 38.730802 ], [ -9.1278746, 38.7308453 ], [ -9.1279005, 38.7308912 ], [ -9.1279185, 38.7309389 ], [ -9.1279297, 38.7309709 ], [ -9.1279291, 38.7310538 ], [ -9.1278636, 38.7311646 ], [ -9.1278273, 38.7312259 ], [ -9.1277923, 38.731285 ], [ -9.1276252, 38.7315577 ], [ -9.1275493, 38.7316643 ] ] } },
{ "type": "Feature", "properties": { "services_sum": 1.1669367909238251, "total_departures_sum": 117, "route_short_name_sum": null, "services_unique": null, "total_departures_unique": null, "route_short_name_unique": "206" }, "geometry": { "type": "LineString", "coordinates": [ [ -9.1250486, 38.7210132 ], [ -9.1245294, 38.7206702 ], [ -9.1243019, 38.7205199 ], [ -9.1237856, 38.7201762 ], [ -9.1236956, 38.7201163 ] ] } },
{ "type": "Feature", "properties": { "services_sum": 1.1669367909238251, "total_departures_sum": 117, "route_short_name_sum": null, "services_unique": null, "total_departures_unique": null, "route_short_name_unique": "206" }, "geometry": { "type": "LineString", "coordinates": [ [ -9.1233668, 38.7198875 ], [ -9.1228396, 38.7195406 ], [ -9.1227629, 38.7194901 ] ] } },
{ "type": "Feature", "properties": { "services_sum": 1.1669367909238251, "total_departures_sum": 117, "route_short_name_sum": null, "services_unique": null, "total_departures_unique": null, "route_short_name_unique": "206" }, "geometry": { "type": "LineString", "coordinates": [ [ -9.1223755, 38.7178473 ], [ -9.121817, 38.7175491 ] ] } },
{ "type": "Feature", "properties": { "services_sum": 1.1669367909238251, "total_departures_sum": 117, "route_short_name_sum": null, "services_unique": null, "total_departures_unique": null, "route_short_name_unique": "206" }, "geometry": { "type": "LineString", "coordinates": [ [ -9.1222098, 38.7180042 ], [ -9.1221794, 38.7180045 ], [ -9.1221207, 38.7180051 ] ] } },
{ "type": "Feature", "properties": { "services_sum": 1.1669367909238251, "total_departures_sum": 117, "route_short_name_sum": null, "services_unique": null, "total_departures_unique": null, "route_short_name_unique": "206" }, "geometry": { "type": "LineString", "coordinates": [ [ -9.1215823, 38.7185782 ], [ -9.1211905, 38.7182621 ], [ -9.1208981, 38.7180262 ] ] } },
{ "type": "Feature", "properties": { "services_sum": 1.1669367909238251, "total_departures_sum": 117, "route_short_name_sum": null, "services_unique": null, "total_departures_unique": null, "route_short_name_unique": "206" }, "geometry": { "type": "LineString", "coordinates": [ [ -9.1207075, 38.7169304 ], [ -9.120688, 38.7169176 ], [ -9.1205146, 38.7168037 ] ] } },
{ "type": "Feature", "properties": { "services_sum": 1.1669367909238251, "total_departures_sum": 117, "route_short_name_sum": null, "services_unique": null, "total_departures_unique": null, "route_short_name_unique": "206" }, "geometry": { "type": "LineString", "coordinates": [ [ -9.1176004, 38.7181691 ], [ -9.1174031, 38.7183548 ] ] } },
{ "type": "Feature", "properties": { "services_sum": 1.1669367909238251, "total_departures_sum": 117, "route_short_name_sum": null, "services_unique": null, "total_departures_unique": null, "route_short_name_unique": "206" }, "geometry": { "type": "LineString", "coordinates": [ [ -9.1169065, 38.718842 ], [ -9.1163463, 38.7194795 ] ] } },
{ "type": "Feature", "properties": { "services_sum": 1.0002778549597111, "total_departures_sum": 6, "route_short_name_sum": null, "services_unique": null, "total_departures_unique": null, "route_short_name_unique": "755" }, "geometry": { "type": "LineString", "coordinates": [ [ -9.1688244, 38.741791 ], [ -9.1688198, 38.7417935 ], [ -9.1686633, 38.7418795 ] ] } },
{ "type": "Feature", "properties": { "services_sum": 1.0002778549597111, "total_departures_sum": 6, "route_short_name_sum": null, "services_unique": null, "total_departures_unique": null, "route_short_name_unique": "755" }, "geometry": { "type": "LineString", "coordinates": [ [ -9.1686026, 38.7446953 ], [ -9.1685628, 38.7448445 ], [ -9.1685486, 38.7449444 ], [ -9.1685314, 38.7450655 ], [ -9.1685299, 38.7450758 ], [ -9.1684966, 38.7453094 ], [ -9.1684474, 38.7455516 ], [ -9.1683337, 38.745791 ], [ -9.1681153, 38.7460158 ], [ -9.1679476, 38.7462745 ], [ -9.1678978, 38.7463514 ], [ -9.1678291, 38.7465304 ], [ -9.1677922, 38.7467892 ], [ -9.1677795, 38.7468786 ], [ -9.1677732, 38.7469226 ], [ -9.1677703, 38.7471269 ], [ -9.1677395, 38.7472406 ], [ -9.1675603, 38.7473217 ], [ -9.1671716, 38.7475062 ], [ -9.167113, 38.747534 ], [ -9.1658064, 38.7481205 ], [ -9.1656938, 38.7481805 ], [ -9.1655766, 38.748196 ], [ -9.1654788, 38.748194 ], [ -9.1654153, 38.7481928 ], [ -9.1649836, 38.7481841 ], [ -9.1648609, 38.7481816 ], [ -9.1645449, 38.7481904 ], [ -9.1644583, 38.748253 ], [ -9.1643835, 38.7483163 ], [ -9.1643564, 38.7483699 ], [ -9.1643491, 38.7484459 ], [ -9.1643494, 38.7486001 ], [ -9.1650654, 38.7496067 ], [ -9.1651415, 38.749712 ], [ -9.165196, 38.749793 ], [ -9.1652395, 38.7498614 ], [ -9.1653388, 38.7500442 ], [ -9.1653887, 38.7501328 ], [ -9.1652004, 38.7501411 ], [ -9.1649794, 38.7501484 ], [ -9.1647114, 38.7501519 ], [ -9.1644431, 38.7501145 ], [ -9.1641604, 38.7501141 ], [ -9.1627588, 38.7501122 ], [ -9.1615792, 38.7501106 ], [ -9.1615548, 38.7501105 ], [ -9.1614486, 38.7501221 ], [ -9.1612328, 38.7501458 ], [ -9.1611415, 38.7501457 ], [ -9.1609669, 38.7501454 ], [ -9.1608614, 38.7501453 ], [ -9.1602663, 38.7501445 ], [ -9.160043, 38.7501441 ], [ -9.1594576, 38.7501433 ], [ -9.1586822, 38.7501423 ], [ -9.1585999, 38.7502376 ], [ -9.158538, 38.7503233 ] ] } },
{ "type": "Feature", "properties": { "services_sum": 1.0002778549597111, "total_departures_sum": 6, "route_short_name_sum": null, "services_unique": null, "total_departures_unique": null, "route_short_name_unique": "755" }, "geometry": { "type": "LineString", "coordinates": [ [ -9.1673135, 38.7435549 ], [ -9.1670696, 38.743267 ] ] } },
{ "type": "Feature", "properties": { "services_sum": 1.0002778549597111, "total_departures_sum": 6, "route_short_name_sum": null, "services_unique": null, "total_departures_unique": null, "route_short_name_unique": "755" }, "geometry": { "type": "LineString", "coordinates": [ [ -9.1447513, 38.7547175 ], [ -9.1446983, 38.7546178 ] ] } },
{ "type": "Feature", "properties": { "services_sum": 1.0002778549597111, "total_departures_sum": 6, "route_short_name_sum": null, "services_unique": null, "total_departures_unique": null, "route_short_name_unique": "755" }, "geometry": { "type": "LineString", "coordinates": [ [ -9.1445004, 38.7542158 ], [ -9.1444882, 38.7541928 ], [ -9.1444165, 38.7540573 ] ] } },
{ "type": "Feature", "properties": { "services_sum": 1.0002778549597111, "total_departures_sum": 6, "route_short_name_sum": null, "services_unique": null, "total_departures_unique": null, "route_short_name_unique": "755" }, "geometry": { "type": "LineString", "coordinates": [ [ -9.1439909, 38.7534236 ], [ -9.143823, 38.7533706 ], [ -9.1436592, 38.7533059 ], [ -9.1433489, 38.7533123 ], [ -9.1432608, 38.7533412 ], [ -9.143237, 38.753349 ], [ -9.1429076, 38.753457 ], [ -9.1428437, 38.7534779 ], [ -9.1425946, 38.7535596 ], [ -9.1421505, 38.7537051 ], [ -9.1420818, 38.7537276 ], [ -9.1414127, 38.7539468 ], [ -9.1413444, 38.7539692 ], [ -9.1406768, 38.754188 ], [ -9.1405793, 38.75422 ], [ -9.1391896, 38.7546754 ], [ -9.1390956, 38.7547062 ] ] } },
{ "type": "Feature", "properties": { "services_sum": 1.0002778549597111, "total_departures_sum": 6, "route_short_name_sum": null, "services_unique": null, "total_departures_unique": null, "route_short_name_unique": "755" }, "geometry": { "type": "LineString", "coordinates": [ [ -9.1391153, 38.7548551 ], [ -9.1390854, 38.754896 ], [ -9.1390458, 38.7549337 ], [ -9.1390127, 38.7549523 ], [ -9.1389612, 38.754963 ] ] } },
{ "type": "Feature", "properties": { "services_sum": 1.0002778549597111, "total_departures_sum": 6, "route_short_name_sum": null, "services_unique": null, "total_departures_unique": null, "route_short_name_unique": "755" }, "geometry": { "type": "LineString", "coordinates": [ [ -9.1389209, 38.7549579 ], [ -9.138856, 38.7549975 ], [ -9.1388131, 38.7550221 ], [ -9.1388118, 38.7550225 ], [ -9.1383074, 38.7551571 ], [ -9.1382298, 38.7550123 ], [ -9.1381311, 38.7548207 ], [ -9.1381093, 38.7547843 ], [ -9.1380578, 38.7546782 ], [ -9.1378457, 38.7542794 ], [ -9.1377202, 38.7540793 ], [ -9.1375134, 38.7539438 ], [ -9.1372733, 38.7538652 ], [ -9.1370072, 38.7538853 ], [ -9.136813, 38.7539492 ], [ -9.1365924, 38.7541299 ], [ -9.1365236, 38.7542945 ], [ -9.136487, 38.7544353 ], [ -9.1364657, 38.7545671 ], [ -9.136459, 38.7546088 ], [ -9.136449, 38.7546705 ], [ -9.1364334, 38.7547669 ], [ -9.1364144, 38.7548848 ], [ -9.1363445, 38.7549437 ], [ -9.1362879, 38.7549711 ], [ -9.1362314, 38.7549926 ], [ -9.1361707, 38.7550084 ], [ -9.1360828, 38.7549981 ], [ -9.1342432, 38.7547832 ], [ -9.1342303, 38.7547817 ], [ -9.1341609, 38.7547736 ], [ -9.1340746, 38.7547635 ], [ -9.1322947, 38.7545555 ], [ -9.1321261, 38.7545358 ], [ -9.1318778, 38.7545086 ], [ -9.1316464, 38.7544825 ], [ -9.131634, 38.7544811 ], [ -9.1315172, 38.7544679 ], [ -9.1312558, 38.7544384 ], [ -9.1306336, 38.7543708 ], [ -9.130489, 38.7543555 ], [ -9.1303332, 38.7543973 ], [ -9.1301984, 38.7543908 ], [ -9.1299727, 38.75438 ], [ -9.1297501, 38.7543732 ], [ -9.1294538, 38.7544299 ], [ -9.1291408, 38.7545953 ], [ -9.1289152, 38.7547262 ], [ -9.1286257, 38.7548299 ], [ -9.1283745, 38.7548485 ], [ -9.1281467, 38.7548267 ], [ -9.1277782, 38.7547166 ], [ -9.1275596, 38.7545494 ], [ -9.1274454, 38.7543986 ], [ -9.1268298, 38.753513 ], [ -9.1266846, 38.7533031 ], [ -9.1266255, 38.7532191 ], [ -9.1265018, 38.7530682 ], [ -9.1264017, 38.7529464 ], [ -9.1263291, 38.7528648 ], [ -9.1262509, 38.7527767 ] ] } },
{ "type": "Feature", "properties": { "services_sum": 1.0002778549597111, "total_departures_sum": 6, "route_short_name_sum": null, "services_unique": null, "total_departures_unique": null, "route_short_name_unique": "755" }, "geometry": { "type": "LineString", "coordinates": [ [ -9.1246959, 38.7511259 ], [ -9.1245814, 38.7510376 ], [ -9.1243685, 38.7508733 ] ] } },
{ "type": "Feature", "properties": { "services_sum": 1.0002778549597111, "total_departures_sum": 6, "route_short_name_sum": null, "services_unique": null, "total_departures_unique": null, "route_short_name_unique": "755" }, "geometry": { "type": "LineString", "coordinates": [ [ -9.1207791, 38.7564866 ], [ -9.1207224, 38.7563904 ], [ -9.1206313, 38.7562355 ] ] } },
{ "type": "Feature", "properties": { "services_sum": 1.0002778549597111, "total_departures_sum": 6, "route_short_name_sum": null, "services_unique": null, "total_departures_unique": null, "route_short_name_unique": "755" }, "geometry": { "type": "LineString", "coordinates": [ [ -9.1187281, 38.7560779 ], [ -9.1184777, 38.7562242 ], [ -9.1183445, 38.75642 ], [ -9.1183523, 38.7564589 ], [ -9.118427, 38.7568313 ], [ -9.1184362, 38.7568773 ], [ -9.1184392, 38.7568919 ], [ -9.1184863, 38.7571245 ], [ -9.1185734, 38.7574698 ], [ -9.1185273, 38.7576407 ], [ -9.1185126, 38.757691 ], [ -9.118487, 38.7577643 ], [ -9.1183773, 38.757728 ], [ -9.1182854, 38.7576976 ], [ -9.1178128, 38.7575617 ], [ -9.1176624, 38.7574898 ], [ -9.1174927, 38.7574354 ], [ -9.1165662, 38.7571586 ], [ -9.1164573, 38.7571261 ], [ -9.1162017, 38.7570497 ], [ -9.1162008, 38.7570494 ], [ -9.1148499, 38.7566457 ], [ -9.1146496, 38.7565859 ], [ -9.1146225, 38.7565778 ], [ -9.1136985, 38.7563048 ], [ -9.1135989, 38.7563159 ], [ -9.1133486, 38.7563391 ] ] } },
{ "type": "Feature", "properties": { "services_sum": 1.0002778549597111, "total_departures_sum": 6, "route_short_name_sum": null, "services_unique": null, "total_departures_unique": null, "route_short_name_unique": "755" }, "geometry": { "type": "LineString", "coordinates": [ [ -9.1135954, 38.7514323 ], [ -9.1135942, 38.751287 ], [ -9.1135899, 38.7507774 ], [ -9.1135771, 38.7505911 ], [ -9.1135493, 38.7501941 ], [ -9.113539, 38.7494247 ], [ -9.1135215, 38.7483893 ], [ -9.1135179, 38.7482715 ], [ -9.1134553, 38.7482582 ], [ -9.1132802, 38.7482013 ], [ -9.1130859, 38.7481327 ], [ -9.1129865, 38.748094 ], [ -9.112954, 38.7480813 ], [ -9.112907, 38.748063 ], [ -9.1126312, 38.7479556 ], [ -9.112351, 38.7478482 ], [ -9.1122208, 38.7477941 ], [ -9.1124849, 38.747595 ], [ -9.1125796, 38.7475198 ], [ -9.1129021, 38.7473065 ], [ -9.1128958, 38.7470174 ], [ -9.1128856, 38.7467083 ], [ -9.1128846, 38.7465673 ], [ -9.1128847, 38.746552 ], [ -9.1128856, 38.7464551 ], [ -9.1128868, 38.7463316 ], [ -9.1128881, 38.7462406 ], [ -9.1128887, 38.7461243 ], [ -9.1129022, 38.745699 ], [ -9.1129554, 38.7455906 ], [ -9.1131304, 38.7454256 ], [ -9.1132117, 38.7453723 ], [ -9.1134018, 38.745222 ], [ -9.1135059, 38.7451163 ], [ -9.1135618, 38.7449696 ], [ -9.11354, 38.7445822 ], [ -9.1135425, 38.7444824 ], [ -9.1133468, 38.7444106 ], [ -9.1132288, 38.7444081 ], [ -9.1132143, 38.7444077 ], [ -9.1129659, 38.744403 ], [ -9.1128961, 38.7443839 ], [ -9.1128499, 38.7443494 ], [ -9.112825, 38.7443059 ], [ -9.1128128, 38.7440197 ], [ -9.1128144, 38.7439703 ], [ -9.1128211, 38.7439085 ], [ -9.1129083, 38.7438179 ], [ -9.1128527, 38.7436232 ], [ -9.1128492, 38.7434172 ], [ -9.1127943, 38.7432934 ], [ -9.1127139, 38.7431888 ], [ -9.1125965, 38.7430877 ], [ -9.112437, 38.7430438 ], [ -9.1122924, 38.7430264 ], [ -9.1121829, 38.7430166 ], [ -9.1119045, 38.7431289 ], [ -9.1118779, 38.7431396 ], [ -9.111852, 38.7431501 ], [ -9.1116862, 38.7432172 ], [ -9.1113864, 38.7433321 ], [ -9.1112303, 38.7434329 ], [ -9.111111, 38.743538 ], [ -9.111021, 38.7436397 ], [ -9.1108904, 38.74401 ], [ -9.1108289, 38.7443272 ], [ -9.1108236, 38.7443546 ], [ -9.110819, 38.7443784 ], [ -9.1108044, 38.7444535 ], [ -9.1107919, 38.7445181 ], [ -9.1105788, 38.7454733 ], [ -9.110493, 38.745854 ], [ -9.1104393, 38.7460088 ], [ -9.1103106, 38.7461971 ], [ -9.1100638, 38.7464356 ], [ -9.1099151, 38.746583 ], [ -9.1097445, 38.746752 ], [ -9.1095873, 38.746893 ], [ -9.109379, 38.74708 ], [ -9.1089641, 38.7474523 ], [ -9.1088901, 38.7475824 ], [ -9.108849, 38.7476813 ], [ -9.1088307, 38.7478246 ], [ -9.1087149, 38.7478225 ], [ -9.1084172, 38.7478267 ], [ -9.1081543, 38.7480359 ], [ -9.1081294, 38.7480546 ], [ -9.1079456, 38.7481928 ], [ -9.1078923, 38.7482541 ], [ -9.1078644, 38.7481668 ], [ -9.1078385, 38.7479915 ], [ -9.1078366, 38.7479784 ], [ -9.1078198, 38.7478646 ], [ -9.1078579, 38.7477677 ], [ -9.1079379, 38.7476478 ], [ -9.1079891, 38.7475182 ], [ -9.1080508, 38.7473558 ], [ -9.1081201, 38.7472283 ], [ -9.1082194, 38.7472029 ], [ -9.1083645, 38.7471882 ], [ -9.1084562, 38.7471843 ], [ -9.1085241, 38.7471416 ], [ -9.1086119, 38.7470568 ], [ -9.1086569, 38.7469783 ], [ -9.1086789, 38.7469159 ], [ -9.1085993, 38.746833 ], [ -9.1084714, 38.7467163 ], [ -9.1082576, 38.746626 ], [ -9.1080881, 38.7465986 ], [ -9.1077249, 38.7465737 ], [ -9.1072686, 38.7466203 ], [ -9.107203, 38.7466294 ], [ -9.1070259, 38.7466541 ], [ -9.106857, 38.7466783 ], [ -9.106855, 38.7466785 ], [ -9.1063815, 38.7467462 ], [ -9.1062334, 38.7467674 ], [ -9.1060041, 38.7467958 ], [ -9.105731, 38.7468252 ], [ -9.105467, 38.7468276 ], [ -9.1053156, 38.7467769 ], [ -9.1051826, 38.7467111 ], [ -9.1050816, 38.7466343 ], [ -9.1049672, 38.7464985 ], [ -9.1048721, 38.7462537 ], [ -9.1047411, 38.7459238 ], [ -9.1046873, 38.7458125 ], [ -9.1046357, 38.7457058 ], [ -9.1045084, 38.7455229 ], [ -9.1044034, 38.7455665 ], [ -9.1042717, 38.745663 ], [ -9.1044378, 38.7459163 ], [ -9.1045708, 38.7461956 ], [ -9.1049232, 38.7471013 ], [ -9.1050993, 38.7477273 ], [ -9.1051953, 38.7483803 ], [ -9.1051719, 38.7491781 ], [ -9.1051507, 38.7493837 ], [ -9.1052022, 38.7495844 ], [ -9.105229, 38.7497079 ] ] } },
{ "type": "Feature", "properties": { "services_sum": 1.0002778549597111, "total_departures_sum": 6, "route_short_name_sum": null, "services_unique": null, "total_departures_unique": null, "route_short_name_unique": "755" }, "geometry": { "type": "LineString", "coordinates": [ [ -9.1129992, 38.7568315 ], [ -9.1129279, 38.7568128 ], [ -9.1128756, 38.7567839 ], [ -9.1128298, 38.7567279 ] ] } },
{ "type": "Feature", "properties": { "services_sum": 1.0002778549597111, "total_departures_sum": 6, "route_short_name_sum": null, "services_unique": null, "total_departures_unique": null, "route_short_name_unique": "755" }, "geometry": { "type": "LineString", "coordinates": [ [ -9.1050411, 38.7502455 ], [ -9.1049435, 38.7502075 ], [ -9.1048651, 38.7501483 ], [ -9.1048132, 38.7500734 ] ] } },
{ "type": "Feature", "properties": { "services_sum": 1.0002778549597111, "total_departures_sum": 6, "route_short_name_sum": null, "services_unique": null, "total_departures_unique": null, "route_short_name_unique": "755" }, "geometry": { "type": "LineString", "coordinates": [ [ -9.1047964, 38.7500208 ], [ -9.104616, 38.7499662 ], [ -9.1045172, 38.7499582 ], [ -9.1041143, 38.7499726 ], [ -9.1039244, 38.7499195 ], [ -9.1035042, 38.7498155 ], [ -9.103113, 38.7497187 ], [ -9.1029288, 38.7496731 ], [ -9.1028361, 38.749649 ], [ -9.1028171, 38.7496992 ], [ -9.1027772, 38.7497413 ], [ -9.1027211, 38.74977 ], [ -9.1026557, 38.7497819 ], [ -9.1025891, 38.7497755 ], [ -9.1025282, 38.7497508 ], [ -9.1024823, 38.749711 ], [ -9.1024574, 38.7496611 ], [ -9.1024566, 38.7496076 ], [ -9.1024801, 38.7495573 ], [ -9.1025247, 38.7495167 ], [ -9.1025849, 38.7494909 ], [ -9.1026529, 38.7494833 ], [ -9.1027199, 38.7494949 ], [ -9.1027561, 38.7494221 ], [ -9.1028327, 38.749268 ], [ -9.102932, 38.7489982 ], [ -9.1029883, 38.748743 ], [ -9.1030124, 38.7485338 ], [ -9.1030138, 38.7481489 ], [ -9.1030166, 38.748012 ], [ -9.1030178, 38.7479502 ], [ -9.1030258, 38.7477389 ], [ -9.1030527, 38.7475485 ], [ -9.1031063, 38.7473226 ], [ -9.1031454, 38.7472264 ], [ -9.103176, 38.7471511 ], [ -9.1032458, 38.7470758 ], [ -9.1033692, 38.7470424 ], [ -9.1036052, 38.7470068 ], [ -9.1036564, 38.7469975 ], [ -9.1040701, 38.7469226 ], [ -9.1041741, 38.7469051 ], [ -9.1044097, 38.7468571 ], [ -9.1045825, 38.7468172 ], [ -9.1046685, 38.7467973 ], [ -9.1044483, 38.7462282 ], [ -9.1042938, 38.7459112 ], [ -9.1040304, 38.7455674 ], [ -9.1037997, 38.7453445 ], [ -9.1034857, 38.7450879 ], [ -9.103208, 38.7448859 ], [ -9.102879, 38.7447295 ], [ -9.1021698, 38.7445243 ], [ -9.1021221, 38.7445105 ], [ -9.1017353, 38.7443985 ], [ -9.1014399, 38.744313 ], [ -9.1012479, 38.7442575 ] ] } },
{ "type": "Feature", "properties": { "services_sum": 1.0002778549597111, "total_departures_sum": 6, "route_short_name_sum": null, "services_unique": null, "total_departures_unique": null, "route_short_name_unique": "755" }, "geometry": { "type": "LineString", "coordinates": [ [ -9.1015408, 38.7436267 ], [ -9.1018921, 38.7428858 ], [ -9.102002, 38.742654 ], [ -9.1019327, 38.7426329 ], [ -9.1012113, 38.7424133 ] ] } },
{ "type": "Feature", "properties": { "services_sum": 2.5517514847291438, "total_departures_sum": 153, "route_short_name_sum": null, "services_unique": null, "total_departures_unique": null, "route_short_name_unique": "758, 202" }, "geometry": { "type": "LineString", "coordinates": [ [ -9.167858, 38.736765 ], [ -9.1680254, 38.7367516 ], [ -9.1681651, 38.7367687 ], [ -9.1681758, 38.7367743 ], [ -9.1681994, 38.7368122 ], [ -9.1682162, 38.736858 ], [ -9.1682238, 38.7369176 ], [ -9.1681995, 38.7370555 ], [ -9.1681137, 38.7372199 ], [ -9.1681633, 38.7373047 ], [ -9.1684615, 38.7377168 ], [ -9.1686479, 38.7379794 ], [ -9.1686814, 38.7380348 ], [ -9.1686989, 38.7380892 ], [ -9.1687149, 38.738153 ], [ -9.1687149, 38.7382252 ], [ -9.1687029, 38.7382733 ], [ -9.1686814, 38.7383319 ], [ -9.1685781, 38.7385159 ], [ -9.1684543, 38.7387673 ], [ -9.1683972, 38.7388973 ], [ -9.1683537, 38.7389964 ], [ -9.168291, 38.7391051 ], [ -9.1681882, 38.7391931 ], [ -9.1680281, 38.7392755 ], [ -9.1677976, 38.7393593 ], [ -9.1677343, 38.7394056 ], [ -9.1676701, 38.7394965 ], [ -9.1676021, 38.7396097 ] ] } },
{ "type": "Feature", "properties": { "services_sum": 2.5517514847291438, "total_departures_sum": 153, "route_short_name_sum": null, "services_unique": null, "total_departures_unique": null, "route_short_name_unique": "758, 202" }, "geometry": { "type": "LineString", "coordinates": [ [ -9.1673324, 38.7368483 ], [ -9.1669494, 38.7368695 ], [ -9.1666483, 38.7368803 ], [ -9.1665413, 38.7368846 ], [ -9.1664688, 38.7368775 ], [ -9.1664169, 38.7368619 ], [ -9.1663603, 38.7368242 ], [ -9.1663158, 38.7367682 ], [ -9.1662911, 38.7367008 ], [ -9.166252, 38.736344 ], [ -9.1662296, 38.7360581 ], [ -9.1662209, 38.7359668 ], [ -9.1662017, 38.7359034 ], [ -9.1661938, 38.7358774 ], [ -9.166149, 38.7357953 ], [ -9.1660903, 38.7357191 ], [ -9.1656731, 38.7353517 ], [ -9.1656689, 38.7353481 ], [ -9.1655051, 38.7352045 ], [ -9.1653288, 38.7350432 ], [ -9.1651806, 38.734885 ], [ -9.1651312, 38.7348218 ], [ -9.1651225, 38.7348121 ], [ -9.1648664, 38.7345238 ], [ -9.164786, 38.7344314 ], [ -9.1647843, 38.7344294 ], [ -9.1646596, 38.7342863 ], [ -9.1645952, 38.7342188 ], [ -9.1645302, 38.7341624 ], [ -9.1644779, 38.7341236 ], [ -9.1643868, 38.7340675 ], [ -9.1642895, 38.7340696 ], [ -9.1642244, 38.7339628 ], [ -9.1641957, 38.733944 ], [ -9.1639359, 38.7338142 ], [ -9.1638069, 38.7337498 ], [ -9.1636089, 38.7336508 ], [ -9.1634112, 38.7335463 ], [ -9.163223, 38.7334295 ], [ -9.1630587, 38.7332714 ], [ -9.1629381, 38.7331162 ], [ -9.1628927, 38.733027 ], [ -9.1628144, 38.7327936 ], [ -9.1626927, 38.7324087 ], [ -9.1626415, 38.7322883 ], [ -9.1626474, 38.7322055 ], [ -9.1626543, 38.7321095 ], [ -9.1625914, 38.7319555 ], [ -9.1625671, 38.7318712 ], [ -9.1625399, 38.7317769 ] ] } },
{ "type": "Feature", "properties": { "services_sum": 2.5517514847291438, "total_departures_sum": 153, "route_short_name_sum": null, "services_unique": null, "total_departures_unique": null, "route_short_name_unique": "758, 202" }, "geometry": { "type": "LineString", "coordinates": [ [ -9.1625061, 38.7308447 ], [ -9.1623504, 38.7305831 ] ] } },
{ "type": "Feature", "properties": { "services_sum": 2.5517514847291438, "total_departures_sum": 153, "route_short_name_sum": null, "services_unique": null, "total_departures_unique": null, "route_short_name_unique": "758, 202" }, "geometry": { "type": "LineString", "coordinates": [ [ -9.1624195, 38.728675 ], [ -9.1623813, 38.7293155 ], [ -9.1623702, 38.7295025 ] ] } },
{ "type": "Feature", "properties": { "services_sum": 2.5517514847291438, "total_departures_sum": 153, "route_short_name_sum": null, "services_unique": null, "total_departures_unique": null, "route_short_name_unique": "758, 202" }, "geometry": { "type": "LineString", "coordinates": [ [ -9.1618776, 38.7210463 ], [ -9.1621693, 38.7211426 ], [ -9.1622741, 38.7211798 ], [ -9.1622667, 38.7212353 ], [ -9.1622337, 38.7213217 ], [ -9.1620452, 38.7214841 ] ] } },
{ "type": "Feature", "properties": { "services_sum": 2.5517514847291438, "total_departures_sum": 153, "route_short_name_sum": null, "services_unique": null, "total_departures_unique": null, "route_short_name_unique": "758, 202" }, "geometry": { "type": "LineString", "coordinates": [ [ -9.1616679, 38.7209918 ], [ -9.1610092, 38.7208425 ] ] } },
{ "type": "Feature", "properties": { "services_sum": 2.5517514847291438, "total_departures_sum": 153, "route_short_name_sum": null, "services_unique": null, "total_departures_unique": null, "route_short_name_unique": "758, 202" }, "geometry": { "type": "LineString", "coordinates": [ [ -9.1616472, 38.7266936 ], [ -9.161615, 38.7266601 ], [ -9.1613618, 38.7264843 ], [ -9.161154, 38.7263327 ], [ -9.1610928, 38.7262879 ], [ -9.1606474, 38.7258716 ], [ -9.1605948, 38.7258131 ], [ -9.1605344, 38.7257457 ], [ -9.1602782, 38.7254616 ], [ -9.1601373, 38.7252559 ], [ -9.1600229, 38.7249527 ], [ -9.159965, 38.7248793 ] ] } },
{ "type": "Feature", "properties": { "services_sum": 2.5517514847291438, "total_departures_sum": 153, "route_short_name_sum": null, "services_unique": null, "total_departures_unique": null, "route_short_name_unique": "758, 202" }, "geometry": { "type": "LineString", "coordinates": [ [ -9.1613431, 38.7222027 ], [ -9.1613744, 38.7223169 ], [ -9.1613778, 38.7224261 ], [ -9.1612642, 38.7231477 ], [ -9.1611818, 38.7233152 ], [ -9.1609737, 38.7236004 ], [ -9.1608216, 38.7237709 ], [ -9.1607588, 38.7238412 ], [ -9.1605697, 38.7240308 ] ] } },
{ "type": "Feature", "properties": { "services_sum": 2.5517514847291438, "total_departures_sum": 153, "route_short_name_sum": null, "services_unique": null, "total_departures_unique": null, "route_short_name_unique": "758, 202" }, "geometry": { "type": "LineString", "coordinates": [ [ -9.1609237, 38.7208223 ], [ -9.1606978, 38.720769 ], [ -9.1600904, 38.7206255 ] ] } },
{ "type": "Feature", "properties": { "services_sum": 2.5517514847291438, "total_departures_sum": 153, "route_short_name_sum": null, "services_unique": null, "total_departures_unique": null, "route_short_name_unique": "758, 202" }, "geometry": { "type": "LineString", "coordinates": [ [ -9.1593191, 38.7204461 ], [ -9.1590273, 38.720373 ], [ -9.1590172, 38.7203704 ] ] } },
{ "type": "Feature", "properties": { "services_sum": 2.5517514847291438, "total_departures_sum": 153, "route_short_name_sum": null, "services_unique": null, "total_departures_unique": null, "route_short_name_unique": "758, 202" }, "geometry": { "type": "LineString", "coordinates": [ [ -9.1563657, 38.7208193 ], [ -9.1563403, 38.7208256 ], [ -9.1563379, 38.7208262 ] ] } },
{ "type": "Feature", "properties": { "services_sum": 2.5517514847291438, "total_departures_sum": 153, "route_short_name_sum": null, "services_unique": null, "total_departures_unique": null, "route_short_name_unique": "758, 202" }, "geometry": { "type": "LineString", "coordinates": [ [ -9.1555952, 38.7205258 ], [ -9.1555605, 38.720189 ], [ -9.1555099, 38.7200736 ], [ -9.1554749, 38.7200155 ], [ -9.1554089, 38.71994 ], [ -9.1552767, 38.7198678 ], [ -9.1550561, 38.7199089 ] ] } },
{ "type": "Feature", "properties": { "services_sum": 2.5517514847291438, "total_departures_sum": 153, "route_short_name_sum": null, "services_unique": null, "total_departures_unique": null, "route_short_name_unique": "758, 202" }, "geometry": { "type": "LineString", "coordinates": [ [ -9.1547248, 38.7199704 ], [ -9.1547094, 38.7199733 ], [ -9.1544298, 38.7200253 ], [ -9.1542975, 38.7200191 ], [ -9.1542116, 38.7200151 ] ] } },
{ "type": "Feature", "properties": { "services_sum": 2.5517514847291438, "total_departures_sum": 153, "route_short_name_sum": null, "services_unique": null, "total_departures_unique": null, "route_short_name_unique": "758, 202" }, "geometry": { "type": "LineString", "coordinates": [ [ -9.1511721, 38.7176347 ], [ -9.1510173, 38.7175926 ], [ -9.1508336, 38.7175425 ] ] } },
{ "type": "Feature", "properties": { "services_sum": 2.5517514847291438, "total_departures_sum": 153, "route_short_name_sum": null, "services_unique": null, "total_departures_unique": null, "route_short_name_unique": "758, 202" }, "geometry": { "type": "LineString", "coordinates": [ [ -9.149159, 38.717059 ], [ -9.1484616, 38.7167178 ], [ -9.1484342, 38.7167044 ] ] } },
{ "type": "Feature", "properties": { "services_sum": 2.5517514847291438, "total_departures_sum": 153, "route_short_name_sum": null, "services_unique": null, "total_departures_unique": null, "route_short_name_unique": "758, 202" }, "geometry": { "type": "LineString", "coordinates": [ [ -9.1450908, 38.7154904 ], [ -9.1450777, 38.7154874 ], [ -9.1449831, 38.7154657 ] ] } },
{ "type": "Feature", "properties": { "services_sum": 2.5517514847291438, "total_departures_sum": 153, "route_short_name_sum": null, "services_unique": null, "total_departures_unique": null, "route_short_name_unique": "758, 202" }, "geometry": { "type": "LineString", "coordinates": [ [ -9.1446603, 38.7151588 ], [ -9.1444075, 38.7147611 ] ] } },
{ "type": "Feature", "properties": { "services_sum": 2.5517514847291438, "total_departures_sum": 153, "route_short_name_sum": null, "services_unique": null, "total_departures_unique": null, "route_short_name_unique": "758, 202" }, "geometry": { "type": "LineString", "coordinates": [ [ -9.1442831, 38.7145643 ], [ -9.1442636, 38.7145331 ], [ -9.1441354, 38.7143278 ] ] } },
{ "type": "Feature", "properties": { "services_sum": 2.5517514847291438, "total_departures_sum": 153, "route_short_name_sum": null, "services_unique": null, "total_departures_unique": null, "route_short_name_unique": "758, 202" }, "geometry": { "type": "LineString", "coordinates": [ [ -9.1438556, 38.7062184 ], [ -9.1438502, 38.706244 ], [ -9.1438395, 38.7062942 ] ] } },
{ "type": "Feature", "properties": { "services_sum": 2.5517514847291438, "total_departures_sum": 153, "route_short_name_sum": null, "services_unique": null, "total_departures_unique": null, "route_short_name_unique": "758, 202" }, "geometry": { "type": "LineString", "coordinates": [ [ -9.1435657, 38.7133987 ], [ -9.1433831, 38.713135 ] ] } },
{ "type": "Feature", "properties": { "services_sum": 2.5517514847291438, "total_departures_sum": 153, "route_short_name_sum": null, "services_unique": null, "total_departures_unique": null, "route_short_name_unique": "758, 202" }, "geometry": { "type": "LineString", "coordinates": [ [ -9.1434031, 38.7075278 ], [ -9.1433799, 38.7077125 ] ] } },
{ "type": "Feature", "properties": { "services_sum": 2.5517514847291438, "total_departures_sum": 153, "route_short_name_sum": null, "services_unique": null, "total_departures_unique": null, "route_short_name_unique": "758, 202" }, "geometry": { "type": "LineString", "coordinates": [ [ -9.1433748, 38.7077522 ], [ -9.1433367, 38.7080555 ], [ -9.1432733, 38.7085593 ] ] } },
{ "type": "Feature", "properties": { "services_sum": 2.5517514847291438, "total_departures_sum": 153, "route_short_name_sum": null, "services_unique": null, "total_departures_unique": null, "route_short_name_unique": "758, 202" }, "geometry": { "type": "LineString", "coordinates": [ [ -9.1432474, 38.7128985 ], [ -9.143142, 38.7125604 ], [ -9.1431083, 38.7124523 ] ] } },
{ "type": "Feature", "properties": { "services_sum": 2.5517514847291438, "total_departures_sum": 153, "route_short_name_sum": null, "services_unique": null, "total_departures_unique": null, "route_short_name_unique": "758, 202" }, "geometry": { "type": "LineString", "coordinates": [ [ -9.1431103, 38.7098542 ], [ -9.1431001, 38.7099355 ], [ -9.1430411, 38.7104043 ] ] } },
{ "type": "Feature", "properties": { "services_sum": 2.5517514847291438, "total_departures_sum": 153, "route_short_name_sum": null, "services_unique": null, "total_departures_unique": null, "route_short_name_unique": "758, 202" }, "geometry": { "type": "LineString", "coordinates": [ [ -9.1429442, 38.7108425 ], [ -9.1429291, 38.7115265 ] ] } },
{ "type": "Feature", "properties": { "services_sum": 1.0002778549597111, "total_departures_sum": 12, "route_short_name_sum": null, "services_unique": null, "total_departures_unique": null, "route_short_name_unique": "731" }, "geometry": { "type": "LineString", "coordinates": [ [ -9.1686923, 38.7418343 ], [ -9.1686633, 38.7418795 ] ] } },
{ "type": "Feature", "properties": { "services_sum": 1.0002778549597111, "total_departures_sum": 12, "route_short_name_sum": null, "services_unique": null, "total_departures_unique": null, "route_short_name_unique": "731" }, "geometry": { "type": "LineString", "coordinates": [ [ -9.1685237, 38.741964 ], [ -9.1684611, 38.7419955 ], [ -9.1683611, 38.7420457 ] ] } },
{ "type": "Feature", "properties": { "services_sum": 1.0002778549597111, "total_departures_sum": 12, "route_short_name_sum": null, "services_unique": null, "total_departures_unique": null, "route_short_name_unique": "731" }, "geometry": { "type": "LineString", "coordinates": [ [ -9.1681948, 38.7410285 ], [ -9.1680004, 38.7407955 ] ] } },
{ "type": "Feature", "properties": { "services_sum": 1.0002778549597111, "total_departures_sum": 12, "route_short_name_sum": null, "services_unique": null, "total_departures_unique": null, "route_short_name_unique": "731" }, "geometry": { "type": "LineString", "coordinates": [ [ -9.1669371, 38.7427754 ], [ -9.1667291, 38.7428652 ], [ -9.1666351, 38.7429057 ], [ -9.1662634, 38.7430669 ], [ -9.1661504, 38.7430058 ], [ -9.1661122, 38.7429943 ], [ -9.166086, 38.7429842 ], [ -9.166085, 38.7429838 ], [ -9.1660717, 38.7429772 ], [ -9.1660533, 38.7429679 ], [ -9.1660326, 38.7429546 ], [ -9.1660053, 38.7429322 ], [ -9.1659615, 38.7429206 ], [ -9.165876, 38.7428979 ], [ -9.1657764, 38.7428429 ], [ -9.1656642, 38.742778 ], [ -9.1653811, 38.7426211 ], [ -9.1648865, 38.7423145 ], [ -9.1643672, 38.7419719 ], [ -9.1639893, 38.7416894 ], [ -9.1634272, 38.7413257 ], [ -9.1631272, 38.7412005 ], [ -9.1631032, 38.7411975 ], [ -9.1627277, 38.74115 ], [ -9.1626143, 38.7411495 ], [ -9.1625347, 38.7411528 ], [ -9.1624059, 38.7411581 ], [ -9.1622673, 38.7411638 ], [ -9.1616637, 38.7411886 ], [ -9.1604379, 38.7412391 ], [ -9.1602826, 38.7412455 ], [ -9.1596867, 38.74127 ], [ -9.1594535, 38.7412796 ], [ -9.1593689, 38.7412831 ], [ -9.1591477, 38.7412922 ], [ -9.1585159, 38.7413182 ], [ -9.1584475, 38.741321 ], [ -9.157359, 38.7413658 ], [ -9.156934, 38.7413833 ], [ -9.1570001, 38.7414827 ], [ -9.1572008, 38.7417417 ], [ -9.1574028, 38.7420024 ], [ -9.1578339, 38.7425909 ], [ -9.1571791, 38.7428699 ], [ -9.1575771, 38.7433807 ], [ -9.1576562, 38.7434821 ], [ -9.1580012, 38.7439247 ], [ -9.1580492, 38.7439854 ], [ -9.1583443, 38.7443583 ], [ -9.1585234, 38.7449572 ], [ -9.1578221, 38.7450617 ], [ -9.1569412, 38.7451928 ], [ -9.1569108, 38.7453212 ], [ -9.1568788, 38.7454561 ], [ -9.1568735, 38.7455962 ], [ -9.1567208, 38.7456146 ], [ -9.1557722, 38.7457649 ], [ -9.1556849, 38.7458698 ], [ -9.1556587, 38.7460413 ], [ -9.1557281, 38.7460992 ], [ -9.1558152, 38.7461676 ], [ -9.1558813, 38.7462148 ], [ -9.1559983, 38.7463088 ], [ -9.1562786, 38.7465321 ], [ -9.156576, 38.7467975 ], [ -9.1566754, 38.7468971 ], [ -9.1567984, 38.7470491 ], [ -9.1568782, 38.7471589 ], [ -9.1570048, 38.7473816 ], [ -9.1572728, 38.7478981 ], [ -9.1583093, 38.7498729 ], [ -9.1583982, 38.7500337 ], [ -9.1584343, 38.7501116 ], [ -9.1584906, 38.7502265 ], [ -9.158538, 38.7503233 ] ] } },
{ "type": "Feature", "properties": { "services_sum": 1.0002778549597111, "total_departures_sum": 12, "route_short_name_sum": null, "services_unique": null, "total_departures_unique": null, "route_short_name_unique": "731" }, "geometry": { "type": "LineString", "coordinates": [ [ -9.1645547, 38.737458 ], [ -9.1644072, 38.737412 ], [ -9.1641604, 38.737335 ], [ -9.1641054, 38.7374677 ], [ -9.1640779, 38.7375604 ], [ -9.164025, 38.737739 ], [ -9.1639019, 38.7381542 ], [ -9.163798, 38.7384704 ], [ -9.1637794, 38.7385412 ] ] } },
{ "type": "Feature", "properties": { "services_sum": 1.0002778549597111, "total_departures_sum": 12, "route_short_name_sum": null, "services_unique": null, "total_departures_unique": null, "route_short_name_unique": "731" }, "geometry": { "type": "LineString", "coordinates": [ [ -9.1404362, 38.7584228 ], [ -9.1400095, 38.7585555 ] ] } },
{ "type": "Feature", "properties": { "services_sum": 1.0002778549597111, "total_departures_sum": 12, "route_short_name_sum": null, "services_unique": null, "total_departures_unique": null, "route_short_name_unique": "731" }, "geometry": { "type": "LineString", "coordinates": [ [ -9.1382898, 38.7591087 ], [ -9.1371414, 38.759477 ], [ -9.1367603, 38.7595991 ] ] } },
{ "type": "Feature", "properties": { "services_sum": 1.0002778549597111, "total_departures_sum": 12, "route_short_name_sum": null, "services_unique": null, "total_departures_unique": null, "route_short_name_unique": "731" }, "geometry": { "type": "LineString", "coordinates": [ [ -9.1365819, 38.7596563 ], [ -9.1361273, 38.7598021 ] ] } },
{ "type": "Feature", "properties": { "services_sum": 1.0002778549597111, "total_departures_sum": 12, "route_short_name_sum": null, "services_unique": null, "total_departures_unique": null, "route_short_name_unique": "731" }, "geometry": { "type": "LineString", "coordinates": [ [ -9.1306404, 38.7620691 ], [ -9.1302708, 38.7624149 ], [ -9.1301535, 38.7625246 ], [ -9.130056, 38.7627365 ], [ -9.1299925, 38.762886 ] ] } },
{ "type": "Feature", "properties": { "services_sum": 1.0002778549597111, "total_departures_sum": 12, "route_short_name_sum": null, "services_unique": null, "total_departures_unique": null, "route_short_name_unique": "731" }, "geometry": { "type": "LineString", "coordinates": [ [ -9.1296305, 38.7634256 ], [ -9.1295908, 38.7634256 ], [ -9.1295125, 38.7634242 ], [ -9.1294391, 38.7634058 ], [ -9.1294243, 38.763402 ], [ -9.1293075, 38.7633609 ] ] } },
{ "type": "Feature", "properties": { "services_sum": 1.0002778549597111, "total_departures_sum": 12, "route_short_name_sum": null, "services_unique": null, "total_departures_unique": null, "route_short_name_unique": "731" }, "geometry": { "type": "LineString", "coordinates": [ [ -9.1288564, 38.763155 ], [ -9.1286144, 38.7631246 ] ] } },
{ "type": "Feature", "properties": { "services_sum": 1.0002778549597111, "total_departures_sum": 12, "route_short_name_sum": null, "services_unique": null, "total_departures_unique": null, "route_short_name_unique": "731" }, "geometry": { "type": "LineString", "coordinates": [ [ -9.1209087, 38.7614546 ], [ -9.1207477, 38.7615672 ], [ -9.1205786, 38.761796 ], [ -9.1203563, 38.7621683 ], [ -9.1201881, 38.762336 ], [ -9.1200565, 38.7624537 ], [ -9.1198255, 38.7626149 ], [ -9.1197198, 38.7626766 ], [ -9.1195917, 38.7627513 ], [ -9.1191682, 38.7629985 ], [ -9.118996, 38.7631841 ], [ -9.1189559, 38.7632621 ], [ -9.1189227, 38.7633265 ], [ -9.1188831, 38.763434 ], [ -9.1188674, 38.7634747 ], [ -9.1188433, 38.7636545 ], [ -9.1188778, 38.7638717 ], [ -9.1189438, 38.7640613 ], [ -9.1189518, 38.7640842 ], [ -9.1190409, 38.76434 ], [ -9.1190529, 38.7643754 ], [ -9.1192149, 38.7647894 ], [ -9.1194565, 38.7652742 ], [ -9.1194678, 38.7652973 ], [ -9.1195613, 38.7654735 ], [ -9.1196497, 38.7656399 ], [ -9.1197446, 38.7658189 ], [ -9.1198569, 38.7661924 ], [ -9.1198644, 38.7665508 ], [ -9.1197988, 38.7668906 ], [ -9.119797, 38.7668998 ], [ -9.1196593, 38.7671975 ], [ -9.119341, 38.767751 ], [ -9.119317, 38.7677945 ], [ -9.1192215, 38.7679623 ], [ -9.1191444, 38.768111 ], [ -9.119029, 38.7683333 ], [ -9.1189362, 38.7686275 ], [ -9.1189083, 38.7687857 ], [ -9.1188935, 38.7688904 ], [ -9.1188921, 38.7689528 ], [ -9.1188802, 38.7690062 ], [ -9.1188607, 38.7690373 ], [ -9.1188351, 38.7690588 ], [ -9.118804, 38.7690746 ], [ -9.1182031, 38.7690248 ], [ -9.1178777, 38.7690391 ], [ -9.1175062, 38.7690269 ], [ -9.1173168, 38.7690234 ], [ -9.1172787, 38.7690227 ], [ -9.1170515, 38.7690204 ], [ -9.1169169, 38.7690216 ], [ -9.1166445, 38.7690226 ], [ -9.1155859, 38.7690574 ], [ -9.1153391, 38.7690778 ], [ -9.1150957, 38.7691042 ], [ -9.1146344, 38.7691654 ], [ -9.1143268, 38.769215 ], [ -9.113517, 38.769342 ], [ -9.1129564, 38.7694565 ], [ -9.1124587, 38.7695793 ], [ -9.1114796, 38.7698209 ], [ -9.1110816, 38.7699637 ], [ -9.1105039, 38.7702126 ], [ -9.110253, 38.7703766 ], [ -9.1100532, 38.7705071 ], [ -9.1095613, 38.7708076 ], [ -9.1095352, 38.7709456 ], [ -9.1095598, 38.7711068 ], [ -9.1097151, 38.7712624 ], [ -9.1097494, 38.7715033 ], [ -9.1098716, 38.7717436 ], [ -9.1098888, 38.7717773 ], [ -9.1099283, 38.7718548 ], [ -9.1102301, 38.7724335 ], [ -9.1106078, 38.7731696 ], [ -9.1108824, 38.7737116 ], [ -9.1111719, 38.7742665 ], [ -9.1111916, 38.7743042 ], [ -9.1112469, 38.774396 ], [ -9.1113994, 38.7746641 ], [ -9.1114918, 38.7748023 ] ] } },
{ "type": "Feature", "properties": { "services_sum": 1.0002778549597111, "total_departures_sum": 12, "route_short_name_sum": null, "services_unique": null, "total_departures_unique": null, "route_short_name_unique": "731" }, "geometry": { "type": "LineString", "coordinates": [ [ -9.1113776, 38.7838933 ], [ -9.1113615, 38.7839142 ], [ -9.1113521, 38.783932 ], [ -9.1113441, 38.7839497 ], [ -9.1113374, 38.7839738 ], [ -9.1113356, 38.7839967 ], [ -9.1113997, 38.7850319 ], [ -9.1114393, 38.7854814 ], [ -9.1114809, 38.7859541 ], [ -9.1115371, 38.7859609 ], [ -9.1115809, 38.7859892 ], [ -9.1115998, 38.786031 ], [ -9.1115876, 38.7860756 ], [ -9.1115472, 38.7861085 ], [ -9.1114906, 38.7861198 ], [ -9.1115444, 38.7867832 ], [ -9.1115877, 38.7869007 ], [ -9.1116743, 38.7870275 ], [ -9.1117807, 38.7871832 ], [ -9.1118125, 38.7871731 ], [ -9.1118566, 38.7871661 ], [ -9.1119323, 38.7871709 ], [ -9.1119779, 38.7871847 ], [ -9.112038, 38.7872212 ], [ -9.1120648, 38.7872503 ], [ -9.1120902, 38.7873061 ], [ -9.1120828, 38.7873848 ], [ -9.1120478, 38.7874366 ], [ -9.1119672, 38.7874864 ], [ -9.1118889, 38.7875014 ], [ -9.111809, 38.7874929 ], [ -9.1117415, 38.7874641 ], [ -9.1116232, 38.7876252 ], [ -9.1115227, 38.7877621 ], [ -9.1114472, 38.787865 ], [ -9.1113786, 38.7879583 ], [ -9.1112913, 38.7880772 ], [ -9.1112771, 38.7880965 ], [ -9.1110658, 38.788384 ], [ -9.1104985, 38.789152 ], [ -9.1103761, 38.7893177 ], [ -9.1102209, 38.7895607 ], [ -9.1100628, 38.7898947 ], [ -9.1100587, 38.7899557 ], [ -9.1100827, 38.7900973 ], [ -9.1101107, 38.7901706 ], [ -9.1101488, 38.7902071 ], [ -9.1101689, 38.7902521 ], [ -9.1101702, 38.790289 ], [ -9.1101531, 38.7903348 ], [ -9.1101385, 38.790351 ], [ -9.1101217, 38.7903696 ], [ -9.1100722, 38.7903976 ], [ -9.1100134, 38.7904107 ], [ -9.1099604, 38.7904087 ], [ -9.1099034, 38.7903914 ], [ -9.1098702, 38.7903709 ], [ -9.1097564, 38.7903486 ], [ -9.1094924, 38.7903952 ], [ -9.1087678, 38.7905533 ], [ -9.1084657, 38.7906306 ], [ -9.1083657, 38.7906562 ], [ -9.1079113, 38.7907363 ], [ -9.1073304, 38.7908532 ], [ -9.1072304, 38.7908879 ], [ -9.1071528, 38.7909271 ], [ -9.1070581, 38.7910088 ], [ -9.1070279, 38.7910335 ], [ -9.1069531, 38.7910626 ], [ -9.1068934, 38.7910733 ], [ -9.1068246, 38.7910785 ], [ -9.1066368, 38.7910701 ], [ -9.1065746, 38.7910581 ], [ -9.1065048, 38.7910353 ], [ -9.1064628, 38.7909916 ], [ -9.1064287, 38.7909395 ], [ -9.106424, 38.7909071 ], [ -9.1064384, 38.7908792 ], [ -9.1064665, 38.7908456 ], [ -9.1065038, 38.7908255 ], [ -9.106583, 38.7908038 ], [ -9.1067523, 38.7907898 ], [ -9.1068413, 38.7907918 ], [ -9.1069197, 38.790799 ], [ -9.1069814, 38.7908107 ], [ -9.1070328, 38.7908239 ], [ -9.1077904, 38.7906749 ], [ -9.1080598, 38.7906243 ], [ -9.1086945, 38.7904902 ], [ -9.1090193, 38.7904194 ], [ -9.1091091, 38.7903992 ] ] } },
{ "type": "Feature", "properties": { "services_sum": 1.0002778549597111, "total_departures_sum": 12, "route_short_name_sum": null, "services_unique": null, "total_departures_unique": null, "route_short_name_unique": "731" }, "geometry": { "type": "LineString", "coordinates": [ [ -9.1104728, 38.7759542 ], [ -9.1104355, 38.7759391 ], [ -9.1103912, 38.775921 ] ] } },
{ "type": "Feature", "properties": { "services_sum": 4.351171149275233, "total_departures_sum": 148, "route_short_name_sum": null, "services_unique": null, "total_departures_unique": null, "route_short_name_unique": "726, 755, 731" }, "geometry": { "type": "LineString", "coordinates": [ [ -9.1686633, 38.7418795 ], [ -9.1685237, 38.741964 ] ] } },
{ "type": "Feature", "properties": { "services_sum": 4.351171149275233, "total_departures_sum": 148, "route_short_name_sum": null, "services_unique": null, "total_departures_unique": null, "route_short_name_unique": "726, 755, 731" }, "geometry": { "type": "LineString", "coordinates": [ [ -9.1683611, 38.7420457 ], [ -9.1680702, 38.7421974 ] ] } },
{ "type": "Feature", "properties": { "services_sum": 4.351171149275233, "total_departures_sum": 148, "route_short_name_sum": null, "services_unique": null, "total_departures_unique": null, "route_short_name_unique": "726, 755, 731" }, "geometry": { "type": "LineString", "coordinates": [ [ -9.1677683, 38.7423547 ], [ -9.1676807, 38.7424004 ], [ -9.1676382, 38.7424226 ], [ -9.1674788, 38.742524 ], [ -9.1671563, 38.7426922 ], [ -9.1669371, 38.7427754 ] ] } },
{ "type": "Feature", "properties": { "services_sum": 5.7015087336713322, "total_departures_sum": 266, "route_short_name_sum": null, "services_unique": null, "total_departures_unique": null, "route_short_name_unique": "726, 755" }, "geometry": { "type": "LineString", "coordinates": [ [ -9.1686026, 38.7446953 ], [ -9.1679367, 38.7441208 ], [ -9.1676211, 38.7438485 ], [ -9.1673135, 38.7435549 ] ] } },
{ "type": "Feature", "properties": { "services_sum": 5.7015087336713322, "total_departures_sum": 266, "route_short_name_sum": null, "services_unique": null, "total_departures_unique": null, "route_short_name_unique": "726, 755" }, "geometry": { "type": "LineString", "coordinates": [ [ -9.1670696, 38.743267 ], [ -9.1668498, 38.7430075 ], [ -9.1668201, 38.7429724 ] ] } },
{ "type": "Feature", "properties": { "services_sum": 3.3508932943155214, "total_departures_sum": 136, "route_short_name_sum": null, "services_unique": null, "total_departures_unique": null, "route_short_name_unique": "726, 755" }, "geometry": { "type": "LineString", "coordinates": [ [ -9.1685237, 38.741964 ], [ -9.1683611, 38.7420457 ] ] } },
{ "type": "Feature", "properties": { "services_sum": 3.3508932943155214, "total_departures_sum": 136, "route_short_name_sum": null, "services_unique": null, "total_departures_unique": null, "route_short_name_unique": "726, 755" }, "geometry": { "type": "LineString", "coordinates": [ [ -9.1669371, 38.7427754 ], [ -9.1668102, 38.7428693 ], [ -9.1667952, 38.7429043 ], [ -9.1668201, 38.7429724 ] ] } },
{ "type": "Feature", "properties": { "services_sum": 2.6426910927391063, "total_departures_sum": 138, "route_short_name_sum": null, "services_unique": null, "total_departures_unique": null, "route_short_name_unique": "201, 15E" }, "geometry": { "type": "LineString", "coordinates": [ [ -9.1623899, 38.7037314 ], [ -9.1623417, 38.7037411 ], [ -9.1620875, 38.7037923 ] ] } },
{ "type": "Feature", "properties": { "services_sum": 2.6426910927391063, "total_departures_sum": 138, "route_short_name_sum": null, "services_unique": null, "total_departures_unique": null, "route_short_name_unique": "201, 15E" }, "geometry": { "type": "LineString", "coordinates": [ [ -9.1559609, 38.7061842 ], [ -9.1559519, 38.7061876 ], [ -9.1558756, 38.7062162 ] ] } },
{ "type": "Feature", "properties": { "services_sum": 2.6426910927391063, "total_departures_sum": 138, "route_short_name_sum": null, "services_unique": null, "total_departures_unique": null, "route_short_name_unique": "201, 15E" }, "geometry": { "type": "LineString", "coordinates": [ [ -9.1497578, 38.7063695 ], [ -9.1490954, 38.7063553 ], [ -9.1487717, 38.7063483 ], [ -9.1485282, 38.7063449 ], [ -9.1481632, 38.7063397 ] ] } },
{ "type": "Feature", "properties": { "services_sum": 2.6426910927391063, "total_departures_sum": 138, "route_short_name_sum": null, "services_unique": null, "total_departures_unique": null, "route_short_name_unique": "201, 15E" }, "geometry": { "type": "LineString", "coordinates": [ [ -9.168102, 38.7034903 ], [ -9.1677259, 38.7034897 ], [ -9.1677198, 38.7034897 ], [ -9.168102, 38.7034903 ] ] } },
{ "type": "Feature", "properties": { "services_sum": 2.0005557099194222, "total_departures_sum": 18, "route_short_name_sum": null, "services_unique": null, "total_departures_unique": null, "route_short_name_unique": "755, 731" }, "geometry": { "type": "LineString", "coordinates": [ [ -9.1680702, 38.7421974 ], [ -9.1677683, 38.7423547 ] ] } },
{ "type": "Feature", "properties": { "services_sum": 2.0005557099194222, "total_departures_sum": 18, "route_short_name_sum": null, "services_unique": null, "total_departures_unique": null, "route_short_name_unique": "755, 731" }, "geometry": { "type": "LineString", "coordinates": [ [ -9.158538, 38.7503233 ], [ -9.1587807, 38.7507797 ], [ -9.1588004, 38.7508167 ], [ -9.1590938, 38.7513769 ], [ -9.1592343, 38.7516266 ], [ -9.1598083, 38.7527168 ], [ -9.1599116, 38.7529303 ], [ -9.1596412, 38.7530128 ], [ -9.1592274, 38.7529429 ], [ -9.1591486, 38.7529296 ], [ -9.1590651, 38.7529154 ], [ -9.1585332, 38.7530899 ], [ -9.1581687, 38.7532077 ], [ -9.157787, 38.7533274 ], [ -9.1576535, 38.7533709 ], [ -9.1574531, 38.7534856 ], [ -9.1571188, 38.7535935 ], [ -9.1567482, 38.7537131 ], [ -9.1564875, 38.7537972 ], [ -9.1564559, 38.7538074 ], [ -9.155739, 38.7540388 ], [ -9.155603, 38.7540298 ], [ -9.1555045, 38.7539893 ], [ -9.1553969, 38.7539292 ], [ -9.1552322, 38.7538732 ], [ -9.1551347, 38.7538773 ], [ -9.1550675, 38.7538836 ], [ -9.1544938, 38.7540678 ], [ -9.1539752, 38.7542321 ], [ -9.1533249, 38.7544337 ], [ -9.1531751, 38.7544423 ], [ -9.1530544, 38.7544424 ], [ -9.1528697, 38.7544083 ] ] } },
{ "type": "Feature", "properties": { "services_sum": 2.0005557099194222, "total_departures_sum": 18, "route_short_name_sum": null, "services_unique": null, "total_departures_unique": null, "route_short_name_unique": "755, 731" }, "geometry": { "type": "LineString", "coordinates": [ [ -9.152034, 38.7546778 ], [ -9.152028, 38.7546798 ], [ -9.1518862, 38.7547263 ] ] } },
{ "type": "Feature", "properties": { "services_sum": 2.0005557099194222, "total_departures_sum": 18, "route_short_name_sum": null, "services_unique": null, "total_departures_unique": null, "route_short_name_unique": "755, 731" }, "geometry": { "type": "LineString", "coordinates": [ [ -9.1474247, 38.7561752 ], [ -9.1469358, 38.7563331 ], [ -9.1467034, 38.7564081 ] ] } },
{ "type": "Feature", "properties": { "services_sum": 4.2643127143607282, "total_departures_sum": 176, "route_short_name_sum": null, "services_unique": null, "total_departures_unique": null, "route_short_name_unique": "760, 201, 15E" }, "geometry": { "type": "LineString", "coordinates": [ [ -9.1459863, 38.7063004 ], [ -9.1451474, 38.706285 ] ] } },
{ "type": "Feature", "properties": { "services_sum": 4.2643127143607282, "total_departures_sum": 176, "route_short_name_sum": null, "services_unique": null, "total_departures_unique": null, "route_short_name_unique": "760, 201, 15E" }, "geometry": { "type": "LineString", "coordinates": [ [ -9.1670586, 38.7034972 ], [ -9.1670221, 38.703498 ], [ -9.1667543, 38.7035032 ], [ -9.1670586, 38.7034972 ] ] } },
{ "type": "Feature", "properties": { "services_sum": 4.2643127143607282, "total_departures_sum": 176, "route_short_name_sum": null, "services_unique": null, "total_departures_unique": null, "route_short_name_unique": "760, 201, 15E" }, "geometry": { "type": "LineString", "coordinates": [ [ -9.1630949, 38.7035907 ], [ -9.1627701, 38.7036508 ], [ -9.1627595, 38.7036527 ], [ -9.1630949, 38.7035907 ] ] } },
{ "type": "Feature", "properties": { "services_sum": 4.2643127143607282, "total_departures_sum": 176, "route_short_name_sum": null, "services_unique": null, "total_departures_unique": null, "route_short_name_unique": "760, 201, 15E" }, "geometry": { "type": "LineString", "coordinates": [ [ -9.1557713, 38.7062472 ], [ -9.1557668, 38.7062486 ], [ -9.1555672, 38.7063079 ], [ -9.1557713, 38.7062472 ] ] } },
{ "type": "Feature", "properties": { "services_sum": 4.2643127143607282, "total_departures_sum": 176, "route_short_name_sum": null, "services_unique": null, "total_departures_unique": null, "route_short_name_unique": "760, 201, 15E" }, "geometry": { "type": "LineString", "coordinates": [ [ -9.1450359, 38.7062833 ], [ -9.1450191, 38.7062831 ], [ -9.1448613, 38.7062808 ], [ -9.1450359, 38.7062833 ] ] } },
{ "type": "Feature", "properties": { "services_sum": 9.6153852217322253, "total_departures_sum": 876, "route_short_name_sum": null, "services_unique": null, "total_departures_unique": null, "route_short_name_unique": "773, 720, 203" }, "geometry": { "type": "LineString", "coordinates": [ [ -9.1639971, 38.7115619 ], [ -9.163877, 38.7116627 ] ] } },
{ "type": "Feature", "properties": { "services_sum": 9.6153852217322253, "total_departures_sum": 876, "route_short_name_sum": null, "services_unique": null, "total_departures_unique": null, "route_short_name_unique": "773, 720, 203" }, "geometry": { "type": "LineString", "coordinates": [ [ -9.1634092, 38.7120814 ], [ -9.1626049, 38.7127703 ] ] } },
{ "type": "Feature", "properties": { "services_sum": 9.6153852217322253, "total_departures_sum": 876, "route_short_name_sum": null, "services_unique": null, "total_departures_unique": null, "route_short_name_unique": "773, 720, 203" }, "geometry": { "type": "LineString", "coordinates": [ [ -9.1620109, 38.7132902 ], [ -9.1619041, 38.7133839 ] ] } },
{ "type": "Feature", "properties": { "services_sum": 3.3508932943155214, "total_departures_sum": 141, "route_short_name_sum": null, "services_unique": null, "total_departures_unique": null, "route_short_name_unique": "746, 726" }, "geometry": { "type": "LineString", "coordinates": [ [ -9.1637794, 38.7385412 ], [ -9.1625894, 38.73833 ], [ -9.1623594, 38.7382891 ], [ -9.1618289, 38.7381901 ], [ -9.1618006, 38.7381848 ], [ -9.1612189, 38.7380763 ], [ -9.1611854, 38.73807 ], [ -9.1605774, 38.737955 ], [ -9.1602861, 38.7379014 ], [ -9.1601535, 38.7378896 ], [ -9.1600291, 38.737885 ], [ -9.1599293, 38.7378939 ], [ -9.1598417, 38.7379051 ], [ -9.1596876, 38.7379423 ], [ -9.1596286, 38.7379674 ], [ -9.1595646, 38.7379944 ], [ -9.1594411, 38.7380469 ], [ -9.1592108, 38.738146 ], [ -9.1589857, 38.7382427 ] ] } },
{ "type": "Feature", "properties": { "services_sum": 3.3508932943155214, "total_departures_sum": 141, "route_short_name_sum": null, "services_unique": null, "total_departures_unique": null, "route_short_name_unique": "746, 726" }, "geometry": { "type": "LineString", "coordinates": [ [ -9.1581645, 38.73861 ], [ -9.1580151, 38.7386561 ], [ -9.1579325, 38.7386784 ], [ -9.1578811, 38.7386867 ], [ -9.1578342, 38.7386861 ], [ -9.1577539, 38.7386697 ], [ -9.1577008, 38.7386591 ], [ -9.1576551, 38.7386498 ], [ -9.157594, 38.7386321 ], [ -9.1575428, 38.7386076 ], [ -9.1574985, 38.7385749 ], [ -9.15741, 38.7385046 ], [ -9.1572911, 38.7383452 ], [ -9.1570966, 38.7381721 ], [ -9.1570252, 38.738101 ], [ -9.1569646, 38.7380368 ], [ -9.1569052, 38.7379582 ], [ -9.1568406, 38.737864 ], [ -9.1566674, 38.7376071 ], [ -9.1566218, 38.7375353 ], [ -9.1565605, 38.7374386 ] ] } },
{ "type": "Feature", "properties": { "services_sum": 2.8076926108661131, "total_departures_sum": 180, "route_short_name_sum": null, "services_unique": null, "total_departures_unique": null, "route_short_name_unique": "773, 720" }, "geometry": { "type": "LineString", "coordinates": [ [ -9.163656, 38.7118605 ], [ -9.1634164, 38.712075 ], [ -9.1634092, 38.7120814 ] ] } },
{ "type": "Feature", "properties": { "services_sum": 2.8076926108661131, "total_departures_sum": 180, "route_short_name_sum": null, "services_unique": null, "total_departures_unique": null, "route_short_name_unique": "773, 720" }, "geometry": { "type": "LineString", "coordinates": [ [ -9.1614574, 38.7137683 ], [ -9.1614309, 38.7137818 ], [ -9.1612369, 38.7138541 ] ] } },
{ "type": "Feature", "properties": { "services_sum": 2.8076926108661131, "total_departures_sum": 180, "route_short_name_sum": null, "services_unique": null, "total_departures_unique": null, "route_short_name_unique": "773, 720" }, "geometry": { "type": "LineString", "coordinates": [ [ -9.1542424, 38.7201192 ], [ -9.1540683, 38.7201982 ], [ -9.1539291, 38.7203403 ] ] } },
{ "type": "Feature", "properties": { "services_sum": 2.8076926108661131, "total_departures_sum": 180, "route_short_name_sum": null, "services_unique": null, "total_departures_unique": null, "route_short_name_unique": "773, 720" }, "geometry": { "type": "LineString", "coordinates": [ [ -9.1626049, 38.7127703 ], [ -9.1620912, 38.7132199 ], [ -9.1620109, 38.7132902 ], [ -9.1620966, 38.7132153 ], [ -9.1626049, 38.7127703 ] ] } },
{ "type": "Feature", "properties": { "services_sum": 4.8076926108661127, "total_departures_sum": 438, "route_short_name_sum": null, "services_unique": null, "total_departures_unique": null, "route_short_name_unique": "773, 720, 203" }, "geometry": { "type": "LineString", "coordinates": [ [ -9.163656, 38.7118605 ], [ -9.1634092, 38.7120814 ] ] } },
{ "type": "Feature", "properties": { "services_sum": 4.8076926108661127, "total_departures_sum": 438, "route_short_name_sum": null, "services_unique": null, "total_departures_unique": null, "route_short_name_unique": "773, 720, 203" }, "geometry": { "type": "LineString", "coordinates": [ [ -9.16145, 38.7136775 ], [ -9.1615752, 38.7136189 ], [ -9.1616868, 38.7135218 ], [ -9.1619041, 38.7133839 ], [ -9.1618319, 38.7135203 ], [ -9.1617663, 38.7135753 ], [ -9.1616767, 38.7136507 ], [ -9.1615785, 38.7137064 ], [ -9.1614574, 38.7137683 ] ] } },
{ "type": "Feature", "properties": { "services_sum": 6.9070038070998345, "total_departures_sum": 314, "route_short_name_sum": null, "services_unique": null, "total_departures_unique": null, "route_short_name_unique": "760, 201, 15E" }, "geometry": { "type": "LineString", "coordinates": [ [ -9.1627595, 38.7036527 ], [ -9.1624549, 38.7037183 ] ] } },
{ "type": "Feature", "properties": { "services_sum": 6.9070038070998345, "total_departures_sum": 314, "route_short_name_sum": null, "services_unique": null, "total_departures_unique": null, "route_short_name_unique": "760, 201, 15E" }, "geometry": { "type": "LineString", "coordinates": [ [ -9.1561188, 38.7061151 ], [ -9.1559609, 38.7061842 ] ] } },
{ "type": "Feature", "properties": { "services_sum": 6.9070038070998345, "total_departures_sum": 314, "route_short_name_sum": null, "services_unique": null, "total_departures_unique": null, "route_short_name_unique": "760, 201, 15E" }, "geometry": { "type": "LineString", "coordinates": [ [ -9.1508954, 38.7063889 ], [ -9.1499232, 38.7063717 ], [ -9.1497578, 38.7063695 ] ] } },
{ "type": "Feature", "properties": { "services_sum": 5.8859343359823502, "total_departures_sum": 214, "route_short_name_sum": null, "services_unique": null, "total_departures_unique": null, "route_short_name_unique": "760, 201, 15E" }, "geometry": { "type": "LineString", "coordinates": [ [ -9.1623899, 38.7037314 ], [ -9.1620875, 38.7037923 ] ] } },
{ "type": "Feature", "properties": { "services_sum": 5.8859343359823502, "total_departures_sum": 214, "route_short_name_sum": null, "services_unique": null, "total_departures_unique": null, "route_short_name_unique": "760, 201, 15E" }, "geometry": { "type": "LineString", "coordinates": [ [ -9.1559609, 38.7061842 ], [ -9.1558756, 38.7062162 ] ] } },
{ "type": "Feature", "properties": { "services_sum": 5.8859343359823502, "total_departures_sum": 214, "route_short_name_sum": null, "services_unique": null, "total_departures_unique": null, "route_short_name_unique": "760, 201, 15E" }, "geometry": { "type": "LineString", "coordinates": [ [ -9.1497578, 38.7063695 ], [ -9.1487717, 38.7063483 ], [ -9.1481632, 38.7063397 ] ] } },
{ "type": "Feature", "properties": { "services_sum": 5.0087279026752523, "total_departures_sum": 341, "route_short_name_sum": null, "services_unique": null, "total_departures_unique": null, "route_short_name_unique": "717, 736, 207" }, "geometry": { "type": "LineString", "coordinates": [ [ -9.1614721, 38.7733764 ], [ -9.1615378, 38.7734842 ], [ -9.1616237, 38.7736057 ], [ -9.1616316, 38.773617 ], [ -9.1616846, 38.7736946 ], [ -9.1617762, 38.7737527 ], [ -9.1617563, 38.7736735 ], [ -9.1617068, 38.7735923 ], [ -9.1616964, 38.7735807 ], [ -9.1616268, 38.7734684 ], [ -9.1615557, 38.7733559 ], [ -9.1612998, 38.7728954 ] ] } },
{ "type": "Feature", "properties": { "services_sum": 5.0087279026752523, "total_departures_sum": 341, "route_short_name_sum": null, "services_unique": null, "total_departures_unique": null, "route_short_name_unique": "717, 736, 207" }, "geometry": { "type": "LineString", "coordinates": [ [ -9.1612003, 38.7727165 ], [ -9.1611329, 38.7725951 ], [ -9.1611065, 38.7725476 ], [ -9.1609118, 38.7721973 ], [ -9.1607679, 38.771943 ], [ -9.1606844, 38.7718095 ], [ -9.1604399, 38.7713391 ], [ -9.1602843, 38.7710529 ], [ -9.1600782, 38.7707002 ], [ -9.1600374, 38.7706167 ], [ -9.1598487, 38.7702716 ] ] } },
{ "type": "Feature", "properties": { "services_sum": 5.0087279026752523, "total_departures_sum": 341, "route_short_name_sum": null, "services_unique": null, "total_departures_unique": null, "route_short_name_unique": "717, 736, 207" }, "geometry": { "type": "LineString", "coordinates": [ [ -9.1611281, 38.7727905 ], [ -9.1610275, 38.7726238 ], [ -9.1610009, 38.7725738 ], [ -9.1607983, 38.772236 ], [ -9.1605891, 38.7718621 ], [ -9.1605078, 38.7717102 ], [ -9.1602606, 38.7712356 ], [ -9.1599824, 38.7707297 ], [ -9.1599345, 38.7706482 ], [ -9.1598769, 38.7705547 ], [ -9.1597417, 38.7703384 ], [ -9.1597335, 38.7703267 ], [ -9.159652, 38.7702104 ], [ -9.1595362, 38.7700338 ], [ -9.1595225, 38.7699773 ], [ -9.1594343, 38.7697973 ], [ -9.159584, 38.7699194 ], [ -9.1596022, 38.769944 ] ] } },
{ "type": "Feature", "properties": { "services_sum": 5.0087279026752523, "total_departures_sum": 341, "route_short_name_sum": null, "services_unique": null, "total_departures_unique": null, "route_short_name_unique": "717, 736, 207" }, "geometry": { "type": "LineString", "coordinates": [ [ -9.1583289, 38.7678794 ], [ -9.1582226, 38.7676312 ] ] } },
{ "type": "Feature", "properties": { "services_sum": 5.0087279026752523, "total_departures_sum": 341, "route_short_name_sum": null, "services_unique": null, "total_departures_unique": null, "route_short_name_unique": "717, 736, 207" }, "geometry": { "type": "LineString", "coordinates": [ [ -9.1582226, 38.7676312 ], [ -9.1580011, 38.7671615 ], [ -9.1579926, 38.7671434 ], [ -9.1582226, 38.7676312 ] ] } },
{ "type": "Feature", "properties": { "services_sum": 5.0087279026752523, "total_departures_sum": 341, "route_short_name_sum": null, "services_unique": null, "total_departures_unique": null, "route_short_name_unique": "717, 736, 207" }, "geometry": { "type": "LineString", "coordinates": [ [ -9.1574834, 38.7619633 ], [ -9.1574914, 38.7619058 ], [ -9.1574887, 38.7618451 ], [ -9.1574807, 38.761784 ] ] } },
{ "type": "Feature", "properties": { "services_sum": 5.0087279026752523, "total_departures_sum": 341, "route_short_name_sum": null, "services_unique": null, "total_departures_unique": null, "route_short_name_unique": "717, 736, 207" }, "geometry": { "type": "LineString", "coordinates": [ [ -9.1574489, 38.761605 ], [ -9.157405, 38.7613728 ] ] } },
{ "type": "Feature", "properties": { "services_sum": 5.0087279026752523, "total_departures_sum": 341, "route_short_name_sum": null, "services_unique": null, "total_departures_unique": null, "route_short_name_unique": "717, 736, 207" }, "geometry": { "type": "LineString", "coordinates": [ [ -9.1574217, 38.7621264 ], [ -9.1573566, 38.762265 ], [ -9.1572187, 38.762407 ], [ -9.1572879, 38.7622294 ], [ -9.1573622, 38.7620164 ] ] } },
{ "type": "Feature", "properties": { "services_sum": 5.0087279026752523, "total_departures_sum": 341, "route_short_name_sum": null, "services_unique": null, "total_departures_unique": null, "route_short_name_unique": "717, 736, 207" }, "geometry": { "type": "LineString", "coordinates": [ [ -9.1573848, 38.761933 ], [ -9.1573895, 38.7618906 ], [ -9.1573861, 38.7618455 ], [ -9.157378, 38.7617816 ], [ -9.157267, 38.7612011 ], [ -9.1572497, 38.7611421 ] ] } },
{ "type": "Feature", "properties": { "services_sum": 5.0087279026752523, "total_departures_sum": 341, "route_short_name_sum": null, "services_unique": null, "total_departures_unique": null, "route_short_name_unique": "717, 736, 207" }, "geometry": { "type": "LineString", "coordinates": [ [ -9.1573761, 38.7612198 ], [ -9.1573539, 38.7611262 ], [ -9.1573405, 38.7610697 ], [ -9.1572358, 38.7607334 ], [ -9.1572047, 38.7606403 ] ] } },
{ "type": "Feature", "properties": { "services_sum": 5.0087279026752523, "total_departures_sum": 341, "route_short_name_sum": null, "services_unique": null, "total_departures_unique": null, "route_short_name_unique": "717, 736, 207" }, "geometry": { "type": "LineString", "coordinates": [ [ -9.1572618, 38.7653071 ], [ -9.1572557, 38.7652579 ] ] } },
{ "type": "Feature", "properties": { "services_sum": 5.0087279026752523, "total_departures_sum": 341, "route_short_name_sum": null, "services_unique": null, "total_departures_unique": null, "route_short_name_unique": "717, 736, 207" }, "geometry": { "type": "LineString", "coordinates": [ [ -9.1571877, 38.7609307 ], [ -9.1571409, 38.7607712 ] ] } },
{ "type": "Feature", "properties": { "services_sum": 5.0087279026752523, "total_departures_sum": 341, "route_short_name_sum": null, "services_unique": null, "total_departures_unique": null, "route_short_name_unique": "717, 736, 207" }, "geometry": { "type": "LineString", "coordinates": [ [ -9.1571548, 38.7605027 ], [ -9.1570974, 38.7603919 ], [ -9.1569651, 38.7601995 ] ] } },
{ "type": "Feature", "properties": { "services_sum": 5.0087279026752523, "total_departures_sum": 341, "route_short_name_sum": null, "services_unique": null, "total_departures_unique": null, "route_short_name_unique": "717, 736, 207" }, "geometry": { "type": "LineString", "coordinates": [ [ -9.1570612, 38.7605479 ], [ -9.157012, 38.7604653 ], [ -9.1569079, 38.760307 ], [ -9.1568332, 38.7602811 ] ] } },
{ "type": "Feature", "properties": { "services_sum": 5.0087279026752523, "total_departures_sum": 341, "route_short_name_sum": null, "services_unique": null, "total_departures_unique": null, "route_short_name_unique": "717, 736, 207" }, "geometry": { "type": "LineString", "coordinates": [ [ -9.1565626, 38.7603358 ], [ -9.1563359, 38.7603816 ] ] } },
{ "type": "Feature", "properties": { "services_sum": 5.0087279026752523, "total_departures_sum": 341, "route_short_name_sum": null, "services_unique": null, "total_departures_unique": null, "route_short_name_unique": "717, 736, 207" }, "geometry": { "type": "LineString", "coordinates": [ [ -9.1556802, 38.7604814 ], [ -9.1556112, 38.7604698 ] ] } },
{ "type": "Feature", "properties": { "services_sum": 5.0087279026752523, "total_departures_sum": 341, "route_short_name_sum": null, "services_unique": null, "total_departures_unique": null, "route_short_name_unique": "717, 736, 207" }, "geometry": { "type": "LineString", "coordinates": [ [ -9.1569874, 38.7625848 ], [ -9.1568557, 38.762658 ], [ -9.156782, 38.7626874 ], [ -9.1567407, 38.7627022 ], [ -9.1567057, 38.7627231 ], [ -9.1566774, 38.7627561 ], [ -9.156669, 38.7627845 ], [ -9.1566686, 38.7628274 ], [ -9.1566383, 38.7627497 ], [ -9.1566329, 38.7626994 ], [ -9.1566417, 38.7626569 ], [ -9.1566662, 38.7626201 ], [ -9.1566886, 38.7626024 ], [ -9.1567231, 38.7625884 ], [ -9.1567548, 38.7625836 ], [ -9.156806, 38.762582 ], [ -9.1569874, 38.7625848 ] ] } },
{ "type": "Feature", "properties": { "services_sum": 8.7603069433078797, "total_departures_sum": 662, "route_short_name_sum": null, "services_unique": null, "total_departures_unique": null, "route_short_name_unique": "206, 717, 207" }, "geometry": { "type": "LineString", "coordinates": [ [ -9.1617762, 38.7737527 ], [ -9.1616774, 38.7737852 ], [ -9.1616062, 38.7738054 ] ] } },
{ "type": "Feature", "properties": { "services_sum": 8.7603069433078797, "total_departures_sum": 662, "route_short_name_sum": null, "services_unique": null, "total_departures_unique": null, "route_short_name_unique": "206, 717, 207" }, "geometry": { "type": "LineString", "coordinates": [ [ -9.1612269, 38.7739131 ], [ -9.1609635, 38.7739879 ], [ -9.1609196, 38.7740004 ], [ -9.1607983, 38.7740247 ], [ -9.1602944, 38.7741158 ], [ -9.160055, 38.7741583 ] ] } },
{ "type": "Feature", "properties": { "services_sum": 8.7603069433078797, "total_departures_sum": 662, "route_short_name_sum": null, "services_unique": null, "total_departures_unique": null, "route_short_name_unique": "206, 717, 207" }, "geometry": { "type": "LineString", "coordinates": [ [ -9.1596991, 38.7742119 ], [ -9.1596469, 38.7742188 ] ] } },
{ "type": "Feature", "properties": { "services_sum": 8.7603069433078797, "total_departures_sum": 662, "route_short_name_sum": null, "services_unique": null, "total_departures_unique": null, "route_short_name_unique": "206, 717, 207" }, "geometry": { "type": "LineString", "coordinates": [ [ -9.1589861, 38.774306 ], [ -9.158551, 38.7743437 ], [ -9.158436, 38.7743518 ], [ -9.158287, 38.7743622 ], [ -9.1578176, 38.7743686 ], [ -9.1572143, 38.7743773 ] ] } },
{ "type": "Feature", "properties": { "services_sum": 8.7603069433078797, "total_departures_sum": 662, "route_short_name_sum": null, "services_unique": null, "total_departures_unique": null, "route_short_name_unique": "206, 717, 207" }, "geometry": { "type": "LineString", "coordinates": [ [ -9.1562152, 38.7740128 ], [ -9.1557336, 38.7740532 ] ] } },
{ "type": "Feature", "properties": { "services_sum": 4.3801534716539399, "total_departures_sum": 331, "route_short_name_sum": null, "services_unique": null, "total_departures_unique": null, "route_short_name_unique": "206, 717, 207" }, "geometry": { "type": "LineString", "coordinates": [ [ -9.1616062, 38.7738054 ], [ -9.1614234, 38.7738573 ], [ -9.1612269, 38.7739131 ] ] } },
{ "type": "Feature", "properties": { "services_sum": 4.3801534716539399, "total_departures_sum": 331, "route_short_name_sum": null, "services_unique": null, "total_departures_unique": null, "route_short_name_unique": "206, 717, 207" }, "geometry": { "type": "LineString", "coordinates": [ [ -9.160055, 38.7741583 ], [ -9.1597602, 38.7742027 ], [ -9.1596991, 38.7742119 ] ] } },
{ "type": "Feature", "properties": { "services_sum": 4.3801534716539399, "total_departures_sum": 331, "route_short_name_sum": null, "services_unique": null, "total_departures_unique": null, "route_short_name_unique": "206, 717, 207" }, "geometry": { "type": "LineString", "coordinates": [ [ -9.1570286, 38.7744315 ], [ -9.1572143, 38.7743773 ], [ -9.1570634, 38.7743329 ], [ -9.1569539, 38.7742864 ], [ -9.1568324, 38.774209 ], [ -9.1566113, 38.7740681 ], [ -9.1564934, 38.7740275 ], [ -9.1563576, 38.7740081 ], [ -9.1562152, 38.7740128 ], [ -9.1563763, 38.7740602 ], [ -9.1564755, 38.7741189 ], [ -9.1565536, 38.774182 ], [ -9.1566344, 38.774282 ], [ -9.1567146, 38.7743587 ], [ -9.1568189, 38.7744228 ] ] } },
{ "type": "Feature", "properties": { "services_sum": 4.3801534716539399, "total_departures_sum": 331, "route_short_name_sum": null, "services_unique": null, "total_departures_unique": null, "route_short_name_unique": "206, 717, 207" }, "geometry": { "type": "LineString", "coordinates": [ [ -9.1526212, 38.7743388 ], [ -9.1540002, 38.7742366 ], [ -9.1550192, 38.774161 ], [ -9.1551995, 38.7741436 ], [ -9.1552302, 38.774178 ], [ -9.1552724, 38.7742039 ], [ -9.1553225, 38.774219 ], [ -9.1553706, 38.7742224 ], [ -9.1554182, 38.7742157 ], [ -9.1554618, 38.7741995 ], [ -9.1554953, 38.7741774 ], [ -9.1555212, 38.7741498 ], [ -9.1555377, 38.7741181 ], [ -9.1557336, 38.7740532 ], [ -9.1555242, 38.7740163 ], [ -9.1554959, 38.7739847 ], [ -9.1554578, 38.7739602 ], [ -9.1554126, 38.7739446 ], [ -9.1553636, 38.7739391 ], [ -9.1553158, 38.7739439 ], [ -9.1552713, 38.7739582 ], [ -9.1552332, 38.7739812 ], [ -9.1552088, 38.7740051 ], [ -9.1551915, 38.7740326 ], [ -9.1550488, 38.7740672 ], [ -9.1549389, 38.7740802 ], [ -9.1542261, 38.7741282 ], [ -9.1539088, 38.7741517 ], [ -9.1532196, 38.7742028 ], [ -9.1526588, 38.7742444 ] ] } },
{ "type": "Feature", "properties": { "services_sum": 4.3801534716539399, "total_departures_sum": 331, "route_short_name_sum": null, "services_unique": null, "total_departures_unique": null, "route_short_name_unique": "206, 717, 207" }, "geometry": { "type": "LineString", "coordinates": [ [ -9.1514776, 38.7743346 ], [ -9.1507856, 38.7743932 ], [ -9.1506323, 38.7744062 ], [ -9.1505003, 38.7744157 ], [ -9.1495347, 38.7744855 ], [ -9.1486991, 38.7745495 ], [ -9.1485862, 38.774556 ], [ -9.1480966, 38.7745983 ] ] } },
{ "type": "Feature", "properties": { "services_sum": 4.3801534716539399, "total_departures_sum": 331, "route_short_name_sum": null, "services_unique": null, "total_departures_unique": null, "route_short_name_unique": "206, 717, 207" }, "geometry": { "type": "LineString", "coordinates": [ [ -9.1514626, 38.7744282 ], [ -9.1507546, 38.7744767 ], [ -9.1505941, 38.7744877 ], [ -9.1504713, 38.7744971 ], [ -9.1495449, 38.7745681 ] ] } },
{ "type": "Feature", "properties": { "services_sum": 4.3801534716539399, "total_departures_sum": 331, "route_short_name_sum": null, "services_unique": null, "total_departures_unique": null, "route_short_name_unique": "206, 717, 207" }, "geometry": { "type": "LineString", "coordinates": [ [ -9.1486651, 38.7746351 ], [ -9.1485516, 38.7746416 ] ] } },
{ "type": "Feature", "properties": { "services_sum": 3.213216680730115, "total_departures_sum": 214, "route_short_name_sum": null, "services_unique": null, "total_departures_unique": null, "route_short_name_unique": "717, 207" }, "geometry": { "type": "LineString", "coordinates": [ [ -9.1616062, 38.7738054 ], [ -9.1612269, 38.7739131 ] ] } },
{ "type": "Feature", "properties": { "services_sum": 3.213216680730115, "total_departures_sum": 214, "route_short_name_sum": null, "services_unique": null, "total_departures_unique": null, "route_short_name_unique": "717, 207" }, "geometry": { "type": "LineString", "coordinates": [ [ -9.1614721, 38.7733764 ], [ -9.1611281, 38.7727905 ] ] } },
{ "type": "Feature", "properties": { "services_sum": 3.213216680730115, "total_departures_sum": 214, "route_short_name_sum": null, "services_unique": null, "total_departures_unique": null, "route_short_name_unique": "717, 207" }, "geometry": { "type": "LineString", "coordinates": [ [ -9.1520237, 38.7933241 ], [ -9.1519943, 38.7935087 ] ] } },
{ "type": "Feature", "properties": { "services_sum": 3.213216680730115, "total_departures_sum": 214, "route_short_name_sum": null, "services_unique": null, "total_departures_unique": null, "route_short_name_unique": "717, 207" }, "geometry": { "type": "LineString", "coordinates": [ [ -9.1519248, 38.7798186 ], [ -9.1520406, 38.7798766 ], [ -9.1521635, 38.7798044 ], [ -9.1523142, 38.7797799 ], [ -9.1524638, 38.7798079 ], [ -9.1525839, 38.779883 ], [ -9.1526513, 38.7799908 ], [ -9.1526533, 38.7801108 ], [ -9.152556, 38.7802496 ], [ -9.1524144, 38.780316 ], [ -9.1523003, 38.7803286 ], [ -9.152187, 38.7803117 ], [ -9.1520869, 38.7802672 ], [ -9.1520105, 38.7801998 ], [ -9.1518248, 38.7802518 ], [ -9.1514543, 38.7803718 ], [ -9.1506225, 38.780641 ], [ -9.1505312, 38.7805969 ] ] } },
{ "type": "Feature", "properties": { "services_sum": 3.213216680730115, "total_departures_sum": 214, "route_short_name_sum": null, "services_unique": null, "total_departures_unique": null, "route_short_name_unique": "717, 207" }, "geometry": { "type": "LineString", "coordinates": [ [ -9.1518663, 38.7798909 ], [ -9.1519128, 38.7799133 ], [ -9.1519711, 38.7799772 ], [ -9.1519667, 38.7801185 ], [ -9.1517867, 38.7801784 ] ] } },
{ "type": "Feature", "properties": { "services_sum": 3.213216680730115, "total_departures_sum": 214, "route_short_name_sum": null, "services_unique": null, "total_departures_unique": null, "route_short_name_unique": "717, 207" }, "geometry": { "type": "LineString", "coordinates": [ [ -9.150747, 38.7924439 ], [ -9.1507308, 38.79256 ], [ -9.1506092, 38.7926309 ], [ -9.1505143, 38.7926235 ], [ -9.1504193, 38.7926161 ], [ -9.1503254, 38.7925687 ], [ -9.1502972, 38.7925144 ], [ -9.15029, 38.7924647 ], [ -9.1502881, 38.7924282 ], [ -9.1502767, 38.7922046 ], [ -9.1503174, 38.7921348 ], [ -9.1505191, 38.7919955 ], [ -9.1507234, 38.7918525 ], [ -9.1507328, 38.7920862 ] ] } },
{ "type": "Feature", "properties": { "services_sum": 3.213216680730115, "total_departures_sum": 214, "route_short_name_sum": null, "services_unique": null, "total_departures_unique": null, "route_short_name_unique": "717, 207" }, "geometry": { "type": "LineString", "coordinates": [ [ -9.1507044, 38.7909111 ], [ -9.1506976, 38.7906929 ] ] } },
{ "type": "Feature", "properties": { "services_sum": 3.213216680730115, "total_departures_sum": 214, "route_short_name_sum": null, "services_unique": null, "total_departures_unique": null, "route_short_name_unique": "717, 207" }, "geometry": { "type": "LineString", "coordinates": [ [ -9.1499867, 38.7789878 ], [ -9.149837, 38.7789148 ], [ -9.1494557, 38.7787196 ], [ -9.1489841, 38.7784961 ], [ -9.149022, 38.7784064 ], [ -9.1500414, 38.7789018 ] ] } },
{ "type": "Feature", "properties": { "services_sum": 3.213216680730115, "total_departures_sum": 214, "route_short_name_sum": null, "services_unique": null, "total_departures_unique": null, "route_short_name_unique": "717, 207" }, "geometry": { "type": "LineString", "coordinates": [ [ -9.1495084, 38.7959228 ], [ -9.149416, 38.7960257 ], [ -9.1493316, 38.7961196 ] ] } },
{ "type": "Feature", "properties": { "services_sum": 3.213216680730115, "total_departures_sum": 214, "route_short_name_sum": null, "services_unique": null, "total_departures_unique": null, "route_short_name_unique": "717, 207" }, "geometry": { "type": "LineString", "coordinates": [ [ -9.149069, 38.7874017 ], [ -9.1491857, 38.7873811 ], [ -9.1496205, 38.7873044 ], [ -9.1496463, 38.7873269 ], [ -9.1496802, 38.7873415 ], [ -9.1497184, 38.7873466 ], [ -9.1497566, 38.7873415 ], [ -9.1497905, 38.7873268 ], [ -9.1498141, 38.7873068 ], [ -9.149829, 38.7872823 ], [ -9.1498338, 38.7872553 ], [ -9.1498284, 38.7872293 ], [ -9.1498135, 38.7872056 ], [ -9.1497905, 38.7871863 ], [ -9.1497613, 38.787173 ], [ -9.1497286, 38.7871669 ], [ -9.1496951, 38.7871684 ], [ -9.1496636, 38.7871773 ], [ -9.1496367, 38.7871929 ], [ -9.1496161, 38.7872147 ], [ -9.1496048, 38.7872402 ], [ -9.1493679, 38.7872823 ] ] } },
{ "type": "Feature", "properties": { "services_sum": 3.213216680730115, "total_departures_sum": 214, "route_short_name_sum": null, "services_unique": null, "total_departures_unique": null, "route_short_name_unique": "717, 207" }, "geometry": { "type": "LineString", "coordinates": [ [ -9.1489419, 38.7785984 ], [ -9.1484165, 38.779873 ], [ -9.1484089, 38.7798914 ] ] } },
{ "type": "Feature", "properties": { "services_sum": 3.213216680730115, "total_departures_sum": 214, "route_short_name_sum": null, "services_unique": null, "total_departures_unique": null, "route_short_name_unique": "717, 207" }, "geometry": { "type": "LineString", "coordinates": [ [ -9.1485516, 38.7746416 ], [ -9.1479544, 38.7761168 ], [ -9.1479308, 38.776175 ], [ -9.1473638, 38.7775755 ], [ -9.1469471, 38.7773818 ], [ -9.1468432, 38.7773291 ], [ -9.1464545, 38.7771403 ], [ -9.1462622, 38.7770469 ], [ -9.1460963, 38.7769658 ], [ -9.1469812, 38.7747607 ] ] } },
{ "type": "Feature", "properties": { "services_sum": 3.213216680730115, "total_departures_sum": 214, "route_short_name_sum": null, "services_unique": null, "total_departures_unique": null, "route_short_name_unique": "717, 207" }, "geometry": { "type": "LineString", "coordinates": [ [ -9.1468346, 38.7877957 ], [ -9.1467361, 38.7878089 ], [ -9.1460925, 38.7879225 ], [ -9.1458646, 38.7879627 ], [ -9.1456947, 38.7879954 ], [ -9.1456284, 38.7880082 ], [ -9.145386, 38.7880549 ], [ -9.1453653, 38.7880782 ], [ -9.1453332, 38.7880968 ], [ -9.145295, 38.7881059 ], [ -9.1452551, 38.7881045 ], [ -9.1452181, 38.7880928 ], [ -9.1451883, 38.7880721 ], [ -9.1451691, 38.7880448 ], [ -9.1451628, 38.7880141 ], [ -9.14517, 38.7879834 ], [ -9.14519, 38.7879565 ], [ -9.1452204, 38.7879363 ], [ -9.1452577, 38.7879252 ], [ -9.1452977, 38.7879246 ], [ -9.1453325, 38.7879331 ], [ -9.1453622, 38.7879495 ], [ -9.1453841, 38.7879723 ] ] } },
{ "type": "Feature", "properties": { "services_sum": 3.213216680730115, "total_departures_sum": 214, "route_short_name_sum": null, "services_unique": null, "total_departures_unique": null, "route_short_name_unique": "717, 207" }, "geometry": { "type": "LineString", "coordinates": [ [ -9.1468194, 38.7877355 ], [ -9.1467192, 38.7877559 ] ] } },
{ "type": "Feature", "properties": { "services_sum": 3.213216680730115, "total_departures_sum": 214, "route_short_name_sum": null, "services_unique": null, "total_departures_unique": null, "route_short_name_unique": "717, 207" }, "geometry": { "type": "LineString", "coordinates": [ [ -9.145854, 38.7879075 ], [ -9.1456766, 38.7879385 ], [ -9.1455396, 38.7879625 ] ] } },
{ "type": "Feature", "properties": { "services_sum": 3.213216680730115, "total_departures_sum": 214, "route_short_name_sum": null, "services_unique": null, "total_departures_unique": null, "route_short_name_unique": "717, 207" }, "geometry": { "type": "LineString", "coordinates": [ [ -9.1453778, 38.7979107 ], [ -9.1456355, 38.7980024 ], [ -9.1456143, 38.7980526 ], [ -9.1454233, 38.7980469 ], [ -9.145272, 38.7980424 ], [ -9.1451987, 38.7980234 ], [ -9.1451645, 38.79797 ] ] } },
{ "type": "Feature", "properties": { "services_sum": 3.213216680730115, "total_departures_sum": 214, "route_short_name_sum": null, "services_unique": null, "total_departures_unique": null, "route_short_name_unique": "717, 207" }, "geometry": { "type": "LineString", "coordinates": [ [ -9.1451619, 38.7792351 ], [ -9.1447491, 38.7791333 ], [ -9.1443016, 38.7790229 ] ] } },
{ "type": "Feature", "properties": { "services_sum": 3.213216680730115, "total_departures_sum": 214, "route_short_name_sum": null, "services_unique": null, "total_departures_unique": null, "route_short_name_unique": "717, 207" }, "geometry": { "type": "LineString", "coordinates": [ [ -9.142845, 38.7838333 ], [ -9.142646, 38.7835773 ], [ -9.1424372, 38.7833087 ] ] } },
{ "type": "Feature", "properties": { "services_sum": 3.213216680730115, "total_departures_sum": 214, "route_short_name_sum": null, "services_unique": null, "total_departures_unique": null, "route_short_name_unique": "717, 207" }, "geometry": { "type": "LineString", "coordinates": [ [ -9.1425791, 38.7857453 ], [ -9.1424423, 38.785967 ], [ -9.1418031, 38.7868524 ], [ -9.1418219, 38.7870073 ], [ -9.141836, 38.7870821 ], [ -9.1419185, 38.7871427 ], [ -9.1420405, 38.7871749 ], [ -9.1424824, 38.7872683 ], [ -9.1424887, 38.7872696 ], [ -9.144249, 38.7875042 ], [ -9.1443502, 38.7875093 ], [ -9.1446699, 38.7875256 ], [ -9.1449509, 38.7874751 ], [ -9.1447353, 38.7872155 ], [ -9.144673, 38.7871404 ], [ -9.1445908, 38.7870414 ], [ -9.1438995, 38.786209 ], [ -9.1434738, 38.7856963 ], [ -9.1432612, 38.7854162 ], [ -9.1431055, 38.785211 ], [ -9.1429745, 38.7851637 ], [ -9.1428882, 38.7850788 ], [ -9.1428111, 38.7852926 ] ] } },
{ "type": "Feature", "properties": { "services_sum": 3.213216680730115, "total_departures_sum": 214, "route_short_name_sum": null, "services_unique": null, "total_departures_unique": null, "route_short_name_unique": "717, 207" }, "geometry": { "type": "LineString", "coordinates": [ [ -9.1522064, 38.7943463 ], [ -9.1520306, 38.7940662 ], [ -9.1520108, 38.7940346 ], [ -9.1522064, 38.7943463 ] ] } },
{ "type": "Feature", "properties": { "services_sum": 3.213216680730115, "total_departures_sum": 214, "route_short_name_sum": null, "services_unique": null, "total_departures_unique": null, "route_short_name_unique": "717, 207" }, "geometry": { "type": "LineString", "coordinates": [ [ -9.1506923, 38.7904753 ], [ -9.1506906, 38.7903949 ], [ -9.1506905, 38.7903907 ], [ -9.1506923, 38.7904753 ] ] } },
{ "type": "Feature", "properties": { "services_sum": 1.7586712261846604, "total_departures_sum": 110, "route_short_name_sum": null, "services_unique": null, "total_departures_unique": null, "route_short_name_unique": "717" }, "geometry": { "type": "LineString", "coordinates": [ [ -9.1612998, 38.7728954 ], [ -9.1612917, 38.7728809 ], [ -9.1612003, 38.7727165 ] ] } },
{ "type": "Feature", "properties": { "services_sum": 1.7586712261846604, "total_departures_sum": 110, "route_short_name_sum": null, "services_unique": null, "total_departures_unique": null, "route_short_name_unique": "717" }, "geometry": { "type": "LineString", "coordinates": [ [ -9.160055, 38.7741583 ], [ -9.1598724, 38.7741858 ], [ -9.1596991, 38.7742119 ] ] } },
{ "type": "Feature", "properties": { "services_sum": 1.7586712261846604, "total_departures_sum": 110, "route_short_name_sum": null, "services_unique": null, "total_departures_unique": null, "route_short_name_unique": "717" }, "geometry": { "type": "LineString", "coordinates": [ [ -9.1598487, 38.7702716 ], [ -9.1598426, 38.7702635 ], [ -9.1596022, 38.769944 ] ] } },
{ "type": "Feature", "properties": { "services_sum": 1.7586712261846604, "total_departures_sum": 110, "route_short_name_sum": null, "services_unique": null, "total_departures_unique": null, "route_short_name_unique": "717" }, "geometry": { "type": "LineString", "coordinates": [ [ -9.1583289, 38.7678794 ], [ -9.1582535, 38.7677034 ], [ -9.1582226, 38.7676312 ] ] } },
{ "type": "Feature", "properties": { "services_sum": 1.7586712261846604, "total_departures_sum": 110, "route_short_name_sum": null, "services_unique": null, "total_departures_unique": null, "route_short_name_unique": "717" }, "geometry": { "type": "LineString", "coordinates": [ [ -9.1574834, 38.7619633 ], [ -9.1574217, 38.7621264 ] ] } },
{ "type": "Feature", "properties": { "services_sum": 1.7586712261846604, "total_departures_sum": 110, "route_short_name_sum": null, "services_unique": null, "total_departures_unique": null, "route_short_name_unique": "717" }, "geometry": { "type": "LineString", "coordinates": [ [ -9.1574807, 38.761784 ], [ -9.1574489, 38.761605 ] ] } },
{ "type": "Feature", "properties": { "services_sum": 1.7586712261846604, "total_departures_sum": 110, "route_short_name_sum": null, "services_unique": null, "total_departures_unique": null, "route_short_name_unique": "717" }, "geometry": { "type": "LineString", "coordinates": [ [ -9.157405, 38.7613728 ], [ -9.1573761, 38.7612198 ] ] } },
{ "type": "Feature", "properties": { "services_sum": 1.7586712261846604, "total_departures_sum": 110, "route_short_name_sum": null, "services_unique": null, "total_departures_unique": null, "route_short_name_unique": "717" }, "geometry": { "type": "LineString", "coordinates": [ [ -9.1573848, 38.761933 ], [ -9.1573622, 38.7620164 ] ] } },
{ "type": "Feature", "properties": { "services_sum": 1.7586712261846604, "total_departures_sum": 110, "route_short_name_sum": null, "services_unique": null, "total_departures_unique": null, "route_short_name_unique": "717" }, "geometry": { "type": "LineString", "coordinates": [ [ -9.1572618, 38.7653071 ], [ -9.1572576, 38.7652732 ], [ -9.1572557, 38.7652579 ] ] } },
{ "type": "Feature", "properties": { "services_sum": 1.7586712261846604, "total_departures_sum": 110, "route_short_name_sum": null, "services_unique": null, "total_departures_unique": null, "route_short_name_unique": "717" }, "geometry": { "type": "LineString", "coordinates": [ [ -9.1572497, 38.7611421 ], [ -9.1571877, 38.7609307 ] ] } },
{ "type": "Feature", "properties": { "services_sum": 1.7586712261846604, "total_departures_sum": 110, "route_short_name_sum": null, "services_unique": null, "total_departures_unique": null, "route_short_name_unique": "717" }, "geometry": { "type": "LineString", "coordinates": [ [ -9.1572047, 38.7606403 ], [ -9.1571548, 38.7605027 ] ] } },
{ "type": "Feature", "properties": { "services_sum": 1.7586712261846604, "total_departures_sum": 110, "route_short_name_sum": null, "services_unique": null, "total_departures_unique": null, "route_short_name_unique": "717" }, "geometry": { "type": "LineString", "coordinates": [ [ -9.1571409, 38.7607712 ], [ -9.1570612, 38.7605479 ] ] } },
{ "type": "Feature", "properties": { "services_sum": 1.7586712261846604, "total_departures_sum": 110, "route_short_name_sum": null, "services_unique": null, "total_departures_unique": null, "route_short_name_unique": "717" }, "geometry": { "type": "LineString", "coordinates": [ [ -9.1570286, 38.7744315 ], [ -9.1569001, 38.7744262 ], [ -9.1568189, 38.7744228 ] ] } },
{ "type": "Feature", "properties": { "services_sum": 1.7586712261846604, "total_departures_sum": 110, "route_short_name_sum": null, "services_unique": null, "total_departures_unique": null, "route_short_name_unique": "717" }, "geometry": { "type": "LineString", "coordinates": [ [ -9.156941, 38.7638591 ], [ -9.1568219, 38.7633408 ] ] } },
{ "type": "Feature", "properties": { "services_sum": 1.7586712261846604, "total_departures_sum": 110, "route_short_name_sum": null, "services_unique": null, "total_departures_unique": null, "route_short_name_unique": "717" }, "geometry": { "type": "LineString", "coordinates": [ [ -9.1568384, 38.7634149 ], [ -9.1567376, 38.7629974 ] ] } },
{ "type": "Feature", "properties": { "services_sum": 1.7586712261846604, "total_departures_sum": 110, "route_short_name_sum": null, "services_unique": null, "total_departures_unique": null, "route_short_name_unique": "717" }, "geometry": { "type": "LineString", "coordinates": [ [ -9.1556112, 38.7604698 ], [ -9.1554964, 38.7603458 ], [ -9.1554201, 38.760232 ] ] } },
{ "type": "Feature", "properties": { "services_sum": 1.7586712261846604, "total_departures_sum": 110, "route_short_name_sum": null, "services_unique": null, "total_departures_unique": null, "route_short_name_unique": "717" }, "geometry": { "type": "LineString", "coordinates": [ [ -9.1552874, 38.7578458 ], [ -9.1551648, 38.7576802 ], [ -9.1551618, 38.7576762 ] ] } },
{ "type": "Feature", "properties": { "services_sum": 1.7586712261846604, "total_departures_sum": 110, "route_short_name_sum": null, "services_unique": null, "total_departures_unique": null, "route_short_name_unique": "717" }, "geometry": { "type": "LineString", "coordinates": [ [ -9.1540885, 38.758575 ], [ -9.1540713, 38.7585589 ], [ -9.1540419, 38.7585313 ] ] } },
{ "type": "Feature", "properties": { "services_sum": 1.7586712261846604, "total_departures_sum": 110, "route_short_name_sum": null, "services_unique": null, "total_departures_unique": null, "route_short_name_unique": "717" }, "geometry": { "type": "LineString", "coordinates": [ [ -9.1535546, 38.7581208 ], [ -9.1532767, 38.7578745 ] ] } },
{ "type": "Feature", "properties": { "services_sum": 1.7586712261846604, "total_departures_sum": 110, "route_short_name_sum": null, "services_unique": null, "total_departures_unique": null, "route_short_name_unique": "717" }, "geometry": { "type": "LineString", "coordinates": [ [ -9.1526588, 38.7742444 ], [ -9.1521833, 38.7742808 ], [ -9.1514776, 38.7743346 ] ] } },
{ "type": "Feature", "properties": { "services_sum": 1.7586712261846604, "total_departures_sum": 110, "route_short_name_sum": null, "services_unique": null, "total_departures_unique": null, "route_short_name_unique": "717" }, "geometry": { "type": "LineString", "coordinates": [ [ -9.1526212, 38.7743388 ], [ -9.1521275, 38.7743756 ], [ -9.1517427, 38.7744061 ], [ -9.1514626, 38.7744282 ] ] } },
{ "type": "Feature", "properties": { "services_sum": 1.7586712261846604, "total_departures_sum": 110, "route_short_name_sum": null, "services_unique": null, "total_departures_unique": null, "route_short_name_unique": "717" }, "geometry": { "type": "LineString", "coordinates": [ [ -9.152034, 38.7546778 ], [ -9.1519187, 38.7547157 ], [ -9.1518862, 38.7547263 ] ] } },
{ "type": "Feature", "properties": { "services_sum": 1.7586712261846604, "total_departures_sum": 110, "route_short_name_sum": null, "services_unique": null, "total_departures_unique": null, "route_short_name_unique": "717" }, "geometry": { "type": "LineString", "coordinates": [ [ -9.1520237, 38.7933241 ], [ -9.1519969, 38.7934926 ], [ -9.1519943, 38.7935087 ] ] } },
{ "type": "Feature", "properties": { "services_sum": 1.7586712261846604, "total_departures_sum": 110, "route_short_name_sum": null, "services_unique": null, "total_departures_unique": null, "route_short_name_unique": "717" }, "geometry": { "type": "LineString", "coordinates": [ [ -9.1519248, 38.7798186 ], [ -9.1516268, 38.779671 ], [ -9.151469, 38.7795928 ], [ -9.1500414, 38.7789018 ] ] } },
{ "type": "Feature", "properties": { "services_sum": 1.7586712261846604, "total_departures_sum": 110, "route_short_name_sum": null, "services_unique": null, "total_departures_unique": null, "route_short_name_unique": "717" }, "geometry": { "type": "LineString", "coordinates": [ [ -9.1518663, 38.7798909 ], [ -9.1516111, 38.779768 ], [ -9.1514163, 38.7796741 ], [ -9.1499867, 38.7789878 ] ] } },
{ "type": "Feature", "properties": { "services_sum": 1.7586712261846604, "total_departures_sum": 110, "route_short_name_sum": null, "services_unique": null, "total_departures_unique": null, "route_short_name_unique": "717" }, "geometry": { "type": "LineString", "coordinates": [ [ -9.1517867, 38.7801784 ], [ -9.1515195, 38.7802675 ], [ -9.1505312, 38.7805969 ] ] } },
{ "type": "Feature", "properties": { "services_sum": 1.7586712261846604, "total_departures_sum": 110, "route_short_name_sum": null, "services_unique": null, "total_departures_unique": null, "route_short_name_unique": "717" }, "geometry": { "type": "LineString", "coordinates": [ [ -9.150747, 38.7924439 ], [ -9.1507399, 38.792265 ], [ -9.1507328, 38.7920862 ] ] } },
{ "type": "Feature", "properties": { "services_sum": 1.7586712261846604, "total_departures_sum": 110, "route_short_name_sum": null, "services_unique": null, "total_departures_unique": null, "route_short_name_unique": "717" }, "geometry": { "type": "LineString", "coordinates": [ [ -9.1507044, 38.7909111 ], [ -9.1506994, 38.7907517 ], [ -9.1506976, 38.7906929 ] ] } },
{ "type": "Feature", "properties": { "services_sum": 1.7586712261846604, "total_departures_sum": 110, "route_short_name_sum": null, "services_unique": null, "total_departures_unique": null, "route_short_name_unique": "717" }, "geometry": { "type": "LineString", "coordinates": [ [ -9.1495449, 38.7745681 ], [ -9.1490714, 38.7746042 ], [ -9.1486651, 38.7746351 ] ] } },
{ "type": "Feature", "properties": { "services_sum": 1.7586712261846604, "total_departures_sum": 110, "route_short_name_sum": null, "services_unique": null, "total_departures_unique": null, "route_short_name_unique": "717" }, "geometry": { "type": "LineString", "coordinates": [ [ -9.1495084, 38.7959228 ], [ -9.1494951, 38.7959377 ], [ -9.1493316, 38.7961196 ] ] } },
{ "type": "Feature", "properties": { "services_sum": 1.7586712261846604, "total_departures_sum": 110, "route_short_name_sum": null, "services_unique": null, "total_departures_unique": null, "route_short_name_unique": "717" }, "geometry": { "type": "LineString", "coordinates": [ [ -9.1493679, 38.7872823 ], [ -9.1491672, 38.787318 ], [ -9.1468194, 38.7877355 ] ] } },
{ "type": "Feature", "properties": { "services_sum": 1.7586712261846604, "total_departures_sum": 110, "route_short_name_sum": null, "services_unique": null, "total_departures_unique": null, "route_short_name_unique": "717" }, "geometry": { "type": "LineString", "coordinates": [ [ -9.149069, 38.7874017 ], [ -9.1490604, 38.7874033 ], [ -9.1468346, 38.7877957 ] ] } },
{ "type": "Feature", "properties": { "services_sum": 1.7586712261846604, "total_departures_sum": 110, "route_short_name_sum": null, "services_unique": null, "total_departures_unique": null, "route_short_name_unique": "717" }, "geometry": { "type": "LineString", "coordinates": [ [ -9.1489419, 38.7785984 ], [ -9.1484168, 38.7798724 ], [ -9.1484089, 38.7798914 ] ] } },
{ "type": "Feature", "properties": { "services_sum": 1.7586712261846604, "total_departures_sum": 110, "route_short_name_sum": null, "services_unique": null, "total_departures_unique": null, "route_short_name_unique": "717" }, "geometry": { "type": "LineString", "coordinates": [ [ -9.1475265, 38.7986165 ], [ -9.1477663, 38.7986825 ], [ -9.147665, 38.7986547 ], [ -9.1475265, 38.7986165 ] ] } },
{ "type": "Feature", "properties": { "services_sum": 1.7586712261846604, "total_departures_sum": 110, "route_short_name_sum": null, "services_unique": null, "total_departures_unique": null, "route_short_name_unique": "717" }, "geometry": { "type": "LineString", "coordinates": [ [ -9.1475265, 38.7986165 ], [ -9.1472692, 38.7985319 ], [ -9.1468119, 38.7983816 ] ] } },
{ "type": "Feature", "properties": { "services_sum": 1.7586712261846604, "total_departures_sum": 110, "route_short_name_sum": null, "services_unique": null, "total_departures_unique": null, "route_short_name_unique": "717" }, "geometry": { "type": "LineString", "coordinates": [ [ -9.1467192, 38.7877559 ], [ -9.1459891, 38.7878839 ], [ -9.145854, 38.7879075 ] ] } },
{ "type": "Feature", "properties": { "services_sum": 1.7586712261846604, "total_departures_sum": 110, "route_short_name_sum": null, "services_unique": null, "total_departures_unique": null, "route_short_name_unique": "717" }, "geometry": { "type": "LineString", "coordinates": [ [ -9.1455396, 38.7879625 ], [ -9.1453841, 38.7879723 ] ] } },
{ "type": "Feature", "properties": { "services_sum": 1.7586712261846604, "total_departures_sum": 110, "route_short_name_sum": null, "services_unique": null, "total_departures_unique": null, "route_short_name_unique": "717" }, "geometry": { "type": "LineString", "coordinates": [ [ -9.1453778, 38.7979107 ], [ -9.1451371, 38.797825 ], [ -9.1451645, 38.79797 ] ] } },
{ "type": "Feature", "properties": { "services_sum": 1.7586712261846604, "total_departures_sum": 110, "route_short_name_sum": null, "services_unique": null, "total_departures_unique": null, "route_short_name_unique": "717" }, "geometry": { "type": "LineString", "coordinates": [ [ -9.1451619, 38.7792351 ], [ -9.1447112, 38.779124 ], [ -9.1443016, 38.7790229 ] ] } },
{ "type": "Feature", "properties": { "services_sum": 1.7586712261846604, "total_departures_sum": 110, "route_short_name_sum": null, "services_unique": null, "total_departures_unique": null, "route_short_name_unique": "717" }, "geometry": { "type": "LineString", "coordinates": [ [ -9.142845, 38.7838333 ], [ -9.1425443, 38.7834466 ], [ -9.1424372, 38.7833087 ] ] } },
{ "type": "Feature", "properties": { "services_sum": 1.7586712261846604, "total_departures_sum": 110, "route_short_name_sum": null, "services_unique": null, "total_departures_unique": null, "route_short_name_unique": "717" }, "geometry": { "type": "LineString", "coordinates": [ [ -9.1428111, 38.7852926 ], [ -9.1426071, 38.7856907 ], [ -9.1425791, 38.7857453 ] ] } },
{ "type": "Feature", "properties": { "services_sum": 1.7586712261846604, "total_departures_sum": 110, "route_short_name_sum": null, "services_unique": null, "total_departures_unique": null, "route_short_name_unique": "717" }, "geometry": { "type": "LineString", "coordinates": [ [ -9.1392318, 38.7551727 ], [ -9.1393399, 38.755375 ], [ -9.1392481, 38.7552032 ], [ -9.1392318, 38.7551727 ] ] } },
{ "type": "Feature", "properties": { "services_sum": 1.7586712261846604, "total_departures_sum": 110, "route_short_name_sum": null, "services_unique": null, "total_departures_unique": null, "route_short_name_unique": "717" }, "geometry": { "type": "LineString", "coordinates": [ [ -9.1392318, 38.7551727 ], [ -9.1391547, 38.7549561 ], [ -9.1391153, 38.7548551 ] ] } },
{ "type": "Feature", "properties": { "services_sum": 1.7586712261846604, "total_departures_sum": 110, "route_short_name_sum": null, "services_unique": null, "total_departures_unique": null, "route_short_name_unique": "717" }, "geometry": { "type": "LineString", "coordinates": [ [ -9.1392318, 38.7551727 ], [ -9.1390653, 38.7550344 ], [ -9.1389612, 38.754963 ] ] } },
{ "type": "Feature", "properties": { "services_sum": 1.7586712261846604, "total_departures_sum": 110, "route_short_name_sum": null, "services_unique": null, "total_departures_unique": null, "route_short_name_unique": "717" }, "geometry": { "type": "LineString", "coordinates": [ [ -9.1390956, 38.7547062 ], [ -9.1390653, 38.7546678 ], [ -9.1390172, 38.7546297 ], [ -9.1389627, 38.7546097 ], [ -9.1388841, 38.7545984 ], [ -9.1388346, 38.7546066 ], [ -9.1387829, 38.7546321 ], [ -9.1387547, 38.7546658 ], [ -9.1387431, 38.7547124 ], [ -9.1387569, 38.7547734 ], [ -9.13879, 38.7548389 ], [ -9.1388385, 38.7549096 ], [ -9.1388784, 38.7549407 ], [ -9.1389209, 38.7549579 ] ] } },
{ "type": "Feature", "properties": { "services_sum": 1.7586712261846604, "total_departures_sum": 110, "route_short_name_sum": null, "services_unique": null, "total_departures_unique": null, "route_short_name_unique": "717" }, "geometry": { "type": "LineString", "coordinates": [ [ -9.1353067, 38.7339103 ], [ -9.1352794, 38.7340682 ], [ -9.1352456, 38.7341855 ], [ -9.135167, 38.7343329 ], [ -9.1350854, 38.7344772 ], [ -9.1350529, 38.7345386 ] ] } },
{ "type": "Feature", "properties": { "services_sum": 1.7586712261846604, "total_departures_sum": 110, "route_short_name_sum": null, "services_unique": null, "total_departures_unique": null, "route_short_name_unique": "717" }, "geometry": { "type": "LineString", "coordinates": [ [ -9.135053, 38.7345383 ], [ -9.134873, 38.7348776 ], [ -9.1345759, 38.7365853 ] ] } },
{ "type": "Feature", "properties": { "services_sum": 1.7586712261846604, "total_departures_sum": 110, "route_short_name_sum": null, "services_unique": null, "total_departures_unique": null, "route_short_name_unique": "717" }, "geometry": { "type": "LineString", "coordinates": [ [ -9.1344934, 38.7337697 ], [ -9.1343849, 38.7338296 ], [ -9.1342266, 38.7339169 ] ] } },
{ "type": "Feature", "properties": { "services_sum": 1.7586712261846604, "total_departures_sum": 110, "route_short_name_sum": null, "services_unique": null, "total_departures_unique": null, "route_short_name_unique": "717" }, "geometry": { "type": "LineString", "coordinates": [ [ -9.1339427, 38.7369024 ], [ -9.1339392, 38.736938 ], [ -9.1339212, 38.7371178 ], [ -9.1338821, 38.7375261 ] ] } },
{ "type": "Feature", "properties": { "services_sum": 1.7586712261846604, "total_departures_sum": 110, "route_short_name_sum": null, "services_unique": null, "total_departures_unique": null, "route_short_name_unique": "717" }, "geometry": { "type": "LineString", "coordinates": [ [ -9.1332765, 38.7426095 ], [ -9.1332218, 38.7426642 ], [ -9.1331818, 38.7427042 ], [ -9.1331214, 38.7427646 ], [ -9.132756, 38.7432565 ], [ -9.1322416, 38.7439487 ], [ -9.1321521, 38.7440692 ], [ -9.1320524, 38.7442042 ], [ -9.1320184, 38.7442554 ], [ -9.1319284, 38.7443841 ], [ -9.1317014, 38.7447125 ], [ -9.131507, 38.7450838 ], [ -9.1314742, 38.7451829 ], [ -9.1313808, 38.7454652 ], [ -9.1313358, 38.7458021 ], [ -9.1313174, 38.7460192 ], [ -9.131311, 38.7461299 ], [ -9.1312945, 38.7462505 ], [ -9.1312593, 38.7465184 ], [ -9.1311219, 38.7479937 ], [ -9.1310963, 38.7482687 ], [ -9.1310805, 38.7484383 ], [ -9.1312085, 38.7485542 ], [ -9.1313766, 38.7487078 ], [ -9.1315518, 38.748718 ], [ -9.1320404, 38.7487396 ], [ -9.1322731, 38.7487498 ], [ -9.1323812, 38.7487553 ], [ -9.1325527, 38.7487629 ], [ -9.1353188, 38.7488981 ], [ -9.1354978, 38.7489048 ], [ -9.1356375, 38.7489138 ], [ -9.1367279, 38.7489779 ], [ -9.1373265, 38.7490131 ], [ -9.1374647, 38.7490242 ], [ -9.1375503, 38.7490244 ], [ -9.1375411, 38.7491295 ], [ -9.1375347, 38.7492413 ], [ -9.1374893, 38.7498339 ], [ -9.1374324, 38.7499238 ], [ -9.1374067, 38.7498374 ], [ -9.137454, 38.7491248 ], [ -9.137309, 38.7491181 ], [ -9.1371053, 38.7491083 ], [ -9.1364245, 38.7490753 ], [ -9.1363011, 38.7490693 ], [ -9.1355908, 38.749035 ], [ -9.1355624, 38.7490336 ], [ -9.1354687, 38.7490291 ], [ -9.1346877, 38.7489913 ], [ -9.1338868, 38.7489525 ], [ -9.132892, 38.7489044 ], [ -9.1325413, 38.7488874 ], [ -9.1323734, 38.7488793 ], [ -9.1322666, 38.7488746 ], [ -9.1315384, 38.7488428 ], [ -9.13139, 38.7488353 ], [ -9.1311404, 38.7488226 ], [ -9.1310451, 38.7488178 ], [ -9.130883, 38.7488095 ] ] } },
{ "type": "Feature", "properties": { "services_sum": 1.7586712261846604, "total_departures_sum": 110, "route_short_name_sum": null, "services_unique": null, "total_departures_unique": null, "route_short_name_unique": "717" }, "geometry": { "type": "LineString", "coordinates": [ [ -9.1331624, 38.7421428 ], [ -9.1331121, 38.7421939 ], [ -9.1330685, 38.7422754 ] ] } },
{ "type": "Feature", "properties": { "services_sum": 1.7586712261846604, "total_departures_sum": 110, "route_short_name_sum": null, "services_unique": null, "total_departures_unique": null, "route_short_name_unique": "717" }, "geometry": { "type": "LineString", "coordinates": [ [ -9.1331205, 38.7425264 ], [ -9.133046, 38.74265 ], [ -9.1330001, 38.7427261 ], [ -9.1329646, 38.7427849 ], [ -9.1325643, 38.7433218 ], [ -9.1323112, 38.7436612 ], [ -9.1321689, 38.7438503 ], [ -9.131945, 38.7441501 ], [ -9.1318195, 38.7443045 ], [ -9.131719, 38.7444282 ], [ -9.1316359, 38.7445395 ], [ -9.1315503, 38.7446763 ], [ -9.1313549, 38.7450576 ], [ -9.1312279, 38.7454618 ], [ -9.1312078, 38.7455775 ], [ -9.1311964, 38.7457015 ], [ -9.1311669, 38.7460212 ], [ -9.1311481, 38.7461202 ], [ -9.1311384, 38.7461918 ], [ -9.1310247, 38.7474771 ], [ -9.1309685, 38.747968 ], [ -9.1309399, 38.7482609 ], [ -9.1309194, 38.7484408 ], [ -9.130902, 38.7486056 ], [ -9.1308951, 38.7486797 ], [ -9.130883, 38.7488095 ] ] } },
{ "type": "Feature", "properties": { "services_sum": 1.7586712261846604, "total_departures_sum": 110, "route_short_name_sum": null, "services_unique": null, "total_departures_unique": null, "route_short_name_unique": "717" }, "geometry": { "type": "LineString", "coordinates": [ [ -9.130883, 38.7488095 ], [ -9.1307491, 38.7488027 ], [ -9.1305195, 38.7487911 ], [ -9.1304481, 38.7488299 ], [ -9.1302673, 38.7488248 ], [ -9.130047, 38.7488185 ], [ -9.1299676, 38.7488167 ], [ -9.1298582, 38.7488384 ], [ -9.1297366, 38.7489185 ], [ -9.1296931, 38.7490011 ], [ -9.1296897, 38.7490685 ], [ -9.1297068, 38.7491369 ], [ -9.1297804, 38.7492287 ], [ -9.1298016, 38.749255 ], [ -9.1299778, 38.7493152 ], [ -9.1304523, 38.7493287 ], [ -9.1306075, 38.7492759 ], [ -9.1307477, 38.7491798 ], [ -9.1308579, 38.749079 ], [ -9.130883, 38.7488095 ] ] } },
{ "type": "Feature", "properties": { "services_sum": 1.7586712261846604, "total_departures_sum": 110, "route_short_name_sum": null, "services_unique": null, "total_departures_unique": null, "route_short_name_unique": "717" }, "geometry": { "type": "LineString", "coordinates": [ [ -9.1468066, 38.7774194 ], [ -9.1464539, 38.7772486 ], [ -9.1462017, 38.7771264 ], [ -9.1464536, 38.7772485 ], [ -9.1468066, 38.7774194 ] ] } },
{ "type": "Feature", "properties": { "services_sum": 1.7586712261846604, "total_departures_sum": 110, "route_short_name_sum": null, "services_unique": null, "total_departures_unique": null, "route_short_name_unique": "717" }, "geometry": { "type": "LineString", "coordinates": [ [ -9.1408009, 38.7581233 ], [ -9.1407347, 38.7579957 ], [ -9.1406481, 38.7578288 ], [ -9.1408009, 38.7581233 ] ] } },
{ "type": "Feature", "properties": { "services_sum": 1.7586712261846604, "total_departures_sum": 110, "route_short_name_sum": null, "services_unique": null, "total_departures_unique": null, "route_short_name_unique": "717" }, "geometry": { "type": "LineString", "coordinates": [ [ -9.1403798, 38.7573314 ], [ -9.1402411, 38.7570708 ], [ -9.1401566, 38.7569118 ], [ -9.1403798, 38.7573314 ] ] } },
{ "type": "Feature", "properties": { "services_sum": 1.7586712261846604, "total_departures_sum": 110, "route_short_name_sum": null, "services_unique": null, "total_departures_unique": null, "route_short_name_unique": "717" }, "geometry": { "type": "LineString", "coordinates": [ [ -9.1399645, 38.7565505 ], [ -9.1398739, 38.7563802 ], [ -9.1397875, 38.7562176 ], [ -9.1399645, 38.7565505 ] ] } },
{ "type": "Feature", "properties": { "services_sum": 1.7586712261846604, "total_departures_sum": 110, "route_short_name_sum": null, "services_unique": null, "total_departures_unique": null, "route_short_name_unique": "717" }, "geometry": { "type": "LineString", "coordinates": [ [ -9.1387932, 38.75435 ], [ -9.1380947, 38.7530611 ], [ -9.1379974, 38.7528815 ], [ -9.138781, 38.7543276 ], [ -9.1387932, 38.75435 ] ] } },
{ "type": "Feature", "properties": { "services_sum": 1.7586712261846604, "total_departures_sum": 110, "route_short_name_sum": null, "services_unique": null, "total_departures_unique": null, "route_short_name_unique": "717" }, "geometry": { "type": "LineString", "coordinates": [ [ -9.1379164, 38.7527192 ], [ -9.1378057, 38.7524958 ], [ -9.1374901, 38.7518589 ], [ -9.1379164, 38.7527192 ] ] } },
{ "type": "Feature", "properties": { "services_sum": 1.7586712261846604, "total_departures_sum": 110, "route_short_name_sum": null, "services_unique": null, "total_departures_unique": null, "route_short_name_unique": "717" }, "geometry": { "type": "LineString", "coordinates": [ [ -9.1374126, 38.7500194 ], [ -9.1373911, 38.7502447 ], [ -9.1373248, 38.750941 ], [ -9.1374126, 38.7500194 ] ] } },
{ "type": "Feature", "properties": { "services_sum": 3.2500566764905918, "total_departures_sum": 231, "route_short_name_sum": null, "services_unique": null, "total_departures_unique": null, "route_short_name_unique": "736, 207" }, "geometry": { "type": "LineString", "coordinates": [ [ -9.1612998, 38.7728954 ], [ -9.1612914, 38.7728803 ], [ -9.1612003, 38.7727165 ] ] } },
{ "type": "Feature", "properties": { "services_sum": 3.2500566764905918, "total_departures_sum": 231, "route_short_name_sum": null, "services_unique": null, "total_departures_unique": null, "route_short_name_unique": "736, 207" }, "geometry": { "type": "LineString", "coordinates": [ [ -9.1598487, 38.7702716 ], [ -9.1598422, 38.7702629 ], [ -9.1596022, 38.769944 ] ] } },
{ "type": "Feature", "properties": { "services_sum": 3.2500566764905918, "total_departures_sum": 231, "route_short_name_sum": null, "services_unique": null, "total_departures_unique": null, "route_short_name_unique": "736, 207" }, "geometry": { "type": "LineString", "coordinates": [ [ -9.1583289, 38.7678794 ], [ -9.1582535, 38.7677035 ], [ -9.1582226, 38.7676312 ] ] } },
{ "type": "Feature", "properties": { "services_sum": 3.2500566764905918, "total_departures_sum": 231, "route_short_name_sum": null, "services_unique": null, "total_departures_unique": null, "route_short_name_unique": "736, 207" }, "geometry": { "type": "LineString", "coordinates": [ [ -9.1574834, 38.7619633 ], [ -9.1574659, 38.7620172 ], [ -9.1574576, 38.7620378 ], [ -9.1574217, 38.7621264 ] ] } },
{ "type": "Feature", "properties": { "services_sum": 3.2500566764905918, "total_departures_sum": 231, "route_short_name_sum": null, "services_unique": null, "total_departures_unique": null, "route_short_name_unique": "736, 207" }, "geometry": { "type": "LineString", "coordinates": [ [ -9.1574807, 38.761784 ], [ -9.1574612, 38.76167 ], [ -9.1574489, 38.761605 ] ] } },
{ "type": "Feature", "properties": { "services_sum": 3.2500566764905918, "total_departures_sum": 231, "route_short_name_sum": null, "services_unique": null, "total_departures_unique": null, "route_short_name_unique": "736, 207" }, "geometry": { "type": "LineString", "coordinates": [ [ -9.157405, 38.7613728 ], [ -9.1573996, 38.7613442 ], [ -9.1573761, 38.7612198 ] ] } },
{ "type": "Feature", "properties": { "services_sum": 3.2500566764905918, "total_departures_sum": 231, "route_short_name_sum": null, "services_unique": null, "total_departures_unique": null, "route_short_name_unique": "736, 207" }, "geometry": { "type": "LineString", "coordinates": [ [ -9.1573848, 38.761933 ], [ -9.157368, 38.7619999 ], [ -9.1573622, 38.7620164 ] ] } },
{ "type": "Feature", "properties": { "services_sum": 3.2500566764905918, "total_departures_sum": 231, "route_short_name_sum": null, "services_unique": null, "total_departures_unique": null, "route_short_name_unique": "736, 207" }, "geometry": { "type": "LineString", "coordinates": [ [ -9.1572618, 38.7653071 ], [ -9.1572575, 38.7652723 ], [ -9.1572557, 38.7652579 ] ] } },
{ "type": "Feature", "properties": { "services_sum": 3.2500566764905918, "total_departures_sum": 231, "route_short_name_sum": null, "services_unique": null, "total_departures_unique": null, "route_short_name_unique": "736, 207" }, "geometry": { "type": "LineString", "coordinates": [ [ -9.1572497, 38.7611421 ], [ -9.1571892, 38.7609357 ], [ -9.1571877, 38.7609307 ] ] } },
{ "type": "Feature", "properties": { "services_sum": 3.2500566764905918, "total_departures_sum": 231, "route_short_name_sum": null, "services_unique": null, "total_departures_unique": null, "route_short_name_unique": "736, 207" }, "geometry": { "type": "LineString", "coordinates": [ [ -9.1572047, 38.7606403 ], [ -9.1571866, 38.7605861 ], [ -9.1571548, 38.7605027 ] ] } },
{ "type": "Feature", "properties": { "services_sum": 3.2500566764905918, "total_departures_sum": 231, "route_short_name_sum": null, "services_unique": null, "total_departures_unique": null, "route_short_name_unique": "736, 207" }, "geometry": { "type": "LineString", "coordinates": [ [ -9.1571409, 38.7607712 ], [ -9.1571018, 38.7606617 ], [ -9.1570612, 38.7605479 ] ] } },
{ "type": "Feature", "properties": { "services_sum": 3.2500566764905918, "total_departures_sum": 231, "route_short_name_sum": null, "services_unique": null, "total_departures_unique": null, "route_short_name_unique": "736, 207" }, "geometry": { "type": "LineString", "coordinates": [ [ -9.1571061, 38.7645764 ], [ -9.1570996, 38.7645487 ], [ -9.1570452, 38.7643153 ] ] } },
{ "type": "Feature", "properties": { "services_sum": 3.2500566764905918, "total_departures_sum": 231, "route_short_name_sum": null, "services_unique": null, "total_departures_unique": null, "route_short_name_unique": "736, 207" }, "geometry": { "type": "LineString", "coordinates": [ [ -9.1556112, 38.7604698 ], [ -9.1555094, 38.7603595 ], [ -9.1554201, 38.760232 ] ] } },
{ "type": "Feature", "properties": { "services_sum": 3.2500566764905918, "total_departures_sum": 231, "route_short_name_sum": null, "services_unique": null, "total_departures_unique": null, "route_short_name_unique": "736, 207" }, "geometry": { "type": "LineString", "coordinates": [ [ -9.1528697, 38.7544083 ], [ -9.1528014, 38.7543128 ], [ -9.1527719, 38.7542698 ], [ -9.1525831, 38.7540281 ], [ -9.1525151, 38.7539364 ], [ -9.1524635, 38.7538666 ], [ -9.1520667, 38.7533533 ], [ -9.1516632, 38.7528177 ], [ -9.1515464, 38.7526586 ], [ -9.1511681, 38.7521615 ], [ -9.1511637, 38.752155 ], [ -9.1510539, 38.7519932 ], [ -9.1505755, 38.7512816 ], [ -9.150355, 38.7509535 ], [ -9.1502035, 38.7507285 ], [ -9.1501884, 38.7507057 ], [ -9.1498618, 38.7502199 ], [ -9.1498706, 38.7501178 ], [ -9.1496192, 38.7497518 ], [ -9.149318, 38.749327 ], [ -9.1492274, 38.7491993 ], [ -9.1490716, 38.748974 ], [ -9.1488086, 38.7486179 ], [ -9.1487887, 38.7485911 ], [ -9.1487756, 38.748573 ], [ -9.1486662, 38.7484217 ], [ -9.1487052, 38.7483813 ], [ -9.1487296, 38.7483403 ], [ -9.1487345, 38.7482648 ], [ -9.1487173, 38.748222 ], [ -9.1486998, 38.7482051 ], [ -9.1486384, 38.7481529 ], [ -9.148523, 38.7479449 ], [ -9.1485107, 38.7479083 ], [ -9.1484469, 38.7476429 ], [ -9.1484377, 38.7476073 ], [ -9.1484342, 38.7475935 ], [ -9.1483986, 38.7474475 ], [ -9.1482321, 38.7467466 ], [ -9.1481056, 38.7461821 ], [ -9.1480548, 38.7461514 ], [ -9.1479994, 38.7461115 ], [ -9.1478738, 38.7460311 ], [ -9.147681, 38.7453682 ], [ -9.1476574, 38.7452776 ], [ -9.1476127, 38.7451057 ] ] } },
{ "type": "Feature", "properties": { "services_sum": 3.2500566764905918, "total_departures_sum": 231, "route_short_name_sum": null, "services_unique": null, "total_departures_unique": null, "route_short_name_unique": "736, 207" }, "geometry": { "type": "LineString", "coordinates": [ [ -9.1511451, 38.754968 ], [ -9.1510692, 38.7548306 ], [ -9.1508673, 38.7544675 ], [ -9.1506487, 38.7540857 ], [ -9.1504133, 38.7536728 ] ] } },
{ "type": "Feature", "properties": { "services_sum": 3.2500566764905918, "total_departures_sum": 231, "route_short_name_sum": null, "services_unique": null, "total_departures_unique": null, "route_short_name_unique": "736, 207" }, "geometry": { "type": "LineString", "coordinates": [ [ -9.1498741, 38.752731 ], [ -9.1496218, 38.7522904 ] ] } },
{ "type": "Feature", "properties": { "services_sum": 3.2500566764905918, "total_departures_sum": 231, "route_short_name_sum": null, "services_unique": null, "total_departures_unique": null, "route_short_name_unique": "736, 207" }, "geometry": { "type": "LineString", "coordinates": [ [ -9.1495771, 38.7259919 ], [ -9.1496082, 38.7259181 ], [ -9.1496965, 38.7257113 ], [ -9.1495865, 38.7256473 ], [ -9.1494965, 38.7255665 ], [ -9.1494307, 38.7254725 ], [ -9.1493859, 38.7253374 ], [ -9.1493908, 38.7251979 ], [ -9.1494284, 38.725094 ], [ -9.1494938, 38.7249988 ], [ -9.1495839, 38.7249168 ], [ -9.1495129, 38.7248226 ], [ -9.1495048, 38.7248137 ], [ -9.1495032, 38.724812 ], [ -9.149461, 38.724766 ], [ -9.1493821, 38.7246242 ], [ -9.1490207, 38.7242104 ], [ -9.1487131, 38.7238582 ], [ -9.1484094, 38.7235104 ], [ -9.1483031, 38.7233886 ], [ -9.1482488, 38.7233265 ], [ -9.1481206, 38.7231796 ], [ -9.147232, 38.722162 ], [ -9.1471501, 38.7220683 ], [ -9.1470736, 38.7219824 ], [ -9.1469626, 38.7218535 ], [ -9.1457199, 38.7204304 ], [ -9.1456438, 38.7203433 ], [ -9.1455428, 38.7202277 ], [ -9.1450793, 38.7196969 ], [ -9.1450787, 38.7196963 ], [ -9.1441465, 38.7186286 ], [ -9.1440259, 38.7184905 ], [ -9.1439622, 38.7184176 ], [ -9.1438653, 38.7183065 ], [ -9.1431406, 38.7174766 ], [ -9.1430147, 38.7173325 ], [ -9.1429085, 38.7172108 ], [ -9.1423799, 38.7166055 ], [ -9.1422151, 38.7164167 ], [ -9.1420131, 38.7163429 ] ] } },
{ "type": "Feature", "properties": { "services_sum": 3.2500566764905918, "total_departures_sum": 231, "route_short_name_sum": null, "services_unique": null, "total_departures_unique": null, "route_short_name_unique": "736, 207" }, "geometry": { "type": "LineString", "coordinates": [ [ -9.149573, 38.7522051 ], [ -9.1494447, 38.7519642 ], [ -9.1492306, 38.7515596 ], [ -9.1491535, 38.7514091 ], [ -9.1491148, 38.7513105 ], [ -9.1490534, 38.7511371 ], [ -9.1489328, 38.7509048 ], [ -9.1484365, 38.7499633 ], [ -9.1484277, 38.7499465 ], [ -9.1483977, 38.7498896 ], [ -9.148338, 38.7497489 ], [ -9.1482382, 38.7495139 ], [ -9.1482009, 38.7493749 ], [ -9.1480741, 38.7488915 ], [ -9.1480387, 38.7487457 ], [ -9.1480719, 38.7486478 ], [ -9.1481334, 38.7484825 ], [ -9.1480521, 38.7484528 ], [ -9.1480255, 38.7483883 ], [ -9.1480318, 38.7483152 ], [ -9.1480481, 38.7482544 ], [ -9.1481179, 38.7481808 ], [ -9.1481172, 38.7480046 ], [ -9.1481134, 38.7479699 ], [ -9.1481083, 38.7479124 ], [ -9.1480617, 38.7476852 ] ] } },
{ "type": "Feature", "properties": { "services_sum": 3.2500566764905918, "total_departures_sum": 231, "route_short_name_sum": null, "services_unique": null, "total_departures_unique": null, "route_short_name_unique": "736, 207" }, "geometry": { "type": "LineString", "coordinates": [ [ -9.1495583, 38.72603 ], [ -9.1494259, 38.7261299 ], [ -9.1492314, 38.7264471 ] ] } },
{ "type": "Feature", "properties": { "services_sum": 3.2500566764905918, "total_departures_sum": 231, "route_short_name_sum": null, "services_unique": null, "total_departures_unique": null, "route_short_name_unique": "736, 207" }, "geometry": { "type": "LineString", "coordinates": [ [ -9.1494635, 38.7245809 ], [ -9.1484923, 38.7234688 ], [ -9.1483845, 38.7233453 ], [ -9.1483302, 38.7232832 ], [ -9.1482015, 38.7231349 ], [ -9.1473198, 38.7221192 ], [ -9.1472316, 38.7220251 ], [ -9.1471658, 38.7219496 ], [ -9.1470496, 38.7218167 ], [ -9.1458052, 38.7203916 ], [ -9.1457553, 38.7203344 ], [ -9.1456893, 38.7202589 ], [ -9.1456304, 38.7201914 ], [ -9.1442279, 38.7185853 ], [ -9.1441073, 38.7184472 ], [ -9.1440436, 38.7183743 ], [ -9.143952, 38.7182694 ], [ -9.143225, 38.7174368 ], [ -9.1430961, 38.7172892 ], [ -9.1429913, 38.7171692 ], [ -9.1425008, 38.7166074 ], [ -9.1423989, 38.7164907 ], [ -9.142291, 38.7163672 ], [ -9.1422665, 38.7162241 ], [ -9.1421395, 38.7159787 ], [ -9.142019, 38.7158443 ], [ -9.1419905, 38.7158126 ], [ -9.1418513, 38.715657 ], [ -9.1416914, 38.7154786 ], [ -9.1415342, 38.7153032 ], [ -9.141357, 38.7151926 ], [ -9.1411694, 38.7150637 ], [ -9.1411838, 38.7151887 ], [ -9.1411646, 38.715289 ], [ -9.1411968, 38.7154478 ], [ -9.1412039, 38.7154828 ], [ -9.141606, 38.7159457 ] ] } },
{ "type": "Feature", "properties": { "services_sum": 3.2500566764905918, "total_departures_sum": 231, "route_short_name_sum": null, "services_unique": null, "total_departures_unique": null, "route_short_name_unique": "736, 207" }, "geometry": { "type": "LineString", "coordinates": [ [ -9.1490576, 38.7267287 ], [ -9.1487565, 38.727279 ], [ -9.1486396, 38.7274684 ], [ -9.1485222, 38.7276587 ], [ -9.1483209, 38.7279844 ], [ -9.1481065, 38.7283318 ], [ -9.1478287, 38.7287819 ], [ -9.1478177, 38.7287998 ], [ -9.1476885, 38.7290091 ], [ -9.1476309, 38.7291025 ], [ -9.1471855, 38.7298238 ], [ -9.1471289, 38.7299155 ], [ -9.146682, 38.7306392 ], [ -9.1466265, 38.7307286 ], [ -9.1463844, 38.7311103 ], [ -9.1461854, 38.731428 ], [ -9.146136, 38.7315068 ], [ -9.1460532, 38.7316412 ], [ -9.1460151, 38.7317031 ], [ -9.145426, 38.7326636 ], [ -9.1453369, 38.732804 ], [ -9.1451007, 38.7331868 ], [ -9.1450401, 38.7332674 ], [ -9.1449609, 38.7333539 ], [ -9.1448793, 38.7334134 ], [ -9.1447843, 38.7334834 ], [ -9.1447177, 38.733546 ], [ -9.1446732, 38.7336131 ], [ -9.1446501, 38.7336887 ], [ -9.1446479, 38.7337529 ], [ -9.1446479, 38.7338034 ], [ -9.1446644, 38.7338522 ], [ -9.1446829, 38.7339059 ], [ -9.1446968, 38.7339465 ], [ -9.1447731, 38.7340901 ], [ -9.1447873, 38.7341169 ], [ -9.1448847, 38.7343003 ], [ -9.1449007, 38.7343473 ], [ -9.1449213, 38.7344059 ], [ -9.1450813, 38.7350175 ], [ -9.1450979, 38.7351043 ], [ -9.1451133, 38.7351652 ], [ -9.145124, 38.7352095 ], [ -9.1451865, 38.7354685 ], [ -9.1453415, 38.7361114 ], [ -9.1453666, 38.736216 ], [ -9.1453961, 38.7363376 ], [ -9.1455768, 38.7370892 ], [ -9.1456145, 38.7372432 ], [ -9.1456527, 38.7374018 ], [ -9.145825, 38.7381232 ], [ -9.1458343, 38.7381625 ], [ -9.1458487, 38.7382301 ], [ -9.1458596, 38.7382713 ], [ -9.1458719, 38.7383176 ] ] } },
{ "type": "Feature", "properties": { "services_sum": 3.2500566764905918, "total_departures_sum": 231, "route_short_name_sum": null, "services_unique": null, "total_departures_unique": null, "route_short_name_unique": "736, 207" }, "geometry": { "type": "LineString", "coordinates": [ [ -9.148537, 38.7278883 ], [ -9.1485305, 38.7278961 ], [ -9.1484454, 38.7279978 ], [ -9.1483799, 38.72808 ], [ -9.1483253, 38.7281467 ], [ -9.1481648, 38.7284105 ], [ -9.1480837, 38.7285438 ], [ -9.1480634, 38.7285772 ], [ -9.1478371, 38.7289492 ], [ -9.1477236, 38.7291358 ], [ -9.1472303, 38.7299466 ], [ -9.1471972, 38.7300011 ], [ -9.1471277, 38.7301153 ], [ -9.1467869, 38.7306754 ], [ -9.1467259, 38.7307757 ], [ -9.1466421, 38.7309144 ], [ -9.1465484, 38.7310668 ], [ -9.1465348, 38.7310888 ], [ -9.146253, 38.731547 ], [ -9.1462154, 38.7316081 ], [ -9.1461686, 38.7316843 ], [ -9.1461084, 38.7317821 ], [ -9.1457261, 38.7324038 ], [ -9.145646, 38.732534 ], [ -9.1454136, 38.7329118 ], [ -9.1452288, 38.7332383 ], [ -9.1451818, 38.7333149 ], [ -9.1451104, 38.7334174 ], [ -9.1450532, 38.7334994 ], [ -9.1450151, 38.7335995 ] ] } },
{ "type": "Feature", "properties": { "services_sum": 3.2500566764905918, "total_departures_sum": 231, "route_short_name_sum": null, "services_unique": null, "total_departures_unique": null, "route_short_name_unique": "736, 207" }, "geometry": { "type": "LineString", "coordinates": [ [ -9.1480076, 38.7474543 ], [ -9.1479616, 38.7472684 ] ] } },
{ "type": "Feature", "properties": { "services_sum": 3.2500566764905918, "total_departures_sum": 231, "route_short_name_sum": null, "services_unique": null, "total_departures_unique": null, "route_short_name_unique": "736, 207" }, "geometry": { "type": "LineString", "coordinates": [ [ -9.1478612, 38.7468448 ], [ -9.1477593, 38.7463428 ], [ -9.1475283, 38.7454832 ], [ -9.1475282, 38.7454827 ], [ -9.1475198, 38.7454502 ], [ -9.1474938, 38.7453055 ], [ -9.1473865, 38.7449122 ], [ -9.1473745, 38.7446729 ], [ -9.147126, 38.743942 ], [ -9.1470465, 38.7437155 ], [ -9.1469641, 38.7434808 ], [ -9.1469314, 38.7434062 ], [ -9.1468905, 38.7433128 ], [ -9.1468141, 38.7431491 ], [ -9.1467772, 38.7429943 ] ] } },
{ "type": "Feature", "properties": { "services_sum": 3.2500566764905918, "total_departures_sum": 231, "route_short_name_sum": null, "services_unique": null, "total_departures_unique": null, "route_short_name_unique": "736, 207" }, "geometry": { "type": "LineString", "coordinates": [ [ -9.1475126, 38.7446963 ], [ -9.1475571, 38.7445767 ], [ -9.1473609, 38.7437953 ], [ -9.1472733, 38.7434334 ], [ -9.1472304, 38.7432566 ], [ -9.1471914, 38.7430916 ], [ -9.1470623, 38.7425468 ], [ -9.1470094, 38.7423176 ], [ -9.1469152, 38.7419301 ] ] } },
{ "type": "Feature", "properties": { "services_sum": 3.2500566764905918, "total_departures_sum": 231, "route_short_name_sum": null, "services_unique": null, "total_departures_unique": null, "route_short_name_unique": "736, 207" }, "geometry": { "type": "LineString", "coordinates": [ [ -9.1468576, 38.7416893 ], [ -9.146803, 38.7414625 ], [ -9.1467745, 38.7413509 ], [ -9.1467536, 38.7412532 ], [ -9.1467302, 38.7411618 ], [ -9.1464901, 38.7401825 ], [ -9.1464309, 38.7399292 ], [ -9.146335, 38.7396525 ], [ -9.146305, 38.7394233 ], [ -9.1462879, 38.7393326 ], [ -9.1462603, 38.7392112 ], [ -9.1461038, 38.7385862 ] ] } },
{ "type": "Feature", "properties": { "services_sum": 3.2500566764905918, "total_departures_sum": 231, "route_short_name_sum": null, "services_unique": null, "total_departures_unique": null, "route_short_name_unique": "736, 207" }, "geometry": { "type": "LineString", "coordinates": [ [ -9.1467189, 38.7427499 ], [ -9.1466938, 38.7426016 ], [ -9.1467223, 38.7425202 ], [ -9.1467183, 38.7425021 ], [ -9.146685, 38.7423591 ], [ -9.1466501, 38.7421982 ], [ -9.1466033, 38.7420074 ], [ -9.146567, 38.7418592 ], [ -9.1464816, 38.7415105 ], [ -9.1464544, 38.7413996 ], [ -9.146429, 38.7413055 ], [ -9.1464034, 38.7412106 ], [ -9.1461875, 38.7403937 ], [ -9.1461681, 38.74031 ], [ -9.1461082, 38.7400219 ], [ -9.1461825, 38.7398936 ], [ -9.1461714, 38.7396418 ], [ -9.146147, 38.739448 ], [ -9.1461244, 38.7393578 ], [ -9.1460957, 38.7392382 ], [ -9.146072, 38.7391423 ], [ -9.1459623, 38.7386984 ] ] } },
{ "type": "Feature", "properties": { "services_sum": 3.2500566764905918, "total_departures_sum": 231, "route_short_name_sum": null, "services_unique": null, "total_departures_unique": null, "route_short_name_unique": "736, 207" }, "geometry": { "type": "LineString", "coordinates": [ [ -9.1460574, 38.7383964 ], [ -9.1460483, 38.7383594 ], [ -9.1460322, 38.7382933 ] ] } },
{ "type": "Feature", "properties": { "services_sum": 3.2500566764905918, "total_departures_sum": 231, "route_short_name_sum": null, "services_unique": null, "total_departures_unique": null, "route_short_name_unique": "736, 207" }, "geometry": { "type": "LineString", "coordinates": [ [ -9.1460209, 38.7382469 ], [ -9.1460107, 38.7382054 ], [ -9.1459927, 38.7381359 ], [ -9.1457978, 38.7373824 ], [ -9.1457572, 38.7372223 ], [ -9.1457202, 38.7370683 ], [ -9.1455418, 38.736324 ], [ -9.1455129, 38.7362029 ], [ -9.1454854, 38.7360921 ], [ -9.1453293, 38.7354634 ], [ -9.1452654, 38.735206 ], [ -9.1452545, 38.7351619 ], [ -9.145238, 38.7351007 ], [ -9.14522, 38.7350139 ], [ -9.1451388, 38.7346738 ], [ -9.1450571, 38.734326 ], [ -9.1450454, 38.7342764 ], [ -9.1450212, 38.7341663 ], [ -9.1450059, 38.7340923 ], [ -9.1450011, 38.734069 ], [ -9.1449826, 38.733911 ] ] } },
{ "type": "Feature", "properties": { "services_sum": 3.2500566764905918, "total_departures_sum": 231, "route_short_name_sum": null, "services_unique": null, "total_departures_unique": null, "route_short_name_unique": "736, 207" }, "geometry": { "type": "LineString", "coordinates": [ [ -9.1449958, 38.7337039 ], [ -9.1449869, 38.7337885 ] ] } },
{ "type": "Feature", "properties": { "services_sum": 3.2500566764905918, "total_departures_sum": 231, "route_short_name_sum": null, "services_unique": null, "total_departures_unique": null, "route_short_name_unique": "736, 207" }, "geometry": { "type": "LineString", "coordinates": [ [ -9.1398553, 38.7141664 ], [ -9.1398934, 38.7142584 ], [ -9.139977, 38.7144351 ], [ -9.1398687, 38.7144365 ], [ -9.1397507, 38.7144343 ], [ -9.1395523, 38.7144816 ], [ -9.1394221, 38.7144835 ], [ -9.1393107, 38.7144434 ], [ -9.1392159, 38.714238 ] ] } },
{ "type": "Feature", "properties": { "services_sum": 2.6214822454692799, "total_departures_sum": 221, "route_short_name_sum": null, "services_unique": null, "total_departures_unique": null, "route_short_name_unique": "206, 207" }, "geometry": { "type": "LineString", "coordinates": [ [ -9.160055, 38.7741583 ], [ -9.1596991, 38.7742119 ] ] } },
{ "type": "Feature", "properties": { "services_sum": 2.6214822454692799, "total_departures_sum": 221, "route_short_name_sum": null, "services_unique": null, "total_departures_unique": null, "route_short_name_unique": "206, 207" }, "geometry": { "type": "LineString", "coordinates": [ [ -9.1596469, 38.7742188 ], [ -9.1594588, 38.7742437 ], [ -9.1589861, 38.774306 ] ] } },
{ "type": "Feature", "properties": { "services_sum": 2.6214822454692799, "total_departures_sum": 221, "route_short_name_sum": null, "services_unique": null, "total_departures_unique": null, "route_short_name_unique": "206, 207" }, "geometry": { "type": "LineString", "coordinates": [ [ -9.1570286, 38.7744315 ], [ -9.1569021, 38.7744263 ], [ -9.1568189, 38.7744228 ] ] } },
{ "type": "Feature", "properties": { "services_sum": 2.6214822454692799, "total_departures_sum": 221, "route_short_name_sum": null, "services_unique": null, "total_departures_unique": null, "route_short_name_unique": "206, 207" }, "geometry": { "type": "LineString", "coordinates": [ [ -9.1557928, 38.7585276 ], [ -9.1553272, 38.7578995 ], [ -9.1552874, 38.7578458 ] ] } },
{ "type": "Feature", "properties": { "services_sum": 2.6214822454692799, "total_departures_sum": 221, "route_short_name_sum": null, "services_unique": null, "total_departures_unique": null, "route_short_name_unique": "206, 207" }, "geometry": { "type": "LineString", "coordinates": [ [ -9.1526588, 38.7742444 ], [ -9.1519705, 38.774297 ], [ -9.1514776, 38.7743346 ] ] } },
{ "type": "Feature", "properties": { "services_sum": 2.6214822454692799, "total_departures_sum": 221, "route_short_name_sum": null, "services_unique": null, "total_departures_unique": null, "route_short_name_unique": "206, 207" }, "geometry": { "type": "LineString", "coordinates": [ [ -9.1526212, 38.7743388 ], [ -9.1521408, 38.7743746 ], [ -9.1521275, 38.7743756 ], [ -9.1514626, 38.7744282 ] ] } },
{ "type": "Feature", "properties": { "services_sum": 2.6214822454692799, "total_departures_sum": 221, "route_short_name_sum": null, "services_unique": null, "total_departures_unique": null, "route_short_name_unique": "206, 207" }, "geometry": { "type": "LineString", "coordinates": [ [ -9.1495449, 38.7745681 ], [ -9.1489523, 38.7746133 ], [ -9.1486651, 38.7746351 ] ] } },
{ "type": "Feature", "properties": { "services_sum": 10.017455805350505, "total_departures_sum": 682, "route_short_name_sum": null, "services_unique": null, "total_departures_unique": null, "route_short_name_unique": "717, 736, 207" }, "geometry": { "type": "LineString", "coordinates": [ [ -9.1594343, 38.7697973 ], [ -9.1591156, 38.7693259 ], [ -9.1588233, 38.7689144 ], [ -9.1586861, 38.7687222 ], [ -9.1585822, 38.7685695 ], [ -9.1584371, 38.7681966 ], [ -9.1583637, 38.7679827 ], [ -9.1583462, 38.767926 ], [ -9.1583289, 38.7678794 ] ] } },
{ "type": "Feature", "properties": { "services_sum": 10.017455805350505, "total_departures_sum": 682, "route_short_name_sum": null, "services_unique": null, "total_departures_unique": null, "route_short_name_unique": "717, 736, 207" }, "geometry": { "type": "LineString", "coordinates": [ [ -9.1579926, 38.7671434 ], [ -9.1579579, 38.7670672 ], [ -9.1578544, 38.7668393 ], [ -9.1577983, 38.7667162 ], [ -9.157753, 38.7666071 ], [ -9.1577166, 38.7665169 ], [ -9.1576286, 38.7663836 ], [ -9.1573878, 38.7658706 ], [ -9.1573201, 38.7655685 ], [ -9.1572618, 38.7653071 ] ] } },
{ "type": "Feature", "properties": { "services_sum": 10.017455805350505, "total_departures_sum": 682, "route_short_name_sum": null, "services_unique": null, "total_departures_unique": null, "route_short_name_unique": "717, 736, 207" }, "geometry": { "type": "LineString", "coordinates": [ [ -9.1572557, 38.7652579 ], [ -9.1572273, 38.7651507 ], [ -9.1572031, 38.7650309 ], [ -9.1571353, 38.7647132 ], [ -9.1571061, 38.7645764 ] ] } },
{ "type": "Feature", "properties": { "services_sum": 10.017455805350505, "total_departures_sum": 682, "route_short_name_sum": null, "services_unique": null, "total_departures_unique": null, "route_short_name_unique": "717, 736, 207" }, "geometry": { "type": "LineString", "coordinates": [ [ -9.1572187, 38.762407 ], [ -9.1571588, 38.7624694 ] ] } },
{ "type": "Feature", "properties": { "services_sum": 10.017455805350505, "total_departures_sum": 682, "route_short_name_sum": null, "services_unique": null, "total_departures_unique": null, "route_short_name_unique": "717, 736, 207" }, "geometry": { "type": "LineString", "coordinates": [ [ -9.1570452, 38.7643153 ], [ -9.1570165, 38.7641828 ], [ -9.1569924, 38.7640819 ], [ -9.156941, 38.7638591 ] ] } },
{ "type": "Feature", "properties": { "services_sum": 10.017455805350505, "total_departures_sum": 682, "route_short_name_sum": null, "services_unique": null, "total_departures_unique": null, "route_short_name_unique": "717, 736, 207" }, "geometry": { "type": "LineString", "coordinates": [ [ -9.1570436, 38.7625581 ], [ -9.1569874, 38.7625848 ] ] } },
{ "type": "Feature", "properties": { "services_sum": 10.017455805350505, "total_departures_sum": 682, "route_short_name_sum": null, "services_unique": null, "total_departures_unique": null, "route_short_name_unique": "717, 736, 207" }, "geometry": { "type": "LineString", "coordinates": [ [ -9.1567376, 38.7629974 ], [ -9.1567071, 38.7629203 ], [ -9.1566686, 38.7628274 ] ] } },
{ "type": "Feature", "properties": { "services_sum": 6.5001133529811836, "total_departures_sum": 462, "route_short_name_sum": null, "services_unique": null, "total_departures_unique": null, "route_short_name_unique": "736, 207" }, "geometry": { "type": "LineString", "coordinates": [ [ -9.1571588, 38.7624694 ], [ -9.1571022, 38.7625129 ], [ -9.1570436, 38.7625581 ] ] } },
{ "type": "Feature", "properties": { "services_sum": 6.5001133529811836, "total_departures_sum": 462, "route_short_name_sum": null, "services_unique": null, "total_departures_unique": null, "route_short_name_unique": "736, 207" }, "geometry": { "type": "LineString", "coordinates": [ [ -9.1568384, 38.7634149 ], [ -9.1568219, 38.7633408 ] ] } },
{ "type": "Feature", "properties": { "services_sum": 6.5001133529811836, "total_departures_sum": 462, "route_short_name_sum": null, "services_unique": null, "total_departures_unique": null, "route_short_name_unique": "736, 207" }, "geometry": { "type": "LineString", "coordinates": [ [ -9.1411694, 38.7150637 ], [ -9.1411035, 38.7149898 ], [ -9.140921, 38.7147829 ], [ -9.1408702, 38.7147438 ], [ -9.1408299, 38.7147165 ], [ -9.1407696, 38.714688 ], [ -9.1407294, 38.7146725 ], [ -9.140576, 38.7146241 ], [ -9.1405084, 38.7146015 ], [ -9.1403084, 38.7145423 ], [ -9.1402129, 38.7145091 ], [ -9.1401444, 38.7144841 ], [ -9.139977, 38.7144351 ] ] } },
{ "type": "Feature", "properties": { "services_sum": 3.5173424523693209, "total_departures_sum": 220, "route_short_name_sum": null, "services_unique": null, "total_departures_unique": null, "route_short_name_unique": "717" }, "geometry": { "type": "LineString", "coordinates": [ [ -9.1571588, 38.7624694 ], [ -9.1570436, 38.7625581 ] ] } },
{ "type": "Feature", "properties": { "services_sum": 3.5173424523693209, "total_departures_sum": 220, "route_short_name_sum": null, "services_unique": null, "total_departures_unique": null, "route_short_name_unique": "717" }, "geometry": { "type": "LineString", "coordinates": [ [ -9.1506688, 38.7893888 ], [ -9.150664, 38.7892324 ], [ -9.1506106, 38.7888792 ] ] } },
{ "type": "Feature", "properties": { "services_sum": 3.5173424523693209, "total_departures_sum": 220, "route_short_name_sum": null, "services_unique": null, "total_departures_unique": null, "route_short_name_unique": "717" }, "geometry": { "type": "LineString", "coordinates": [ [ -9.140873, 38.7582689 ], [ -9.1408532, 38.7582276 ], [ -9.1408253, 38.7581691 ], [ -9.1408009, 38.7581233 ] ] } },
{ "type": "Feature", "properties": { "services_sum": 3.5173424523693209, "total_departures_sum": 220, "route_short_name_sum": null, "services_unique": null, "total_departures_unique": null, "route_short_name_unique": "717" }, "geometry": { "type": "LineString", "coordinates": [ [ -9.1406481, 38.7578288 ], [ -9.1403798, 38.7573314 ] ] } },
{ "type": "Feature", "properties": { "services_sum": 3.5173424523693209, "total_departures_sum": 220, "route_short_name_sum": null, "services_unique": null, "total_departures_unique": null, "route_short_name_unique": "717" }, "geometry": { "type": "LineString", "coordinates": [ [ -9.1401566, 38.7569118 ], [ -9.1400699, 38.7567487 ], [ -9.1399645, 38.7565505 ] ] } },
{ "type": "Feature", "properties": { "services_sum": 3.5173424523693209, "total_departures_sum": 220, "route_short_name_sum": null, "services_unique": null, "total_departures_unique": null, "route_short_name_unique": "717" }, "geometry": { "type": "LineString", "coordinates": [ [ -9.1397875, 38.7562176 ], [ -9.1393723, 38.7554369 ], [ -9.1393399, 38.755375 ] ] } },
{ "type": "Feature", "properties": { "services_sum": 3.5173424523693209, "total_departures_sum": 220, "route_short_name_sum": null, "services_unique": null, "total_departures_unique": null, "route_short_name_unique": "717" }, "geometry": { "type": "LineString", "coordinates": [ [ -9.1388841, 38.7545984 ], [ -9.1388704, 38.7545229 ], [ -9.1387932, 38.75435 ] ] } },
{ "type": "Feature", "properties": { "services_sum": 3.5173424523693209, "total_departures_sum": 220, "route_short_name_sum": null, "services_unique": null, "total_departures_unique": null, "route_short_name_unique": "717" }, "geometry": { "type": "LineString", "coordinates": [ [ -9.1379974, 38.7528815 ], [ -9.1379615, 38.7528018 ], [ -9.1379164, 38.7527192 ] ] } },
{ "type": "Feature", "properties": { "services_sum": 3.5173424523693209, "total_departures_sum": 220, "route_short_name_sum": null, "services_unique": null, "total_departures_unique": null, "route_short_name_unique": "717" }, "geometry": { "type": "LineString", "coordinates": [ [ -9.1374901, 38.7518589 ], [ -9.1373652, 38.7515498 ], [ -9.1373178, 38.7512942 ], [ -9.1373184, 38.751008 ], [ -9.1373248, 38.750941 ] ] } },
{ "type": "Feature", "properties": { "services_sum": 3.5173424523693209, "total_departures_sum": 220, "route_short_name_sum": null, "services_unique": null, "total_departures_unique": null, "route_short_name_unique": "717" }, "geometry": { "type": "LineString", "coordinates": [ [ -9.1374324, 38.7499238 ], [ -9.1374126, 38.7500194 ] ] } },
{ "type": "Feature", "properties": { "services_sum": 6.1756646935990771, "total_departures_sum": 458, "route_short_name_sum": null, "services_unique": null, "total_departures_unique": null, "route_short_name_unique": "206, 717, 736, 207" }, "geometry": { "type": "LineString", "coordinates": [ [ -9.1569651, 38.7601995 ], [ -9.1569612, 38.7600871 ], [ -9.1569357, 38.760011 ], [ -9.1569254, 38.7599903 ], [ -9.1568529, 38.7598447 ], [ -9.1568347, 38.759785 ], [ -9.156818, 38.7597428 ], [ -9.1567517, 38.7595843 ], [ -9.1567335, 38.7595464 ], [ -9.1566755, 38.7594398 ], [ -9.1565522, 38.7592581 ], [ -9.1564826, 38.7591588 ], [ -9.1564421, 38.759101 ], [ -9.156343, 38.7590313 ] ] } },
{ "type": "Feature", "properties": { "services_sum": 6.1756646935990771, "total_departures_sum": 458, "route_short_name_sum": null, "services_unique": null, "total_departures_unique": null, "route_short_name_unique": "206, 717, 736, 207" }, "geometry": { "type": "LineString", "coordinates": [ [ -9.1568332, 38.7602811 ], [ -9.1565626, 38.7603358 ] ] } },
{ "type": "Feature", "properties": { "services_sum": 6.1756646935990771, "total_departures_sum": 458, "route_short_name_sum": null, "services_unique": null, "total_departures_unique": null, "route_short_name_unique": "206, 717, 736, 207" }, "geometry": { "type": "LineString", "coordinates": [ [ -9.1563359, 38.7603816 ], [ -9.1560502, 38.7604393 ], [ -9.1557681, 38.7604963 ], [ -9.1556802, 38.7604814 ] ] } },
{ "type": "Feature", "properties": { "services_sum": 8.2587845791658445, "total_departures_sum": 572, "route_short_name_sum": null, "services_unique": null, "total_departures_unique": null, "route_short_name_unique": "717, 736, 207" }, "geometry": { "type": "LineString", "coordinates": [ [ -9.156941, 38.7638591 ], [ -9.1568384, 38.7634149 ] ] } },
{ "type": "Feature", "properties": { "services_sum": 8.2587845791658445, "total_departures_sum": 572, "route_short_name_sum": null, "services_unique": null, "total_departures_unique": null, "route_short_name_unique": "717, 736, 207" }, "geometry": { "type": "LineString", "coordinates": [ [ -9.1568219, 38.7633408 ], [ -9.1567376, 38.7629974 ] ] } },
{ "type": "Feature", "properties": { "services_sum": 7.3188847634625258, "total_departures_sum": 483, "route_short_name_sum": null, "services_unique": null, "total_departures_unique": null, "route_short_name_unique": "750, 206, 717, 736, 207" }, "geometry": { "type": "LineString", "coordinates": [ [ -9.156343, 38.7590313 ], [ -9.1560679, 38.758866 ], [ -9.1559152, 38.7586854 ], [ -9.1557928, 38.7585276 ] ] } },
{ "type": "Feature", "properties": { "services_sum": 7.3188847634625258, "total_departures_sum": 483, "route_short_name_sum": null, "services_unique": null, "total_departures_unique": null, "route_short_name_unique": "750, 206, 717, 736, 207" }, "geometry": { "type": "LineString", "coordinates": [ [ -9.1551618, 38.7576762 ], [ -9.1548583, 38.7572667 ], [ -9.1543956, 38.7566425 ], [ -9.1541947, 38.7563355 ], [ -9.1541238, 38.7562287 ], [ -9.1537601, 38.755694 ], [ -9.1533599, 38.7550669 ], [ -9.1529619, 38.7545311 ], [ -9.1528697, 38.7544083 ] ] } },
{ "type": "Feature", "properties": { "services_sum": 2.1672146458835364, "total_departures_sum": 138, "route_short_name_sum": null, "services_unique": null, "total_departures_unique": null, "route_short_name_unique": "206" }, "geometry": { "type": "LineString", "coordinates": [ [ -9.1558119, 38.7610027 ], [ -9.1557368, 38.7610511 ], [ -9.1556065, 38.761131 ], [ -9.1555301, 38.7611767 ] ] } },
{ "type": "Feature", "properties": { "services_sum": 2.1672146458835364, "total_departures_sum": 138, "route_short_name_sum": null, "services_unique": null, "total_departures_unique": null, "route_short_name_unique": "206" }, "geometry": { "type": "LineString", "coordinates": [ [ -9.1556494, 38.7606525 ], [ -9.1555859, 38.7605938 ], [ -9.1555337, 38.7604929 ], [ -9.1554201, 38.760232 ] ] } },
{ "type": "Feature", "properties": { "services_sum": 2.1672146458835364, "total_departures_sum": 138, "route_short_name_sum": null, "services_unique": null, "total_departures_unique": null, "route_short_name_unique": "206" }, "geometry": { "type": "LineString", "coordinates": [ [ -9.1541842, 38.7617068 ], [ -9.1539855, 38.7617676 ] ] } },
{ "type": "Feature", "properties": { "services_sum": 2.1672146458835364, "total_departures_sum": 138, "route_short_name_sum": null, "services_unique": null, "total_departures_unique": null, "route_short_name_unique": "206" }, "geometry": { "type": "LineString", "coordinates": [ [ -9.1538839, 38.7617981 ], [ -9.1538545, 38.7618072 ], [ -9.1536259, 38.7618777 ] ] } },
{ "type": "Feature", "properties": { "services_sum": 2.1672146458835364, "total_departures_sum": 138, "route_short_name_sum": null, "services_unique": null, "total_departures_unique": null, "route_short_name_unique": "206" }, "geometry": { "type": "LineString", "coordinates": [ [ -9.1536469, 38.7638747 ], [ -9.1535828, 38.7640365 ], [ -9.1535547, 38.7641423 ], [ -9.1535292, 38.7642385 ], [ -9.1528545, 38.7648482 ], [ -9.1526926, 38.7649944 ], [ -9.152639, 38.7650383 ], [ -9.1525907, 38.7651784 ], [ -9.1525907, 38.7653143 ], [ -9.1526607, 38.7656199 ], [ -9.1528635, 38.766429 ], [ -9.1528823, 38.7665041 ], [ -9.1529069, 38.7666019 ], [ -9.1527559, 38.7666139 ], [ -9.1523408, 38.7666538 ], [ -9.1517609, 38.7667403 ], [ -9.1515676, 38.7667885 ], [ -9.1511578, 38.766911 ], [ -9.1510532, 38.7669352 ], [ -9.1506792, 38.7670217 ], [ -9.1505348, 38.7670499 ], [ -9.149495, 38.7672351 ], [ -9.1488904, 38.7673403 ], [ -9.1487569, 38.7673533 ], [ -9.1485147, 38.7673618 ], [ -9.1483738, 38.7673602 ], [ -9.1483847, 38.7674421 ], [ -9.1486027, 38.769187 ], [ -9.1486142, 38.769264 ], [ -9.1486785, 38.769858 ], [ -9.1489452, 38.7723201 ], [ -9.148821, 38.7723803 ], [ -9.1487296, 38.7724694 ], [ -9.1486816, 38.7725771 ], [ -9.1486823, 38.7726911 ], [ -9.1487318, 38.7727984 ], [ -9.1488243, 38.7728868 ], [ -9.1480966, 38.7745983 ] ] } },
{ "type": "Feature", "properties": { "services_sum": 2.1672146458835364, "total_departures_sum": 138, "route_short_name_sum": null, "services_unique": null, "total_departures_unique": null, "route_short_name_unique": "206" }, "geometry": { "type": "LineString", "coordinates": [ [ -9.1535114, 38.7632615 ], [ -9.153504, 38.7632253 ], [ -9.1534782, 38.7630982 ] ] } },
{ "type": "Feature", "properties": { "services_sum": 2.1672146458835364, "total_departures_sum": 138, "route_short_name_sum": null, "services_unique": null, "total_departures_unique": null, "route_short_name_unique": "206" }, "geometry": { "type": "LineString", "coordinates": [ [ -9.1534488, 38.7629606 ], [ -9.1533912, 38.7626914 ] ] } },
{ "type": "Feature", "properties": { "services_sum": 2.1672146458835364, "total_departures_sum": 138, "route_short_name_sum": null, "services_unique": null, "total_departures_unique": null, "route_short_name_unique": "206" }, "geometry": { "type": "LineString", "coordinates": [ [ -9.1447513, 38.7547175 ], [ -9.1447452, 38.7547061 ], [ -9.1446983, 38.7546178 ] ] } },
{ "type": "Feature", "properties": { "services_sum": 2.1672146458835364, "total_departures_sum": 138, "route_short_name_sum": null, "services_unique": null, "total_departures_unique": null, "route_short_name_unique": "206" }, "geometry": { "type": "LineString", "coordinates": [ [ -9.1445004, 38.7542158 ], [ -9.1444165, 38.7540573 ] ] } },
{ "type": "Feature", "properties": { "services_sum": 2.1672146458835364, "total_departures_sum": 138, "route_short_name_sum": null, "services_unique": null, "total_departures_unique": null, "route_short_name_unique": "206" }, "geometry": { "type": "LineString", "coordinates": [ [ -9.1439909, 38.7534236 ], [ -9.1439361, 38.753348 ], [ -9.1438943, 38.7532894 ], [ -9.1438332, 38.7532102 ], [ -9.1437492, 38.7530148 ], [ -9.1437215, 38.7529281 ], [ -9.1436516, 38.7527449 ], [ -9.1435528, 38.7524907 ], [ -9.1433588, 38.7520824 ], [ -9.1432346, 38.7518492 ], [ -9.1432249, 38.751831 ], [ -9.1430509, 38.7515042 ], [ -9.1429217, 38.7512617 ], [ -9.1428826, 38.7511891 ], [ -9.1428218, 38.751083 ], [ -9.1427639, 38.7509838 ], [ -9.1424883, 38.7505112 ], [ -9.1424101, 38.7503772 ], [ -9.1423591, 38.7502898 ], [ -9.1422218, 38.7500566 ], [ -9.1422088, 38.7500345 ], [ -9.1420143, 38.749704 ], [ -9.1419956, 38.7496667 ], [ -9.141917, 38.749532 ], [ -9.1418591, 38.7494327 ], [ -9.1418241, 38.7493727 ], [ -9.1417914, 38.7492956 ], [ -9.1417669, 38.7492378 ], [ -9.1417349, 38.7491624 ], [ -9.1416981, 38.749091 ], [ -9.1416322, 38.7489506 ], [ -9.1416128, 38.7489082 ], [ -9.1415676, 38.7488057 ], [ -9.141417, 38.7484879 ], [ -9.1409066, 38.7475409 ], [ -9.1408828, 38.7474968 ], [ -9.1405442, 38.7468686 ], [ -9.1404859, 38.7467416 ], [ -9.1404213, 38.7466255 ], [ -9.1402283, 38.746269 ], [ -9.1399447, 38.7457567 ], [ -9.1398754, 38.7456316 ], [ -9.1398391, 38.7455579 ], [ -9.1398251, 38.7455297 ], [ -9.1397898, 38.7454582 ], [ -9.1396737, 38.7452291 ], [ -9.1396089, 38.7451011 ], [ -9.1394168, 38.7447217 ], [ -9.139369, 38.7446309 ], [ -9.1391831, 38.7442814 ], [ -9.1391759, 38.744268 ], [ -9.1390657, 38.7440608 ], [ -9.1390095, 38.7439566 ], [ -9.1387498, 38.7434754 ], [ -9.1386951, 38.7433741 ], [ -9.1386485, 38.7432892 ], [ -9.1383366, 38.7427019 ], [ -9.1382738, 38.7425792 ], [ -9.138129, 38.7425724 ], [ -9.1373331, 38.7425186 ], [ -9.136554, 38.742466 ], [ -9.1363454, 38.7424519 ], [ -9.1356204, 38.7424029 ], [ -9.1354492, 38.7423913 ], [ -9.1352654, 38.7423792 ], [ -9.1343698, 38.7423202 ], [ -9.1339972, 38.7422956 ], [ -9.1339205, 38.7422992 ], [ -9.1337957, 38.7423089 ], [ -9.1336609, 38.7423904 ], [ -9.1335433, 38.7424445 ] ] } },
{ "type": "Feature", "properties": { "services_sum": 2.1672146458835364, "total_departures_sum": 138, "route_short_name_sum": null, "services_unique": null, "total_departures_unique": null, "route_short_name_unique": "206" }, "geometry": { "type": "LineString", "coordinates": [ [ -9.1432142, 38.7059023 ], [ -9.1432139, 38.705913 ] ] } },
{ "type": "Feature", "properties": { "services_sum": 2.1672146458835364, "total_departures_sum": 138, "route_short_name_sum": null, "services_unique": null, "total_departures_unique": null, "route_short_name_unique": "206" }, "geometry": { "type": "LineString", "coordinates": [ [ -9.1341167, 38.7338968 ], [ -9.1339696, 38.7337287 ], [ -9.1338578, 38.733601 ] ] } },
{ "type": "Feature", "properties": { "services_sum": 2.1672146458835364, "total_departures_sum": 138, "route_short_name_sum": null, "services_unique": null, "total_departures_unique": null, "route_short_name_unique": "206" }, "geometry": { "type": "LineString", "coordinates": [ [ -9.1334895, 38.7086515 ], [ -9.1334507, 38.7085388 ], [ -9.133434, 38.7084901 ] ] } },
{ "type": "Feature", "properties": { "services_sum": 2.1672146458835364, "total_departures_sum": 138, "route_short_name_sum": null, "services_unique": null, "total_departures_unique": null, "route_short_name_unique": "206" }, "geometry": { "type": "LineString", "coordinates": [ [ -9.1333736, 38.7083147 ], [ -9.1332896, 38.7080703 ] ] } },
{ "type": "Feature", "properties": { "services_sum": 2.1672146458835364, "total_departures_sum": 138, "route_short_name_sum": null, "services_unique": null, "total_departures_unique": null, "route_short_name_unique": "206" }, "geometry": { "type": "LineString", "coordinates": [ [ -9.1331624, 38.7421428 ], [ -9.1331485, 38.742157 ], [ -9.1331121, 38.7421939 ], [ -9.1331028, 38.7422113 ], [ -9.1330685, 38.7422754 ] ] } },
{ "type": "Feature", "properties": { "services_sum": 2.1672146458835364, "total_departures_sum": 138, "route_short_name_sum": null, "services_unique": null, "total_departures_unique": null, "route_short_name_unique": "206" }, "geometry": { "type": "LineString", "coordinates": [ [ -9.1321349, 38.7080186 ], [ -9.1320286, 38.708066 ], [ -9.131832, 38.7081534 ] ] } },
{ "type": "Feature", "properties": { "services_sum": 2.1672146458835364, "total_departures_sum": 138, "route_short_name_sum": null, "services_unique": null, "total_departures_unique": null, "route_short_name_unique": "206" }, "geometry": { "type": "LineString", "coordinates": [ [ -9.1287822, 38.7224088 ], [ -9.1288029, 38.7221965 ], [ -9.1288077, 38.7221472 ], [ -9.1288152, 38.7220699 ], [ -9.1288285, 38.7219338 ], [ -9.1288665, 38.7215466 ], [ -9.1287513, 38.7213923 ], [ -9.1286921, 38.7213185 ], [ -9.1280356, 38.7212604 ], [ -9.1271844, 38.7211961 ], [ -9.1271524, 38.7211936 ], [ -9.1270895, 38.7211469 ], [ -9.1269174, 38.7211408 ] ] } },
{ "type": "Feature", "properties": { "services_sum": 2.1672146458835364, "total_departures_sum": 138, "route_short_name_sum": null, "services_unique": null, "total_departures_unique": null, "route_short_name_unique": "206" }, "geometry": { "type": "LineString", "coordinates": [ [ -9.1286222, 38.7240539 ], [ -9.1285408, 38.724889 ], [ -9.1285354, 38.7249444 ] ] } },
{ "type": "Feature", "properties": { "services_sum": 2.1672146458835364, "total_departures_sum": 138, "route_short_name_sum": null, "services_unique": null, "total_departures_unique": null, "route_short_name_unique": "206" }, "geometry": { "type": "LineString", "coordinates": [ [ -9.1283405, 38.7269442 ], [ -9.1283011, 38.7273478 ] ] } },
{ "type": "Feature", "properties": { "services_sum": 2.1672146458835364, "total_departures_sum": 138, "route_short_name_sum": null, "services_unique": null, "total_departures_unique": null, "route_short_name_unique": "206" }, "geometry": { "type": "LineString", "coordinates": [ [ -9.1282885, 38.7274772 ], [ -9.1282752, 38.7276137 ], [ -9.1282632, 38.7277368 ] ] } },
{ "type": "Feature", "properties": { "services_sum": 2.1672146458835364, "total_departures_sum": 138, "route_short_name_sum": null, "services_unique": null, "total_departures_unique": null, "route_short_name_unique": "206" }, "geometry": { "type": "LineString", "coordinates": [ [ -9.1278805, 38.7304094 ], [ -9.1278666, 38.7304351 ], [ -9.1277693, 38.7306139 ] ] } },
{ "type": "Feature", "properties": { "services_sum": 2.1672146458835364, "total_departures_sum": 138, "route_short_name_sum": null, "services_unique": null, "total_departures_unique": null, "route_short_name_unique": "206" }, "geometry": { "type": "LineString", "coordinates": [ [ -9.1277218, 38.7307082 ], [ -9.1276556, 38.7306772 ], [ -9.1275842, 38.7306547 ], [ -9.1275194, 38.7306423 ], [ -9.1274538, 38.7306368 ], [ -9.1274211, 38.7306366 ], [ -9.1273886, 38.7306381 ], [ -9.1273395, 38.7306407 ], [ -9.127302, 38.7306484 ], [ -9.1272573, 38.7306572 ], [ -9.1271994, 38.730674 ], [ -9.1271833, 38.7306894 ], [ -9.1271416, 38.7307248 ], [ -9.1267817, 38.7311496 ], [ -9.1267067, 38.7312381 ] ] } },
{ "type": "Feature", "properties": { "services_sum": 2.1672146458835364, "total_departures_sum": 138, "route_short_name_sum": null, "services_unique": null, "total_departures_unique": null, "route_short_name_unique": "206" }, "geometry": { "type": "LineString", "coordinates": [ [ -9.1250486, 38.7210132 ], [ -9.1250124, 38.7210355 ], [ -9.1248112, 38.7211612 ], [ -9.1241016, 38.7207029 ], [ -9.1238161, 38.720518 ], [ -9.1234922, 38.7203081 ], [ -9.1236494, 38.7201598 ], [ -9.1236956, 38.7201163 ] ] } },
{ "type": "Feature", "properties": { "services_sum": 2.1672146458835364, "total_departures_sum": 138, "route_short_name_sum": null, "services_unique": null, "total_departures_unique": null, "route_short_name_unique": "206" }, "geometry": { "type": "LineString", "coordinates": [ [ -9.1233668, 38.7198875 ], [ -9.1232022, 38.7197792 ], [ -9.1227629, 38.7194901 ] ] } },
{ "type": "Feature", "properties": { "services_sum": 2.1672146458835364, "total_departures_sum": 138, "route_short_name_sum": null, "services_unique": null, "total_departures_unique": null, "route_short_name_unique": "206" }, "geometry": { "type": "LineString", "coordinates": [ [ -9.1223755, 38.7178473 ], [ -9.1220909, 38.7176954 ], [ -9.121817, 38.7175491 ] ] } },
{ "type": "Feature", "properties": { "services_sum": 2.1672146458835364, "total_departures_sum": 138, "route_short_name_sum": null, "services_unique": null, "total_departures_unique": null, "route_short_name_unique": "206" }, "geometry": { "type": "LineString", "coordinates": [ [ -9.1222098, 38.7180042 ], [ -9.1221207, 38.7180051 ] ] } },
{ "type": "Feature", "properties": { "services_sum": 2.1672146458835364, "total_departures_sum": 138, "route_short_name_sum": null, "services_unique": null, "total_departures_unique": null, "route_short_name_unique": "206" }, "geometry": { "type": "LineString", "coordinates": [ [ -9.1215823, 38.7185782 ], [ -9.1208981, 38.7180262 ] ] } },
{ "type": "Feature", "properties": { "services_sum": 2.1672146458835364, "total_departures_sum": 138, "route_short_name_sum": null, "services_unique": null, "total_departures_unique": null, "route_short_name_unique": "206" }, "geometry": { "type": "LineString", "coordinates": [ [ -9.1207075, 38.7169304 ], [ -9.1205146, 38.7168037 ] ] } },
{ "type": "Feature", "properties": { "services_sum": 3.3341514368073613, "total_departures_sum": 255, "route_short_name_sum": null, "services_unique": null, "total_departures_unique": null, "route_short_name_unique": "206" }, "geometry": { "type": "LineString", "coordinates": [ [ -9.1558119, 38.7610027 ], [ -9.155722, 38.7607988 ], [ -9.1556648, 38.7606831 ], [ -9.1556494, 38.7606525 ] ] } },
{ "type": "Feature", "properties": { "services_sum": 3.3341514368073613, "total_departures_sum": 255, "route_short_name_sum": null, "services_unique": null, "total_departures_unique": null, "route_short_name_unique": "206" }, "geometry": { "type": "LineString", "coordinates": [ [ -9.1555301, 38.7611767 ], [ -9.155259, 38.7612929 ], [ -9.1548885, 38.7614723 ], [ -9.1547095, 38.761546 ], [ -9.1541842, 38.7617068 ] ] } },
{ "type": "Feature", "properties": { "services_sum": 3.3341514368073613, "total_departures_sum": 255, "route_short_name_sum": null, "services_unique": null, "total_departures_unique": null, "route_short_name_unique": "206" }, "geometry": { "type": "LineString", "coordinates": [ [ -9.1539855, 38.7617676 ], [ -9.1538839, 38.7617981 ] ] } },
{ "type": "Feature", "properties": { "services_sum": 3.3341514368073613, "total_departures_sum": 255, "route_short_name_sum": null, "services_unique": null, "total_departures_unique": null, "route_short_name_unique": "206" }, "geometry": { "type": "LineString", "coordinates": [ [ -9.1536469, 38.7638747 ], [ -9.1536283, 38.7637705 ], [ -9.1535784, 38.7635609 ], [ -9.1535371, 38.7633876 ], [ -9.1535114, 38.7632615 ] ] } },
{ "type": "Feature", "properties": { "services_sum": 3.3341514368073613, "total_departures_sum": 255, "route_short_name_sum": null, "services_unique": null, "total_departures_unique": null, "route_short_name_unique": "206" }, "geometry": { "type": "LineString", "coordinates": [ [ -9.1536259, 38.7618777 ], [ -9.1533925, 38.7620742 ], [ -9.1532988, 38.762284 ], [ -9.153355, 38.7625317 ], [ -9.1533912, 38.7626914 ] ] } },
{ "type": "Feature", "properties": { "services_sum": 3.3341514368073613, "total_departures_sum": 255, "route_short_name_sum": null, "services_unique": null, "total_departures_unique": null, "route_short_name_unique": "206" }, "geometry": { "type": "LineString", "coordinates": [ [ -9.1534782, 38.7630982 ], [ -9.1534488, 38.7629606 ] ] } },
{ "type": "Feature", "properties": { "services_sum": 3.3341514368073613, "total_departures_sum": 255, "route_short_name_sum": null, "services_unique": null, "total_departures_unique": null, "route_short_name_unique": "206" }, "geometry": { "type": "LineString", "coordinates": [ [ -9.1287822, 38.7224088 ], [ -9.1287751, 38.722484 ], [ -9.1287366, 38.7228798 ], [ -9.1286685, 38.7235789 ], [ -9.1286314, 38.7239595 ], [ -9.1286222, 38.7240539 ] ] } },
{ "type": "Feature", "properties": { "services_sum": 3.3341514368073613, "total_departures_sum": 255, "route_short_name_sum": null, "services_unique": null, "total_departures_unique": null, "route_short_name_unique": "206" }, "geometry": { "type": "LineString", "coordinates": [ [ -9.1285354, 38.7249444 ], [ -9.1285266, 38.7250346 ], [ -9.1285079, 38.7252263 ], [ -9.1284239, 38.7260882 ], [ -9.1284121, 38.7262093 ], [ -9.1283624, 38.7267192 ], [ -9.1283501, 38.7268449 ], [ -9.1283405, 38.7269442 ] ] } },
{ "type": "Feature", "properties": { "services_sum": 3.3341514368073613, "total_departures_sum": 255, "route_short_name_sum": null, "services_unique": null, "total_departures_unique": null, "route_short_name_unique": "206" }, "geometry": { "type": "LineString", "coordinates": [ [ -9.1283011, 38.7273478 ], [ -9.1282885, 38.7274772 ] ] } },
{ "type": "Feature", "properties": { "services_sum": 3.3341514368073613, "total_departures_sum": 255, "route_short_name_sum": null, "services_unique": null, "total_departures_unique": null, "route_short_name_unique": "206" }, "geometry": { "type": "LineString", "coordinates": [ [ -9.1282632, 38.7277368 ], [ -9.1282421, 38.728029 ], [ -9.1282247, 38.728269 ], [ -9.1281908, 38.7285767 ], [ -9.128185, 38.7286294 ], [ -9.128166, 38.7287737 ], [ -9.1280588, 38.7296934 ], [ -9.12805, 38.7297688 ], [ -9.1280291, 38.7299092 ], [ -9.1280028, 38.7300609 ], [ -9.127982, 38.7301603 ], [ -9.1279488, 38.7302655 ], [ -9.127915, 38.7303459 ], [ -9.1278805, 38.7304094 ] ] } },
{ "type": "Feature", "properties": { "services_sum": 3.3341514368073613, "total_departures_sum": 255, "route_short_name_sum": null, "services_unique": null, "total_departures_unique": null, "route_short_name_unique": "206" }, "geometry": { "type": "LineString", "coordinates": [ [ -9.1277693, 38.7306139 ], [ -9.1277218, 38.7307082 ] ] } },
{ "type": "Feature", "properties": { "services_sum": 3.3341514368073613, "total_departures_sum": 255, "route_short_name_sum": null, "services_unique": null, "total_departures_unique": null, "route_short_name_unique": "206" }, "geometry": { "type": "LineString", "coordinates": [ [ -9.1269174, 38.7211408 ], [ -9.1267276, 38.7211321 ], [ -9.1261342, 38.7210665 ], [ -9.1255112, 38.7210336 ], [ -9.1252214, 38.7210175 ], [ -9.1250486, 38.7210132 ] ] } },
{ "type": "Feature", "properties": { "services_sum": 3.3341514368073613, "total_departures_sum": 255, "route_short_name_sum": null, "services_unique": null, "total_departures_unique": null, "route_short_name_unique": "206" }, "geometry": { "type": "LineString", "coordinates": [ [ -9.1236956, 38.7201163 ], [ -9.1234363, 38.7199358 ], [ -9.1233668, 38.7198875 ] ] } },
{ "type": "Feature", "properties": { "services_sum": 3.3341514368073613, "total_departures_sum": 255, "route_short_name_sum": null, "services_unique": null, "total_departures_unique": null, "route_short_name_unique": "206" }, "geometry": { "type": "LineString", "coordinates": [ [ -9.1227629, 38.7194901 ], [ -9.1227001, 38.7194467 ], [ -9.1226223, 38.7193897 ], [ -9.1223036, 38.7191537 ], [ -9.1222363, 38.7190936 ], [ -9.1221428, 38.7190103 ], [ -9.1219516, 38.718875 ], [ -9.1218881, 38.718824 ], [ -9.1215823, 38.7185782 ] ] } },
{ "type": "Feature", "properties": { "services_sum": 3.3341514368073613, "total_departures_sum": 255, "route_short_name_sum": null, "services_unique": null, "total_departures_unique": null, "route_short_name_unique": "206" }, "geometry": { "type": "LineString", "coordinates": [ [ -9.1223755, 38.7178473 ], [ -9.1223437, 38.7178914 ], [ -9.122313, 38.7179339 ], [ -9.1222666, 38.7179824 ], [ -9.1222098, 38.7180042 ] ] } },
{ "type": "Feature", "properties": { "services_sum": 3.3341514368073613, "total_departures_sum": 255, "route_short_name_sum": null, "services_unique": null, "total_departures_unique": null, "route_short_name_unique": "206" }, "geometry": { "type": "LineString", "coordinates": [ [ -9.1221207, 38.7180051 ], [ -9.1217167, 38.7179549 ], [ -9.1209595, 38.7178696 ], [ -9.1208993, 38.7178731 ], [ -9.1208674, 38.7178953 ], [ -9.1208479, 38.7179211 ], [ -9.1208469, 38.7179527 ], [ -9.1208582, 38.7179818 ], [ -9.1208981, 38.7180262 ] ] } },
{ "type": "Feature", "properties": { "services_sum": 3.3341514368073613, "total_departures_sum": 255, "route_short_name_sum": null, "services_unique": null, "total_departures_unique": null, "route_short_name_unique": "206" }, "geometry": { "type": "LineString", "coordinates": [ [ -9.121817, 38.7175491 ], [ -9.121729, 38.7174999 ], [ -9.1208985, 38.7170359 ], [ -9.1207075, 38.7169304 ] ] } },
{ "type": "Feature", "properties": { "services_sum": 3.3341514368073613, "total_departures_sum": 255, "route_short_name_sum": null, "services_unique": null, "total_departures_unique": null, "route_short_name_unique": "206" }, "geometry": { "type": "LineString", "coordinates": [ [ -9.1205146, 38.7168037 ], [ -9.1203743, 38.7167115 ] ] } },
{ "type": "Feature", "properties": { "services_sum": 7.1759425485587887, "total_departures_sum": 479, "route_short_name_sum": null, "services_unique": null, "total_departures_unique": null, "route_short_name_unique": "206, 717, 736, 207" }, "geometry": { "type": "LineString", "coordinates": [ [ -9.1554201, 38.760232 ], [ -9.1552993, 38.7600408 ], [ -9.155191, 38.7598912 ], [ -9.1551354, 38.7598137 ], [ -9.1550182, 38.7596502 ], [ -9.1549469, 38.7595507 ], [ -9.1548531, 38.7594198 ], [ -9.1548108, 38.7593571 ], [ -9.1547386, 38.7592622 ], [ -9.1546715, 38.7591842 ], [ -9.15446, 38.7589383 ], [ -9.1540885, 38.758575 ] ] } },
{ "type": "Feature", "properties": { "services_sum": 7.1759425485587887, "total_departures_sum": 479, "route_short_name_sum": null, "services_unique": null, "total_departures_unique": null, "route_short_name_unique": "206, 717, 736, 207" }, "geometry": { "type": "LineString", "coordinates": [ [ -9.1540419, 38.7585313 ], [ -9.1537285, 38.7582374 ], [ -9.1536603, 38.7582135 ], [ -9.1535546, 38.7581208 ] ] } },
{ "type": "Feature", "properties": { "services_sum": 7.1759425485587887, "total_departures_sum": 479, "route_short_name_sum": null, "services_unique": null, "total_departures_unique": null, "route_short_name_unique": "206, 717, 736, 207" }, "geometry": { "type": "LineString", "coordinates": [ [ -9.1532767, 38.7578745 ], [ -9.15323, 38.7578308 ], [ -9.1527937, 38.7574232 ], [ -9.1525707, 38.7572029 ], [ -9.1523923, 38.7570255 ], [ -9.1521069, 38.7566523 ], [ -9.1518106, 38.7561868 ], [ -9.151626, 38.755848 ], [ -9.151559, 38.7557252 ], [ -9.1514957, 38.755609 ], [ -9.15148, 38.7555801 ], [ -9.151371, 38.75538 ], [ -9.1512262, 38.7551133 ], [ -9.151182, 38.7550403 ], [ -9.1511451, 38.754968 ] ] } },
{ "type": "Feature", "properties": { "services_sum": 2.6763421500263607, "total_departures_sum": 193, "route_short_name_sum": null, "services_unique": null, "total_departures_unique": null, "route_short_name_unique": "773, 202" }, "geometry": { "type": "LineString", "coordinates": [ [ -9.1542424, 38.7201192 ], [ -9.1542235, 38.7200551 ], [ -9.1542116, 38.7200151 ] ] } },
{ "type": "Feature", "properties": { "services_sum": 2.6763421500263607, "total_departures_sum": 193, "route_short_name_sum": null, "services_unique": null, "total_departures_unique": null, "route_short_name_unique": "773, 202" }, "geometry": { "type": "LineString", "coordinates": [ [ -9.1511721, 38.7176347 ], [ -9.1508336, 38.7175425 ] ] } },
{ "type": "Feature", "properties": { "services_sum": 2.6763421500263607, "total_departures_sum": 193, "route_short_name_sum": null, "services_unique": null, "total_departures_unique": null, "route_short_name_unique": "773, 202" }, "geometry": { "type": "LineString", "coordinates": [ [ -9.149159, 38.717059 ], [ -9.1484342, 38.7167044 ] ] } },
{ "type": "Feature", "properties": { "services_sum": 5.4172713223741278, "total_departures_sum": 369, "route_short_name_sum": null, "services_unique": null, "total_departures_unique": null, "route_short_name_unique": "206, 736, 207" }, "geometry": { "type": "LineString", "coordinates": [ [ -9.1540885, 38.758575 ], [ -9.1540419, 38.7585313 ] ] } },
{ "type": "Feature", "properties": { "services_sum": 5.4172713223741278, "total_departures_sum": 369, "route_short_name_sum": null, "services_unique": null, "total_departures_unique": null, "route_short_name_unique": "206, 736, 207" }, "geometry": { "type": "LineString", "coordinates": [ [ -9.1535546, 38.7581208 ], [ -9.1534821, 38.7580566 ], [ -9.1532767, 38.7578745 ] ] } },
{ "type": "Feature", "properties": { "services_sum": 4.2903944230572169, "total_departures_sum": 284, "route_short_name_sum": null, "services_unique": null, "total_departures_unique": null, "route_short_name_unique": "773, 720" }, "geometry": { "type": "LineString", "coordinates": [ [ -9.1539291, 38.7203403 ], [ -9.1538651, 38.7203743 ] ] } },
{ "type": "Feature", "properties": { "services_sum": 4.2903944230572169, "total_departures_sum": 284, "route_short_name_sum": null, "services_unique": null, "total_departures_unique": null, "route_short_name_unique": "773, 720" }, "geometry": { "type": "LineString", "coordinates": [ [ -9.1536984, 38.7204629 ], [ -9.1536517, 38.7204877 ], [ -9.1531065, 38.7207775 ], [ -9.1525731, 38.721061 ] ] } },
{ "type": "Feature", "properties": { "services_sum": 3.0002778549597111, "total_departures_sum": 306, "route_short_name_sum": null, "services_unique": null, "total_departures_unique": null, "route_short_name_unique": "726, 203" }, "geometry": { "type": "LineString", "coordinates": [ [ -9.1538929, 38.7343748 ], [ -9.153775, 38.7344271 ], [ -9.1536006, 38.7344687 ] ] } },
{ "type": "Feature", "properties": { "services_sum": 3.0002778549597111, "total_departures_sum": 306, "route_short_name_sum": null, "services_unique": null, "total_departures_unique": null, "route_short_name_unique": "726, 203" }, "geometry": { "type": "LineString", "coordinates": [ [ -9.1523052, 38.7362421 ], [ -9.1522199, 38.7357298 ], [ -9.1521995, 38.7356071 ], [ -9.1521924, 38.7355327 ], [ -9.1521536, 38.7351291 ], [ -9.1521425, 38.7350046 ], [ -9.1521381, 38.7349293 ] ] } },
{ "type": "Feature", "properties": { "services_sum": 2.1672146458835364, "total_departures_sum": 129, "route_short_name_sum": null, "services_unique": null, "total_departures_unique": null, "route_short_name_unique": "206, 731" }, "geometry": { "type": "LineString", "coordinates": [ [ -9.1528697, 38.7544083 ], [ -9.1527407, 38.7544513 ], [ -9.1526063, 38.754496 ] ] } },
{ "type": "Feature", "properties": { "services_sum": 2.1672146458835364, "total_departures_sum": 129, "route_short_name_sum": null, "services_unique": null, "total_departures_unique": null, "route_short_name_unique": "206, 731" }, "geometry": { "type": "LineString", "coordinates": [ [ -9.1514579, 38.754867 ], [ -9.1513242, 38.7549102 ], [ -9.1511451, 38.754968 ] ] } },
{ "type": "Feature", "properties": { "services_sum": 3.9021691510078202, "total_departures_sum": 141, "route_short_name_sum": null, "services_unique": null, "total_departures_unique": null, "route_short_name_unique": "750, 755, 717" }, "geometry": { "type": "LineString", "coordinates": [ [ -9.1528697, 38.7544083 ], [ -9.1526063, 38.754496 ] ] } },
{ "type": "Feature", "properties": { "services_sum": 3.9021691510078202, "total_departures_sum": 141, "route_short_name_sum": null, "services_unique": null, "total_departures_unique": null, "route_short_name_unique": "750, 755, 717" }, "geometry": { "type": "LineString", "coordinates": [ [ -9.1514579, 38.754867 ], [ -9.1511451, 38.754968 ] ] } },
{ "type": "Feature", "properties": { "services_sum": 6.0693837968913567, "total_departures_sum": 270, "route_short_name_sum": null, "services_unique": null, "total_departures_unique": null, "route_short_name_unique": "750, 755, 206, 717, 731" }, "geometry": { "type": "LineString", "coordinates": [ [ -9.1526063, 38.754496 ], [ -9.1521133, 38.7546526 ], [ -9.1520611, 38.7546692 ], [ -9.152034, 38.7546778 ] ] } },
{ "type": "Feature", "properties": { "services_sum": 6.0693837968913567, "total_departures_sum": 270, "route_short_name_sum": null, "services_unique": null, "total_departures_unique": null, "route_short_name_unique": "750, 755, 206, 717, 731" }, "geometry": { "type": "LineString", "coordinates": [ [ -9.1518862, 38.7547263 ], [ -9.1514579, 38.754867 ] ] } },
{ "type": "Feature", "properties": { "services_sum": 6.5530844334305138, "total_departures_sum": 422, "route_short_name_sum": null, "services_unique": null, "total_departures_unique": null, "route_short_name_unique": "773, 758, 202" }, "geometry": { "type": "LineString", "coordinates": [ [ -9.1524274, 38.7183469 ], [ -9.1523745, 38.7183092 ] ] } },
{ "type": "Feature", "properties": { "services_sum": 6.5530844334305138, "total_departures_sum": 422, "route_short_name_sum": null, "services_unique": null, "total_departures_unique": null, "route_short_name_unique": "773, 758, 202" }, "geometry": { "type": "LineString", "coordinates": [ [ -9.1515955, 38.7177718 ], [ -9.1514884, 38.7177289 ], [ -9.1513807, 38.7176859 ], [ -9.1512772, 38.7176605 ], [ -9.1511721, 38.7176347 ] ] } },
{ "type": "Feature", "properties": { "services_sum": 6.5530844334305138, "total_departures_sum": 422, "route_short_name_sum": null, "services_unique": null, "total_departures_unique": null, "route_short_name_unique": "773, 758, 202" }, "geometry": { "type": "LineString", "coordinates": [ [ -9.1508336, 38.7175425 ], [ -9.1505928, 38.7174791 ], [ -9.1502989, 38.7174064 ], [ -9.1501189, 38.7173601 ], [ -9.1500318, 38.7173404 ], [ -9.1494468, 38.7171881 ], [ -9.149249, 38.7171038 ], [ -9.149159, 38.717059 ] ] } },
{ "type": "Feature", "properties": { "services_sum": 6.5530844334305138, "total_departures_sum": 422, "route_short_name_sum": null, "services_unique": null, "total_departures_unique": null, "route_short_name_unique": "773, 758, 202" }, "geometry": { "type": "LineString", "coordinates": [ [ -9.1484342, 38.7167044 ], [ -9.1484317, 38.7167031 ], [ -9.1483494, 38.7166615 ], [ -9.1481275, 38.7165521 ] ] } },
{ "type": "Feature", "properties": { "services_sum": 6.5530844334305138, "total_departures_sum": 422, "route_short_name_sum": null, "services_unique": null, "total_departures_unique": null, "route_short_name_unique": "773, 758, 202" }, "geometry": { "type": "LineString", "coordinates": [ [ -9.148122, 38.7165491 ], [ -9.14794, 38.7164513 ], [ -9.1478034, 38.7163657 ], [ -9.1477339, 38.7163139 ], [ -9.1476699, 38.7162615 ] ] } },
{ "type": "Feature", "properties": { "services_sum": 3.8767422834041532, "total_departures_sum": 229, "route_short_name_sum": null, "services_unique": null, "total_departures_unique": null, "route_short_name_unique": "773, 758, 202" }, "geometry": { "type": "LineString", "coordinates": [ [ -9.1523745, 38.7183092 ], [ -9.1515955, 38.7177718 ] ] } },
{ "type": "Feature", "properties": { "services_sum": 3.8767422834041532, "total_departures_sum": 229, "route_short_name_sum": null, "services_unique": null, "total_departures_unique": null, "route_short_name_unique": "773, 758, 202" }, "geometry": { "type": "LineString", "coordinates": [ [ -9.1481275, 38.7165521 ], [ -9.148122, 38.7165491 ] ] } },
{ "type": "Feature", "properties": { "services_sum": 6.42643336146023, "total_departures_sum": 428, "route_short_name_sum": null, "services_unique": null, "total_departures_unique": null, "route_short_name_unique": "717, 207" }, "geometry": { "type": "LineString", "coordinates": [ [ -9.1522064, 38.7943463 ], [ -9.1522065, 38.7944961 ], [ -9.1521312, 38.7947283 ], [ -9.1520246, 38.7948104 ], [ -9.1513155, 38.7951576 ], [ -9.1512352, 38.7952577 ], [ -9.1512034, 38.7954268 ], [ -9.1511236, 38.7955061 ], [ -9.1509976, 38.7955393 ], [ -9.1498397, 38.7956635 ], [ -9.149766, 38.795688 ], [ -9.1496993, 38.7957101 ], [ -9.1495084, 38.7959228 ] ] } },
{ "type": "Feature", "properties": { "services_sum": 6.42643336146023, "total_departures_sum": 428, "route_short_name_sum": null, "services_unique": null, "total_departures_unique": null, "route_short_name_unique": "717, 207" }, "geometry": { "type": "LineString", "coordinates": [ [ -9.1520237, 38.7933241 ], [ -9.1520215, 38.7932248 ], [ -9.1520201, 38.7931579 ], [ -9.1520009, 38.7928483 ], [ -9.1519397, 38.792765 ], [ -9.1518482, 38.7927136 ], [ -9.1516893, 38.792665 ], [ -9.1511143, 38.7926366 ], [ -9.1509185, 38.7926067 ], [ -9.1507308, 38.79256 ] ] } },
{ "type": "Feature", "properties": { "services_sum": 6.42643336146023, "total_departures_sum": 428, "route_short_name_sum": null, "services_unique": null, "total_departures_unique": null, "route_short_name_unique": "717, 207" }, "geometry": { "type": "LineString", "coordinates": [ [ -9.1519943, 38.7935087 ], [ -9.1519892, 38.7935622 ], [ -9.1519548, 38.7939303 ], [ -9.1520108, 38.7940346 ] ] } },
{ "type": "Feature", "properties": { "services_sum": 6.42643336146023, "total_departures_sum": 428, "route_short_name_sum": null, "services_unique": null, "total_departures_unique": null, "route_short_name_unique": "717, 207" }, "geometry": { "type": "LineString", "coordinates": [ [ -9.1507234, 38.7918525 ], [ -9.1507277, 38.7916592 ], [ -9.1507064, 38.7909773 ], [ -9.1507044, 38.7909111 ] ] } },
{ "type": "Feature", "properties": { "services_sum": 6.42643336146023, "total_departures_sum": 428, "route_short_name_sum": null, "services_unique": null, "total_departures_unique": null, "route_short_name_unique": "717, 207" }, "geometry": { "type": "LineString", "coordinates": [ [ -9.1506976, 38.7906929 ], [ -9.1506953, 38.7906195 ], [ -9.1506938, 38.7905486 ], [ -9.1506923, 38.7904753 ] ] } },
{ "type": "Feature", "properties": { "services_sum": 6.42643336146023, "total_departures_sum": 428, "route_short_name_sum": null, "services_unique": null, "total_departures_unique": null, "route_short_name_unique": "717, 207" }, "geometry": { "type": "LineString", "coordinates": [ [ -9.1506905, 38.7903907 ], [ -9.1506688, 38.7893888 ] ] } },
{ "type": "Feature", "properties": { "services_sum": 6.42643336146023, "total_departures_sum": 428, "route_short_name_sum": null, "services_unique": null, "total_departures_unique": null, "route_short_name_unique": "717, 207" }, "geometry": { "type": "LineString", "coordinates": [ [ -9.1506106, 38.7888792 ], [ -9.1504906, 38.7883151 ], [ -9.1504263, 38.788046 ], [ -9.1503296, 38.7878331 ], [ -9.1501529, 38.787662 ], [ -9.1500952, 38.7876196 ], [ -9.1497905, 38.7873268 ] ] } },
{ "type": "Feature", "properties": { "services_sum": 6.42643336146023, "total_departures_sum": 428, "route_short_name_sum": null, "services_unique": null, "total_departures_unique": null, "route_short_name_unique": "717, 207" }, "geometry": { "type": "LineString", "coordinates": [ [ -9.1505312, 38.7805969 ], [ -9.1500944, 38.7804781 ], [ -9.1492697, 38.7802686 ], [ -9.148488, 38.7800699 ], [ -9.1483498, 38.7800348 ], [ -9.1484089, 38.7798914 ] ] } },
{ "type": "Feature", "properties": { "services_sum": 6.42643336146023, "total_departures_sum": 428, "route_short_name_sum": null, "services_unique": null, "total_departures_unique": null, "route_short_name_unique": "717, 207" }, "geometry": { "type": "LineString", "coordinates": [ [ -9.1493316, 38.7961196 ], [ -9.1492784, 38.7962353 ], [ -9.1492784, 38.7963156 ], [ -9.1492955, 38.7963959 ], [ -9.1493728, 38.7964762 ], [ -9.1496106, 38.7966426 ], [ -9.1496812, 38.79689 ], [ -9.1496576, 38.797193 ], [ -9.1497545, 38.7974628 ], [ -9.1502256, 38.7983169 ], [ -9.1502131, 38.7984412 ], [ -9.150158, 38.7985227 ], [ -9.1500609, 38.7985947 ], [ -9.1499582, 38.7986346 ], [ -9.1498049, 38.7986471 ], [ -9.149013, 38.7986522 ], [ -9.1479141, 38.7986799 ], [ -9.1477663, 38.7986825 ] ] } },
{ "type": "Feature", "properties": { "services_sum": 6.42643336146023, "total_departures_sum": 428, "route_short_name_sum": null, "services_unique": null, "total_departures_unique": null, "route_short_name_unique": "717, 207" }, "geometry": { "type": "LineString", "coordinates": [ [ -9.149022, 38.7784064 ], [ -9.1488982, 38.7783409 ], [ -9.148326, 38.7780499 ], [ -9.1474918, 38.7776431 ], [ -9.1474536, 38.7776229 ], [ -9.1473638, 38.7775755 ] ] } },
{ "type": "Feature", "properties": { "services_sum": 6.42643336146023, "total_departures_sum": 428, "route_short_name_sum": null, "services_unique": null, "total_departures_unique": null, "route_short_name_unique": "717, 207" }, "geometry": { "type": "LineString", "coordinates": [ [ -9.1489419, 38.7785984 ], [ -9.1489841, 38.7784961 ], [ -9.1488418, 38.7784155 ], [ -9.1482436, 38.7781168 ], [ -9.1474558, 38.7777294 ], [ -9.1474179, 38.7777128 ], [ -9.1473247, 38.7776719 ], [ -9.1469107, 38.7774698 ], [ -9.1468066, 38.7774194 ] ] } },
{ "type": "Feature", "properties": { "services_sum": 6.42643336146023, "total_departures_sum": 428, "route_short_name_sum": null, "services_unique": null, "total_departures_unique": null, "route_short_name_unique": "717, 207" }, "geometry": { "type": "LineString", "coordinates": [ [ -9.1468119, 38.7983816 ], [ -9.1467669, 38.7983668 ], [ -9.1463921, 38.7982464 ], [ -9.1457975, 38.7980553 ], [ -9.1456623, 38.7980119 ], [ -9.1456355, 38.7980024 ] ] } },
{ "type": "Feature", "properties": { "services_sum": 6.42643336146023, "total_departures_sum": 428, "route_short_name_sum": null, "services_unique": null, "total_departures_unique": null, "route_short_name_unique": "717, 207" }, "geometry": { "type": "LineString", "coordinates": [ [ -9.1462017, 38.7771264 ], [ -9.1460585, 38.777057 ] ] } },
{ "type": "Feature", "properties": { "services_sum": 6.42643336146023, "total_departures_sum": 428, "route_short_name_sum": null, "services_unique": null, "total_departures_unique": null, "route_short_name_unique": "717, 207" }, "geometry": { "type": "LineString", "coordinates": [ [ -9.1460963, 38.7769658 ], [ -9.1460585, 38.777057 ] ] } },
{ "type": "Feature", "properties": { "services_sum": 6.42643336146023, "total_departures_sum": 428, "route_short_name_sum": null, "services_unique": null, "total_departures_unique": null, "route_short_name_unique": "717, 207" }, "geometry": { "type": "LineString", "coordinates": [ [ -9.1460585, 38.777057 ], [ -9.1451619, 38.7792351 ] ] } },
{ "type": "Feature", "properties": { "services_sum": 6.42643336146023, "total_departures_sum": 428, "route_short_name_sum": null, "services_unique": null, "total_departures_unique": null, "route_short_name_unique": "717, 207" }, "geometry": { "type": "LineString", "coordinates": [ [ -9.1452204, 38.7879363 ], [ -9.145147, 38.7878356 ], [ -9.1450668, 38.7876063 ], [ -9.1450413, 38.7875532 ], [ -9.1449509, 38.7874751 ] ] } },
{ "type": "Feature", "properties": { "services_sum": 6.42643336146023, "total_departures_sum": 428, "route_short_name_sum": null, "services_unique": null, "total_departures_unique": null, "route_short_name_unique": "717, 207" }, "geometry": { "type": "LineString", "coordinates": [ [ -9.1424372, 38.7833087 ], [ -9.1424107, 38.78327 ], [ -9.1423619, 38.7831988 ], [ -9.1420819, 38.782705 ], [ -9.1418331, 38.7822932 ], [ -9.1417644, 38.7822033 ], [ -9.1414855, 38.7818645 ], [ -9.1413839, 38.78174 ], [ -9.1412917, 38.7816067 ], [ -9.1411996, 38.7814336 ], [ -9.1411205, 38.7812558 ], [ -9.1410639, 38.7811114 ], [ -9.1410089, 38.7809497 ], [ -9.1408965, 38.7805849 ], [ -9.1408497, 38.7803824 ], [ -9.1408399, 38.7802812 ], [ -9.1408488, 38.780186 ], [ -9.1408801, 38.7800804 ], [ -9.1418366, 38.7785831 ], [ -9.1418902, 38.7785308 ], [ -9.1419606, 38.7784933 ], [ -9.1420468, 38.7784805 ], [ -9.1421582, 38.7784844 ], [ -9.1429876, 38.7786945 ], [ -9.1434035, 38.7787998 ], [ -9.1443016, 38.7790229 ] ] } },
{ "type": "Feature", "properties": { "services_sum": 6.42643336146023, "total_departures_sum": 428, "route_short_name_sum": null, "services_unique": null, "total_departures_unique": null, "route_short_name_unique": "717, 207" }, "geometry": { "type": "LineString", "coordinates": [ [ -9.142845, 38.7838333 ], [ -9.1428115, 38.7841742 ], [ -9.142838, 38.7843812 ], [ -9.1429402, 38.7848455 ], [ -9.1429271, 38.7849254 ], [ -9.1428882, 38.7850788 ] ] } },
{ "type": "Feature", "properties": { "services_sum": 1.4545454545454546, "total_departures_sum": 104, "route_short_name_sum": null, "services_unique": null, "total_departures_unique": null, "route_short_name_unique": "207" }, "geometry": { "type": "LineString", "coordinates": [ [ -9.1520237, 38.7933241 ], [ -9.151997, 38.7934918 ], [ -9.1519943, 38.7935087 ] ] } },
{ "type": "Feature", "properties": { "services_sum": 1.4545454545454546, "total_departures_sum": 104, "route_short_name_sum": null, "services_unique": null, "total_departures_unique": null, "route_short_name_unique": "207" }, "geometry": { "type": "LineString", "coordinates": [ [ -9.1519248, 38.7798186 ], [ -9.151469, 38.7795928 ], [ -9.1511638, 38.7794451 ], [ -9.1500414, 38.7789018 ] ] } },
{ "type": "Feature", "properties": { "services_sum": 1.4545454545454546, "total_departures_sum": 104, "route_short_name_sum": null, "services_unique": null, "total_departures_unique": null, "route_short_name_unique": "207" }, "geometry": { "type": "LineString", "coordinates": [ [ -9.1518663, 38.7798909 ], [ -9.1514163, 38.7796741 ], [ -9.1512178, 38.7795788 ], [ -9.1499867, 38.7789878 ] ] } },
{ "type": "Feature", "properties": { "services_sum": 1.4545454545454546, "total_departures_sum": 104, "route_short_name_sum": null, "services_unique": null, "total_departures_unique": null, "route_short_name_unique": "207" }, "geometry": { "type": "LineString", "coordinates": [ [ -9.1517867, 38.7801784 ], [ -9.1515179, 38.7802681 ], [ -9.1505312, 38.7805969 ] ] } },
{ "type": "Feature", "properties": { "services_sum": 1.4545454545454546, "total_departures_sum": 104, "route_short_name_sum": null, "services_unique": null, "total_departures_unique": null, "route_short_name_unique": "207" }, "geometry": { "type": "LineString", "coordinates": [ [ -9.150747, 38.7924439 ], [ -9.1507399, 38.7922641 ], [ -9.1507328, 38.7920862 ] ] } },
{ "type": "Feature", "properties": { "services_sum": 1.4545454545454546, "total_departures_sum": 104, "route_short_name_sum": null, "services_unique": null, "total_departures_unique": null, "route_short_name_unique": "207" }, "geometry": { "type": "LineString", "coordinates": [ [ -9.1507044, 38.7909111 ], [ -9.1506994, 38.7907516 ], [ -9.1506976, 38.7906929 ] ] } },
{ "type": "Feature", "properties": { "services_sum": 1.4545454545454546, "total_departures_sum": 104, "route_short_name_sum": null, "services_unique": null, "total_departures_unique": null, "route_short_name_unique": "207" }, "geometry": { "type": "LineString", "coordinates": [ [ -9.1504133, 38.7536728 ], [ -9.1498741, 38.752731 ] ] } },
{ "type": "Feature", "properties": { "services_sum": 1.4545454545454546, "total_departures_sum": 104, "route_short_name_sum": null, "services_unique": null, "total_departures_unique": null, "route_short_name_unique": "207" }, "geometry": { "type": "LineString", "coordinates": [ [ -9.1503354, 38.7244749 ], [ -9.1503117, 38.7244702 ], [ -9.1503017, 38.7244682 ] ] } },
{ "type": "Feature", "properties": { "services_sum": 1.4545454545454546, "total_departures_sum": 104, "route_short_name_sum": null, "services_unique": null, "total_departures_unique": null, "route_short_name_unique": "207" }, "geometry": { "type": "LineString", "coordinates": [ [ -9.1496218, 38.7522904 ], [ -9.1496172, 38.7522824 ], [ -9.149573, 38.7522051 ] ] } },
{ "type": "Feature", "properties": { "services_sum": 1.4545454545454546, "total_departures_sum": 104, "route_short_name_sum": null, "services_unique": null, "total_departures_unique": null, "route_short_name_unique": "207" }, "geometry": { "type": "LineString", "coordinates": [ [ -9.1495084, 38.7959228 ], [ -9.1494957, 38.795937 ], [ -9.1493316, 38.7961196 ] ] } },
{ "type": "Feature", "properties": { "services_sum": 1.4545454545454546, "total_departures_sum": 104, "route_short_name_sum": null, "services_unique": null, "total_departures_unique": null, "route_short_name_unique": "207" }, "geometry": { "type": "LineString", "coordinates": [ [ -9.1493679, 38.7872823 ], [ -9.1491695, 38.7873176 ], [ -9.1468194, 38.7877355 ] ] } },
{ "type": "Feature", "properties": { "services_sum": 1.4545454545454546, "total_departures_sum": 104, "route_short_name_sum": null, "services_unique": null, "total_departures_unique": null, "route_short_name_unique": "207" }, "geometry": { "type": "LineString", "coordinates": [ [ -9.1492314, 38.7264471 ], [ -9.1491606, 38.7265619 ], [ -9.1490982, 38.7266629 ], [ -9.1490576, 38.7267287 ] ] } },
{ "type": "Feature", "properties": { "services_sum": 1.4545454545454546, "total_departures_sum": 104, "route_short_name_sum": null, "services_unique": null, "total_departures_unique": null, "route_short_name_unique": "207" }, "geometry": { "type": "LineString", "coordinates": [ [ -9.149069, 38.7874017 ], [ -9.1483606, 38.7875267 ], [ -9.1468346, 38.7877957 ] ] } },
{ "type": "Feature", "properties": { "services_sum": 1.4545454545454546, "total_departures_sum": 104, "route_short_name_sum": null, "services_unique": null, "total_departures_unique": null, "route_short_name_unique": "207" }, "geometry": { "type": "LineString", "coordinates": [ [ -9.1489419, 38.7785984 ], [ -9.1484814, 38.7797156 ], [ -9.1484089, 38.7798914 ] ] } },
{ "type": "Feature", "properties": { "services_sum": 1.4545454545454546, "total_departures_sum": 104, "route_short_name_sum": null, "services_unique": null, "total_departures_unique": null, "route_short_name_unique": "207" }, "geometry": { "type": "LineString", "coordinates": [ [ -9.1480617, 38.7476852 ], [ -9.1480076, 38.7474543 ] ] } },
{ "type": "Feature", "properties": { "services_sum": 1.4545454545454546, "total_departures_sum": 104, "route_short_name_sum": null, "services_unique": null, "total_departures_unique": null, "route_short_name_unique": "207" }, "geometry": { "type": "LineString", "coordinates": [ [ -9.1479616, 38.7472684 ], [ -9.1479538, 38.7472356 ], [ -9.1478612, 38.7468448 ] ] } },
{ "type": "Feature", "properties": { "services_sum": 1.4545454545454546, "total_departures_sum": 104, "route_short_name_sum": null, "services_unique": null, "total_departures_unique": null, "route_short_name_unique": "207" }, "geometry": { "type": "LineString", "coordinates": [ [ -9.1476127, 38.7451057 ], [ -9.1475126, 38.7446963 ] ] } },
{ "type": "Feature", "properties": { "services_sum": 1.4545454545454546, "total_departures_sum": 104, "route_short_name_sum": null, "services_unique": null, "total_departures_unique": null, "route_short_name_unique": "207" }, "geometry": { "type": "LineString", "coordinates": [ [ -9.1469152, 38.7419301 ], [ -9.1469039, 38.7418817 ], [ -9.146863, 38.7417117 ], [ -9.1468576, 38.7416893 ] ] } },
{ "type": "Feature", "properties": { "services_sum": 1.4545454545454546, "total_departures_sum": 104, "route_short_name_sum": null, "services_unique": null, "total_departures_unique": null, "route_short_name_unique": "207" }, "geometry": { "type": "LineString", "coordinates": [ [ -9.1467772, 38.7429943 ], [ -9.1467244, 38.7427728 ], [ -9.1467189, 38.7427499 ] ] } },
{ "type": "Feature", "properties": { "services_sum": 1.4545454545454546, "total_departures_sum": 104, "route_short_name_sum": null, "services_unique": null, "total_departures_unique": null, "route_short_name_unique": "207" }, "geometry": { "type": "LineString", "coordinates": [ [ -9.1467192, 38.7877559 ], [ -9.145854, 38.7879075 ] ] } },
{ "type": "Feature", "properties": { "services_sum": 1.4545454545454546, "total_departures_sum": 104, "route_short_name_sum": null, "services_unique": null, "total_departures_unique": null, "route_short_name_unique": "207" }, "geometry": { "type": "LineString", "coordinates": [ [ -9.1461038, 38.7385862 ], [ -9.1460757, 38.7384714 ], [ -9.1460574, 38.7383964 ] ] } },
{ "type": "Feature", "properties": { "services_sum": 1.4545454545454546, "total_departures_sum": 104, "route_short_name_sum": null, "services_unique": null, "total_departures_unique": null, "route_short_name_unique": "207" }, "geometry": { "type": "LineString", "coordinates": [ [ -9.1460322, 38.7382933 ], [ -9.1460209, 38.7382469 ] ] } },
{ "type": "Feature", "properties": { "services_sum": 1.4545454545454546, "total_departures_sum": 104, "route_short_name_sum": null, "services_unique": null, "total_departures_unique": null, "route_short_name_unique": "207" }, "geometry": { "type": "LineString", "coordinates": [ [ -9.1459623, 38.7386984 ], [ -9.1458882, 38.7383862 ], [ -9.1458742, 38.7383274 ], [ -9.1458719, 38.7383176 ] ] } },
{ "type": "Feature", "properties": { "services_sum": 1.4545454545454546, "total_departures_sum": 104, "route_short_name_sum": null, "services_unique": null, "total_departures_unique": null, "route_short_name_unique": "207" }, "geometry": { "type": "LineString", "coordinates": [ [ -9.1455396, 38.7879625 ], [ -9.1455012, 38.787965 ], [ -9.1453841, 38.7879723 ] ] } },
{ "type": "Feature", "properties": { "services_sum": 1.4545454545454546, "total_departures_sum": 104, "route_short_name_sum": null, "services_unique": null, "total_departures_unique": null, "route_short_name_unique": "207" }, "geometry": { "type": "LineString", "coordinates": [ [ -9.1453778, 38.7979107 ], [ -9.1452854, 38.7978778 ], [ -9.1451371, 38.797825 ], [ -9.1451638, 38.7979661 ], [ -9.1451645, 38.79797 ] ] } },
{ "type": "Feature", "properties": { "services_sum": 1.4545454545454546, "total_departures_sum": 104, "route_short_name_sum": null, "services_unique": null, "total_departures_unique": null, "route_short_name_unique": "207" }, "geometry": { "type": "LineString", "coordinates": [ [ -9.1451619, 38.7792351 ], [ -9.144707, 38.7791229 ], [ -9.1443016, 38.7790229 ] ] } },
{ "type": "Feature", "properties": { "services_sum": 1.4545454545454546, "total_departures_sum": 104, "route_short_name_sum": null, "services_unique": null, "total_departures_unique": null, "route_short_name_unique": "207" }, "geometry": { "type": "LineString", "coordinates": [ [ -9.1450151, 38.7335995 ], [ -9.1449958, 38.7337039 ] ] } },
{ "type": "Feature", "properties": { "services_sum": 1.4545454545454546, "total_departures_sum": 104, "route_short_name_sum": null, "services_unique": null, "total_departures_unique": null, "route_short_name_unique": "207" }, "geometry": { "type": "LineString", "coordinates": [ [ -9.1449869, 38.7337885 ], [ -9.1449832, 38.7338938 ], [ -9.1449826, 38.733911 ] ] } },
{ "type": "Feature", "properties": { "services_sum": 1.4545454545454546, "total_departures_sum": 104, "route_short_name_sum": null, "services_unique": null, "total_departures_unique": null, "route_short_name_unique": "207" }, "geometry": { "type": "LineString", "coordinates": [ [ -9.1432256, 38.7055429 ], [ -9.1432219, 38.7056407 ] ] } },
{ "type": "Feature", "properties": { "services_sum": 1.4545454545454546, "total_departures_sum": 104, "route_short_name_sum": null, "services_unique": null, "total_departures_unique": null, "route_short_name_unique": "207" }, "geometry": { "type": "LineString", "coordinates": [ [ -9.1432066, 38.7062389 ], [ -9.1431371, 38.7062656 ] ] } },
{ "type": "Feature", "properties": { "services_sum": 1.4545454545454546, "total_departures_sum": 104, "route_short_name_sum": null, "services_unique": null, "total_departures_unique": null, "route_short_name_unique": "207" }, "geometry": { "type": "LineString", "coordinates": [ [ -9.142845, 38.7838333 ], [ -9.142544, 38.7834461 ], [ -9.1424372, 38.7833087 ] ] } },
{ "type": "Feature", "properties": { "services_sum": 1.4545454545454546, "total_departures_sum": 104, "route_short_name_sum": null, "services_unique": null, "total_departures_unique": null, "route_short_name_unique": "207" }, "geometry": { "type": "LineString", "coordinates": [ [ -9.1428111, 38.7852926 ], [ -9.1427177, 38.7854749 ], [ -9.1425791, 38.7857453 ] ] } },
{ "type": "Feature", "properties": { "services_sum": 1.4545454545454546, "total_departures_sum": 104, "route_short_name_sum": null, "services_unique": null, "total_departures_unique": null, "route_short_name_unique": "207" }, "geometry": { "type": "LineString", "coordinates": [ [ -9.1420131, 38.7163429 ], [ -9.1417837, 38.7161502 ], [ -9.1416228, 38.715965 ], [ -9.141606, 38.7159457 ] ] } },
{ "type": "Feature", "properties": { "services_sum": 1.4545454545454546, "total_departures_sum": 104, "route_short_name_sum": null, "services_unique": null, "total_departures_unique": null, "route_short_name_unique": "207" }, "geometry": { "type": "LineString", "coordinates": [ [ -9.1398553, 38.7141664 ], [ -9.1398081, 38.7140532 ], [ -9.1397093, 38.7138164 ], [ -9.1396734, 38.7137304 ], [ -9.1396116, 38.7135824 ], [ -9.1394423, 38.7131766 ], [ -9.1394371, 38.7130682 ], [ -9.139414, 38.7128562 ], [ -9.1391622, 38.7121563 ], [ -9.1388944, 38.7115152 ], [ -9.1388747, 38.7114655 ], [ -9.1388689, 38.7114511 ], [ -9.1386388, 38.7108738 ], [ -9.138602, 38.7107814 ], [ -9.1386015, 38.7107803 ], [ -9.1384802, 38.710469 ], [ -9.1383309, 38.7100861 ], [ -9.1380823, 38.7094488 ], [ -9.1380623, 38.7093975 ], [ -9.1380596, 38.7093905 ], [ -9.1380562, 38.7093818 ], [ -9.1379411, 38.7090867 ], [ -9.1379179, 38.7090273 ], [ -9.1379179, 38.7090272 ], [ -9.1378, 38.7087248 ], [ -9.1377688, 38.7086448 ], [ -9.137766, 38.7086377 ], [ -9.1376697, 38.7083907 ], [ -9.1376608, 38.7083678 ], [ -9.1376114, 38.7082412 ], [ -9.1375665, 38.7081082 ] ] } },
{ "type": "Feature", "properties": { "services_sum": 1.4545454545454546, "total_departures_sum": 104, "route_short_name_sum": null, "services_unique": null, "total_departures_unique": null, "route_short_name_unique": "207" }, "geometry": { "type": "LineString", "coordinates": [ [ -9.1392159, 38.714238 ], [ -9.1392121, 38.7142296 ], [ -9.1390639, 38.7138735 ], [ -9.1388065, 38.7132188 ], [ -9.1387513, 38.7131542 ], [ -9.1386273, 38.7130912 ], [ -9.1385315, 38.7130832 ], [ -9.1382255, 38.7131557 ], [ -9.1380601, 38.7132884 ], [ -9.1379712, 38.7133391 ], [ -9.1379149, 38.7133305 ], [ -9.1378814, 38.7133163 ], [ -9.1378646, 38.7132978 ], [ -9.1378479, 38.7132666 ] ] } },
{ "type": "Feature", "properties": { "services_sum": 1.4545454545454546, "total_departures_sum": 104, "route_short_name_sum": null, "services_unique": null, "total_departures_unique": null, "route_short_name_unique": "207" }, "geometry": { "type": "LineString", "coordinates": [ [ -9.1370518, 38.7134617 ], [ -9.1366477, 38.7135579 ], [ -9.1365766, 38.7136064 ] ] } },
{ "type": "Feature", "properties": { "services_sum": 1.4545454545454546, "total_departures_sum": 104, "route_short_name_sum": null, "services_unique": null, "total_departures_unique": null, "route_short_name_unique": "207" }, "geometry": { "type": "LineString", "coordinates": [ [ -9.136401, 38.7131808 ], [ -9.1363144, 38.7129637 ], [ -9.1362299, 38.7127517 ] ] } },
{ "type": "Feature", "properties": { "services_sum": 1.4545454545454546, "total_departures_sum": 104, "route_short_name_sum": null, "services_unique": null, "total_departures_unique": null, "route_short_name_unique": "207" }, "geometry": { "type": "LineString", "coordinates": [ [ -9.1477663, 38.7986825 ], [ -9.1475599, 38.7986257 ], [ -9.1475265, 38.7986165 ], [ -9.1476649, 38.7986546 ], [ -9.1477663, 38.7986825 ] ] } },
{ "type": "Feature", "properties": { "services_sum": 9.995269668959553, "total_departures_sum": 518, "route_short_name_sum": null, "services_unique": null, "total_departures_unique": null, "route_short_name_unique": "750, 755, 206, 717, 731" }, "geometry": { "type": "LineString", "coordinates": [ [ -9.1511451, 38.754968 ], [ -9.1510237, 38.7550076 ], [ -9.1506662, 38.7551243 ], [ -9.1505106, 38.7551751 ] ] } },
{ "type": "Feature", "properties": { "services_sum": 9.995269668959553, "total_departures_sum": 518, "route_short_name_sum": null, "services_unique": null, "total_departures_unique": null, "route_short_name_unique": "750, 755, 206, 717, 731" }, "geometry": { "type": "LineString", "coordinates": [ [ -9.1504499, 38.7551949 ], [ -9.1496728, 38.7554486 ], [ -9.1490002, 38.755666 ], [ -9.1488354, 38.7557219 ], [ -9.148732, 38.7557557 ], [ -9.1486682, 38.7557765 ], [ -9.1486081, 38.7557955 ], [ -9.1481694, 38.7559347 ], [ -9.1474247, 38.7561752 ] ] } },
{ "type": "Feature", "properties": { "services_sum": 9.995269668959553, "total_departures_sum": 518, "route_short_name_sum": null, "services_unique": null, "total_departures_unique": null, "route_short_name_unique": "750, 755, 206, 717, 731" }, "geometry": { "type": "LineString", "coordinates": [ [ -9.1467034, 38.7564081 ], [ -9.1465395, 38.756461 ], [ -9.1460578, 38.7566166 ], [ -9.1459392, 38.7566557 ] ] } },
{ "type": "Feature", "properties": { "services_sum": 5.7330363436414071, "total_departures_sum": 346, "route_short_name_sum": null, "services_unique": null, "total_departures_unique": null, "route_short_name_unique": "746, 720, 736, 207" }, "geometry": { "type": "LineString", "coordinates": [ [ -9.151093, 38.7252889 ], [ -9.1510903, 38.725196 ], [ -9.1510807, 38.7251329 ], [ -9.1510733, 38.7251009 ], [ -9.1510644, 38.7250691 ], [ -9.1510538, 38.7250377 ], [ -9.1509987, 38.724921 ], [ -9.1509216, 38.7248121 ], [ -9.1508243, 38.7247136 ] ] } },
{ "type": "Feature", "properties": { "services_sum": 5.7330363436414071, "total_departures_sum": 346, "route_short_name_sum": null, "services_unique": null, "total_departures_unique": null, "route_short_name_unique": "746, 720, 736, 207" }, "geometry": { "type": "LineString", "coordinates": [ [ -9.1510699, 38.7254342 ], [ -9.1510532, 38.7254861 ], [ -9.1510322, 38.7255371 ], [ -9.150953, 38.7256704 ], [ -9.1508446, 38.7257905 ] ] } },
{ "type": "Feature", "properties": { "services_sum": 5.7330363436414071, "total_departures_sum": 346, "route_short_name_sum": null, "services_unique": null, "total_departures_unique": null, "route_short_name_unique": "746, 720, 736, 207" }, "geometry": { "type": "LineString", "coordinates": [ [ -9.1507329, 38.7246441 ], [ -9.1507089, 38.7246278 ], [ -9.1505782, 38.7245566 ], [ -9.1504976, 38.724522 ], [ -9.1504397, 38.724503 ], [ -9.1503354, 38.7244749 ] ] } },
{ "type": "Feature", "properties": { "services_sum": 5.7330363436414071, "total_departures_sum": 346, "route_short_name_sum": null, "services_unique": null, "total_departures_unique": null, "route_short_name_unique": "746, 720, 736, 207" }, "geometry": { "type": "LineString", "coordinates": [ [ -9.1507103, 38.7258935 ], [ -9.15061, 38.7259504 ], [ -9.1505113, 38.725994 ], [ -9.1503683, 38.7260395 ], [ -9.1502184, 38.7260681 ], [ -9.1500646, 38.7260792 ], [ -9.1499441, 38.7260741 ], [ -9.1499105, 38.7260727 ], [ -9.149852, 38.7260655 ] ] } },
{ "type": "Feature", "properties": { "services_sum": 5.7330363436414071, "total_departures_sum": 346, "route_short_name_sum": null, "services_unique": null, "total_departures_unique": null, "route_short_name_unique": "746, 720, 736, 207" }, "geometry": { "type": "LineString", "coordinates": [ [ -9.1503017, 38.7244682 ], [ -9.150228, 38.7244554 ] ] } },
{ "type": "Feature", "properties": { "services_sum": 5.7330363436414071, "total_departures_sum": 346, "route_short_name_sum": null, "services_unique": null, "total_departures_unique": null, "route_short_name_unique": "746, 720, 736, 207" }, "geometry": { "type": "LineString", "coordinates": [ [ -9.1501185, 38.7244448 ], [ -9.1500082, 38.7244433 ], [ -9.1498983, 38.7244508 ], [ -9.1498156, 38.7244537 ], [ -9.1495899, 38.7245272 ], [ -9.1494635, 38.7245809 ] ] } },
{ "type": "Feature", "properties": { "services_sum": 4.2503345314503029, "total_departures_sum": 242, "route_short_name_sum": null, "services_unique": null, "total_departures_unique": null, "route_short_name_unique": "746, 736, 207" }, "geometry": { "type": "LineString", "coordinates": [ [ -9.151093, 38.7252889 ], [ -9.1510873, 38.7253377 ], [ -9.1510822, 38.7253815 ], [ -9.1510775, 38.7254016 ], [ -9.1510699, 38.7254342 ] ] } },
{ "type": "Feature", "properties": { "services_sum": 4.2503345314503029, "total_departures_sum": 242, "route_short_name_sum": null, "services_unique": null, "total_departures_unique": null, "route_short_name_unique": "746, 736, 207" }, "geometry": { "type": "LineString", "coordinates": [ [ -9.1508446, 38.7257905 ], [ -9.1507103, 38.7258935 ] ] } },
{ "type": "Feature", "properties": { "services_sum": 4.2503345314503029, "total_departures_sum": 242, "route_short_name_sum": null, "services_unique": null, "total_departures_unique": null, "route_short_name_unique": "746, 736, 207" }, "geometry": { "type": "LineString", "coordinates": [ [ -9.149852, 38.7260655 ], [ -9.1497523, 38.7261553 ], [ -9.1497041, 38.7262339 ], [ -9.1495246, 38.7265262 ] ] } },
{ "type": "Feature", "properties": { "services_sum": 2.9090909090909092, "total_departures_sum": 208, "route_short_name_sum": null, "services_unique": null, "total_departures_unique": null, "route_short_name_unique": "207" }, "geometry": { "type": "LineString", "coordinates": [ [ -9.1506688, 38.7893888 ], [ -9.1506688, 38.7893866 ], [ -9.150664, 38.7892324 ], [ -9.1506488, 38.7891321 ], [ -9.1506475, 38.7891233 ], [ -9.150628, 38.7889942 ], [ -9.1506173, 38.7889235 ], [ -9.1506106, 38.7888792 ] ] } },
{ "type": "Feature", "properties": { "services_sum": 2.9090909090909092, "total_departures_sum": 208, "route_short_name_sum": null, "services_unique": null, "total_departures_unique": null, "route_short_name_unique": "207" }, "geometry": { "type": "LineString", "coordinates": [ [ -9.1468066, 38.7774194 ], [ -9.1464498, 38.7772466 ], [ -9.1462017, 38.7771264 ] ] } },
{ "type": "Feature", "properties": { "services_sum": 2.4829796671508149, "total_departures_sum": 115, "route_short_name_sum": null, "services_unique": null, "total_departures_unique": null, "route_short_name_unique": "746, 720" }, "geometry": { "type": "LineString", "coordinates": [ [ -9.1494635, 38.7245809 ], [ -9.149432, 38.7245977 ], [ -9.1493821, 38.7246242 ], [ -9.149241, 38.7247326 ], [ -9.1492071, 38.724755 ], [ -9.1491135, 38.7248522 ], [ -9.1490465, 38.7249526 ], [ -9.1489987, 38.7250619 ], [ -9.1489758, 38.7251493 ] ] } },
{ "type": "Feature", "properties": { "services_sum": 2.4829796671508149, "total_departures_sum": 115, "route_short_name_sum": null, "services_unique": null, "total_departures_unique": null, "route_short_name_unique": "746, 720" }, "geometry": { "type": "LineString", "coordinates": [ [ -9.1492794, 38.725818 ], [ -9.1491996, 38.7257456 ], [ -9.1491221, 38.7256372 ], [ -9.1490689, 38.7255628 ], [ -9.1490346, 38.7254846 ], [ -9.1489952, 38.7253904 ] ] } },
{ "type": "Feature", "properties": { "services_sum": 3.9258858720681964, "total_departures_sum": 248, "route_short_name_sum": null, "services_unique": null, "total_departures_unique": null, "route_short_name_unique": "206, 717" }, "geometry": { "type": "LineString", "coordinates": [ [ -9.1474247, 38.7561752 ], [ -9.1471909, 38.7562507 ], [ -9.1467034, 38.7564081 ] ] } },
{ "type": "Feature", "properties": { "services_sum": 3.9258858720681964, "total_departures_sum": 248, "route_short_name_sum": null, "services_unique": null, "total_departures_unique": null, "route_short_name_unique": "206, 717" }, "geometry": { "type": "LineString", "coordinates": [ [ -9.1330685, 38.7422754 ], [ -9.1330557, 38.7423126 ] ] } },
{ "type": "Feature", "properties": { "services_sum": 5.6608403771924802, "total_departures_sum": 257, "route_short_name_sum": null, "services_unique": null, "total_departures_unique": null, "route_short_name_unique": "750, 717, 731" }, "geometry": { "type": "LineString", "coordinates": [ [ -9.1458527, 38.7566831 ], [ -9.1458002, 38.7566997 ], [ -9.1456665, 38.7567426 ], [ -9.1455375, 38.7567838 ], [ -9.1450215, 38.7569486 ] ] } },
{ "type": "Feature", "properties": { "services_sum": 5.6608403771924802, "total_departures_sum": 257, "route_short_name_sum": null, "services_unique": null, "total_departures_unique": null, "route_short_name_unique": "750, 717, 731" }, "geometry": { "type": "LineString", "coordinates": [ [ -9.1435104, 38.7574311 ], [ -9.1431963, 38.7575314 ], [ -9.1430477, 38.7575794 ], [ -9.1427138, 38.7576872 ], [ -9.1422361, 38.7578413 ], [ -9.1420348, 38.7579063 ], [ -9.141806, 38.7579726 ] ] } },
{ "type": "Feature", "properties": { "services_sum": 5.6608403771924802, "total_departures_sum": 257, "route_short_name_sum": null, "services_unique": null, "total_departures_unique": null, "route_short_name_unique": "750, 717, 731" }, "geometry": { "type": "LineString", "coordinates": [ [ -9.1409969, 38.7582295 ], [ -9.140873, 38.7582689 ] ] } },
{ "type": "Feature", "properties": { "services_sum": 3.1674925008432471, "total_departures_sum": 144, "route_short_name_sum": null, "services_unique": null, "total_departures_unique": null, "route_short_name_unique": "755, 206" }, "geometry": { "type": "LineString", "coordinates": [ [ -9.1458527, 38.7566831 ], [ -9.1457969, 38.7565799 ], [ -9.1457335, 38.7564848 ], [ -9.1455772, 38.7562022 ], [ -9.145433, 38.7558909 ], [ -9.1449697, 38.7550485 ], [ -9.1448925, 38.7549434 ], [ -9.1447513, 38.7547175 ] ] } },
{ "type": "Feature", "properties": { "services_sum": 3.1674925008432471, "total_departures_sum": 144, "route_short_name_sum": null, "services_unique": null, "total_departures_unique": null, "route_short_name_unique": "755, 206" }, "geometry": { "type": "LineString", "coordinates": [ [ -9.1446983, 38.7546178 ], [ -9.1446465, 38.7544926 ], [ -9.1445634, 38.7543349 ], [ -9.1445004, 38.7542158 ] ] } },
{ "type": "Feature", "properties": { "services_sum": 3.1674925008432471, "total_departures_sum": 144, "route_short_name_sum": null, "services_unique": null, "total_departures_unique": null, "route_short_name_unique": "755, 206" }, "geometry": { "type": "LineString", "coordinates": [ [ -9.1444165, 38.7540573 ], [ -9.1442888, 38.7538054 ], [ -9.1442451, 38.7537494 ], [ -9.1440281, 38.7534757 ], [ -9.1439909, 38.7534236 ] ] } },
{ "type": "Feature", "properties": { "services_sum": 2.9018912960481091, "total_departures_sum": 135, "route_short_name_sum": null, "services_unique": null, "total_departures_unique": null, "route_short_name_unique": "750, 717" }, "geometry": { "type": "LineString", "coordinates": [ [ -9.1450215, 38.7569486 ], [ -9.1444894, 38.7571185 ], [ -9.1435104, 38.7574311 ] ] } },
{ "type": "Feature", "properties": { "services_sum": 2.9018912960481091, "total_departures_sum": 135, "route_short_name_sum": null, "services_unique": null, "total_departures_unique": null, "route_short_name_unique": "750, 717" }, "geometry": { "type": "LineString", "coordinates": [ [ -9.141806, 38.7579726 ], [ -9.1409969, 38.7582295 ] ] } },
{ "type": "Feature", "properties": { "services_sum": 2.7589490811443715, "total_departures_sum": 122, "route_short_name_sum": null, "services_unique": null, "total_departures_unique": null, "route_short_name_unique": "717, 731" }, "geometry": { "type": "LineString", "coordinates": [ [ -9.1450215, 38.7569486 ], [ -9.1435104, 38.7574311 ] ] } },
{ "type": "Feature", "properties": { "services_sum": 2.7589490811443715, "total_departures_sum": 122, "route_short_name_sum": null, "services_unique": null, "total_departures_unique": null, "route_short_name_unique": "717, 731" }, "geometry": { "type": "LineString", "coordinates": [ [ -9.141806, 38.7579726 ], [ -9.1416013, 38.7580376 ], [ -9.1409969, 38.7582295 ] ] } },
{ "type": "Feature", "properties": { "services_sum": 9.4011970782817649, "total_departures_sum": 705, "route_short_name_sum": null, "services_unique": null, "total_departures_unique": null, "route_short_name_unique": "206, 758, 201, 202, 207, 208, 210" }, "geometry": { "type": "LineString", "coordinates": [ [ -9.143896, 38.7056425 ], [ -9.1438983, 38.705588 ], [ -9.1439023, 38.7054905 ], [ -9.1439007, 38.7054345 ], [ -9.1438973, 38.7054053 ], [ -9.1438885, 38.7053814 ], [ -9.1438624, 38.7053565 ], [ -9.1438281, 38.7053389 ], [ -9.1437877, 38.7053323 ], [ -9.1435716, 38.7053271 ], [ -9.1433536, 38.7053232 ], [ -9.1433073, 38.7053306 ], [ -9.1432751, 38.7053464 ], [ -9.1432508, 38.7053726 ], [ -9.1432386, 38.705399 ], [ -9.1432282, 38.705476 ] ] } },
{ "type": "Feature", "properties": { "services_sum": 9.4011970782817649, "total_departures_sum": 705, "route_short_name_sum": null, "services_unique": null, "total_departures_unique": null, "route_short_name_unique": "206, 758, 201, 202, 207, 208, 210" }, "geometry": { "type": "LineString", "coordinates": [ [ -9.1438821, 38.7060296 ], [ -9.1438775, 38.7060723 ], [ -9.1438719, 38.7061098 ], [ -9.1438658, 38.7061501 ], [ -9.1438651, 38.7061532 ], [ -9.1438593, 38.706198 ], [ -9.1438556, 38.7062184 ] ] } },
{ "type": "Feature", "properties": { "services_sum": 8.0815489844401238, "total_departures_sum": 610, "route_short_name_sum": null, "services_unique": null, "total_departures_unique": null, "route_short_name_unique": "206, 758, 202, 207, 208, 210" }, "geometry": { "type": "LineString", "coordinates": [ [ -9.143896, 38.7056425 ], [ -9.1438894, 38.7058019 ] ] } },
{ "type": "Feature", "properties": { "services_sum": 8.0815489844401238, "total_departures_sum": 610, "route_short_name_sum": null, "services_unique": null, "total_departures_unique": null, "route_short_name_unique": "206, 758, 202, 207, 208, 210" }, "geometry": { "type": "LineString", "coordinates": [ [ -9.1438395, 38.7062942 ], [ -9.1438253, 38.7063656 ], [ -9.1438141, 38.7064168 ], [ -9.1437916, 38.7065028 ], [ -9.1437036, 38.706631 ], [ -9.1436574, 38.7066726 ], [ -9.1436312, 38.7066882 ], [ -9.1435914, 38.7067027 ], [ -9.1435637, 38.706709 ] ] } },
{ "type": "Feature", "properties": { "services_sum": 1.3750954927425516, "total_departures_sum": 119, "route_short_name_sum": null, "services_unique": null, "total_departures_unique": null, "route_short_name_unique": "210" }, "geometry": { "type": "LineString", "coordinates": [ [ -9.1438894, 38.7058019 ], [ -9.1438858, 38.705915 ], [ -9.1438821, 38.7060296 ] ] } },
{ "type": "Feature", "properties": { "services_sum": 1.3750954927425516, "total_departures_sum": 119, "route_short_name_sum": null, "services_unique": null, "total_departures_unique": null, "route_short_name_unique": "210" }, "geometry": { "type": "LineString", "coordinates": [ [ -9.1333736, 38.7083147 ], [ -9.1333675, 38.708297 ], [ -9.1332896, 38.7080703 ] ] } },
{ "type": "Feature", "properties": { "services_sum": 1.3750954927425516, "total_departures_sum": 119, "route_short_name_sum": null, "services_unique": null, "total_departures_unique": null, "route_short_name_unique": "210" }, "geometry": { "type": "LineString", "coordinates": [ [ -9.1176004, 38.7181691 ], [ -9.117453, 38.7183059 ], [ -9.1174031, 38.7183548 ] ] } },
{ "type": "Feature", "properties": { "services_sum": 1.3750954927425516, "total_departures_sum": 119, "route_short_name_sum": null, "services_unique": null, "total_departures_unique": null, "route_short_name_unique": "210" }, "geometry": { "type": "LineString", "coordinates": [ [ -9.1171182, 38.7202606 ], [ -9.1169802, 38.7204192 ] ] } },
{ "type": "Feature", "properties": { "services_sum": 1.3750954927425516, "total_departures_sum": 119, "route_short_name_sum": null, "services_unique": null, "total_departures_unique": null, "route_short_name_unique": "210" }, "geometry": { "type": "LineString", "coordinates": [ [ -9.1171182, 38.7202606 ], [ -9.1170589, 38.7203288 ], [ -9.1169802, 38.7204192 ] ] } },
{ "type": "Feature", "properties": { "services_sum": 1.3750954927425516, "total_departures_sum": 119, "route_short_name_sum": null, "services_unique": null, "total_departures_unique": null, "route_short_name_unique": "210" }, "geometry": { "type": "LineString", "coordinates": [ [ -9.1171182, 38.7202606 ], [ -9.1171717, 38.7202332 ], [ -9.1172539, 38.7201809 ], [ -9.1173371, 38.7201281 ], [ -9.1174274, 38.7200669 ], [ -9.1173497, 38.7200257 ], [ -9.1172637, 38.7200878 ], [ -9.1171182, 38.7202137 ], [ -9.1171182, 38.7202606 ] ] } },
{ "type": "Feature", "properties": { "services_sum": 1.3750954927425516, "total_departures_sum": 119, "route_short_name_sum": null, "services_unique": null, "total_departures_unique": null, "route_short_name_unique": "210" }, "geometry": { "type": "LineString", "coordinates": [ [ -9.1169802, 38.7204192 ], [ -9.1169247, 38.7205283 ], [ -9.11689, 38.7205963 ], [ -9.1169802, 38.7204192 ] ] } },
{ "type": "Feature", "properties": { "services_sum": 1.3750954927425516, "total_departures_sum": 119, "route_short_name_sum": null, "services_unique": null, "total_departures_unique": null, "route_short_name_unique": "210" }, "geometry": { "type": "LineString", "coordinates": [ [ -9.1169065, 38.718842 ], [ -9.1164049, 38.7194186 ], [ -9.1163463, 38.7194795 ] ] } },
{ "type": "Feature", "properties": { "services_sum": 1.3750954927425516, "total_departures_sum": 119, "route_short_name_sum": null, "services_unique": null, "total_departures_unique": null, "route_short_name_unique": "210" }, "geometry": { "type": "LineString", "coordinates": [ [ -9.1159258, 38.7835884 ], [ -9.1156227, 38.7836047 ], [ -9.1140715, 38.7836881 ], [ -9.1159258, 38.7835884 ] ] } },
{ "type": "Feature", "properties": { "services_sum": 1.3750954927425516, "total_departures_sum": 119, "route_short_name_sum": null, "services_unique": null, "total_departures_unique": null, "route_short_name_unique": "210" }, "geometry": { "type": "LineString", "coordinates": [ [ -9.1159258, 38.7835884 ], [ -9.1167532, 38.7835566 ], [ -9.1162636, 38.7835755 ], [ -9.1159258, 38.7835884 ] ] } },
{ "type": "Feature", "properties": { "services_sum": 1.3750954927425516, "total_departures_sum": 119, "route_short_name_sum": null, "services_unique": null, "total_departures_unique": null, "route_short_name_unique": "210" }, "geometry": { "type": "LineString", "coordinates": [ [ -9.1122998, 38.7260489 ], [ -9.1122864, 38.7260575 ], [ -9.111857, 38.7263316 ] ] } },
{ "type": "Feature", "properties": { "services_sum": 1.3750954927425516, "total_departures_sum": 119, "route_short_name_sum": null, "services_unique": null, "total_departures_unique": null, "route_short_name_unique": "210" }, "geometry": { "type": "LineString", "coordinates": [ [ -9.1119805, 38.7581172 ], [ -9.1121709, 38.7581213 ], [ -9.1123131, 38.7581904 ], [ -9.112345, 38.7582386 ], [ -9.1123935, 38.7583117 ], [ -9.1124123, 38.7584685 ], [ -9.1123818, 38.7585282 ], [ -9.1123299, 38.7586298 ], [ -9.1122862, 38.7587154 ], [ -9.1121548, 38.7588199 ], [ -9.1120797, 38.7588471 ], [ -9.1120073, 38.7588639 ], [ -9.11189, 38.7589543 ], [ -9.1116006, 38.7592613 ], [ -9.1116763, 38.75888 ], [ -9.1116613, 38.7587279 ], [ -9.111613, 38.7586275 ], [ -9.1114855, 38.7585047 ], [ -9.1112927, 38.7583172 ], [ -9.1101833, 38.7579771 ], [ -9.108808, 38.7575556 ], [ -9.1086128, 38.7574957 ], [ -9.1073172, 38.7571048 ], [ -9.106598, 38.7568878 ], [ -9.1061511, 38.7567529 ], [ -9.1057473, 38.7566311 ], [ -9.105661, 38.7566051 ], [ -9.1045846, 38.7562633 ], [ -9.1044424, 38.7562181 ], [ -9.1042684, 38.7561641 ], [ -9.1034423, 38.7559103 ], [ -9.1032987, 38.7558687 ], [ -9.1032234, 38.7558466 ], [ -9.1031394, 38.7558224 ], [ -9.1030654, 38.7558011 ], [ -9.1029742, 38.7557748 ], [ -9.1029027, 38.755756 ], [ -9.1025809, 38.7556567 ], [ -9.1021926, 38.7555346 ], [ -9.101366, 38.7553095 ], [ -9.1009144, 38.7551922 ], [ -9.1008497, 38.7551735 ], [ -9.1003178, 38.7549994 ], [ -9.1001459, 38.7549431 ], [ -9.1000482, 38.7549086 ], [ -9.0997618, 38.7548688 ], [ -9.0992672, 38.7547261 ], [ -9.098735, 38.7545655 ], [ -9.0980141, 38.754358 ], [ -9.0975935, 38.7542442 ], [ -9.0974562, 38.7542481 ], [ -9.0972808, 38.754287 ], [ -9.0971605, 38.7543211 ], [ -9.0970649, 38.7543889 ], [ -9.096914, 38.7544319 ], [ -9.096801, 38.7544306 ], [ -9.0966871, 38.7544007 ], [ -9.0965996, 38.754351 ], [ -9.0965257, 38.7542719 ], [ -9.0964914, 38.7541904 ], [ -9.0961935, 38.7539555 ], [ -9.0960386, 38.7538545 ], [ -9.0960286, 38.753848 ], [ -9.095872, 38.753713 ], [ -9.0957661, 38.7536008 ], [ -9.0956528, 38.7534517 ], [ -9.095578, 38.7533198 ], [ -9.0955157, 38.7531692 ], [ -9.0954864, 38.7530055 ], [ -9.0954839, 38.7528106 ], [ -9.0954905, 38.7526234 ], [ -9.0955368, 38.7524328 ], [ -9.0955922, 38.7522408 ], [ -9.0956414, 38.7520534 ], [ -9.0957219, 38.7518799 ], [ -9.0959223, 38.751198 ], [ -9.0959818, 38.7510251 ], [ -9.0960608, 38.7507951 ], [ -9.096236, 38.7502895 ], [ -9.0965028, 38.7493151 ], [ -9.0965654, 38.7490864 ], [ -9.0966256, 38.7488188 ], [ -9.0969177, 38.7477974 ], [ -9.0969228, 38.7477797 ], [ -9.0970553, 38.7473171 ], [ -9.0971233, 38.7473261 ], [ -9.0970105, 38.7477375 ], [ -9.0969065, 38.7481169 ], [ -9.0967091, 38.7488364 ], [ -9.0966391, 38.7490919 ], [ -9.0965747, 38.7493271 ], [ -9.0963084, 38.7502981 ], [ -9.0963067, 38.7503036 ], [ -9.0961495, 38.7508089 ], [ -9.0960321, 38.7512217 ], [ -9.0958364, 38.7518881 ], [ -9.0958225, 38.7520804 ], [ -9.0957895, 38.7522696 ], [ -9.0957543, 38.7524473 ], [ -9.0957235, 38.7526435 ], [ -9.0957138, 38.7528252 ], [ -9.0957363, 38.7529763 ], [ -9.0957804, 38.7531154 ], [ -9.0958357, 38.7532397 ], [ -9.095902, 38.7533555 ], [ -9.0959519, 38.7534126 ], [ -9.0959998, 38.7534671 ], [ -9.0960811, 38.7535358 ], [ -9.0961186, 38.7535675 ], [ -9.0962391, 38.7536452 ], [ -9.0963808, 38.7537186 ], [ -9.0965477, 38.7537789 ], [ -9.0968377, 38.7538475 ], [ -9.0969381, 38.7538527 ], [ -9.097055, 38.7538878 ], [ -9.097114, 38.7539207 ], [ -9.0973258, 38.7539737 ], [ -9.0976498, 38.7540514 ], [ -9.0979453, 38.7541204 ], [ -9.098263, 38.7542128 ], [ -9.0989695, 38.7544211 ], [ -9.1000695, 38.7547502 ], [ -9.1001706, 38.7548192 ], [ -9.1003378, 38.7548693 ], [ -9.1008698, 38.7550284 ], [ -9.1027378, 38.7556038 ], [ -9.1028867, 38.7556472 ], [ -9.1029665, 38.7556705 ], [ -9.1030534, 38.7556962 ], [ -9.1031276, 38.7557181 ], [ -9.103216, 38.7557442 ] ] } },
{ "type": "Feature", "properties": { "services_sum": 1.3750954927425516, "total_departures_sum": 119, "route_short_name_sum": null, "services_unique": null, "total_departures_unique": null, "route_short_name_unique": "210" }, "geometry": { "type": "LineString", "coordinates": [ [ -9.1118598, 38.7581611 ], [ -9.1115799, 38.7581954 ], [ -9.1113268, 38.7582099 ] ] } },
{ "type": "Feature", "properties": { "services_sum": 1.3750954927425516, "total_departures_sum": 119, "route_short_name_sum": null, "services_unique": null, "total_departures_unique": null, "route_short_name_unique": "210" }, "geometry": { "type": "LineString", "coordinates": [ [ -9.1113776, 38.7838933 ], [ -9.1113303, 38.783911 ], [ -9.111267, 38.783906 ], [ -9.1112184, 38.7838738 ], [ -9.1112019, 38.783863 ], [ -9.1111845, 38.7838546 ], [ -9.1111536, 38.7838421 ], [ -9.1111241, 38.7838337 ], [ -9.1110686, 38.7838321 ], [ -9.1106061, 38.7838537 ], [ -9.1102539, 38.7838701 ], [ -9.1100448, 38.7838799 ], [ -9.1099781, 38.783883 ], [ -9.109822, 38.7838903 ], [ -9.1094437, 38.783908 ], [ -9.1088426, 38.783936 ], [ -9.1087687, 38.7839394 ], [ -9.1086127, 38.7839467 ], [ -9.1086028, 38.7838301 ], [ -9.1085733, 38.7834809 ], [ -9.1085351, 38.7830288 ], [ -9.1084966, 38.7825947 ], [ -9.1084841, 38.7824324 ], [ -9.1084787, 38.7823625 ], [ -9.108463, 38.7821762 ], [ -9.1084238, 38.7817129 ], [ -9.1083997, 38.7814284 ], [ -9.1083849, 38.7812534 ], [ -9.1071672, 38.7813074 ], [ -9.1068707, 38.7813205 ] ] } },
{ "type": "Feature", "properties": { "services_sum": 1.3750954927425516, "total_departures_sum": 119, "route_short_name_sum": null, "services_unique": null, "total_departures_unique": null, "route_short_name_unique": "210" }, "geometry": { "type": "LineString", "coordinates": [ [ -9.1102254, 38.7578793 ], [ -9.1086211, 38.757397 ], [ -9.1076661, 38.7571099 ] ] } },
{ "type": "Feature", "properties": { "services_sum": 1.3750954927425516, "total_departures_sum": 119, "route_short_name_sum": null, "services_unique": null, "total_departures_unique": null, "route_short_name_unique": "210" }, "geometry": { "type": "LineString", "coordinates": [ [ -9.1067725, 38.7678358 ], [ -9.1092193, 38.7680896 ], [ -9.1090686, 38.768074 ], [ -9.1067725, 38.7678358 ] ] } },
{ "type": "Feature", "properties": { "services_sum": 1.3750954927425516, "total_departures_sum": 119, "route_short_name_sum": null, "services_unique": null, "total_departures_unique": null, "route_short_name_unique": "210" }, "geometry": { "type": "LineString", "coordinates": [ [ -9.1067725, 38.7678358 ], [ -9.1067681, 38.7678353 ], [ -9.106625, 38.7678203 ] ] } },
{ "type": "Feature", "properties": { "services_sum": 1.3750954927425516, "total_departures_sum": 119, "route_short_name_sum": null, "services_unique": null, "total_departures_unique": null, "route_short_name_unique": "210" }, "geometry": { "type": "LineString", "coordinates": [ [ -9.1067725, 38.7678358 ], [ -9.106625, 38.7678203 ] ] } },
{ "type": "Feature", "properties": { "services_sum": 1.3750954927425516, "total_departures_sum": 119, "route_short_name_sum": null, "services_unique": null, "total_departures_unique": null, "route_short_name_unique": "210" }, "geometry": { "type": "LineString", "coordinates": [ [ -9.106625, 38.7678203 ], [ -9.106073, 38.7677631 ], [ -9.1051847, 38.7676711 ] ] } },
{ "type": "Feature", "properties": { "services_sum": 1.3750954927425516, "total_departures_sum": 119, "route_short_name_sum": null, "services_unique": null, "total_departures_unique": null, "route_short_name_unique": "210" }, "geometry": { "type": "LineString", "coordinates": [ [ -9.106625, 38.7678203 ], [ -9.1051847, 38.7676711 ] ] } },
{ "type": "Feature", "properties": { "services_sum": 1.3750954927425516, "total_departures_sum": 119, "route_short_name_sum": null, "services_unique": null, "total_departures_unique": null, "route_short_name_unique": "210" }, "geometry": { "type": "LineString", "coordinates": [ [ -9.1057513, 38.7734687 ], [ -9.1057526, 38.7734761 ], [ -9.1057727, 38.7735862 ], [ -9.1057856, 38.7738434 ], [ -9.1058162, 38.7741537 ], [ -9.1057156, 38.7742335 ], [ -9.1056511, 38.7743187 ], [ -9.1055562, 38.7746379 ], [ -9.105551, 38.7747743 ] ] } },
{ "type": "Feature", "properties": { "services_sum": 1.3750954927425516, "total_departures_sum": 119, "route_short_name_sum": null, "services_unique": null, "total_departures_unique": null, "route_short_name_unique": "210" }, "geometry": { "type": "LineString", "coordinates": [ [ -9.1051847, 38.7676711 ], [ -9.1048212, 38.7676879 ], [ -9.1046463, 38.7676695 ], [ -9.104536, 38.7676584 ], [ -9.1043226, 38.7676354 ], [ -9.1042405, 38.7676265 ], [ -9.104129, 38.7676144 ], [ -9.1039634, 38.7675986 ], [ -9.1025681, 38.7674515 ], [ -9.1021134, 38.7674026 ], [ -9.1018783, 38.7673791 ], [ -9.1017214, 38.7673626 ], [ -9.1013425, 38.7673229 ], [ -9.1007175, 38.7672573 ], [ -9.0999348, 38.7671752 ] ] } },
{ "type": "Feature", "properties": { "services_sum": 1.3750954927425516, "total_departures_sum": 119, "route_short_name_sum": null, "services_unique": null, "total_departures_unique": null, "route_short_name_unique": "210" }, "geometry": { "type": "LineString", "coordinates": [ [ -9.1051847, 38.7676711 ], [ -9.104787, 38.7675841 ], [ -9.1046618, 38.7674915 ], [ -9.104486, 38.7673615 ], [ -9.104431, 38.7671773 ], [ -9.1044199, 38.7671401 ], [ -9.1043918, 38.7670954 ], [ -9.1043814, 38.7670787 ], [ -9.1043553, 38.7670562 ], [ -9.1043112, 38.7670366 ], [ -9.1042725, 38.7670289 ], [ -9.1042649, 38.7670284 ], [ -9.1042266, 38.7670254 ], [ -9.1041852, 38.7670275 ], [ -9.1041835, 38.7670281 ], [ -9.1041694, 38.7670324 ], [ -9.1041492, 38.7670387 ], [ -9.1041219, 38.7670578 ], [ -9.1041006, 38.7670941 ], [ -9.1040876, 38.767131 ], [ -9.1041002, 38.7673413 ] ] } },
{ "type": "Feature", "properties": { "services_sum": 1.3750954927425516, "total_departures_sum": 119, "route_short_name_sum": null, "services_unique": null, "total_departures_unique": null, "route_short_name_unique": "210" }, "geometry": { "type": "LineString", "coordinates": [ [ -9.1047896, 38.7801436 ], [ -9.1048084, 38.7804096 ], [ -9.1048225, 38.7804762 ], [ -9.1048087, 38.7805428 ], [ -9.1047683, 38.7806024 ], [ -9.1047056, 38.7806489 ], [ -9.1046486, 38.780672 ], [ -9.1045862, 38.7806837 ], [ -9.1044997, 38.7806806 ], [ -9.104419, 38.7806562 ], [ -9.1043526, 38.7806129 ], [ -9.1043074, 38.7805554 ], [ -9.104294, 38.7805222 ], [ -9.1041602, 38.7804583 ], [ -9.1040975, 38.780437 ], [ -9.1025302, 38.7803672 ], [ -9.1020971, 38.7803479 ], [ -9.1018799, 38.780437 ], [ -9.1018444, 38.7804664 ], [ -9.1018005, 38.7804878 ], [ -9.101748, 38.7805 ], [ -9.1016932, 38.7805007 ], [ -9.1016402, 38.7804898 ], [ -9.1015836, 38.7804619 ], [ -9.101542, 38.780421 ], [ -9.10152, 38.7803717 ], [ -9.1015183, 38.7803298 ], [ -9.101531, 38.7802891 ], [ -9.1015572, 38.7802524 ], [ -9.1015949, 38.7802225 ], [ -9.1016508, 38.7801988 ], [ -9.1017135, 38.7801899 ], [ -9.1017766, 38.7801969 ], [ -9.1018337, 38.7802189 ], [ -9.1019449, 38.7802369 ], [ -9.1020643, 38.7802714 ], [ -9.1023742, 38.7802822 ], [ -9.1024299, 38.7802782 ], [ -9.1024584, 38.780271 ], [ -9.102482, 38.7802574 ], [ -9.1024975, 38.7802397 ], [ -9.1025124, 38.7802115 ], [ -9.1025374, 38.7799785 ], [ -9.1025638, 38.7797938 ], [ -9.1026151, 38.7796594 ], [ -9.1026661, 38.7795256 ], [ -9.102695, 38.7793324 ], [ -9.1026433, 38.7791651 ], [ -9.1025714, 38.7789668 ], [ -9.102171, 38.7780655 ], [ -9.1019163, 38.7774402 ], [ -9.1019023, 38.7773819 ], [ -9.101845, 38.7771511 ], [ -9.1017764, 38.7769838 ], [ -9.101765, 38.7769631 ], [ -9.10163, 38.7767178 ], [ -9.1015732, 38.7766232 ], [ -9.1013102, 38.7761796 ], [ -9.1012711, 38.7761075 ], [ -9.101094, 38.7757648 ], [ -9.1010575, 38.7757069 ], [ -9.1010343, 38.7756574 ], [ -9.1010137, 38.7755834 ], [ -9.1009806, 38.7752486 ], [ -9.1009718, 38.7751932 ], [ -9.1009633, 38.7751623 ], [ -9.1009441, 38.7751231 ] ] } },
{ "type": "Feature", "properties": { "services_sum": 1.3750954927425516, "total_departures_sum": 119, "route_short_name_sum": null, "services_unique": null, "total_departures_unique": null, "route_short_name_unique": "210" }, "geometry": { "type": "LineString", "coordinates": [ [ -9.1045007, 38.7561238 ], [ -9.1042393, 38.7560467 ], [ -9.1034309, 38.7558083 ] ] } },
{ "type": "Feature", "properties": { "services_sum": 1.3750954927425516, "total_departures_sum": 119, "route_short_name_sum": null, "services_unique": null, "total_departures_unique": null, "route_short_name_unique": "210" }, "geometry": { "type": "LineString", "coordinates": [ [ -9.1030323, 38.7393364 ], [ -9.102945, 38.7396898 ], [ -9.1027908, 38.7403142 ], [ -9.1030323, 38.7393364 ] ] } },
{ "type": "Feature", "properties": { "services_sum": 1.3750954927425516, "total_departures_sum": 119, "route_short_name_sum": null, "services_unique": null, "total_departures_unique": null, "route_short_name_unique": "210" }, "geometry": { "type": "LineString", "coordinates": [ [ -9.1030323, 38.7393364 ], [ -9.1030939, 38.7390869 ], [ -9.1030729, 38.7391721 ], [ -9.1030323, 38.7393364 ] ] } },
{ "type": "Feature", "properties": { "services_sum": 1.3750954927425516, "total_departures_sum": 119, "route_short_name_sum": null, "services_unique": null, "total_departures_unique": null, "route_short_name_unique": "210" }, "geometry": { "type": "LineString", "coordinates": [ [ -9.1030312, 38.7377855 ], [ -9.1034581, 38.7378658 ], [ -9.1031999, 38.7378173 ], [ -9.1030312, 38.7377855 ] ] } },
{ "type": "Feature", "properties": { "services_sum": 1.3750954927425516, "total_departures_sum": 119, "route_short_name_sum": null, "services_unique": null, "total_departures_unique": null, "route_short_name_unique": "210" }, "geometry": { "type": "LineString", "coordinates": [ [ -9.1030312, 38.7377855 ], [ -9.1035594, 38.736403 ], [ -9.1037081, 38.7358946 ], [ -9.1035468, 38.7359325 ], [ -9.1034078, 38.7363839 ], [ -9.1031707, 38.7370719 ], [ -9.103081, 38.737302 ], [ -9.1029905, 38.7377044 ], [ -9.1030312, 38.7377855 ] ] } },
{ "type": "Feature", "properties": { "services_sum": 1.3750954927425516, "total_departures_sum": 119, "route_short_name_sum": null, "services_unique": null, "total_departures_unique": null, "route_short_name_unique": "210" }, "geometry": { "type": "LineString", "coordinates": [ [ -9.102002, 38.742654 ], [ -9.1018135, 38.7430517 ], [ -9.1015408, 38.7436267 ], [ -9.102002, 38.742654 ] ] } },
{ "type": "Feature", "properties": { "services_sum": 1.3750954927425516, "total_departures_sum": 119, "route_short_name_sum": null, "services_unique": null, "total_departures_unique": null, "route_short_name_unique": "210" }, "geometry": { "type": "LineString", "coordinates": [ [ -9.102002, 38.742654 ], [ -9.102352, 38.7427546 ], [ -9.1023812, 38.7424647 ], [ -9.1023828, 38.742449 ], [ -9.1024166, 38.742113 ], [ -9.1024277, 38.7420099 ], [ -9.1022957, 38.7421188 ], [ -9.1022758, 38.7421551 ], [ -9.1021734, 38.7423416 ], [ -9.1020463, 38.7425733 ], [ -9.102002, 38.742654 ] ] } },
{ "type": "Feature", "properties": { "services_sum": 1.3750954927425516, "total_departures_sum": 119, "route_short_name_sum": null, "services_unique": null, "total_departures_unique": null, "route_short_name_unique": "210" }, "geometry": { "type": "LineString", "coordinates": [ [ -9.1012607, 38.7685627 ], [ -9.1005835, 38.7685577 ], [ -9.0997817, 38.7685518 ] ] } },
{ "type": "Feature", "properties": { "services_sum": 1.3750954927425516, "total_departures_sum": 119, "route_short_name_sum": null, "services_unique": null, "total_departures_unique": null, "route_short_name_unique": "210" }, "geometry": { "type": "LineString", "coordinates": [ [ -9.1010234, 38.7447512 ], [ -9.1009588, 38.7448933 ], [ -9.1008157, 38.7452077 ], [ -9.1010234, 38.7447512 ] ] } },
{ "type": "Feature", "properties": { "services_sum": 1.3750954927425516, "total_departures_sum": 119, "route_short_name_sum": null, "services_unique": null, "total_departures_unique": null, "route_short_name_unique": "210" }, "geometry": { "type": "LineString", "coordinates": [ [ -9.1010234, 38.7447512 ], [ -9.1012479, 38.7442575 ], [ -9.1010754, 38.7446368 ], [ -9.1010234, 38.7447512 ] ] } },
{ "type": "Feature", "properties": { "services_sum": 1.3750954927425516, "total_departures_sum": 119, "route_short_name_sum": null, "services_unique": null, "total_departures_unique": null, "route_short_name_unique": "210" }, "geometry": { "type": "LineString", "coordinates": [ [ -9.0994351, 38.747218 ], [ -9.0994112, 38.7472533 ], [ -9.0991713, 38.7476066 ], [ -9.0994351, 38.747218 ] ] } },
{ "type": "Feature", "properties": { "services_sum": 1.3750954927425516, "total_departures_sum": 119, "route_short_name_sum": null, "services_unique": null, "total_departures_unique": null, "route_short_name_unique": "210" }, "geometry": { "type": "LineString", "coordinates": [ [ -9.0994351, 38.747218 ], [ -9.0998021, 38.7468788 ], [ -9.0997188, 38.7469558 ], [ -9.0994351, 38.747218 ] ] } },
{ "type": "Feature", "properties": { "services_sum": 1.3750954927425516, "total_departures_sum": 119, "route_short_name_sum": null, "services_unique": null, "total_departures_unique": null, "route_short_name_unique": "210" }, "geometry": { "type": "LineString", "coordinates": [ [ -9.1257, 38.7901668 ], [ -9.1256888, 38.790108 ], [ -9.1256496, 38.790057 ], [ -9.125588, 38.7900214 ], [ -9.1255143, 38.7900071 ], [ -9.1255038, 38.7900071 ], [ -9.1252584, 38.789845 ], [ -9.1251796, 38.7897705 ], [ -9.1247146, 38.7893443 ], [ -9.1242733, 38.7889399 ], [ -9.1240785, 38.7887614 ], [ -9.1238771, 38.7884254 ], [ -9.1238479, 38.7883079 ], [ -9.123813, 38.7881676 ], [ -9.1238154, 38.7874031 ], [ -9.1238211, 38.7872345 ], [ -9.1238224, 38.7871947 ], [ -9.1238371, 38.7867606 ], [ -9.1238452, 38.7862965 ], [ -9.1238878, 38.7860357 ], [ -9.124056, 38.7856566 ], [ -9.1242696, 38.7851915 ], [ -9.1243169, 38.7850886 ], [ -9.1243729, 38.784962 ], [ -9.1243983, 38.7849091 ], [ -9.124671, 38.7843171 ], [ -9.1247225, 38.784041 ], [ -9.1247255, 38.7839196 ], [ -9.1247257, 38.7839114 ], [ -9.1247432, 38.7834104 ], [ -9.1247581, 38.7829952 ], [ -9.1247609, 38.7828747 ], [ -9.1248042, 38.7827319 ], [ -9.1246424, 38.7827481 ], [ -9.1244884, 38.7827709 ], [ -9.1243062, 38.7828091 ], [ -9.1239963, 38.7828839 ], [ -9.1236995, 38.7829635 ], [ -9.1235099, 38.7830024 ], [ -9.1232587, 38.7830162 ], [ -9.1231392, 38.783007 ], [ -9.1230248, 38.7829763 ], [ -9.1228064, 38.7829261 ], [ -9.1225084, 38.7828074 ], [ -9.1223724, 38.7827531 ], [ -9.1223041, 38.7827208 ], [ -9.121973, 38.7825644 ], [ -9.1217118, 38.7823937 ], [ -9.1214765, 38.7822466 ], [ -9.1210848, 38.782007 ], [ -9.1206162, 38.7816491 ], [ -9.1202908, 38.7814511 ], [ -9.1202643, 38.7814349 ], [ -9.12004, 38.7812714 ], [ -9.1199744, 38.7811685 ], [ -9.1199608, 38.7810366 ], [ -9.119962, 38.7809106 ], [ -9.1199324, 38.7807691 ], [ -9.1198923, 38.7807089 ], [ -9.1198271, 38.7806567 ], [ -9.1197484, 38.7806268 ], [ -9.1196493, 38.7806141 ], [ -9.1194813, 38.7807037 ], [ -9.1193718, 38.7808113 ], [ -9.119265, 38.7809213 ], [ -9.1191978, 38.7809905 ], [ -9.1188, 38.7814001 ], [ -9.1187166, 38.7814859 ], [ -9.1186212, 38.7815909 ], [ -9.118552, 38.781696 ], [ -9.1185391, 38.7817628 ], [ -9.118533, 38.7819454 ], [ -9.1184838, 38.7820939 ], [ -9.1183858, 38.7822174 ], [ -9.1178635, 38.7827471 ], [ -9.1174761, 38.7831426 ], [ -9.1171054, 38.783521 ], [ -9.1172513, 38.7834802 ], [ -9.1185264, 38.7821839 ], [ -9.1188131, 38.7819155 ], [ -9.1189031, 38.7818328 ], [ -9.1189849, 38.7818452 ], [ -9.1191163, 38.7818191 ], [ -9.1192402, 38.7817612 ], [ -9.1192944, 38.7816892 ], [ -9.119332, 38.7816209 ], [ -9.1193711, 38.7815499 ], [ -9.119426, 38.7814803 ], [ -9.1194999, 38.781436 ], [ -9.1196265, 38.7814093 ], [ -9.1197273, 38.7814144 ], [ -9.1199239, 38.7815059 ], [ -9.120382, 38.7816934 ], [ -9.1205495, 38.7817982 ], [ -9.1211938, 38.7821948 ], [ -9.1214933, 38.7823902 ], [ -9.1217069, 38.7825448 ], [ -9.1219478, 38.7826738 ], [ -9.1222596, 38.7828098 ], [ -9.1224455, 38.7828909 ], [ -9.1227495, 38.7830235 ], [ -9.1230829, 38.7830924 ], [ -9.1235102, 38.7830882 ], [ -9.1236959, 38.7830615 ], [ -9.1239266, 38.78301 ], [ -9.12403, 38.7829851 ], [ -9.1241327, 38.7829606 ], [ -9.1244475, 38.7830836 ], [ -9.1246151, 38.7832834 ], [ -9.1246231, 38.7835579 ], [ -9.1246395, 38.7841195 ], [ -9.1245452, 38.7843584 ], [ -9.1244565, 38.7846109 ], [ -9.1243424, 38.7848799 ], [ -9.1243172, 38.7849378 ], [ -9.1242234, 38.7851236 ], [ -9.1238792, 38.7858744 ], [ -9.1238505, 38.7859369 ], [ -9.1237862, 38.7862296 ], [ -9.1237823, 38.7862634 ], [ -9.1237748, 38.7863108 ], [ -9.1237567, 38.7865934 ], [ -9.123754, 38.7870198 ], [ -9.1237352, 38.7880903 ], [ -9.1237473, 38.7882236 ], [ -9.123754, 38.7882973 ], [ -9.1238693, 38.7885649 ], [ -9.12399, 38.7887509 ], [ -9.1242314, 38.7890039 ], [ -9.1247008, 38.7894179 ], [ -9.1252584, 38.7899265 ], [ -9.1253281, 38.790094 ], [ -9.1253095, 38.7901518 ], [ -9.1251501, 38.7902468 ], [ -9.1253599, 38.7902616 ], [ -9.1254214, 38.7902971 ], [ -9.1254951, 38.7903114 ], [ -9.125571, 38.7903026 ], [ -9.1256359, 38.7902722 ], [ -9.1256855, 38.7902198 ], [ -9.1257, 38.7901668 ] ] } },
{ "type": "Feature", "properties": { "services_sum": 1.3750954927425516, "total_departures_sum": 119, "route_short_name_sum": null, "services_unique": null, "total_departures_unique": null, "route_short_name_unique": "210" }, "geometry": { "type": "LineString", "coordinates": [ [ -9.1244347, 38.7902646 ], [ -9.1243377, 38.7902463 ], [ -9.1241689, 38.7902143 ], [ -9.1244347, 38.7902646 ] ] } },
{ "type": "Feature", "properties": { "services_sum": 1.3750954927425516, "total_departures_sum": 119, "route_short_name_sum": null, "services_unique": null, "total_departures_unique": null, "route_short_name_unique": "210" }, "geometry": { "type": "LineString", "coordinates": [ [ -9.1235249, 38.7900925 ], [ -9.1234485, 38.7900277 ], [ -9.1233673, 38.7899445 ], [ -9.12337, 38.7899163 ], [ -9.1233641, 38.7898884 ], [ -9.12335, 38.7898624 ], [ -9.1233284, 38.7898396 ], [ -9.1233006, 38.7898214 ], [ -9.1232515, 38.789805 ], [ -9.1231982, 38.7898026 ], [ -9.123147, 38.7898146 ], [ -9.1231229, 38.7898287 ], [ -9.1231042, 38.7898395 ], [ -9.1230749, 38.7898743 ], [ -9.1230616, 38.7899181 ], [ -9.1230674, 38.7899539 ], [ -9.1230825, 38.7899812 ], [ -9.1231032, 38.7900032 ], [ -9.1231297, 38.790021 ], [ -9.123174, 38.7900354 ], [ -9.1232263, 38.7900415 ], [ -9.1235249, 38.7900925 ] ] } },
{ "type": "Feature", "properties": { "services_sum": 1.3750954927425516, "total_departures_sum": 119, "route_short_name_sum": null, "services_unique": null, "total_departures_unique": null, "route_short_name_unique": "210" }, "geometry": { "type": "LineString", "coordinates": [ [ -9.1157411, 38.7224347 ], [ -9.1156196, 38.7226196 ], [ -9.1155062, 38.7227921 ], [ -9.1157411, 38.7224347 ] ] } },
{ "type": "Feature", "properties": { "services_sum": 1.3750954927425516, "total_departures_sum": 119, "route_short_name_sum": null, "services_unique": null, "total_departures_unique": null, "route_short_name_unique": "210" }, "geometry": { "type": "LineString", "coordinates": [ [ -9.112135, 38.7609643 ], [ -9.1120223, 38.7607131 ], [ -9.1119149, 38.7605857 ], [ -9.1119215, 38.7607297 ], [ -9.1120142, 38.7609499 ], [ -9.1119361, 38.7609845 ], [ -9.1116875, 38.7610993 ], [ -9.1113463, 38.7612425 ], [ -9.1109673, 38.7614181 ], [ -9.1106955, 38.7615487 ], [ -9.1106373, 38.7615766 ], [ -9.1106371, 38.7615767 ], [ -9.1105773, 38.7616094 ], [ -9.1104102, 38.7617131 ], [ -9.110306, 38.7617895 ], [ -9.1097386, 38.7622261 ], [ -9.1096057, 38.7623621 ], [ -9.1095943, 38.7623783 ], [ -9.1094447, 38.7625907 ], [ -9.1093933, 38.762693 ], [ -9.1093375, 38.7628522 ], [ -9.109323, 38.7629216 ], [ -9.1093229, 38.7629226 ], [ -9.1093203, 38.7629711 ], [ -9.1093177, 38.7629956 ], [ -9.1093157, 38.7630149 ], [ -9.1093173, 38.7632322 ], [ -9.1093218, 38.7632834 ], [ -9.1093259, 38.7633178 ], [ -9.1094622, 38.7640891 ], [ -9.1094696, 38.7641312 ], [ -9.1094866, 38.7642275 ], [ -9.1094923, 38.7642598 ], [ -9.1094973, 38.7642886 ], [ -9.1096151, 38.7649603 ], [ -9.1096237, 38.7650194 ], [ -9.1096446, 38.7651395 ], [ -9.1096607, 38.7652355 ], [ -9.1096679, 38.7652776 ], [ -9.109786, 38.7659668 ], [ -9.1098084, 38.7660827 ], [ -9.1099152, 38.7665798 ], [ -9.1099562, 38.7667496 ], [ -9.1100669, 38.7672076 ], [ -9.1100875, 38.7672983 ], [ -9.1100938, 38.7674354 ], [ -9.110093, 38.7674455 ], [ -9.1100866, 38.7675242 ], [ -9.1100488, 38.7676691 ], [ -9.1100183, 38.7677416 ], [ -9.1100004, 38.7677699 ], [ -9.1099808, 38.7677946 ], [ -9.1099207, 38.7678699 ], [ -9.1098557, 38.7679431 ], [ -9.1098128, 38.7679655 ], [ -9.1097726, 38.7679909 ], [ -9.1097312, 38.7680206 ], [ -9.1096309, 38.7680528 ], [ -9.1096066, 38.7680591 ], [ -9.1095372, 38.7680745 ], [ -9.1094674, 38.7680807 ], [ -9.1092318, 38.7680909 ], [ -9.1094419, 38.7681594 ], [ -9.1094892, 38.7681781 ], [ -9.1095241, 38.7681985 ], [ -9.109556, 38.7682215 ], [ -9.1095832, 38.7682463 ], [ -9.1096692, 38.7683228 ], [ -9.1097102, 38.7683818 ], [ -9.1097639, 38.7684314 ], [ -9.1098255, 38.7684716 ], [ -9.1098866, 38.7684941 ], [ -9.1099402, 38.7685012 ], [ -9.110008, 38.7684987 ], [ -9.1100612, 38.7684889 ], [ -9.110131, 38.7684601 ], [ -9.1102012, 38.7684118 ], [ -9.110252, 38.768364 ], [ -9.1102919, 38.7683137 ], [ -9.1103175, 38.7682642 ], [ -9.1103284, 38.7682126 ], [ -9.1103275, 38.7681708 ], [ -9.1103151, 38.7681226 ], [ -9.1102877, 38.7680683 ], [ -9.1102438, 38.7680114 ], [ -9.1102081, 38.7679517 ], [ -9.110188, 38.7679013 ], [ -9.1101777, 38.7678383 ], [ -9.1101747, 38.767812 ], [ -9.1101729, 38.7677778 ], [ -9.1101773, 38.7677023 ], [ -9.1101813, 38.7676217 ], [ -9.11019, 38.7674542 ], [ -9.110191, 38.7673612 ], [ -9.1101813, 38.7672657 ], [ -9.1101613, 38.76718 ], [ -9.11016, 38.767173 ], [ -9.1101566, 38.7671589 ], [ -9.1101107, 38.7669651 ], [ -9.1100637, 38.766765 ], [ -9.1100548, 38.7667308 ], [ -9.1100458, 38.7666958 ], [ -9.1100167, 38.7665671 ], [ -9.1099067, 38.7660858 ], [ -9.1098864, 38.765981 ], [ -9.1098269, 38.7656271 ], [ -9.1097437, 38.7651273 ], [ -9.1097194, 38.7649841 ], [ -9.1097047, 38.7649046 ], [ -9.1096969, 38.7648623 ], [ -9.1096385, 38.7645219 ], [ -9.1095954, 38.7642806 ], [ -9.1095943, 38.7642744 ], [ -9.1095865, 38.7642263 ], [ -9.1095855, 38.7642202 ], [ -9.1095613, 38.7640796 ], [ -9.1094892, 38.7636899 ], [ -9.1094497, 38.7635073 ], [ -9.1094195, 38.7633735 ], [ -9.1094088, 38.7632978 ], [ -9.1094035, 38.7631571 ], [ -9.1094074, 38.7630598 ], [ -9.1094181, 38.7629719 ], [ -9.1094338, 38.7628738 ], [ -9.1094564, 38.7627821 ], [ -9.1094859, 38.7627017 ], [ -9.1095221, 38.7626273 ], [ -9.1095935, 38.7625105 ], [ -9.1096747, 38.7624012 ], [ -9.109699, 38.7623746 ], [ -9.1097407, 38.762329 ], [ -9.1098229, 38.7622528 ], [ -9.1099974, 38.7621145 ], [ -9.1101209, 38.7620203 ], [ -9.1103626, 38.7618421 ], [ -9.1105122, 38.7617424 ], [ -9.1106352, 38.7616698 ], [ -9.1107258, 38.7616207 ], [ -9.1109635, 38.7615094 ], [ -9.1112079, 38.7613989 ], [ -9.1114953, 38.7612699 ], [ -9.1117481, 38.7611609 ], [ -9.1119869, 38.7610588 ], [ -9.1120533, 38.761035 ], [ -9.112135, 38.7609643 ] ] } },
{ "type": "Feature", "properties": { "services_sum": 1.3750954927425516, "total_departures_sum": 119, "route_short_name_sum": null, "services_unique": null, "total_departures_unique": null, "route_short_name_unique": "210" }, "geometry": { "type": "LineString", "coordinates": [ [ -9.1118774, 38.7605092 ], [ -9.1118769, 38.7605081 ], [ -9.1116212, 38.7599557 ], [ -9.1117891, 38.7603185 ], [ -9.1118774, 38.7605092 ] ] } },
{ "type": "Feature", "properties": { "services_sum": 1.3750954927425516, "total_departures_sum": 119, "route_short_name_sum": null, "services_unique": null, "total_departures_unique": null, "route_short_name_unique": "210" }, "geometry": { "type": "LineString", "coordinates": [ [ -9.1104699, 38.7273178 ], [ -9.1103358, 38.7274631 ], [ -9.1100694, 38.7277515 ], [ -9.1104699, 38.7273178 ] ] } },
{ "type": "Feature", "properties": { "services_sum": 1.3750954927425516, "total_departures_sum": 119, "route_short_name_sum": null, "services_unique": null, "total_departures_unique": null, "route_short_name_unique": "210" }, "geometry": { "type": "LineString", "coordinates": [ [ -9.1097302, 38.7281326 ], [ -9.109629, 38.7282464 ], [ -9.1095305, 38.7283571 ], [ -9.1097302, 38.7281326 ] ] } },
{ "type": "Feature", "properties": { "services_sum": 1.3750954927425516, "total_departures_sum": 119, "route_short_name_sum": null, "services_unique": null, "total_departures_unique": null, "route_short_name_unique": "210" }, "geometry": { "type": "LineString", "coordinates": [ [ -9.1081863, 38.7297485 ], [ -9.1079305, 38.7302583 ], [ -9.1079112, 38.7302968 ], [ -9.1079825, 38.7301548 ], [ -9.1081863, 38.7297485 ] ] } },
{ "type": "Feature", "properties": { "services_sum": 1.3750954927425516, "total_departures_sum": 119, "route_short_name_sum": null, "services_unique": null, "total_departures_unique": null, "route_short_name_unique": "210" }, "geometry": { "type": "LineString", "coordinates": [ [ -9.1061756, 38.7323363 ], [ -9.105831, 38.7327026 ], [ -9.1057991, 38.7327364 ], [ -9.1061756, 38.7323363 ] ] } },
{ "type": "Feature", "properties": { "services_sum": 1.3750954927425516, "total_departures_sum": 119, "route_short_name_sum": null, "services_unique": null, "total_departures_unique": null, "route_short_name_unique": "210" }, "geometry": { "type": "LineString", "coordinates": [ [ -9.1055845, 38.7330753 ], [ -9.1055751, 38.7331037 ], [ -9.1055094, 38.7333013 ], [ -9.1055845, 38.7330753 ] ] } },
{ "type": "Feature", "properties": { "services_sum": 1.3750954927425516, "total_departures_sum": 119, "route_short_name_sum": null, "services_unique": null, "total_departures_unique": null, "route_short_name_unique": "210" }, "geometry": { "type": "LineString", "coordinates": [ [ -9.1050658, 38.7345658 ], [ -9.1050135, 38.7346251 ], [ -9.1045942, 38.7351008 ], [ -9.1047446, 38.7349302 ], [ -9.1050658, 38.7345658 ] ] } },
{ "type": "Feature", "properties": { "services_sum": 1.5332197614991483, "total_departures_sum": 117, "route_short_name_sum": null, "services_unique": null, "total_departures_unique": null, "route_short_name_unique": "208" }, "geometry": { "type": "LineString", "coordinates": [ [ -9.1435637, 38.706709 ], [ -9.1434987, 38.7067106 ] ] } },
{ "type": "Feature", "properties": { "services_sum": 1.5332197614991483, "total_departures_sum": 117, "route_short_name_sum": null, "services_unique": null, "total_departures_unique": null, "route_short_name_unique": "208" }, "geometry": { "type": "LineString", "coordinates": [ [ -9.1432187, 38.7057441 ], [ -9.1432175, 38.7057863 ], [ -9.1432162, 38.70583 ] ] } },
{ "type": "Feature", "properties": { "services_sum": 1.5332197614991483, "total_departures_sum": 117, "route_short_name_sum": null, "services_unique": null, "total_departures_unique": null, "route_short_name_unique": "208" }, "geometry": { "type": "LineString", "coordinates": [ [ -9.1370518, 38.7134617 ], [ -9.1371578, 38.7135282 ], [ -9.1372098, 38.7135756 ], [ -9.137316, 38.7138353 ], [ -9.1373672, 38.7139603 ], [ -9.1373864, 38.7140073 ], [ -9.1374286, 38.7141204 ], [ -9.1373731, 38.7142419 ], [ -9.137448, 38.7144503 ], [ -9.1374809, 38.7145373 ], [ -9.1375272, 38.714621 ], [ -9.1375634, 38.7146911 ], [ -9.1375716, 38.7147556 ], [ -9.1375694, 38.7147854 ], [ -9.137554, 38.714835 ], [ -9.1375144, 38.7148988 ], [ -9.1374346, 38.7149674 ], [ -9.1374103, 38.7149817 ], [ -9.1372419, 38.7150805 ], [ -9.1371884, 38.7151455 ], [ -9.1371137, 38.7152361 ], [ -9.1369664, 38.7155401 ], [ -9.1368957, 38.715686 ], [ -9.136826, 38.7158298 ], [ -9.1367883, 38.715905 ], [ -9.13673, 38.7160211 ], [ -9.1365986, 38.7162828 ], [ -9.1365079, 38.7164625 ], [ -9.1364528, 38.7165732 ], [ -9.1364414, 38.716598 ], [ -9.1363395, 38.7167773 ], [ -9.1362471, 38.7169272 ], [ -9.1361392, 38.7170217 ], [ -9.1360335, 38.7170579 ], [ -9.1359814, 38.7171301 ], [ -9.1359737, 38.7171436 ], [ -9.1358694, 38.7173267 ], [ -9.1357248, 38.7187045 ], [ -9.1356809, 38.7191545 ], [ -9.1356278, 38.7196993 ], [ -9.1356181, 38.7198028 ], [ -9.1355985, 38.719991 ], [ -9.1355957, 38.7200035 ], [ -9.135572, 38.7202373 ], [ -9.1354892, 38.7210823 ], [ -9.1354588, 38.7213463 ], [ -9.1354494, 38.7214464 ], [ -9.1354012, 38.7219579 ], [ -9.1353863, 38.7221154 ], [ -9.1353446, 38.7225578 ], [ -9.1353286, 38.7227276 ], [ -9.135306, 38.7229214 ], [ -9.1352628, 38.7232927 ], [ -9.1352351, 38.723562 ], [ -9.1352212, 38.7237083 ], [ -9.1351236, 38.7247371 ], [ -9.1351121, 38.7248578 ], [ -9.1351003, 38.7249817 ], [ -9.1350442, 38.725573 ], [ -9.1349827, 38.7262215 ], [ -9.1349694, 38.7263524 ], [ -9.1349585, 38.72646 ], [ -9.1349309, 38.7267322 ], [ -9.1348193, 38.7278543 ], [ -9.1348082, 38.7279642 ], [ -9.1347981, 38.7280696 ], [ -9.1347305, 38.7287746 ], [ -9.1346645, 38.729462 ], [ -9.1346525, 38.729587 ], [ -9.1346415, 38.7296983 ], [ -9.1345077, 38.7310496 ], [ -9.1344934, 38.73119 ], [ -9.13448, 38.7313256 ], [ -9.1343644, 38.7324614 ], [ -9.1343621, 38.7324836 ], [ -9.1343309, 38.7327903 ], [ -9.1343195, 38.7329007 ], [ -9.134307, 38.7330396 ], [ -9.1342764, 38.7333736 ], [ -9.1342606, 38.7335351 ], [ -9.1342556, 38.733601 ], [ -9.1342461, 38.7337041 ], [ -9.1342404, 38.7337691 ], [ -9.1342266, 38.7339169 ] ] } },
{ "type": "Feature", "properties": { "services_sum": 1.5332197614991483, "total_departures_sum": 117, "route_short_name_sum": null, "services_unique": null, "total_departures_unique": null, "route_short_name_unique": "208" }, "geometry": { "type": "LineString", "coordinates": [ [ -9.1365766, 38.7136064 ], [ -9.1365329, 38.7137398 ], [ -9.1365293, 38.7137506 ], [ -9.1364305, 38.7141194 ], [ -9.1363752, 38.7143276 ], [ -9.1363261, 38.7145275 ], [ -9.1362931, 38.7146775 ], [ -9.1362415, 38.7148986 ], [ -9.1362397, 38.7150301 ], [ -9.1362387, 38.7150944 ], [ -9.1361646, 38.7152643 ], [ -9.1360995, 38.7154137 ], [ -9.1360655, 38.7154916 ], [ -9.1360613, 38.7155013 ], [ -9.135983, 38.7156809 ], [ -9.1359204, 38.7158246 ], [ -9.1357322, 38.7162562 ], [ -9.1355359, 38.7167064 ], [ -9.1355525, 38.7167912 ], [ -9.1355693, 38.7168385 ], [ -9.1355991, 38.7168925 ], [ -9.1356642, 38.7169317 ], [ -9.1358215, 38.7169962 ], [ -9.1358156, 38.7170994 ], [ -9.135601, 38.7191402 ], [ -9.1355426, 38.7196956 ], [ -9.1355317, 38.7197998 ], [ -9.1355166, 38.7199915 ], [ -9.1354933, 38.7202302 ], [ -9.1354102, 38.7210821 ], [ -9.1353862, 38.721328 ], [ -9.1353749, 38.7214402 ], [ -9.1353049, 38.722124 ], [ -9.1353022, 38.7221521 ], [ -9.1352717, 38.7224656 ], [ -9.1352638, 38.7225535 ], [ -9.1352526, 38.7226784 ], [ -9.1351718, 38.7234186 ], [ -9.1351567, 38.7235571 ], [ -9.1351422, 38.7237058 ], [ -9.1350945, 38.7241942 ], [ -9.135042, 38.7247327 ], [ -9.1350302, 38.7248531 ], [ -9.1350181, 38.7249774 ], [ -9.134991, 38.7252548 ], [ -9.1349237, 38.7259443 ], [ -9.1348971, 38.7262171 ], [ -9.1348845, 38.7263457 ], [ -9.1348737, 38.7264554 ], [ -9.1347367, 38.7278476 ], [ -9.1347257, 38.7279591 ], [ -9.1346964, 38.7282572 ], [ -9.1346169, 38.7290646 ], [ -9.1345784, 38.7294561 ], [ -9.1345661, 38.7295812 ], [ -9.134555, 38.729694 ], [ -9.1344222, 38.7310431 ], [ -9.134408, 38.7311828 ], [ -9.1343909, 38.7313176 ], [ -9.134268, 38.7325689 ], [ -9.1342535, 38.7327159 ], [ -9.1342457, 38.7327845 ], [ -9.1342346, 38.7328951 ], [ -9.1341723, 38.7333643 ], [ -9.1341546, 38.7335126 ], [ -9.1341505, 38.7335732 ], [ -9.1341398, 38.7336758 ], [ -9.1341331, 38.7337427 ], [ -9.1341167, 38.7338968 ] ] } },
{ "type": "Feature", "properties": { "services_sum": 1.5332197614991483, "total_departures_sum": 117, "route_short_name_sum": null, "services_unique": null, "total_departures_unique": null, "route_short_name_unique": "208" }, "geometry": { "type": "LineString", "coordinates": [ [ -9.136401, 38.7131808 ], [ -9.1362299, 38.7127517 ] ] } },
{ "type": "Feature", "properties": { "services_sum": 1.5332197614991483, "total_departures_sum": 117, "route_short_name_sum": null, "services_unique": null, "total_departures_unique": null, "route_short_name_unique": "208" }, "geometry": { "type": "LineString", "coordinates": [ [ -9.1352556, 38.7090168 ], [ -9.1352053, 38.7088884 ] ] } },
{ "type": "Feature", "properties": { "services_sum": 1.5332197614991483, "total_departures_sum": 117, "route_short_name_sum": null, "services_unique": null, "total_departures_unique": null, "route_short_name_unique": "208" }, "geometry": { "type": "LineString", "coordinates": [ [ -9.1335763, 38.7423105 ], [ -9.133561, 38.7422445 ], [ -9.133559, 38.7422359 ], [ -9.1335362, 38.7421834 ], [ -9.1335332, 38.7421764 ] ] } },
{ "type": "Feature", "properties": { "services_sum": 1.5332197614991483, "total_departures_sum": 117, "route_short_name_sum": null, "services_unique": null, "total_departures_unique": null, "route_short_name_unique": "208" }, "geometry": { "type": "LineString", "coordinates": [ [ -9.1324009, 38.7420509 ], [ -9.1323255, 38.7420362 ], [ -9.1320995, 38.7419921 ] ] } },
{ "type": "Feature", "properties": { "services_sum": 1.5332197614991483, "total_departures_sum": 117, "route_short_name_sum": null, "services_unique": null, "total_departures_unique": null, "route_short_name_unique": "208" }, "geometry": { "type": "LineString", "coordinates": [ [ -9.1320624, 38.7422152 ], [ -9.1319071, 38.742208 ], [ -9.1318609, 38.7422058 ] ] } },
{ "type": "Feature", "properties": { "services_sum": 1.5332197614991483, "total_departures_sum": 117, "route_short_name_sum": null, "services_unique": null, "total_departures_unique": null, "route_short_name_unique": "208" }, "geometry": { "type": "LineString", "coordinates": [ [ -9.1319523, 38.7419879 ], [ -9.131848, 38.7419803 ], [ -9.1317439, 38.7419734 ], [ -9.1315201, 38.7419584 ], [ -9.131164, 38.7419345 ] ] } },
{ "type": "Feature", "properties": { "services_sum": 1.5332197614991483, "total_departures_sum": 117, "route_short_name_sum": null, "services_unique": null, "total_departures_unique": null, "route_short_name_unique": "208" }, "geometry": { "type": "LineString", "coordinates": [ [ -9.13157, 38.7421813 ], [ -9.1314365, 38.7421699 ], [ -9.1312697, 38.7421555 ] ] } },
{ "type": "Feature", "properties": { "services_sum": 1.5332197614991483, "total_departures_sum": 117, "route_short_name_sum": null, "services_unique": null, "total_departures_unique": null, "route_short_name_unique": "208" }, "geometry": { "type": "LineString", "coordinates": [ [ -9.1299925, 38.762886 ], [ -9.1299466, 38.762828 ], [ -9.1298879, 38.7627774 ], [ -9.1298184, 38.7627359 ], [ -9.1297405, 38.762705 ] ] } },
{ "type": "Feature", "properties": { "services_sum": 1.5332197614991483, "total_departures_sum": 117, "route_short_name_sum": null, "services_unique": null, "total_departures_unique": null, "route_short_name_unique": "208" }, "geometry": { "type": "LineString", "coordinates": [ [ -9.1296305, 38.7634256 ], [ -9.1295883, 38.7634807 ], [ -9.1295671, 38.7635576 ], [ -9.1295597, 38.7637522 ], [ -9.1295547, 38.7638866 ], [ -9.1295514, 38.7639728 ], [ -9.1294499, 38.76478 ], [ -9.1293456, 38.7649737 ], [ -9.1292742, 38.7652894 ], [ -9.1292177, 38.7659485 ], [ -9.1291587, 38.7663522 ], [ -9.1290948, 38.7664781 ], [ -9.1290743, 38.7665333 ], [ -9.129046, 38.7665843 ], [ -9.1290433, 38.7666366 ], [ -9.1290487, 38.7666784 ], [ -9.129045, 38.7667005 ], [ -9.1289054, 38.7668106 ], [ -9.1288945, 38.7668167 ] ] } },
{ "type": "Feature", "properties": { "services_sum": 1.5332197614991483, "total_departures_sum": 117, "route_short_name_sum": null, "services_unique": null, "total_departures_unique": null, "route_short_name_unique": "208" }, "geometry": { "type": "LineString", "coordinates": [ [ -9.1294095, 38.7415362 ], [ -9.1293525, 38.7415145 ], [ -9.1292703, 38.7414831 ] ] } },
{ "type": "Feature", "properties": { "services_sum": 1.5332197614991483, "total_departures_sum": 117, "route_short_name_sum": null, "services_unique": null, "total_departures_unique": null, "route_short_name_unique": "208" }, "geometry": { "type": "LineString", "coordinates": [ [ -9.1293075, 38.7633609 ], [ -9.1293577, 38.76344 ], [ -9.1293899, 38.7635132 ], [ -9.1293986, 38.7635755 ], [ -9.1293782, 38.7638354 ], [ -9.1293672, 38.7639756 ], [ -9.1293277, 38.7644797 ], [ -9.1292578, 38.7650097 ], [ -9.1291944, 38.7653482 ], [ -9.129164, 38.7655913 ], [ -9.1291495, 38.7658987 ], [ -9.1291076, 38.7661975 ], [ -9.1290755, 38.7663301 ], [ -9.1289446, 38.7665961 ], [ -9.1289055, 38.7667206 ], [ -9.1288945, 38.7668167 ] ] } },
{ "type": "Feature", "properties": { "services_sum": 1.5332197614991483, "total_departures_sum": 117, "route_short_name_sum": null, "services_unique": null, "total_departures_unique": null, "route_short_name_unique": "208" }, "geometry": { "type": "LineString", "coordinates": [ [ -9.1292083, 38.7628008 ], [ -9.1290508, 38.7628585 ], [ -9.1290065, 38.7628747 ] ] } },
{ "type": "Feature", "properties": { "services_sum": 1.5332197614991483, "total_departures_sum": 117, "route_short_name_sum": null, "services_unique": null, "total_departures_unique": null, "route_short_name_unique": "208" }, "geometry": { "type": "LineString", "coordinates": [ [ -9.1288945, 38.7668167 ], [ -9.1287579, 38.7668925 ], [ -9.1285773, 38.7669594 ], [ -9.1284069, 38.7670022 ], [ -9.127975, 38.7670839 ], [ -9.1278764, 38.7671459 ], [ -9.127759, 38.7672158 ], [ -9.1276679, 38.7673029 ], [ -9.1276361, 38.7673332 ], [ -9.1275562, 38.7674587 ], [ -9.1275241, 38.7675855 ], [ -9.1275318, 38.7677156 ], [ -9.1275693, 38.7679045 ], [ -9.1276259, 38.7681879 ] ] } },
{ "type": "Feature", "properties": { "services_sum": 1.5332197614991483, "total_departures_sum": 117, "route_short_name_sum": null, "services_unique": null, "total_departures_unique": null, "route_short_name_unique": "208" }, "geometry": { "type": "LineString", "coordinates": [ [ -9.1288945, 38.7668167 ], [ -9.128887, 38.7668824 ], [ -9.1288769, 38.7669801 ], [ -9.1288805, 38.7671387 ], [ -9.1289276, 38.767219 ], [ -9.1289671, 38.7673817 ], [ -9.1288976, 38.7676663 ], [ -9.1287753, 38.7677869 ], [ -9.1287267, 38.7678387 ], [ -9.1286865, 38.7678814 ], [ -9.1285707, 38.7679641 ], [ -9.1284577, 38.7680263 ], [ -9.1283292, 38.7680654 ], [ -9.1282363, 38.7680885 ], [ -9.1276259, 38.7681879 ] ] } },
{ "type": "Feature", "properties": { "services_sum": 1.5332197614991483, "total_departures_sum": 117, "route_short_name_sum": null, "services_unique": null, "total_departures_unique": null, "route_short_name_unique": "208" }, "geometry": { "type": "LineString", "coordinates": [ [ -9.1288564, 38.763155 ], [ -9.128618, 38.7631251 ], [ -9.1286144, 38.7631246 ] ] } },
{ "type": "Feature", "properties": { "services_sum": 1.5332197614991483, "total_departures_sum": 117, "route_short_name_sum": null, "services_unique": null, "total_departures_unique": null, "route_short_name_unique": "208" }, "geometry": { "type": "LineString", "coordinates": [ [ -9.1285385, 38.7415327 ], [ -9.1284246, 38.7414695 ], [ -9.1282274, 38.7413054 ], [ -9.1282117, 38.7412923 ] ] } },
{ "type": "Feature", "properties": { "services_sum": 1.5332197614991483, "total_departures_sum": 117, "route_short_name_sum": null, "services_unique": null, "total_departures_unique": null, "route_short_name_unique": "208" }, "geometry": { "type": "LineString", "coordinates": [ [ -9.1276259, 38.7681879 ], [ -9.1274921, 38.7682096 ], [ -9.1273707, 38.7682569 ], [ -9.1272834, 38.7683335 ], [ -9.1272404, 38.7684053 ], [ -9.1272264, 38.7684815 ], [ -9.127242, 38.7685668 ], [ -9.1273303, 38.7688532 ], [ -9.1274513, 38.7690887 ], [ -9.127374, 38.7693227 ], [ -9.1274582, 38.7696336 ], [ -9.127491, 38.7697547 ], [ -9.1274623, 38.7698244 ], [ -9.1274383, 38.7698612 ], [ -9.1274106, 38.7698898 ], [ -9.1273776, 38.7699102 ], [ -9.1273409, 38.7699272 ], [ -9.1273072, 38.7699365 ], [ -9.1272645, 38.7699459 ], [ -9.1272053, 38.7699482 ], [ -9.1271491, 38.7699429 ], [ -9.1269088, 38.7699085 ], [ -9.1268934, 38.7699658 ], [ -9.1265675, 38.7699103 ], [ -9.1263592, 38.7698748 ], [ -9.1263351, 38.7698705 ], [ -9.1261017, 38.7697791 ], [ -9.1260737, 38.7697541 ], [ -9.1260608, 38.7697472 ], [ -9.1259933, 38.7697107 ], [ -9.1259005, 38.7696912 ], [ -9.1258049, 38.7696969 ], [ -9.1257226, 38.7697243 ], [ -9.1256547, 38.7697707 ], [ -9.1251721, 38.7697135 ], [ -9.1244439, 38.7696341 ], [ -9.1243022, 38.7696187 ], [ -9.124245, 38.7696124 ], [ -9.1240253, 38.7696127 ], [ -9.1239595, 38.7696776 ] ] } },
{ "type": "Feature", "properties": { "services_sum": 1.5332197614991483, "total_departures_sum": 117, "route_short_name_sum": null, "services_unique": null, "total_departures_unique": null, "route_short_name_unique": "208" }, "geometry": { "type": "LineString", "coordinates": [ [ -9.1276259, 38.7681879 ], [ -9.1276385, 38.7682511 ], [ -9.1276551, 38.7683603 ], [ -9.1277294, 38.7686404 ], [ -9.1277461, 38.7687013 ], [ -9.1278389, 38.7689854 ], [ -9.1279108, 38.7692055 ], [ -9.1279394, 38.7692948 ], [ -9.1279995, 38.7695203 ], [ -9.1280284, 38.7696328 ], [ -9.1281623, 38.7701557 ], [ -9.1282714, 38.770537 ], [ -9.1282564, 38.7706064 ], [ -9.1282245, 38.7706619 ], [ -9.1281692, 38.7707 ], [ -9.1281117, 38.7707167 ], [ -9.1280442, 38.7707175 ], [ -9.1279818, 38.7706991 ], [ -9.1279384, 38.7706705 ], [ -9.127915, 38.7706192 ], [ -9.1277933, 38.7702029 ], [ -9.1276591, 38.7701788 ], [ -9.1274403, 38.7701463 ], [ -9.1273548, 38.7701333 ], [ -9.126837, 38.770054 ], [ -9.1267431, 38.7700376 ], [ -9.1264565, 38.7700028 ], [ -9.1263235, 38.7700105 ], [ -9.1261946, 38.7700305 ], [ -9.1260998, 38.7700471 ], [ -9.1260548, 38.7700834 ], [ -9.1259994, 38.7701113 ], [ -9.1259226, 38.7701307 ], [ -9.1258414, 38.7701325 ], [ -9.1257633, 38.7701165 ], [ -9.125695, 38.7700846 ], [ -9.1256419, 38.7700406 ], [ -9.1256094, 38.769994 ], [ -9.1255858, 38.7699406 ], [ -9.1250483, 38.769851 ], [ -9.1246295, 38.7697932 ], [ -9.1244868, 38.7697436 ], [ -9.1244125, 38.7697343 ], [ -9.1242743, 38.769717 ], [ -9.1239595, 38.7696776 ] ] } },
{ "type": "Feature", "properties": { "services_sum": 1.5332197614991483, "total_departures_sum": 117, "route_short_name_sum": null, "services_unique": null, "total_departures_unique": null, "route_short_name_unique": "208" }, "geometry": { "type": "LineString", "coordinates": [ [ -9.1273507, 38.738793 ], [ -9.1272804, 38.738626 ], [ -9.1272722, 38.7386066 ], [ -9.1271727, 38.7383705 ] ] } },
{ "type": "Feature", "properties": { "services_sum": 1.5332197614991483, "total_departures_sum": 117, "route_short_name_sum": null, "services_unique": null, "total_departures_unique": null, "route_short_name_unique": "208" }, "geometry": { "type": "LineString", "coordinates": [ [ -9.1265359, 38.7375785 ], [ -9.1264994, 38.7375895 ], [ -9.1264025, 38.7376186 ], [ -9.1263894, 38.7376225 ] ] } },
{ "type": "Feature", "properties": { "services_sum": 1.5332197614991483, "total_departures_sum": 117, "route_short_name_sum": null, "services_unique": null, "total_departures_unique": null, "route_short_name_unique": "208" }, "geometry": { "type": "LineString", "coordinates": [ [ -9.1264838, 38.7554486 ], [ -9.126373, 38.7554213 ], [ -9.1263195, 38.755408 ] ] } },
{ "type": "Feature", "properties": { "services_sum": 1.5332197614991483, "total_departures_sum": 117, "route_short_name_sum": null, "services_unique": null, "total_departures_unique": null, "route_short_name_unique": "208" }, "geometry": { "type": "LineString", "coordinates": [ [ -9.1262804, 38.7392299 ], [ -9.1262562, 38.7392175 ], [ -9.1262107, 38.739194 ] ] } },
{ "type": "Feature", "properties": { "services_sum": 1.5332197614991483, "total_departures_sum": 117, "route_short_name_sum": null, "services_unique": null, "total_departures_unique": null, "route_short_name_unique": "208" }, "geometry": { "type": "LineString", "coordinates": [ [ -9.1261747, 38.73779 ], [ -9.1261235, 38.7378881 ], [ -9.1261042, 38.7379929 ], [ -9.1261181, 38.7380982 ], [ -9.1259554, 38.7382055 ], [ -9.1258492, 38.7382598 ], [ -9.1257045, 38.7383337 ], [ -9.1255545, 38.7383931 ], [ -9.1254517, 38.7384305 ], [ -9.1253544, 38.7384951 ], [ -9.1251304, 38.7386438 ], [ -9.1239244, 38.7393666 ], [ -9.1238836, 38.739389 ], [ -9.1238121, 38.7394326 ], [ -9.1237259, 38.7395258 ], [ -9.1237043, 38.7395847 ], [ -9.1237012, 38.7398856 ], [ -9.1236977, 38.7402303 ], [ -9.1236561, 38.7403649 ], [ -9.1235905, 38.7404596 ], [ -9.1234346, 38.7405704 ], [ -9.1232768, 38.7406644 ], [ -9.1231033, 38.7406816 ], [ -9.1227025, 38.7406731 ], [ -9.1218692, 38.7405913 ], [ -9.1217228, 38.7405802 ], [ -9.1216359, 38.7405736 ], [ -9.1212625, 38.7405735 ], [ -9.120933, 38.7405987 ], [ -9.1206343, 38.7406444 ], [ -9.1202894, 38.7407241 ], [ -9.1200103, 38.7408067 ], [ -9.1197172, 38.7409145 ], [ -9.1194855, 38.7410202 ], [ -9.1191849, 38.7411772 ], [ -9.118903, 38.741379 ], [ -9.1187846, 38.7414731 ], [ -9.1187136, 38.7415278 ], [ -9.1183275, 38.7418328 ], [ -9.1182076, 38.7419267 ], [ -9.1182, 38.7419754 ], [ -9.1181969, 38.7420554 ], [ -9.1182151, 38.7421347 ], [ -9.1182294, 38.7421969 ] ] } },
{ "type": "Feature", "properties": { "services_sum": 1.5332197614991483, "total_departures_sum": 117, "route_short_name_sum": null, "services_unique": null, "total_departures_unique": null, "route_short_name_unique": "208" }, "geometry": { "type": "LineString", "coordinates": [ [ -9.1256071, 38.7385295 ], [ -9.1255128, 38.7385801 ], [ -9.125236, 38.7387477 ], [ -9.1241743, 38.7393588 ], [ -9.1239444, 38.7395085 ], [ -9.1238942, 38.739602 ], [ -9.1238773, 38.739775 ], [ -9.1238884, 38.7399144 ], [ -9.1239101, 38.7401872 ], [ -9.1238529, 38.7403383 ], [ -9.123783, 38.7404785 ], [ -9.1237112, 38.7405632 ], [ -9.1235289, 38.7406718 ], [ -9.1232728, 38.7407536 ], [ -9.1231017, 38.7407608 ], [ -9.1226618, 38.7407467 ], [ -9.1224104, 38.7407191 ], [ -9.1216407, 38.7406442 ], [ -9.1212691, 38.7406458 ], [ -9.1209455, 38.7406666 ], [ -9.1206539, 38.7407124 ], [ -9.1203125, 38.7407908 ], [ -9.1200398, 38.7408701 ], [ -9.1197582, 38.7409799 ], [ -9.1195265, 38.7410855 ], [ -9.1192379, 38.7412374 ], [ -9.1190902, 38.7413563 ], [ -9.119081, 38.7414866 ], [ -9.119105, 38.7416322 ], [ -9.1195347, 38.7420853 ], [ -9.1194454, 38.7421359 ], [ -9.119249, 38.7422471 ], [ -9.1188702, 38.7424616 ], [ -9.1188107, 38.7425781 ], [ -9.1188014, 38.7426622 ], [ -9.1188035, 38.7427975 ], [ -9.1188003, 38.7429216 ], [ -9.118802, 38.7433613 ], [ -9.118802, 38.7434777 ], [ -9.118802, 38.7435256 ], [ -9.1188022, 38.7436998 ], [ -9.1188024, 38.7438647 ], [ -9.1188023, 38.7439744 ], [ -9.1188012, 38.744034 ], [ -9.1188199, 38.7440863 ], [ -9.1191621, 38.7445562 ], [ -9.1192506, 38.7446829 ], [ -9.1196234, 38.7452163 ], [ -9.1196438, 38.7453041 ], [ -9.1196568, 38.7453641 ], [ -9.1196651, 38.7454281 ], [ -9.1196739, 38.7460271 ], [ -9.119677, 38.7462483 ], [ -9.1196774, 38.7462745 ], [ -9.1196778, 38.7463032 ], [ -9.1196781, 38.7463229 ], [ -9.1196471, 38.7464082 ], [ -9.1193706, 38.7467803 ] ] } },
{ "type": "Feature", "properties": { "services_sum": 1.5332197614991483, "total_departures_sum": 117, "route_short_name_sum": null, "services_unique": null, "total_departures_unique": null, "route_short_name_unique": "208" }, "geometry": { "type": "LineString", "coordinates": [ [ -9.1250261, 38.7544738 ], [ -9.1250067, 38.7544519 ], [ -9.1247987, 38.7542157 ], [ -9.1238668, 38.7531579 ] ] } },
{ "type": "Feature", "properties": { "services_sum": 1.5332197614991483, "total_departures_sum": 117, "route_short_name_sum": null, "services_unique": null, "total_departures_unique": null, "route_short_name_unique": "208" }, "geometry": { "type": "LineString", "coordinates": [ [ -9.1248677, 38.7591942 ], [ -9.1247978, 38.7591941 ], [ -9.1247065, 38.7591939 ] ] } },
{ "type": "Feature", "properties": { "services_sum": 1.5332197614991483, "total_departures_sum": 117, "route_short_name_sum": null, "services_unique": null, "total_departures_unique": null, "route_short_name_unique": "208" }, "geometry": { "type": "LineString", "coordinates": [ [ -9.1239595, 38.7696776 ], [ -9.1238758, 38.7699154 ], [ -9.1238514, 38.7700025 ], [ -9.1238228, 38.7701065 ], [ -9.1237949, 38.7702116 ], [ -9.1237623, 38.7703408 ], [ -9.1237273, 38.7704936 ], [ -9.1235472, 38.7704693 ], [ -9.1233656, 38.7704127 ], [ -9.1232544, 38.7703584 ], [ -9.1231524, 38.7702906 ], [ -9.1230841, 38.7702361 ], [ -9.1230071, 38.7701746 ], [ -9.1229679, 38.7701283 ], [ -9.1228965, 38.7700414 ], [ -9.1228061, 38.7698593 ], [ -9.1227799, 38.76971 ], [ -9.12278, 38.7696558 ], [ -9.1227745, 38.7695245 ], [ -9.1231416, 38.7695527 ], [ -9.1233567, 38.7695692 ], [ -9.123727, 38.7696485 ], [ -9.1238788, 38.7696675 ], [ -9.1239595, 38.7696776 ] ] } },
{ "type": "Feature", "properties": { "services_sum": 1.5332197614991483, "total_departures_sum": 117, "route_short_name_sum": null, "services_unique": null, "total_departures_unique": null, "route_short_name_unique": "208" }, "geometry": { "type": "LineString", "coordinates": [ [ -9.1235886, 38.7528431 ], [ -9.1235135, 38.7527867 ], [ -9.1235076, 38.7527822 ] ] } },
{ "type": "Feature", "properties": { "services_sum": 1.5332197614991483, "total_departures_sum": 117, "route_short_name_sum": null, "services_unique": null, "total_departures_unique": null, "route_short_name_unique": "208" }, "geometry": { "type": "LineString", "coordinates": [ [ -9.122203, 38.7613641 ], [ -9.121745, 38.7612178 ], [ -9.1215835, 38.7611661 ] ] } },
{ "type": "Feature", "properties": { "services_sum": 1.5332197614991483, "total_departures_sum": 117, "route_short_name_sum": null, "services_unique": null, "total_departures_unique": null, "route_short_name_unique": "208" }, "geometry": { "type": "LineString", "coordinates": [ [ -9.1218665, 38.7567793 ], [ -9.1217041, 38.7566949 ], [ -9.1216458, 38.7566646 ] ] } },
{ "type": "Feature", "properties": { "services_sum": 1.5332197614991483, "total_departures_sum": 117, "route_short_name_sum": null, "services_unique": null, "total_departures_unique": null, "route_short_name_unique": "208" }, "geometry": { "type": "LineString", "coordinates": [ [ -9.1209087, 38.7614546 ], [ -9.1207592, 38.7614591 ], [ -9.1206154, 38.761427 ], [ -9.1204835, 38.7613553 ], [ -9.1203751, 38.761226 ], [ -9.1203163, 38.7611704 ], [ -9.1201931, 38.7610791 ], [ -9.1200729, 38.7610121 ], [ -9.1198583, 38.7609251 ], [ -9.1185709, 38.7605436 ], [ -9.118073, 38.7603362 ], [ -9.1172869, 38.760111 ], [ -9.1171417, 38.7600678 ], [ -9.1134366, 38.7589644 ], [ -9.1127909, 38.758772 ], [ -9.1123299, 38.7586298 ], [ -9.1116595, 38.758423 ], [ -9.1117073, 38.7583247 ], [ -9.1117391, 38.7582594 ], [ -9.1118598, 38.7581611 ] ] } },
{ "type": "Feature", "properties": { "services_sum": 1.5332197614991483, "total_departures_sum": 117, "route_short_name_sum": null, "services_unique": null, "total_departures_unique": null, "route_short_name_unique": "208" }, "geometry": { "type": "LineString", "coordinates": [ [ -9.1193729, 38.7470741 ], [ -9.1194709, 38.7472374 ], [ -9.1195346, 38.7472492 ], [ -9.119723, 38.7472839 ], [ -9.1198509, 38.7473261 ], [ -9.1199375, 38.7473671 ], [ -9.1199922, 38.7473983 ], [ -9.1200582, 38.747444 ], [ -9.120395, 38.7477266 ], [ -9.1204973, 38.7477705 ], [ -9.1206226, 38.74781 ], [ -9.1207841, 38.7477301 ], [ -9.1209684, 38.7476905 ], [ -9.1211595, 38.7476947 ], [ -9.1213408, 38.7477421 ], [ -9.1214963, 38.7478288 ], [ -9.1215558, 38.7478802 ], [ -9.1215991, 38.7479257 ], [ -9.1216101, 38.7479373 ], [ -9.1216424, 38.7480068 ], [ -9.1216856, 38.7480997 ], [ -9.121686, 38.7481199 ], [ -9.1216879, 38.7482223 ], [ -9.1216885, 38.7482565 ], [ -9.1216714, 38.7483236 ], [ -9.1215647, 38.7484945 ], [ -9.1216379, 38.748585 ], [ -9.1218146, 38.7487326 ], [ -9.1224634, 38.7492225 ], [ -9.1229406, 38.749585 ], [ -9.1238334, 38.7503095 ], [ -9.1242065, 38.7506122 ], [ -9.1243094, 38.7506958 ], [ -9.12422, 38.7507585 ], [ -9.1241657, 38.7507965 ], [ -9.124043, 38.7508825 ], [ -9.1240377, 38.7507237 ], [ -9.1240311, 38.7505999 ], [ -9.1239637, 38.7505436 ], [ -9.1227686, 38.7495442 ], [ -9.1226797, 38.74953 ], [ -9.1225889, 38.7495283 ], [ -9.1224992, 38.749539 ], [ -9.1224133, 38.7495618 ], [ -9.1223338, 38.7495961 ], [ -9.1222975, 38.7496472 ], [ -9.1220748, 38.7499604 ], [ -9.1217824, 38.7502971 ], [ -9.1216201, 38.750421 ], [ -9.1214806, 38.7504689 ], [ -9.1212523, 38.7504784 ], [ -9.1209927, 38.7503836 ], [ -9.1204493, 38.7501238 ], [ -9.1203441, 38.7500765 ], [ -9.1201373, 38.7499897 ], [ -9.1200232, 38.7499314 ], [ -9.1198463, 38.749973 ], [ -9.1198445, 38.7499734 ], [ -9.1193574, 38.7500756 ], [ -9.1192775, 38.7500923 ], [ -9.1191728, 38.7501156 ], [ -9.1191668, 38.7500928 ], [ -9.1191408, 38.749993 ], [ -9.1191205, 38.749915 ] ] } },
{ "type": "Feature", "properties": { "services_sum": 1.5332197614991483, "total_departures_sum": 117, "route_short_name_sum": null, "services_unique": null, "total_departures_unique": null, "route_short_name_unique": "208" }, "geometry": { "type": "LineString", "coordinates": [ [ -9.1190835, 38.749808 ], [ -9.1187146, 38.7487417 ], [ -9.1186781, 38.7486362 ], [ -9.1185954, 38.7483973 ], [ -9.1184819, 38.7480691 ] ] } },
{ "type": "Feature", "properties": { "services_sum": 1.5332197614991483, "total_departures_sum": 117, "route_short_name_sum": null, "services_unique": null, "total_departures_unique": null, "route_short_name_unique": "208" }, "geometry": { "type": "LineString", "coordinates": [ [ -9.1187281, 38.7560779 ], [ -9.1184133, 38.7561156 ], [ -9.1182909, 38.75612 ], [ -9.1182416, 38.7558275 ] ] } },
{ "type": "Feature", "properties": { "services_sum": 1.5332197614991483, "total_departures_sum": 117, "route_short_name_sum": null, "services_unique": null, "total_departures_unique": null, "route_short_name_unique": "208" }, "geometry": { "type": "LineString", "coordinates": [ [ -9.1185231, 38.7441729 ], [ -9.1184867, 38.7441191 ], [ -9.1184765, 38.744104 ] ] } },
{ "type": "Feature", "properties": { "services_sum": 1.5332197614991483, "total_departures_sum": 117, "route_short_name_sum": null, "services_unique": null, "total_departures_unique": null, "route_short_name_unique": "208" }, "geometry": { "type": "LineString", "coordinates": [ [ -9.1182819, 38.7474724 ], [ -9.1182444, 38.7473636 ], [ -9.1182191, 38.7472901 ], [ -9.1181706, 38.7471494 ] ] } },
{ "type": "Feature", "properties": { "services_sum": 1.5332197614991483, "total_departures_sum": 117, "route_short_name_sum": null, "services_unique": null, "total_departures_unique": null, "route_short_name_unique": "208" }, "geometry": { "type": "LineString", "coordinates": [ [ -9.1177151, 38.7531883 ], [ -9.1180532, 38.7549312 ], [ -9.1181032, 38.7551889 ], [ -9.118053, 38.7549301 ], [ -9.1177151, 38.7531883 ] ] } },
{ "type": "Feature", "properties": { "services_sum": 1.5332197614991483, "total_departures_sum": 117, "route_short_name_sum": null, "services_unique": null, "total_departures_unique": null, "route_short_name_unique": "208" }, "geometry": { "type": "LineString", "coordinates": [ [ -9.1177151, 38.7531883 ], [ -9.1176447, 38.7530808 ], [ -9.1176059, 38.7528863 ], [ -9.1175514, 38.7527062 ], [ -9.1175362, 38.7526756 ], [ -9.1175215, 38.7526599 ], [ -9.1175, 38.7526453 ], [ -9.1174745, 38.7526317 ], [ -9.1174437, 38.7526202 ], [ -9.1174174, 38.7526146 ], [ -9.1172596, 38.7526004 ], [ -9.1171653, 38.7525481 ], [ -9.1170591, 38.75245 ] ] } },
{ "type": "Feature", "properties": { "services_sum": 1.5332197614991483, "total_departures_sum": 117, "route_short_name_sum": null, "services_unique": null, "total_departures_unique": null, "route_short_name_unique": "208" }, "geometry": { "type": "LineString", "coordinates": [ [ -9.1173864, 38.760038 ], [ -9.1167284, 38.7598406 ], [ -9.1159187, 38.7595977 ] ] } },
{ "type": "Feature", "properties": { "services_sum": 1.5332197614991483, "total_departures_sum": 117, "route_short_name_sum": null, "services_unique": null, "total_departures_unique": null, "route_short_name_unique": "208" }, "geometry": { "type": "LineString", "coordinates": [ [ -9.1168138, 38.7522839 ], [ -9.1167762, 38.7522568 ], [ -9.1166763, 38.7521846 ] ] } },
{ "type": "Feature", "properties": { "services_sum": 1.5332197614991483, "total_departures_sum": 117, "route_short_name_sum": null, "services_unique": null, "total_departures_unique": null, "route_short_name_unique": "208" }, "geometry": { "type": "LineString", "coordinates": [ [ -9.1166763, 38.7521846 ], [ -9.1165933, 38.752124 ], [ -9.1165167, 38.752068 ], [ -9.1166763, 38.7521846 ] ] } },
{ "type": "Feature", "properties": { "services_sum": 1.5332197614991483, "total_departures_sum": 117, "route_short_name_sum": null, "services_unique": null, "total_departures_unique": null, "route_short_name_unique": "208" }, "geometry": { "type": "LineString", "coordinates": [ [ -9.1159975, 38.7771325 ], [ -9.1162468, 38.777082 ], [ -9.116143, 38.7771031 ], [ -9.1159975, 38.7771325 ] ] } },
{ "type": "Feature", "properties": { "services_sum": 1.5332197614991483, "total_departures_sum": 117, "route_short_name_sum": null, "services_unique": null, "total_departures_unique": null, "route_short_name_unique": "208" }, "geometry": { "type": "LineString", "coordinates": [ [ -9.1159975, 38.7771325 ], [ -9.1158947, 38.7771322 ], [ -9.1158521, 38.777132 ], [ -9.1159975, 38.7771325 ] ] } },
{ "type": "Feature", "properties": { "services_sum": 1.5332197614991483, "total_departures_sum": 117, "route_short_name_sum": null, "services_unique": null, "total_departures_unique": null, "route_short_name_unique": "208" }, "geometry": { "type": "LineString", "coordinates": [ [ -9.1149856, 38.7524497 ], [ -9.1147202, 38.7524729 ], [ -9.1143075, 38.752509 ], [ -9.114188, 38.7525451 ], [ -9.1140338, 38.7526527 ], [ -9.113984, 38.7527125 ], [ -9.1140142, 38.7529296 ], [ -9.1140233, 38.7529903 ], [ -9.1141058, 38.753394 ], [ -9.1141116, 38.7534185 ], [ -9.1141497, 38.7535821 ], [ -9.1141674, 38.7536848 ], [ -9.1141752, 38.75373 ], [ -9.1142057, 38.7539067 ], [ -9.1142332, 38.7541819 ], [ -9.1141772, 38.7545469 ], [ -9.1141012, 38.7547587 ], [ -9.1140631, 38.7548649 ], [ -9.1138986, 38.7552066 ], [ -9.1138393, 38.7553296 ], [ -9.1137395, 38.7555369 ], [ -9.1136956, 38.7556281 ], [ -9.1136446, 38.7557341 ], [ -9.1136202, 38.7557849 ], [ -9.1135802, 38.7558679 ], [ -9.1134848, 38.7560657 ], [ -9.1134336, 38.7561723 ], [ -9.1133486, 38.7563391 ] ] } },
{ "type": "Feature", "properties": { "services_sum": 1.5332197614991483, "total_departures_sum": 117, "route_short_name_sum": null, "services_unique": null, "total_departures_unique": null, "route_short_name_unique": "208" }, "geometry": { "type": "LineString", "coordinates": [ [ -9.1137266, 38.7589364 ], [ -9.1133948, 38.7588357 ], [ -9.1128391, 38.7586669 ], [ -9.1125532, 38.7584829 ], [ -9.1123935, 38.7583117 ], [ -9.1123131, 38.7581904 ], [ -9.1123146, 38.7580599 ], [ -9.1123347, 38.7578029 ] ] } },
{ "type": "Feature", "properties": { "services_sum": 1.5332197614991483, "total_departures_sum": 117, "route_short_name_sum": null, "services_unique": null, "total_departures_unique": null, "route_short_name_unique": "208" }, "geometry": { "type": "LineString", "coordinates": [ [ -9.1129992, 38.7568315 ], [ -9.1126854, 38.7570877 ] ] } },
{ "type": "Feature", "properties": { "services_sum": 1.5332197614991483, "total_departures_sum": 117, "route_short_name_sum": null, "services_unique": null, "total_departures_unique": null, "route_short_name_unique": "208" }, "geometry": { "type": "LineString", "coordinates": [ [ -9.1128298, 38.7567279 ], [ -9.112716, 38.7569353 ], [ -9.1126854, 38.7570877 ] ] } },
{ "type": "Feature", "properties": { "services_sum": 1.5332197614991483, "total_departures_sum": 117, "route_short_name_sum": null, "services_unique": null, "total_departures_unique": null, "route_short_name_unique": "208" }, "geometry": { "type": "LineString", "coordinates": [ [ -9.1126854, 38.7570877 ], [ -9.1126366, 38.7571872 ], [ -9.1123347, 38.7578029 ] ] } },
{ "type": "Feature", "properties": { "services_sum": 1.5332197614991483, "total_departures_sum": 117, "route_short_name_sum": null, "services_unique": null, "total_departures_unique": null, "route_short_name_unique": "208" }, "geometry": { "type": "LineString", "coordinates": [ [ -9.1126854, 38.7570877 ], [ -9.1123347, 38.7578029 ] ] } },
{ "type": "Feature", "properties": { "services_sum": 1.5332197614991483, "total_departures_sum": 117, "route_short_name_sum": null, "services_unique": null, "total_departures_unique": null, "route_short_name_unique": "208" }, "geometry": { "type": "LineString", "coordinates": [ [ -9.1123347, 38.7578029 ], [ -9.1121265, 38.7580129 ], [ -9.1119805, 38.7581172 ] ] } },
{ "type": "Feature", "properties": { "services_sum": 1.5332197614991483, "total_departures_sum": 117, "route_short_name_sum": null, "services_unique": null, "total_departures_unique": null, "route_short_name_unique": "208" }, "geometry": { "type": "LineString", "coordinates": [ [ -9.1114918, 38.7748023 ], [ -9.1112961, 38.7750099 ], [ -9.1112697, 38.7750379 ] ] } },
{ "type": "Feature", "properties": { "services_sum": 1.5332197614991483, "total_departures_sum": 117, "route_short_name_sum": null, "services_unique": null, "total_departures_unique": null, "route_short_name_unique": "208" }, "geometry": { "type": "LineString", "coordinates": [ [ -9.110912, 38.7754073 ], [ -9.1108712, 38.7754456 ], [ -9.1108561, 38.7754597 ], [ -9.1106981, 38.7755487 ], [ -9.1106053, 38.7756011 ], [ -9.1105131, 38.7755947 ], [ -9.1103383, 38.775515 ], [ -9.1098668, 38.7751718 ], [ -9.1096498, 38.7750236 ], [ -9.1094232, 38.7748966 ], [ -9.1091093, 38.7747015 ], [ -9.1088189, 38.7745562 ], [ -9.1084297, 38.7744397 ], [ -9.1084071, 38.7744301 ], [ -9.1081571, 38.774336 ], [ -9.107867, 38.7742437 ], [ -9.1074363, 38.7741284 ], [ -9.1070268, 38.7740178 ], [ -9.1065758, 38.7739335 ], [ -9.1061321, 38.7738539 ], [ -9.105943, 38.7737968 ], [ -9.1059016, 38.7737636 ], [ -9.1057727, 38.7735862 ], [ -9.1057513, 38.7734687 ] ] } },
{ "type": "Feature", "properties": { "services_sum": 1.5332197614991483, "total_departures_sum": 117, "route_short_name_sum": null, "services_unique": null, "total_departures_unique": null, "route_short_name_unique": "208" }, "geometry": { "type": "LineString", "coordinates": [ [ -9.1104728, 38.7759542 ], [ -9.1104297, 38.7759367 ], [ -9.1103912, 38.775921 ] ] } },
{ "type": "Feature", "properties": { "services_sum": 1.5332197614991483, "total_departures_sum": 117, "route_short_name_sum": null, "services_unique": null, "total_departures_unique": null, "route_short_name_unique": "208" }, "geometry": { "type": "LineString", "coordinates": [ [ -9.1020409, 38.7750853 ], [ -9.10183, 38.7751015 ], [ -9.1014522, 38.7751266 ], [ -9.1013168, 38.7751356 ], [ -9.1011986, 38.7751347 ], [ -9.1011365, 38.7751564 ], [ -9.1010689, 38.7751618 ], [ -9.1010025, 38.7751503 ], [ -9.1009441, 38.7751231 ] ] } },
{ "type": "Feature", "properties": { "services_sum": 1.5332197614991483, "total_departures_sum": 117, "route_short_name_sum": null, "services_unique": null, "total_departures_unique": null, "route_short_name_unique": "208" }, "geometry": { "type": "LineString", "coordinates": [ [ -9.0999348, 38.7671752 ], [ -9.100034, 38.7673079 ], [ -9.1001679, 38.767424 ], [ -9.1001209, 38.767868 ], [ -9.1000877, 38.7681822 ], [ -9.1000744, 38.7683075 ], [ -9.0999086, 38.76844 ], [ -9.0997817, 38.7685518 ] ] } },
{ "type": "Feature", "properties": { "services_sum": 1.5332197614991483, "total_departures_sum": 117, "route_short_name_sum": null, "services_unique": null, "total_departures_unique": null, "route_short_name_unique": "208" }, "geometry": { "type": "LineString", "coordinates": [ [ -9.1217778, 38.7710703 ], [ -9.1217724, 38.7710314 ], [ -9.1217561, 38.7709943 ], [ -9.1217362, 38.7709694 ], [ -9.121732, 38.7709658 ], [ -9.1216943, 38.7709332 ], [ -9.1216519, 38.7709122 ], [ -9.1216045, 38.770899 ], [ -9.1215546, 38.7708944 ], [ -9.1215047, 38.7708986 ], [ -9.1214571, 38.7709056 ], [ -9.1207867, 38.7713122 ], [ -9.1206709, 38.7713834 ], [ -9.1202039, 38.7716705 ], [ -9.119874, 38.7718733 ], [ -9.1195343, 38.7720822 ], [ -9.1190597, 38.772374 ], [ -9.1188032, 38.7725275 ], [ -9.1184245, 38.7727493 ], [ -9.1182187, 38.7728698 ], [ -9.11812, 38.7727771 ], [ -9.1179613, 38.7726024 ], [ -9.1169531, 38.7732073 ], [ -9.1163565, 38.7735728 ], [ -9.1168093, 38.7740132 ], [ -9.1168293, 38.7740345 ], [ -9.1171956, 38.7744248 ], [ -9.1173044, 38.7743585 ], [ -9.1176252, 38.7741629 ], [ -9.1183676, 38.7737102 ], [ -9.1186392, 38.7735446 ], [ -9.1187323, 38.7734877 ], [ -9.1188134, 38.7734408 ], [ -9.1185924, 38.7732376 ], [ -9.1185406, 38.7731719 ], [ -9.1193492, 38.7726557 ], [ -9.1198123, 38.7723569 ], [ -9.1204818, 38.7719452 ], [ -9.1209488, 38.7716581 ], [ -9.1217281, 38.7711792 ], [ -9.121755, 38.7711462 ], [ -9.1217719, 38.7711093 ], [ -9.1217774, 38.7710727 ], [ -9.1217778, 38.7710703 ] ] } },
{ "type": "Feature", "properties": { "services_sum": 1.5332197614991483, "total_departures_sum": 117, "route_short_name_sum": null, "services_unique": null, "total_departures_unique": null, "route_short_name_unique": "208" }, "geometry": { "type": "LineString", "coordinates": [ [ -9.1179682, 38.7767947 ], [ -9.1179678, 38.7767246 ], [ -9.1179678, 38.7767313 ], [ -9.1179682, 38.7767947 ] ] } },
{ "type": "Feature", "properties": { "services_sum": 1.5332197614991483, "total_departures_sum": 117, "route_short_name_sum": null, "services_unique": null, "total_departures_unique": null, "route_short_name_unique": "208" }, "geometry": { "type": "LineString", "coordinates": [ [ -9.1179653, 38.7764585 ], [ -9.1179518, 38.7763003 ], [ -9.1179316, 38.776065 ], [ -9.1179653, 38.7764585 ] ] } },
{ "type": "Feature", "properties": { "services_sum": 1.5332197614991483, "total_departures_sum": 117, "route_short_name_sum": null, "services_unique": null, "total_departures_unique": null, "route_short_name_unique": "208" }, "geometry": { "type": "LineString", "coordinates": [ [ -9.1144409, 38.7765226 ], [ -9.11358, 38.7760038 ], [ -9.1131327, 38.7757342 ], [ -9.1137887, 38.7761296 ], [ -9.1144409, 38.7765226 ] ] } },
{ "type": "Feature", "properties": { "services_sum": 3.2432432432432434, "total_departures_sum": 76, "route_short_name_sum": null, "services_unique": null, "total_departures_unique": null, "route_short_name_unique": "760" }, "geometry": { "type": "LineString", "coordinates": [ [ -9.1432093, 38.7062379 ], [ -9.1431875, 38.7062455 ] ] } },
{ "type": "Feature", "properties": { "services_sum": 3.2432432432432434, "total_departures_sum": 76, "route_short_name_sum": null, "services_unique": null, "total_departures_unique": null, "route_short_name_unique": "760" }, "geometry": { "type": "LineString", "coordinates": [ [ -9.1416572, 38.7069592 ], [ -9.1416416, 38.7069181 ] ] } },
{ "type": "Feature", "properties": { "services_sum": 17.949202095419842, "total_departures_sum": 1097, "route_short_name_sum": null, "services_unique": null, "total_departures_unique": null, "route_short_name_unique": "206, 760, 207, 208, 210, 15E" }, "geometry": { "type": "LineString", "coordinates": [ [ -9.1431371, 38.7062656 ], [ -9.1430024, 38.706316 ], [ -9.1424117, 38.7064652 ], [ -9.1418574, 38.7066002 ], [ -9.1416902, 38.706643 ], [ -9.1416693, 38.7066537 ], [ -9.1416455, 38.7066709 ], [ -9.1416195, 38.7066936 ], [ -9.1416036, 38.7067156 ], [ -9.1415924, 38.7067411 ], [ -9.1415885, 38.706764 ], [ -9.14159, 38.706785 ], [ -9.1415939, 38.7068041 ] ] } },
{ "type": "Feature", "properties": { "services_sum": 17.949202095419842, "total_departures_sum": 1097, "route_short_name_sum": null, "services_unique": null, "total_departures_unique": null, "route_short_name_unique": "206, 760, 207, 208, 210, 15E" }, "geometry": { "type": "LineString", "coordinates": [ [ -9.141669, 38.7070317 ], [ -9.1416679, 38.7070478 ] ] } },
{ "type": "Feature", "properties": { "services_sum": 17.949202095419842, "total_departures_sum": 1097, "route_short_name_sum": null, "services_unique": null, "total_departures_unique": null, "route_short_name_unique": "206, 760, 207, 208, 210, 15E" }, "geometry": { "type": "LineString", "coordinates": [ [ -9.141651, 38.7070923 ], [ -9.1416403, 38.7071061 ], [ -9.141627, 38.7071198 ], [ -9.1416097, 38.7071346 ], [ -9.1415951, 38.7071452 ], [ -9.141581, 38.7071539 ], [ -9.1415627, 38.7071635 ], [ -9.141546, 38.7071713 ], [ -9.1415292, 38.707178 ], [ -9.141514, 38.7071832 ], [ -9.1414923, 38.7071888 ] ] } },
{ "type": "Feature", "properties": { "services_sum": 17.949202095419842, "total_departures_sum": 1097, "route_short_name_sum": null, "services_unique": null, "total_departures_unique": null, "route_short_name_unique": "206, 760, 207, 208, 210, 15E" }, "geometry": { "type": "LineString", "coordinates": [ [ -9.1416416, 38.7069181 ], [ -9.1416072, 38.7068391 ] ] } },
{ "type": "Feature", "properties": { "services_sum": 17.949202095419842, "total_departures_sum": 1097, "route_short_name_sum": null, "services_unique": null, "total_departures_unique": null, "route_short_name_unique": "206, 760, 207, 208, 210, 15E" }, "geometry": { "type": "LineString", "coordinates": [ [ -9.1410441, 38.7072949 ], [ -9.1402517, 38.7074828 ], [ -9.1401494, 38.7075092 ], [ -9.1400632, 38.7075393 ], [ -9.1399559, 38.7075817 ], [ -9.1398791, 38.7076092 ], [ -9.1398018, 38.7076316 ], [ -9.1397334, 38.707649 ], [ -9.1395752, 38.7076839 ], [ -9.1394105, 38.707721 ] ] } },
{ "type": "Feature", "properties": { "services_sum": 17.949202095419842, "total_departures_sum": 1097, "route_short_name_sum": null, "services_unique": null, "total_departures_unique": null, "route_short_name_unique": "206, 760, 207, 208, 210, 15E" }, "geometry": { "type": "LineString", "coordinates": [ [ -9.1378445, 38.7080744 ], [ -9.1377892, 38.7080862 ], [ -9.1377429, 38.7080914 ], [ -9.1376881, 38.7080937 ], [ -9.137644, 38.7080962 ], [ -9.1375987, 38.7081016 ], [ -9.1375665, 38.7081082 ] ] } },
{ "type": "Feature", "properties": { "services_sum": 16.327580473798221, "total_departures_sum": 1059, "route_short_name_sum": null, "services_unique": null, "total_departures_unique": null, "route_short_name_unique": "206, 760, 207, 208, 210, 15E" }, "geometry": { "type": "LineString", "coordinates": [ [ -9.141669, 38.7070317 ], [ -9.1416683, 38.7070137 ], [ -9.1416657, 38.7069943 ], [ -9.1416623, 38.7069769 ], [ -9.1416572, 38.7069592 ] ] } },
{ "type": "Feature", "properties": { "services_sum": 16.327580473798221, "total_departures_sum": 1059, "route_short_name_sum": null, "services_unique": null, "total_departures_unique": null, "route_short_name_unique": "206, 760, 207, 208, 210, 15E" }, "geometry": { "type": "LineString", "coordinates": [ [ -9.1416679, 38.7070478 ], [ -9.1416664, 38.7070563 ], [ -9.1416626, 38.7070708 ], [ -9.1416578, 38.7070812 ], [ -9.141651, 38.7070923 ] ] } },
{ "type": "Feature", "properties": { "services_sum": 16.327580473798221, "total_departures_sum": 1059, "route_short_name_sum": null, "services_unique": null, "total_departures_unique": null, "route_short_name_unique": "206, 760, 207, 208, 210, 15E" }, "geometry": { "type": "LineString", "coordinates": [ [ -9.1416072, 38.7068391 ], [ -9.1416, 38.7068218 ], [ -9.1415939, 38.7068041 ] ] } },
{ "type": "Feature", "properties": { "services_sum": 16.327580473798221, "total_departures_sum": 1059, "route_short_name_sum": null, "services_unique": null, "total_departures_unique": null, "route_short_name_unique": "206, 760, 207, 208, 210, 15E" }, "geometry": { "type": "LineString", "coordinates": [ [ -9.1414923, 38.7071888 ], [ -9.1414084, 38.7072089 ] ] } },
{ "type": "Feature", "properties": { "services_sum": 16.327580473798221, "total_departures_sum": 1059, "route_short_name_sum": null, "services_unique": null, "total_departures_unique": null, "route_short_name_unique": "206, 760, 207, 208, 210, 15E" }, "geometry": { "type": "LineString", "coordinates": [ [ -9.1394105, 38.707721 ], [ -9.1393296, 38.70774 ], [ -9.1389651, 38.7078285 ], [ -9.1389154, 38.7078375 ], [ -9.1388681, 38.7078429 ], [ -9.1388174, 38.7078498 ], [ -9.1387639, 38.7078573 ], [ -9.138706, 38.7078675 ], [ -9.1386471, 38.7078802 ] ] } },
{ "type": "Feature", "properties": { "services_sum": 16.327580473798221, "total_departures_sum": 1059, "route_short_name_sum": null, "services_unique": null, "total_departures_unique": null, "route_short_name_unique": "206, 760, 207, 208, 210, 15E" }, "geometry": { "type": "LineString", "coordinates": [ [ -9.1385335, 38.7079082 ], [ -9.138127, 38.7080072 ] ] } },
{ "type": "Feature", "properties": { "services_sum": 16.327580473798221, "total_departures_sum": 1059, "route_short_name_sum": null, "services_unique": null, "total_departures_unique": null, "route_short_name_unique": "206, 760, 207, 208, 210, 15E" }, "geometry": { "type": "LineString", "coordinates": [ [ -9.1380711, 38.7080197 ], [ -9.1378445, 38.7080744 ] ] } },
{ "type": "Feature", "properties": { "services_sum": 14.705958852176598, "total_departures_sum": 1021, "route_short_name_sum": null, "services_unique": null, "total_departures_unique": null, "route_short_name_unique": "206, 207, 208, 210, 15E" }, "geometry": { "type": "LineString", "coordinates": [ [ -9.1416572, 38.7069592 ], [ -9.14165, 38.7069393 ] ] } },
{ "type": "Feature", "properties": { "services_sum": 14.705958852176598, "total_departures_sum": 1021, "route_short_name_sum": null, "services_unique": null, "total_departures_unique": null, "route_short_name_unique": "206, 207, 208, 210, 15E" }, "geometry": { "type": "LineString", "coordinates": [ [ -9.138127, 38.7080072 ], [ -9.1380711, 38.7080197 ] ] } },
{ "type": "Feature", "properties": { "services_sum": 2.9446646205190858, "total_departures_sum": 81, "route_short_name_sum": null, "services_unique": null, "total_departures_unique": null, "route_short_name_unique": "760, 15E" }, "geometry": { "type": "LineString", "coordinates": [ [ -9.1414084, 38.7072089 ], [ -9.1410441, 38.7072949 ] ] } },
{ "type": "Feature", "properties": { "services_sum": 2.9446646205190858, "total_departures_sum": 81, "route_short_name_sum": null, "services_unique": null, "total_departures_unique": null, "route_short_name_unique": "760, 15E" }, "geometry": { "type": "LineString", "coordinates": [ [ -9.1361478, 38.7089361 ], [ -9.1360264, 38.708627 ] ] } },
{ "type": "Feature", "properties": { "services_sum": 2.1434979248231598, "total_departures_sum": 37, "route_short_name_sum": null, "services_unique": null, "total_departures_unique": null, "route_short_name_unique": "750, 731" }, "geometry": { "type": "LineString", "coordinates": [ [ -9.140873, 38.7582689 ], [ -9.1407965, 38.7582955 ], [ -9.1404362, 38.7584228 ] ] } },
{ "type": "Feature", "properties": { "services_sum": 2.1434979248231598, "total_departures_sum": 37, "route_short_name_sum": null, "services_unique": null, "total_departures_unique": null, "route_short_name_unique": "750, 731" }, "geometry": { "type": "LineString", "coordinates": [ [ -9.1400095, 38.7585555 ], [ -9.1399394, 38.7585795 ], [ -9.1387665, 38.7589558 ], [ -9.1386225, 38.759002 ], [ -9.1385675, 38.7590219 ], [ -9.1382898, 38.7591087 ] ] } },
{ "type": "Feature", "properties": { "services_sum": 2.1434979248231598, "total_departures_sum": 37, "route_short_name_sum": null, "services_unique": null, "total_departures_unique": null, "route_short_name_unique": "750, 731" }, "geometry": { "type": "LineString", "coordinates": [ [ -9.1367603, 38.7595991 ], [ -9.1365819, 38.7596563 ] ] } },
{ "type": "Feature", "properties": { "services_sum": 2.1434979248231598, "total_departures_sum": 37, "route_short_name_sum": null, "services_unique": null, "total_departures_unique": null, "route_short_name_unique": "750, 731" }, "geometry": { "type": "LineString", "coordinates": [ [ -9.1361273, 38.7598021 ], [ -9.1358987, 38.7598756 ], [ -9.1327022, 38.7609004 ], [ -9.1324913, 38.760968 ], [ -9.1319125, 38.7611784 ], [ -9.1314508, 38.7614142 ], [ -9.1311321, 38.7616196 ], [ -9.1310107, 38.7617307 ], [ -9.1308179, 38.7619069 ], [ -9.1307369, 38.7619809 ], [ -9.1306404, 38.7620691 ] ] } },
{ "type": "Feature", "properties": { "services_sum": 2.7589490811443715, "total_departures_sum": 116, "route_short_name_sum": null, "services_unique": null, "total_departures_unique": null, "route_short_name_unique": "755, 717" }, "geometry": { "type": "LineString", "coordinates": [ [ -9.1391153, 38.7548551 ], [ -9.1391226, 38.754809 ], [ -9.1391182, 38.7547527 ], [ -9.1390956, 38.7547062 ] ] } },
{ "type": "Feature", "properties": { "services_sum": 2.7589490811443715, "total_departures_sum": 116, "route_short_name_sum": null, "services_unique": null, "total_departures_unique": null, "route_short_name_unique": "755, 717" }, "geometry": { "type": "LineString", "coordinates": [ [ -9.1389612, 38.754963 ], [ -9.1389209, 38.7549579 ] ] } },
{ "type": "Feature", "properties": { "services_sum": 2.5420322836663765, "total_departures_sum": 236, "route_short_name_sum": null, "services_unique": null, "total_departures_unique": null, "route_short_name_unique": "206, 210" }, "geometry": { "type": "LineString", "coordinates": [ [ -9.1386471, 38.7078802 ], [ -9.138576, 38.7078978 ], [ -9.1385335, 38.7079082 ] ] } },
{ "type": "Feature", "properties": { "services_sum": 2.5420322836663765, "total_departures_sum": 236, "route_short_name_sum": null, "services_unique": null, "total_departures_unique": null, "route_short_name_unique": "206, 210" }, "geometry": { "type": "LineString", "coordinates": [ [ -9.1333736, 38.7083147 ], [ -9.1333683, 38.7082993 ], [ -9.1332896, 38.7080703 ] ] } },
{ "type": "Feature", "properties": { "services_sum": 2.5420322836663765, "total_departures_sum": 236, "route_short_name_sum": null, "services_unique": null, "total_departures_unique": null, "route_short_name_unique": "206, 210" }, "geometry": { "type": "LineString", "coordinates": [ [ -9.1290865, 38.7094733 ], [ -9.1289391, 38.7095698 ], [ -9.1288801, 38.7096084 ] ] } },
{ "type": "Feature", "properties": { "services_sum": 2.5420322836663765, "total_departures_sum": 236, "route_short_name_sum": null, "services_unique": null, "total_departures_unique": null, "route_short_name_unique": "206, 210" }, "geometry": { "type": "LineString", "coordinates": [ [ -9.1275868, 38.710546 ], [ -9.1271731, 38.7108147 ] ] } },
{ "type": "Feature", "properties": { "services_sum": 2.5420322836663765, "total_departures_sum": 236, "route_short_name_sum": null, "services_unique": null, "total_departures_unique": null, "route_short_name_unique": "206, 210" }, "geometry": { "type": "LineString", "coordinates": [ [ -9.1270978, 38.7108636 ], [ -9.1268259, 38.7109831 ], [ -9.1252661, 38.7116682 ] ] } },
{ "type": "Feature", "properties": { "services_sum": 2.5420322836663765, "total_departures_sum": 236, "route_short_name_sum": null, "services_unique": null, "total_departures_unique": null, "route_short_name_unique": "206, 210" }, "geometry": { "type": "LineString", "coordinates": [ [ -9.124963, 38.7118036 ], [ -9.1242272, 38.7123093 ], [ -9.1241326, 38.7123659 ], [ -9.1239875, 38.7124485 ], [ -9.1235999, 38.7126934 ], [ -9.1234468, 38.7128235 ], [ -9.1229291, 38.7132907 ], [ -9.1227226, 38.7134802 ], [ -9.1224471, 38.7137331 ], [ -9.1224353, 38.7137439 ], [ -9.12206, 38.7140772 ], [ -9.1218432, 38.7142808 ], [ -9.1213933, 38.7146976 ], [ -9.1208387, 38.7152273 ], [ -9.119252, 38.7166919 ], [ -9.1191448, 38.7167889 ], [ -9.1191262, 38.7168057 ], [ -9.1190385, 38.7168851 ], [ -9.1186677, 38.7172206 ], [ -9.1177501, 38.71803 ], [ -9.1176004, 38.7181691 ] ] } },
{ "type": "Feature", "properties": { "services_sum": 2.5420322836663765, "total_departures_sum": 236, "route_short_name_sum": null, "services_unique": null, "total_departures_unique": null, "route_short_name_unique": "206, 210" }, "geometry": { "type": "LineString", "coordinates": [ [ -9.1203743, 38.7167115 ], [ -9.120296, 38.7167737 ], [ -9.1197286, 38.7172242 ], [ -9.1190912, 38.7178239 ], [ -9.1190659, 38.7178476 ], [ -9.119033, 38.7178786 ], [ -9.1189845, 38.7179242 ], [ -9.1189357, 38.7179733 ], [ -9.1183857, 38.7185459 ], [ -9.1182899, 38.7187824 ], [ -9.1181968, 38.7191177 ], [ -9.1181074, 38.7194395 ], [ -9.118092, 38.7194766 ], [ -9.1180782, 38.7195098 ], [ -9.1180271, 38.7196001 ], [ -9.1178962, 38.7197203 ], [ -9.1178625, 38.7197469 ], [ -9.1177567, 38.7198203 ], [ -9.1177152, 38.719844 ], [ -9.1176768, 38.7198653 ], [ -9.1176216, 38.7198692 ], [ -9.1174058, 38.7199932 ], [ -9.1173497, 38.7200257 ], [ -9.1172261, 38.71996 ], [ -9.1164473, 38.7195329 ], [ -9.1164054, 38.7195108 ], [ -9.1163463, 38.7194795 ] ] } },
{ "type": "Feature", "properties": { "services_sum": 2.5420322836663765, "total_departures_sum": 236, "route_short_name_sum": null, "services_unique": null, "total_departures_unique": null, "route_short_name_unique": "206, 210" }, "geometry": { "type": "LineString", "coordinates": [ [ -9.1174031, 38.7183548 ], [ -9.1169065, 38.718842 ] ] } },
{ "type": "Feature", "properties": { "services_sum": 13.848570643079459, "total_departures_sum": 907, "route_short_name_sum": null, "services_unique": null, "total_departures_unique": null, "route_short_name_unique": "206, 760, 207, 208, 210" }, "geometry": { "type": "LineString", "coordinates": [ [ -9.1375665, 38.7081082 ], [ -9.1372833, 38.7081804 ], [ -9.1367534, 38.7083096 ], [ -9.1364704, 38.7083811 ] ] } },
{ "type": "Feature", "properties": { "services_sum": 13.848570643079459, "total_departures_sum": 907, "route_short_name_sum": null, "services_unique": null, "total_departures_unique": null, "route_short_name_unique": "206, 760, 207, 208, 210" }, "geometry": { "type": "LineString", "coordinates": [ [ -9.1360505, 38.7084839 ], [ -9.1359722, 38.7084961 ] ] } },
{ "type": "Feature", "properties": { "services_sum": 2.8562627603966124, "total_departures_sum": 160, "route_short_name_sum": null, "services_unique": null, "total_departures_unique": null, "route_short_name_unique": "208, 15E" }, "geometry": { "type": "LineString", "coordinates": [ [ -9.1370518, 38.7134617 ], [ -9.1370274, 38.7134206 ], [ -9.1367579, 38.7127444 ], [ -9.1367324, 38.7126805 ], [ -9.1367129, 38.7126317 ], [ -9.1364797, 38.7120467 ], [ -9.1362123, 38.7113758 ], [ -9.1359917, 38.7108223 ], [ -9.135888, 38.710562 ], [ -9.1356765, 38.7100313 ], [ -9.1356538, 38.7099744 ], [ -9.1355233, 38.7096713 ], [ -9.1355, 38.7096127 ], [ -9.1353664, 38.7092985 ], [ -9.1353379, 38.7092269 ] ] } },
{ "type": "Feature", "properties": { "services_sum": 2.8562627603966124, "total_departures_sum": 160, "route_short_name_sum": null, "services_unique": null, "total_departures_unique": null, "route_short_name_unique": "208, 15E" }, "geometry": { "type": "LineString", "coordinates": [ [ -9.135165, 38.7087676 ], [ -9.135165, 38.7087456 ], [ -9.135164, 38.7087119 ] ] } },
{ "type": "Feature", "properties": { "services_sum": 2.9877652160446031, "total_departures_sum": 221, "route_short_name_sum": null, "services_unique": null, "total_departures_unique": null, "route_short_name_unique": "207, 208" }, "geometry": { "type": "LineString", "coordinates": [ [ -9.1365766, 38.7136064 ], [ -9.1365305, 38.7135057 ], [ -9.1364645, 38.7133403 ], [ -9.136401, 38.7131808 ] ] } },
{ "type": "Feature", "properties": { "services_sum": 2.9877652160446031, "total_departures_sum": 221, "route_short_name_sum": null, "services_unique": null, "total_departures_unique": null, "route_short_name_unique": "207, 208" }, "geometry": { "type": "LineString", "coordinates": [ [ -9.1363283, 38.7094156 ], [ -9.1363099, 38.7094195 ], [ -9.1362426, 38.7094338 ] ] } },
{ "type": "Feature", "properties": { "services_sum": 2.9877652160446031, "total_departures_sum": 221, "route_short_name_sum": null, "services_unique": null, "total_departures_unique": null, "route_short_name_unique": "207, 208" }, "geometry": { "type": "LineString", "coordinates": [ [ -9.1362299, 38.7127517 ], [ -9.1359056, 38.7119427 ], [ -9.1358493, 38.7118024 ], [ -9.1357841, 38.7116332 ], [ -9.1357651, 38.7115855 ], [ -9.1357272, 38.7114872 ], [ -9.1354988, 38.7109173 ], [ -9.1353652, 38.7105936 ], [ -9.1352389, 38.7102653 ], [ -9.1352042, 38.7101781 ], [ -9.1351698, 38.7100918 ], [ -9.1351484, 38.7100381 ], [ -9.1350813, 38.7098697 ], [ -9.1350253, 38.7097292 ], [ -9.1350861, 38.7097145 ], [ -9.1354304, 38.7096309 ], [ -9.1355, 38.7096127 ], [ -9.1355417, 38.7096039 ], [ -9.1355734, 38.7095962 ] ] } },
{ "type": "Feature", "properties": { "services_sum": 2.9877652160446031, "total_departures_sum": 221, "route_short_name_sum": null, "services_unique": null, "total_departures_unique": null, "route_short_name_unique": "207, 208" }, "geometry": { "type": "LineString", "coordinates": [ [ -9.1361478, 38.7089361 ], [ -9.1361214, 38.708869 ], [ -9.1360264, 38.708627 ] ] } },
{ "type": "Feature", "properties": { "services_sum": 3.542310138626088, "total_departures_sum": 257, "route_short_name_sum": null, "services_unique": null, "total_departures_unique": null, "route_short_name_unique": "206, 210" }, "geometry": { "type": "LineString", "coordinates": [ [ -9.1364704, 38.7083811 ], [ -9.136377, 38.708404 ], [ -9.1360505, 38.7084839 ] ] } },
{ "type": "Feature", "properties": { "services_sum": 3.542310138626088, "total_departures_sum": 257, "route_short_name_sum": null, "services_unique": null, "total_departures_unique": null, "route_short_name_unique": "206, 210" }, "geometry": { "type": "LineString", "coordinates": [ [ -9.1290865, 38.7094733 ], [ -9.1288801, 38.7096084 ] ] } },
{ "type": "Feature", "properties": { "services_sum": 3.542310138626088, "total_departures_sum": 257, "route_short_name_sum": null, "services_unique": null, "total_departures_unique": null, "route_short_name_unique": "206, 210" }, "geometry": { "type": "LineString", "coordinates": [ [ -9.1275868, 38.710546 ], [ -9.1273898, 38.710674 ], [ -9.1271731, 38.7108147 ] ] } },
{ "type": "Feature", "properties": { "services_sum": 3.542310138626088, "total_departures_sum": 257, "route_short_name_sum": null, "services_unique": null, "total_departures_unique": null, "route_short_name_unique": "206, 210" }, "geometry": { "type": "LineString", "coordinates": [ [ -9.1240886, 38.7122312 ], [ -9.1241124, 38.7123004 ], [ -9.1241326, 38.7123659 ], [ -9.124153, 38.7124313 ], [ -9.1242211, 38.7125628 ], [ -9.1237669, 38.7130004 ], [ -9.123654, 38.7130486 ], [ -9.1236137, 38.7131338 ], [ -9.1235746, 38.7132469 ], [ -9.1235481, 38.7133235 ], [ -9.1235454, 38.7135078 ], [ -9.1235412, 38.7135684 ], [ -9.1235082, 38.7137232 ], [ -9.1234436, 38.7138431 ], [ -9.1228766, 38.7143064 ], [ -9.1224614, 38.7146456 ], [ -9.1223731, 38.7147245 ], [ -9.1216012, 38.7154981 ], [ -9.1215278, 38.7155978 ], [ -9.121293, 38.7158546 ], [ -9.1207457, 38.7163634 ], [ -9.1206886, 38.7164165 ], [ -9.1204984, 38.7165934 ], [ -9.1203743, 38.7167115 ] ] } },
{ "type": "Feature", "properties": { "services_sum": 5.9324298365636885, "total_departures_sum": 302, "route_short_name_sum": null, "services_unique": null, "total_departures_unique": null, "route_short_name_unique": "760, 207, 208, 15E" }, "geometry": { "type": "LineString", "coordinates": [ [ -9.1363283, 38.7094156 ], [ -9.1363037, 38.709339 ], [ -9.1361773, 38.7090247 ], [ -9.1361478, 38.7089361 ] ] } },
{ "type": "Feature", "properties": { "services_sum": 5.9324298365636885, "total_departures_sum": 302, "route_short_name_sum": null, "services_unique": null, "total_departures_unique": null, "route_short_name_unique": "760, 207, 208, 15E" }, "geometry": { "type": "LineString", "coordinates": [ [ -9.1360264, 38.708627 ], [ -9.1359722, 38.7084961 ] ] } },
{ "type": "Feature", "properties": { "services_sum": 10.562226804310699, "total_departures_sum": 691, "route_short_name_sum": null, "services_unique": null, "total_departures_unique": null, "route_short_name_unique": "206, 760, 208, 210, 15E" }, "geometry": { "type": "LineString", "coordinates": [ [ -9.1359722, 38.7084961 ], [ -9.1359471, 38.7085024 ], [ -9.1359268, 38.7085085 ], [ -9.1358971, 38.7085175 ], [ -9.1358513, 38.7085373 ], [ -9.1357928, 38.7085647 ], [ -9.1357478, 38.7085839 ], [ -9.1357059, 38.7085961 ], [ -9.1356283, 38.7086176 ] ] } },
{ "type": "Feature", "properties": { "services_sum": 10.562226804310699, "total_departures_sum": 691, "route_short_name_sum": null, "services_unique": null, "total_departures_unique": null, "route_short_name_unique": "206, 760, 208, 210, 15E" }, "geometry": { "type": "LineString", "coordinates": [ [ -9.1352797, 38.7087049 ], [ -9.1352542, 38.7087084 ], [ -9.1352276, 38.7087103 ], [ -9.135164, 38.7087119 ] ] } },
{ "type": "Feature", "properties": { "services_sum": 6.0843424222924645, "total_departures_sum": 493, "route_short_name_sum": null, "services_unique": null, "total_departures_unique": null, "route_short_name_unique": "206, 210" }, "geometry": { "type": "LineString", "coordinates": [ [ -9.135164, 38.7087119 ], [ -9.1346332, 38.7087214 ], [ -9.1336449, 38.708739 ], [ -9.1335998, 38.7087391 ], [ -9.1335658, 38.7087357 ], [ -9.1335466, 38.7087285 ], [ -9.1335385, 38.7087255 ], [ -9.133515, 38.7087083 ], [ -9.1335024, 38.7086897 ], [ -9.1334895, 38.7086515 ] ] } },
{ "type": "Feature", "properties": { "services_sum": 6.0843424222924645, "total_departures_sum": 493, "route_short_name_sum": null, "services_unique": null, "total_departures_unique": null, "route_short_name_unique": "206, 210" }, "geometry": { "type": "LineString", "coordinates": [ [ -9.133434, 38.7084901 ], [ -9.1334162, 38.7084384 ], [ -9.1334079, 38.7084142 ], [ -9.1333736, 38.7083147 ] ] } },
{ "type": "Feature", "properties": { "services_sum": 6.0843424222924645, "total_departures_sum": 493, "route_short_name_sum": null, "services_unique": null, "total_departures_unique": null, "route_short_name_unique": "206, 210" }, "geometry": { "type": "LineString", "coordinates": [ [ -9.1332896, 38.7080703 ], [ -9.1331909, 38.7077834 ], [ -9.1331236, 38.7076212 ] ] } },
{ "type": "Feature", "properties": { "services_sum": 6.0843424222924645, "total_departures_sum": 493, "route_short_name_sum": null, "services_unique": null, "total_departures_unique": null, "route_short_name_unique": "206, 210" }, "geometry": { "type": "LineString", "coordinates": [ [ -9.131832, 38.7081534 ], [ -9.1309387, 38.7085514 ], [ -9.1308096, 38.7086066 ], [ -9.1307037, 38.7086556 ], [ -9.1297352, 38.7091122 ], [ -9.1296142, 38.709175 ], [ -9.1294553, 38.7092576 ], [ -9.1291765, 38.7094178 ], [ -9.1290865, 38.7094733 ] ] } },
{ "type": "Feature", "properties": { "services_sum": 6.0843424222924645, "total_departures_sum": 493, "route_short_name_sum": null, "services_unique": null, "total_departures_unique": null, "route_short_name_unique": "206, 210" }, "geometry": { "type": "LineString", "coordinates": [ [ -9.1288801, 38.7096084 ], [ -9.1285858, 38.7098088 ] ] } },
{ "type": "Feature", "properties": { "services_sum": 3.2413730383757642, "total_departures_sum": 214, "route_short_name_sum": null, "services_unique": null, "total_departures_unique": null, "route_short_name_unique": "720, 717" }, "geometry": { "type": "LineString", "coordinates": [ [ -9.1345759, 38.7365853 ], [ -9.1340961, 38.7366148 ], [ -9.1339694, 38.7366226 ], [ -9.1338533, 38.7366297 ] ] } },
{ "type": "Feature", "properties": { "services_sum": 3.2413730383757642, "total_departures_sum": 214, "route_short_name_sum": null, "services_unique": null, "total_departures_unique": null, "route_short_name_unique": "720, 717" }, "geometry": { "type": "LineString", "coordinates": [ [ -9.133846, 38.7367229 ], [ -9.1338143, 38.736965 ] ] } },
{ "type": "Feature", "properties": { "services_sum": 3.2413730383757642, "total_departures_sum": 214, "route_short_name_sum": null, "services_unique": null, "total_departures_unique": null, "route_short_name_unique": "720, 717" }, "geometry": { "type": "LineString", "coordinates": [ [ -9.1337869, 38.7371954 ], [ -9.1337758, 38.7373005 ], [ -9.1337756, 38.7373023 ] ] } },
{ "type": "Feature", "properties": { "services_sum": 3.2413730383757642, "total_departures_sum": 214, "route_short_name_sum": null, "services_unique": null, "total_departures_unique": null, "route_short_name_unique": "720, 717" }, "geometry": { "type": "LineString", "coordinates": [ [ -9.1335763, 38.7423105 ], [ -9.133559, 38.7422359 ], [ -9.1335332, 38.7421764 ] ] } },
{ "type": "Feature", "properties": { "services_sum": 3.7004344073826845, "total_departures_sum": 255, "route_short_name_sum": null, "services_unique": null, "total_departures_unique": null, "route_short_name_unique": "206, 208" }, "geometry": { "type": "LineString", "coordinates": [ [ -9.1341167, 38.7338968 ], [ -9.1340474, 38.7346114 ], [ -9.1340293, 38.7347734 ], [ -9.1339519, 38.7356338 ], [ -9.1339332, 38.7358356 ], [ -9.1338678, 38.7365336 ], [ -9.1338533, 38.7366297 ] ] } },
{ "type": "Feature", "properties": { "services_sum": 3.7004344073826845, "total_departures_sum": 255, "route_short_name_sum": null, "services_unique": null, "total_departures_unique": null, "route_short_name_unique": "206, 208" }, "geometry": { "type": "LineString", "coordinates": [ [ -9.133846, 38.7367229 ], [ -9.1338159, 38.7369526 ], [ -9.1338143, 38.736965 ] ] } },
{ "type": "Feature", "properties": { "services_sum": 3.7004344073826845, "total_departures_sum": 255, "route_short_name_sum": null, "services_unique": null, "total_departures_unique": null, "route_short_name_unique": "206, 208" }, "geometry": { "type": "LineString", "coordinates": [ [ -9.1337869, 38.7371954 ], [ -9.1337756, 38.7373023 ] ] } },
{ "type": "Feature", "properties": { "services_sum": 4.1672146458835364, "total_departures_sum": 396, "route_short_name_sum": null, "services_unique": null, "total_departures_unique": null, "route_short_name_unique": "206, 203" }, "geometry": { "type": "LineString", "coordinates": [ [ -9.1338578, 38.733601 ], [ -9.1338055, 38.733538 ] ] } },
{ "type": "Feature", "properties": { "services_sum": 4.1672146458835364, "total_departures_sum": 396, "route_short_name_sum": null, "services_unique": null, "total_departures_unique": null, "route_short_name_unique": "206, 203" }, "geometry": { "type": "LineString", "coordinates": [ [ -9.1332331, 38.7333996 ], [ -9.132812, 38.7332883 ], [ -9.1328094, 38.7332876 ] ] } },
{ "type": "Feature", "properties": { "services_sum": 4.1672146458835364, "total_departures_sum": 396, "route_short_name_sum": null, "services_unique": null, "total_departures_unique": null, "route_short_name_unique": "206, 203" }, "geometry": { "type": "LineString", "coordinates": [ [ -9.1324751, 38.7331992 ], [ -9.1320466, 38.7330859 ] ] } },
{ "type": "Feature", "properties": { "services_sum": 4.1672146458835364, "total_departures_sum": 396, "route_short_name_sum": null, "services_unique": null, "total_departures_unique": null, "route_short_name_unique": "206, 203" }, "geometry": { "type": "LineString", "coordinates": [ [ -9.1305598, 38.7327038 ], [ -9.1304303, 38.732672 ], [ -9.1304209, 38.7326696 ] ] } },
{ "type": "Feature", "properties": { "services_sum": 4.1672146458835364, "total_departures_sum": 396, "route_short_name_sum": null, "services_unique": null, "total_departures_unique": null, "route_short_name_unique": "206, 203" }, "geometry": { "type": "LineString", "coordinates": [ [ -9.1284576, 38.7320979 ], [ -9.128343, 38.7320449 ], [ -9.1281428, 38.7319523 ] ] } },
{ "type": "Feature", "properties": { "services_sum": 4.1672146458835364, "total_departures_sum": 396, "route_short_name_sum": null, "services_unique": null, "total_departures_unique": null, "route_short_name_unique": "206, 203" }, "geometry": { "type": "LineString", "coordinates": [ [ -9.1271375, 38.731456 ], [ -9.1269385, 38.7313553 ] ] } },
{ "type": "Feature", "properties": { "services_sum": 1.0797840431913617, "total_departures_sum": 70, "route_short_name_sum": null, "services_unique": null, "total_departures_unique": null, "route_short_name_unique": "794" }, "geometry": { "type": "LineString", "coordinates": [ [ -9.1328236, 38.7077065 ], [ -9.1329683, 38.7076076 ], [ -9.1330427, 38.7075025 ], [ -9.1330501, 38.7074787 ], [ -9.1330605, 38.707445 ], [ -9.1330939, 38.7074113 ], [ -9.133147, 38.7073766 ], [ -9.1332274, 38.7073408 ], [ -9.1334938, 38.7072478 ], [ -9.1336609, 38.7071921 ], [ -9.1337116, 38.7071678 ], [ -9.1337566, 38.707165 ], [ -9.1337938, 38.7071678 ], [ -9.1338175, 38.707176 ], [ -9.1338515, 38.7072097 ], [ -9.1338556, 38.7072546 ], [ -9.133847, 38.7072887 ], [ -9.1337907, 38.7073244 ], [ -9.1337445, 38.7073343 ], [ -9.1337041, 38.707331 ], [ -9.13367, 38.7073181 ], [ -9.1336124, 38.7073102 ], [ -9.1335742, 38.7073087 ], [ -9.1335017, 38.7073191 ], [ -9.1334238, 38.7073428 ], [ -9.133276, 38.7074012 ], [ -9.1332055, 38.7074434 ], [ -9.1331716, 38.7074694 ], [ -9.1331504, 38.7074971 ], [ -9.133143, 38.7075183 ], [ -9.1331314, 38.707554 ], [ -9.1331285, 38.7075707 ], [ -9.1331236, 38.7076212 ] ] } },
{ "type": "Feature", "properties": { "services_sum": 1.0797840431913617, "total_departures_sum": 70, "route_short_name_sum": null, "services_unique": null, "total_departures_unique": null, "route_short_name_unique": "794" }, "geometry": { "type": "LineString", "coordinates": [ [ -9.1322841, 38.7079522 ], [ -9.131832, 38.7081534 ] ] } },
{ "type": "Feature", "properties": { "services_sum": 1.0797840431913617, "total_departures_sum": 70, "route_short_name_sum": null, "services_unique": null, "total_departures_unique": null, "route_short_name_unique": "794" }, "geometry": { "type": "LineString", "coordinates": [ [ -9.131832, 38.7081534 ], [ -9.1309377, 38.7085494 ], [ -9.1304971, 38.7087509 ], [ -9.1297245, 38.7091042 ], [ -9.1290837, 38.7094697 ], [ -9.1285858, 38.7098088 ] ] } },
{ "type": "Feature", "properties": { "services_sum": 1.0797840431913617, "total_departures_sum": 70, "route_short_name_sum": null, "services_unique": null, "total_departures_unique": null, "route_short_name_unique": "794" }, "geometry": { "type": "LineString", "coordinates": [ [ -9.131832, 38.7081534 ], [ -9.1309376, 38.7085495 ], [ -9.1297244, 38.7091043 ], [ -9.1290836, 38.7094698 ], [ -9.1289837, 38.7095378 ], [ -9.1285857, 38.7098089 ], [ -9.1281215, 38.7101488 ], [ -9.1275867, 38.7105461 ], [ -9.127173, 38.7108148 ], [ -9.1270977, 38.7108637 ], [ -9.1268255, 38.7109833 ], [ -9.125266, 38.7116683 ], [ -9.1250907, 38.7117466 ], [ -9.1249629, 38.7118037 ], [ -9.1242271, 38.7123094 ], [ -9.1241325, 38.712366 ], [ -9.1239874, 38.7124486 ], [ -9.1235998, 38.7126935 ], [ -9.1234467, 38.7128236 ], [ -9.122929, 38.7132908 ], [ -9.1228462, 38.7133668 ], [ -9.1227225, 38.7134803 ], [ -9.1224352, 38.713744 ], [ -9.1220599, 38.7140773 ], [ -9.1218431, 38.7142809 ], [ -9.1213932, 38.7146977 ], [ -9.1208386, 38.7152274 ], [ -9.1192519, 38.716692 ], [ -9.1191444, 38.7167892 ], [ -9.1191261, 38.7168058 ], [ -9.1190384, 38.7168852 ], [ -9.1186676, 38.7172207 ], [ -9.11775, 38.7180301 ], [ -9.1174529, 38.718306 ], [ -9.1169064, 38.7188421 ], [ -9.1164048, 38.7194187 ], [ -9.1163462, 38.7194796 ], [ -9.1162884, 38.7195491 ], [ -9.1161544, 38.7197007 ], [ -9.1148867, 38.7211774 ], [ -9.1147934, 38.7212855 ], [ -9.1135854, 38.7226854 ], [ -9.1133538, 38.7229538 ], [ -9.1132725, 38.7230477 ], [ -9.1121219, 38.7243869 ], [ -9.1117493, 38.7248207 ], [ -9.1117741, 38.724888 ], [ -9.111798, 38.7249524 ], [ -9.1119251, 38.725099 ], [ -9.1122357, 38.7252856 ], [ -9.1127021, 38.7255637 ], [ -9.1128175, 38.725633 ], [ -9.1128755, 38.7256669 ], [ -9.1129864, 38.7257014 ], [ -9.1130872, 38.7257245 ], [ -9.1132056, 38.725788 ], [ -9.1134443, 38.725916 ], [ -9.113529, 38.7260518 ], [ -9.1141609, 38.7263956 ], [ -9.1141993, 38.7264164 ], [ -9.1142775, 38.7264731 ], [ -9.1143395, 38.7265518 ], [ -9.1143809, 38.7266545 ], [ -9.1144293, 38.7267878 ], [ -9.1144806, 38.7269603 ], [ -9.1145661, 38.7272267 ], [ -9.114784, 38.7278874 ], [ -9.1148286, 38.7280226 ], [ -9.1148593, 38.72812 ], [ -9.1150387, 38.7286901 ], [ -9.1151098, 38.7288944 ], [ -9.1151759, 38.7290335 ], [ -9.1151988, 38.7290687 ], [ -9.1152546, 38.7291547 ], [ -9.1155676, 38.7295461 ], [ -9.1158466, 38.7298951 ], [ -9.1163186, 38.730506 ], [ -9.1167694, 38.7310529 ], [ -9.116831, 38.731136 ], [ -9.1168367, 38.7311438 ], [ -9.1168972, 38.7312509 ], [ -9.1169486, 38.731394 ], [ -9.1171433, 38.7319673 ], [ -9.1171984, 38.732136 ], [ -9.1172475, 38.73234 ], [ -9.117256, 38.7324809 ], [ -9.1172372, 38.7325817 ], [ -9.117177, 38.7326932 ], [ -9.1171376, 38.7328155 ], [ -9.1171461, 38.7329684 ], [ -9.1171826, 38.733124 ], [ -9.1172477, 38.733304 ], [ -9.117276, 38.7334019 ], [ -9.1173009, 38.7334881 ], [ -9.1173201, 38.7336326 ], [ -9.1173178, 38.7338395 ], [ -9.1172969, 38.7340588 ], [ -9.1172865, 38.734146 ], [ -9.1172758, 38.7341982 ], [ -9.1172145, 38.7346249 ], [ -9.1171738, 38.7349079 ], [ -9.1171592, 38.735052 ], [ -9.1171518, 38.7351206 ], [ -9.1171431, 38.7352008 ], [ -9.1170597, 38.735997 ], [ -9.1170473, 38.7361102 ], [ -9.1170132, 38.7364144 ], [ -9.1170876, 38.7367534 ], [ -9.1171416, 38.7369842 ], [ -9.1173736, 38.7376434 ], [ -9.1174628, 38.7379905 ], [ -9.117531, 38.7383563 ], [ -9.1176007, 38.7385989 ], [ -9.117674, 38.7389679 ], [ -9.1176907, 38.7391373 ], [ -9.117708, 38.7393136 ], [ -9.1177241, 38.7394776 ], [ -9.1177402, 38.7397078 ], [ -9.1177074, 38.7397985 ], [ -9.1176812, 38.739871 ], [ -9.1174452, 38.7401513 ], [ -9.1174144, 38.7401918 ], [ -9.1172574, 38.7403982 ], [ -9.1170697, 38.7407831 ], [ -9.1169838, 38.7410885 ], [ -9.1169087, 38.7415572 ], [ -9.1168712, 38.7419505 ], [ -9.1168659, 38.7420426 ], [ -9.1168497, 38.742327 ], [ -9.1168502, 38.7423324 ], [ -9.1168712, 38.7425781 ], [ -9.1168819, 38.7428626 ], [ -9.1168497, 38.7431889 ], [ -9.1168068, 38.7436492 ], [ -9.1167371, 38.7438752 ], [ -9.1166995, 38.7441722 ], [ -9.1166781, 38.7444985 ], [ -9.1166852, 38.7446871 ], [ -9.116692, 38.7448795 ], [ -9.1166942, 38.7450605 ], [ -9.1167553, 38.7450954 ], [ -9.1167991, 38.7451437 ], [ -9.1169252, 38.7451459 ], [ -9.1170618, 38.7451364 ], [ -9.1169641, 38.7452275 ], [ -9.1167939, 38.7453128 ], [ -9.1167517, 38.7453561 ], [ -9.116695, 38.7453878 ], [ -9.1166345, 38.7454044 ], [ -9.1165705, 38.7454076 ], [ -9.1165078, 38.7453973 ], [ -9.1164292, 38.7453606 ], [ -9.1163745, 38.7453033 ], [ -9.1163537, 38.7452487 ], [ -9.1163553, 38.7451918 ], [ -9.1163792, 38.745138 ], [ -9.1164344, 38.7450843 ], [ -9.1165112, 38.7450502 ], [ -9.1165119, 38.7447788 ], [ -9.1165172, 38.7445444 ], [ -9.1165709, 38.7443269 ], [ -9.1166674, 38.7440675 ], [ -9.1167372, 38.7438751 ], [ -9.1168069, 38.7436491 ], [ -9.1168498, 38.7431888 ], [ -9.116882, 38.7428625 ], [ -9.1168713, 38.742578 ], [ -9.1168507, 38.7423378 ], [ -9.1168498, 38.7423269 ], [ -9.116866, 38.7420425 ], [ -9.1168713, 38.7419504 ], [ -9.1169088, 38.7415571 ], [ -9.1169839, 38.7410884 ], [ -9.1170698, 38.740783 ], [ -9.1172575, 38.7403981 ], [ -9.1174145, 38.7401917 ], [ -9.1174453, 38.7401512 ], [ -9.1176813, 38.7398709 ], [ -9.1177403, 38.7397077 ], [ -9.1177375, 38.7396676 ], [ -9.1177242, 38.7394775 ], [ -9.1177081, 38.7393135 ], [ -9.1176908, 38.7391372 ], [ -9.1176741, 38.7389678 ], [ -9.1176008, 38.7385988 ], [ -9.1175311, 38.7383562 ], [ -9.1174629, 38.7379904 ], [ -9.1173737, 38.7376433 ], [ -9.1171417, 38.7369841 ], [ -9.1170877, 38.7367533 ], [ -9.1170133, 38.7364143 ], [ -9.1170474, 38.7361101 ], [ -9.1170598, 38.7359969 ], [ -9.1171147, 38.7354731 ], [ -9.1171432, 38.7352007 ], [ -9.1171519, 38.7351205 ], [ -9.1171593, 38.7350519 ], [ -9.1171739, 38.7349078 ], [ -9.1172759, 38.7341981 ], [ -9.1172866, 38.7341459 ], [ -9.117297, 38.7340587 ], [ -9.1173094, 38.733929 ], [ -9.1173179, 38.7338394 ], [ -9.1173202, 38.7336325 ], [ -9.117301, 38.733488 ], [ -9.1172761, 38.7334018 ], [ -9.1172478, 38.7333039 ], [ -9.1171827, 38.7331239 ], [ -9.1171462, 38.7329683 ], [ -9.1171377, 38.7328154 ], [ -9.1171771, 38.7326931 ], [ -9.1172373, 38.7325816 ], [ -9.1172561, 38.7324808 ], [ -9.1172476, 38.7323399 ], [ -9.1171985, 38.7321359 ], [ -9.1171434, 38.7319672 ], [ -9.1169487, 38.7313939 ], [ -9.1168973, 38.7312508 ], [ -9.1168827, 38.731225 ], [ -9.1168368, 38.7311437 ], [ -9.1167695, 38.7310528 ], [ -9.1163187, 38.7305059 ], [ -9.1158467, 38.729895 ], [ -9.1155677, 38.729546 ], [ -9.1152547, 38.7291546 ], [ -9.1151989, 38.7290686 ], [ -9.115176, 38.7290334 ], [ -9.1151099, 38.7288943 ], [ -9.1150388, 38.72869 ], [ -9.1148287, 38.7280225 ], [ -9.1147841, 38.7278873 ], [ -9.1147447, 38.7277678 ], [ -9.1145662, 38.7272266 ], [ -9.1144807, 38.7269602 ], [ -9.1144294, 38.7267877 ], [ -9.114381, 38.7266544 ], [ -9.1143396, 38.7265517 ], [ -9.1142776, 38.726473 ], [ -9.1141994, 38.7264163 ], [ -9.114161, 38.7263955 ], [ -9.1135361, 38.7260556 ], [ -9.1135291, 38.7260517 ], [ -9.113368, 38.7259953 ], [ -9.113138, 38.7258628 ], [ -9.1130231, 38.7258033 ], [ -9.1129715, 38.7257838 ], [ -9.1128156, 38.7257307 ], [ -9.1127596, 38.7256933 ] ] } },
{ "type": "Feature", "properties": { "services_sum": 1.0797840431913617, "total_departures_sum": 70, "route_short_name_sum": null, "services_unique": null, "total_departures_unique": null, "route_short_name_unique": "794" }, "geometry": { "type": "LineString", "coordinates": [ [ -9.1275868, 38.710546 ], [ -9.1275191, 38.71059 ], [ -9.1271731, 38.7108147 ] ] } },
{ "type": "Feature", "properties": { "services_sum": 1.0797840431913617, "total_departures_sum": 70, "route_short_name_sum": null, "services_unique": null, "total_departures_unique": null, "route_short_name_unique": "794" }, "geometry": { "type": "LineString", "coordinates": [ [ -9.1264838, 38.7554486 ], [ -9.1263733, 38.7554213 ], [ -9.1263195, 38.755408 ] ] } },
{ "type": "Feature", "properties": { "services_sum": 1.0797840431913617, "total_departures_sum": 70, "route_short_name_sum": null, "services_unique": null, "total_departures_unique": null, "route_short_name_unique": "794" }, "geometry": { "type": "LineString", "coordinates": [ [ -9.1262509, 38.7527767 ], [ -9.1264017, 38.7529464 ], [ -9.1264109, 38.7531205 ], [ -9.1263804, 38.7532192 ], [ -9.1262766, 38.7534038 ], [ -9.1262302, 38.7534545 ], [ -9.1261044, 38.7535693 ], [ -9.1260034, 38.7536672 ], [ -9.1259586, 38.7537105 ], [ -9.1259114, 38.7538075 ], [ -9.1258868, 38.7539372 ], [ -9.1259673, 38.7541605 ], [ -9.1261131, 38.7545041 ], [ -9.1260087, 38.7548673 ] ] } },
{ "type": "Feature", "properties": { "services_sum": 1.0797840431913617, "total_departures_sum": 70, "route_short_name_sum": null, "services_unique": null, "total_departures_unique": null, "route_short_name_unique": "794" }, "geometry": { "type": "LineString", "coordinates": [ [ -9.1248677, 38.7591942 ], [ -9.1247982, 38.7591941 ], [ -9.1247065, 38.7591939 ] ] } },
{ "type": "Feature", "properties": { "services_sum": 1.0797840431913617, "total_departures_sum": 70, "route_short_name_sum": null, "services_unique": null, "total_departures_unique": null, "route_short_name_unique": "794" }, "geometry": { "type": "LineString", "coordinates": [ [ -9.1246959, 38.7511259 ], [ -9.1245816, 38.7510378 ], [ -9.1243685, 38.7508733 ] ] } },
{ "type": "Feature", "properties": { "services_sum": 1.0797840431913617, "total_departures_sum": 70, "route_short_name_sum": null, "services_unique": null, "total_departures_unique": null, "route_short_name_unique": "794" }, "geometry": { "type": "LineString", "coordinates": [ [ -9.1240886, 38.7122312 ], [ -9.1238861, 38.7123326 ], [ -9.1234521, 38.7126479 ], [ -9.1232328, 38.7128502 ], [ -9.1230034, 38.7130618 ], [ -9.1229999, 38.7130651 ], [ -9.122829, 38.7132226 ], [ -9.1217521, 38.7142214 ], [ -9.121401, 38.7145467 ], [ -9.1213025, 38.7146345 ], [ -9.1210301, 38.7148833 ], [ -9.1193749, 38.7164158 ], [ -9.1191506, 38.7166234 ], [ -9.1189992, 38.7167603 ], [ -9.1186131, 38.7171092 ], [ -9.1176771, 38.7179802 ], [ -9.1173806, 38.7182693 ], [ -9.1171445, 38.7184875 ], [ -9.116828, 38.7188066 ], [ -9.1163145, 38.7193774 ], [ -9.1162331, 38.7194654 ], [ -9.1156513, 38.7201454 ], [ -9.1148108, 38.721137 ], [ -9.1138758, 38.7221668 ], [ -9.1132448, 38.7228921 ], [ -9.1130859, 38.7230738 ], [ -9.1119836, 38.7243341 ], [ -9.1115508, 38.7248316 ], [ -9.1115158, 38.7248741 ], [ -9.1114572, 38.7249445 ], [ -9.1115784, 38.7250131 ] ] } },
{ "type": "Feature", "properties": { "services_sum": 1.0797840431913617, "total_departures_sum": 70, "route_short_name_sum": null, "services_unique": null, "total_departures_unique": null, "route_short_name_unique": "794" }, "geometry": { "type": "LineString", "coordinates": [ [ -9.1230882, 38.7524709 ], [ -9.1229919, 38.7525475 ], [ -9.1229348, 38.7525929 ], [ -9.1229244, 38.7526012 ], [ -9.1226406, 38.7528269 ], [ -9.1225415, 38.7529117 ], [ -9.1224513, 38.7528553 ], [ -9.121974, 38.7525569 ], [ -9.1211284, 38.7521359 ], [ -9.1208069, 38.7519759 ], [ -9.1199866, 38.7515602 ], [ -9.1196725, 38.7513487 ], [ -9.1195112, 38.751174 ], [ -9.1193758, 38.7509828 ], [ -9.1192824, 38.7508377 ], [ -9.1192349, 38.7507638 ], [ -9.1192117, 38.7505868 ], [ -9.1191987, 38.7504876 ], [ -9.1191805, 38.7502265 ], [ -9.1191728, 38.7501156 ], [ -9.1191205, 38.749915 ] ] } },
{ "type": "Feature", "properties": { "services_sum": 1.0797840431913617, "total_departures_sum": 70, "route_short_name_sum": null, "services_unique": null, "total_departures_unique": null, "route_short_name_unique": "794" }, "geometry": { "type": "LineString", "coordinates": [ [ -9.1190835, 38.749808 ], [ -9.1185956, 38.7483978 ], [ -9.1184819, 38.7480691 ] ] } },
{ "type": "Feature", "properties": { "services_sum": 1.0797840431913617, "total_departures_sum": 70, "route_short_name_sum": null, "services_unique": null, "total_departures_unique": null, "route_short_name_unique": "794" }, "geometry": { "type": "LineString", "coordinates": [ [ -9.1185231, 38.7441729 ], [ -9.1184868, 38.7441193 ], [ -9.1184765, 38.744104 ] ] } },
{ "type": "Feature", "properties": { "services_sum": 1.0797840431913617, "total_departures_sum": 70, "route_short_name_sum": null, "services_unique": null, "total_departures_unique": null, "route_short_name_unique": "794" }, "geometry": { "type": "LineString", "coordinates": [ [ -9.1182819, 38.7474724 ], [ -9.1181706, 38.7471494 ] ] } },
{ "type": "Feature", "properties": { "services_sum": 1.0797840431913617, "total_departures_sum": 70, "route_short_name_sum": null, "services_unique": null, "total_departures_unique": null, "route_short_name_unique": "794" }, "geometry": { "type": "LineString", "coordinates": [ [ -9.1182294, 38.7421969 ], [ -9.1181363, 38.7421982 ], [ -9.1180003, 38.7422001 ], [ -9.1177984, 38.7422988 ], [ -9.1177278, 38.7423887 ], [ -9.1176064, 38.7425733 ], [ -9.1175395, 38.7427659 ], [ -9.1175142, 38.7428588 ], [ -9.1175059, 38.7431186 ], [ -9.1175083, 38.7436863 ], [ -9.117505, 38.7439031 ], [ -9.1175084, 38.7441812 ], [ -9.1173302, 38.7441815 ], [ -9.1175083, 38.7441813 ], [ -9.1175049, 38.7439032 ], [ -9.1175082, 38.7436864 ], [ -9.1175058, 38.7431187 ], [ -9.1175141, 38.7428589 ], [ -9.1175394, 38.742766 ], [ -9.1176063, 38.7425734 ], [ -9.1177277, 38.7423888 ], [ -9.1177983, 38.7422989 ], [ -9.1179158, 38.742134 ], [ -9.1180368, 38.7420463 ], [ -9.1180684, 38.7420239 ], [ -9.1182075, 38.7419268 ], [ -9.1183274, 38.7418329 ], [ -9.1187135, 38.7415279 ], [ -9.1188932, 38.7415237 ], [ -9.1190068, 38.7415497 ], [ -9.1191049, 38.7416323 ], [ -9.1195346, 38.7420854 ], [ -9.1194453, 38.742136 ], [ -9.1192489, 38.7422472 ], [ -9.1188701, 38.7424617 ], [ -9.1188106, 38.7425782 ], [ -9.1188013, 38.7426623 ], [ -9.1188034, 38.7427976 ], [ -9.1188002, 38.7429217 ], [ -9.1188019, 38.7433614 ], [ -9.1188019, 38.7434778 ], [ -9.118802, 38.7435257 ], [ -9.1188021, 38.7436999 ], [ -9.1188023, 38.7438648 ], [ -9.1188022, 38.7439745 ], [ -9.1188011, 38.7440341 ], [ -9.1188198, 38.7440864 ], [ -9.119162, 38.7445563 ], [ -9.1192505, 38.744683 ], [ -9.1196233, 38.7452164 ], [ -9.1196437, 38.7453042 ], [ -9.1196567, 38.7453642 ], [ -9.119665, 38.7454282 ], [ -9.1196738, 38.7460272 ], [ -9.1196769, 38.7462484 ], [ -9.1196773, 38.7462746 ], [ -9.1196777, 38.7463033 ], [ -9.119678, 38.746323 ], [ -9.119647, 38.7464083 ], [ -9.1193705, 38.7467804 ], [ -9.1193719, 38.7469591 ], [ -9.1193728, 38.7470742 ], [ -9.1194708, 38.7472375 ], [ -9.1195345, 38.7472493 ], [ -9.1197229, 38.747284 ], [ -9.1198508, 38.7473262 ], [ -9.1199374, 38.7473672 ], [ -9.1199921, 38.7473984 ], [ -9.1200581, 38.7474441 ], [ -9.1203949, 38.7477267 ], [ -9.1204972, 38.7477706 ], [ -9.1206225, 38.7478101 ], [ -9.120784, 38.7477302 ], [ -9.1209683, 38.7476906 ], [ -9.1211594, 38.7476948 ], [ -9.1213407, 38.7477422 ], [ -9.1214962, 38.7478289 ], [ -9.1215557, 38.7478803 ], [ -9.12161, 38.7479374 ], [ -9.1216855, 38.7480998 ], [ -9.1216884, 38.7482566 ], [ -9.1216713, 38.7483237 ], [ -9.1215646, 38.7484946 ], [ -9.1214993, 38.7485528 ], [ -9.1214233, 38.7486026 ], [ -9.1212932, 38.7486589 ], [ -9.12115, 38.7486905 ], [ -9.1210013, 38.7486958 ], [ -9.1208696, 38.7486779 ], [ -9.1207455, 38.7486393 ], [ -9.1206451, 38.7485885 ], [ -9.1204799, 38.7484372 ], [ -9.120401, 38.7482484 ], [ -9.1204056, 38.7481176 ], [ -9.1204561, 38.747984 ], [ -9.1203647, 38.747891 ], [ -9.120262, 38.7477935 ], [ -9.1201415, 38.7476848 ], [ -9.1199787, 38.7475573 ], [ -9.1197643, 38.7474535 ], [ -9.1195952, 38.7474084 ], [ -9.1193846, 38.7473685 ], [ -9.1192048, 38.74737 ], [ -9.1190363, 38.7473752 ], [ -9.1186718, 38.747441 ], [ -9.1184535, 38.7474951 ], [ -9.1183835, 38.7475085 ], [ -9.1184217, 38.7476203 ], [ -9.1185607, 38.7480271 ], [ -9.1186393, 38.7482488 ], [ -9.1189507, 38.7491271 ], [ -9.1189801, 38.7491971 ], [ -9.119018, 38.7492698 ], [ -9.119045, 38.7493213 ], [ -9.1192029, 38.7497929 ], [ -9.1192356, 38.7498905 ], [ -9.1192774, 38.7500924 ], [ -9.1192788, 38.7501783 ], [ -9.1192839, 38.75049 ], [ -9.1193238, 38.7507541 ], [ -9.1193757, 38.7509829 ], [ -9.1195111, 38.7511741 ], [ -9.1196724, 38.7513488 ], [ -9.1199865, 38.7515603 ], [ -9.1208068, 38.751976 ], [ -9.1211283, 38.752136 ], [ -9.1212309, 38.752187 ], [ -9.1219739, 38.752557 ], [ -9.1224512, 38.7528554 ], [ -9.1225414, 38.7529118 ], [ -9.1226405, 38.752827 ], [ -9.1229347, 38.752593 ], [ -9.1229918, 38.7525476 ], [ -9.1230881, 38.752471 ], [ -9.1231495, 38.7524176 ], [ -9.1232646, 38.7523174 ], [ -9.1234343, 38.7521696 ], [ -9.1234112, 38.7513981 ], [ -9.1236773, 38.7511614 ], [ -9.1237726, 38.7510649 ], [ -9.1239091, 38.7509714 ], [ -9.124014, 38.7509028 ], [ -9.1240429, 38.7508826 ], [ -9.1241656, 38.7507966 ], [ -9.1242199, 38.7507586 ], [ -9.1243093, 38.7506959 ], [ -9.1245447, 38.7508896 ], [ -9.1247676, 38.7510651 ], [ -9.1247697, 38.7510668 ], [ -9.1248976, 38.751213 ], [ -9.1249722, 38.7512983 ], [ -9.1252725, 38.7515925 ], [ -9.1254542, 38.7518332 ], [ -9.1257613, 38.7521557 ], [ -9.1258941, 38.7522952 ], [ -9.1262207, 38.7525951 ], [ -9.126354, 38.7527405 ], [ -9.1266017, 38.7530107 ], [ -9.1267368, 38.7531581 ], [ -9.1266254, 38.7532192 ], [ -9.1265462, 38.7532637 ], [ -9.1262765, 38.7534039 ], [ -9.1262301, 38.7534546 ], [ -9.1261043, 38.7535694 ], [ -9.1259925, 38.7536776 ], [ -9.1259585, 38.7537106 ], [ -9.1259113, 38.7538076 ], [ -9.1258867, 38.7539373 ], [ -9.1259672, 38.7541606 ], [ -9.126113, 38.7545042 ], [ -9.1260086, 38.7548674 ], [ -9.1259167, 38.7551856 ], [ -9.1258931, 38.7552819 ], [ -9.1261101, 38.7553161 ], [ -9.1262148, 38.7553822 ], [ -9.1263194, 38.7554081 ], [ -9.1263593, 38.7554179 ], [ -9.1264837, 38.7554487 ], [ -9.1266901, 38.7555416 ], [ -9.1268642, 38.7556518 ], [ -9.127016, 38.7558073 ], [ -9.1270997, 38.7559434 ], [ -9.1271864, 38.7562728 ], [ -9.1272387, 38.7564779 ], [ -9.1272576, 38.7565519 ], [ -9.1272744, 38.7566223 ], [ -9.1271309, 38.756636 ], [ -9.1269462, 38.7566538 ], [ -9.1268056, 38.7566673 ], [ -9.1266623, 38.7567452 ], [ -9.1265539, 38.7568596 ], [ -9.1264615, 38.7570378 ], [ -9.1264605, 38.7573925 ], [ -9.1264604, 38.7574161 ], [ -9.1264601, 38.7575147 ], [ -9.1264615, 38.7575958 ], [ -9.1264618, 38.7576098 ], [ -9.1264643, 38.7576887 ], [ -9.1264526, 38.7584987 ], [ -9.1263653, 38.7587114 ], [ -9.126259, 38.7588523 ], [ -9.1261137, 38.7589805 ], [ -9.1258498, 38.7591227 ], [ -9.1256114, 38.75919 ], [ -9.1253011, 38.759195 ], [ -9.1250159, 38.7591945 ], [ -9.1248917, 38.7591943 ], [ -9.1248676, 38.7591943 ], [ -9.1247105, 38.759194 ], [ -9.1247064, 38.759194 ], [ -9.1240202, 38.7591927 ], [ -9.1239023, 38.7591925 ], [ -9.1235459, 38.7591891 ], [ -9.1234306, 38.7591766 ], [ -9.1233041, 38.7591374 ], [ -9.1232146, 38.7590883 ], [ -9.1231475, 38.7590313 ], [ -9.1230844, 38.7589538 ], [ -9.1230425, 38.7588502 ], [ -9.1230411, 38.7587354 ], [ -9.1230411, 38.7582965 ], [ -9.1230411, 38.7582286 ], [ -9.1230411, 38.7581146 ], [ -9.1230411, 38.7580974 ], [ -9.1230412, 38.7578397 ], [ -9.1230412, 38.7577391 ], [ -9.1229779, 38.7575952 ], [ -9.1227681, 38.7574082 ], [ -9.12219, 38.7569793 ], [ -9.1220319, 38.7568655 ], [ -9.1218664, 38.7567794 ], [ -9.1216457, 38.7566647 ], [ -9.1213131, 38.7566634 ], [ -9.1209866, 38.7567025 ], [ -9.1208325, 38.756723 ], [ -9.120779, 38.7564867 ], [ -9.1207224, 38.7563906 ], [ -9.1206312, 38.7562356 ], [ -9.1204181, 38.7560691 ], [ -9.1201806, 38.755982 ], [ -9.1199085, 38.7559497 ], [ -9.1196166, 38.7559721 ], [ -9.1190519, 38.7560386 ], [ -9.118728, 38.756078 ], [ -9.1184132, 38.7561157 ], [ -9.1182908, 38.7561201 ], [ -9.1182415, 38.7558276 ], [ -9.1181511, 38.7554482 ], [ -9.1181031, 38.755189 ], [ -9.1180529, 38.7549302 ], [ -9.117715, 38.7531884 ], [ -9.1176446, 38.7530809 ], [ -9.1176058, 38.7528864 ], [ -9.1175513, 38.7527063 ], [ -9.1175361, 38.7526757 ], [ -9.1175214, 38.75266 ], [ -9.1174999, 38.7526454 ], [ -9.1174744, 38.7526318 ], [ -9.1174436, 38.7526203 ], [ -9.1174173, 38.7526147 ], [ -9.1172595, 38.7526005 ], [ -9.1171652, 38.7525482 ], [ -9.117059, 38.7524501 ], [ -9.1168137, 38.752284 ], [ -9.1166762, 38.7521847 ], [ -9.1165935, 38.7521242 ], [ -9.1165166, 38.7520681 ], [ -9.1163045, 38.7519672 ], [ -9.1161105, 38.7519279 ], [ -9.1159464, 38.751957 ], [ -9.1158592, 38.7519964 ], [ -9.115761, 38.7520671 ], [ -9.1154598, 38.7523191 ], [ -9.1153424, 38.7523922 ], [ -9.1152708, 38.7524229 ], [ -9.1151822, 38.7524382 ], [ -9.1149855, 38.7524498 ], [ -9.1147205, 38.752473 ], [ -9.1143074, 38.7525091 ], [ -9.1141879, 38.7525452 ], [ -9.1140337, 38.7526528 ], [ -9.1139839, 38.7527126 ], [ -9.1140141, 38.7529297 ], [ -9.1140232, 38.7529904 ], [ -9.1141057, 38.7533941 ], [ -9.1141115, 38.7534186 ], [ -9.1141496, 38.7535822 ], [ -9.1141673, 38.7536849 ], [ -9.1141751, 38.7537302 ], [ -9.1142056, 38.7539068 ], [ -9.1142331, 38.754182 ], [ -9.1141771, 38.754547 ], [ -9.1141011, 38.7547588 ], [ -9.114063, 38.754865 ], [ -9.1138985, 38.7552067 ], [ -9.1138392, 38.7553297 ], [ -9.1137394, 38.755537 ], [ -9.1136955, 38.7556282 ], [ -9.1136443, 38.7557347 ], [ -9.1136201, 38.755785 ], [ -9.1135801, 38.755868 ], [ -9.1134847, 38.7560658 ], [ -9.1134335, 38.7561724 ], [ -9.1133485, 38.7563392 ], [ -9.1131988, 38.7566018 ], [ -9.1129991, 38.7568316 ], [ -9.1129278, 38.7568129 ], [ -9.1128755, 38.756784 ], [ -9.1128297, 38.756728 ], [ -9.1129171, 38.7565471 ], [ -9.1130351, 38.7562514 ], [ -9.1130836, 38.7561289 ], [ -9.1132204, 38.7558597 ], [ -9.1131572, 38.7557164 ], [ -9.1130101, 38.7556004 ], [ -9.1128453, 38.755551 ], [ -9.1124779, 38.7554409 ], [ -9.1108132, 38.754941 ], [ -9.1093347, 38.7544977 ], [ -9.1091613, 38.7544457 ], [ -9.1089769, 38.7543903 ], [ -9.1087814, 38.7543339 ], [ -9.1087329, 38.75432 ], [ -9.1086095, 38.7542845 ], [ -9.1082583, 38.7541834 ], [ -9.1070336, 38.7537799 ], [ -9.1065655, 38.7535902 ], [ -9.1060158, 38.7533122 ], [ -9.1059223, 38.7532618 ], [ -9.1058289, 38.7532051 ], [ -9.1057308, 38.7531391 ], [ -9.1056461, 38.753073 ], [ -9.1056058, 38.7530399 ], [ -9.1055641, 38.7529995 ], [ -9.1055179, 38.752942 ], [ -9.1054814, 38.7528903 ], [ -9.1054622, 38.7528593 ], [ -9.1052495, 38.7524016 ], [ -9.1051316, 38.7521652 ], [ -9.1049081, 38.7519563 ], [ -9.1042337, 38.7517539 ], [ -9.1041264, 38.7517231 ], [ -9.1040824, 38.7518017 ], [ -9.1040052, 38.7519467 ], [ -9.1037731, 38.7524157 ], [ -9.1035651, 38.752843 ], [ -9.1035561, 38.7528624 ], [ -9.1033578, 38.7532918 ], [ -9.103226, 38.7536847 ], [ -9.1032141, 38.7539529 ], [ -9.1031756, 38.7542054 ], [ -9.1031355, 38.7545242 ], [ -9.1031335, 38.7546458 ], [ -9.1031302, 38.7548497 ], [ -9.1031986, 38.7555051 ], [ -9.1032094, 38.7556508 ], [ -9.1032096, 38.7556565 ], [ -9.1032159, 38.7557443 ], [ -9.1032233, 38.7558467 ], [ -9.1032287, 38.7559308 ], [ -9.10324, 38.7560923 ], [ -9.1032812, 38.756277 ], [ -9.1033345, 38.756821 ], [ -9.1033795, 38.7572982 ], [ -9.1033732, 38.7574478 ], [ -9.103354, 38.7576929 ], [ -9.1033588, 38.757752 ], [ -9.1034148, 38.758263 ], [ -9.1035651, 38.7597377 ], [ -9.1035853, 38.759932 ], [ -9.1036465, 38.7605191 ], [ -9.1036519, 38.7605707 ], [ -9.1037426, 38.7608888 ], [ -9.1038309, 38.7618206 ], [ -9.1038867, 38.7624079 ], [ -9.1039319, 38.7628126 ], [ -9.1039423, 38.7629074 ], [ -9.1039501, 38.7629774 ], [ -9.1039605, 38.7630719 ], [ -9.1040009, 38.7634471 ], [ -9.1040034, 38.7634706 ], [ -9.1040463, 38.7638692 ], [ -9.1040772, 38.7641532 ], [ -9.1040486, 38.7647652 ], [ -9.1040519, 38.7648136 ], [ -9.1040856, 38.7651603 ], [ -9.1042016, 38.7654739 ], [ -9.104312, 38.7665743 ], [ -9.104314, 38.7665948 ], [ -9.10434, 38.7668541 ], [ -9.1044003, 38.7670748 ], [ -9.1044309, 38.7671774 ], [ -9.1044859, 38.7673616 ], [ -9.1045158, 38.7675027 ], [ -9.1045228, 38.7675568 ], [ -9.1045359, 38.7676585 ], [ -9.1045438, 38.7677198 ], [ -9.1045706, 38.7679282 ], [ -9.1045893, 38.7680725 ], [ -9.1046081, 38.7682188 ], [ -9.104603, 38.7682564 ], [ -9.1045976, 38.7682857 ], [ -9.1045802, 38.7683129 ], [ -9.1045532, 38.7683378 ], [ -9.1045252, 38.7683526 ], [ -9.104493, 38.7683636 ], [ -9.1044896, 38.7683645 ], [ -9.1044608, 38.7683725 ], [ -9.1044179, 38.7683798 ], [ -9.1043589, 38.768384 ], [ -9.1043207, 38.7683814 ], [ -9.1042771, 38.7683683 ], [ -9.1042503, 38.7683516 ], [ -9.1042288, 38.7683307 ], [ -9.1042168, 38.7683087 ], [ -9.1042068, 38.7682833 ], [ -9.1042009, 38.7682589 ], [ -9.1041488, 38.7677936 ], [ -9.1041355, 38.7677365 ], [ -9.1041241, 38.7677067 ], [ -9.1041087, 38.7676779 ], [ -9.1040805, 38.7676486 ], [ -9.104047, 38.7676256 ], [ -9.104, 38.7676068 ], [ -9.1039633, 38.7675987 ], [ -9.102568, 38.7674516 ], [ -9.1021133, 38.7674027 ], [ -9.1018782, 38.7673792 ], [ -9.1017213, 38.7673627 ], [ -9.1013424, 38.767323 ], [ -9.1012566, 38.7673865 ], [ -9.1009635, 38.7674764 ], [ -9.1006886, 38.7674607 ], [ -9.1004335, 38.7674428 ], [ -9.1001678, 38.7674241 ], [ -9.0999443, 38.7674136 ], [ -9.0999017, 38.7678568 ], [ -9.0998713, 38.7681724 ] ] } },
{ "type": "Feature", "properties": { "services_sum": 1.0797840431913617, "total_departures_sum": 70, "route_short_name_sum": null, "services_unique": null, "total_departures_unique": null, "route_short_name_unique": "794" }, "geometry": { "type": "LineString", "coordinates": [ [ -9.1181032, 38.7551889 ], [ -9.1180532, 38.7549313 ], [ -9.1177151, 38.7531883 ] ] } },
{ "type": "Feature", "properties": { "services_sum": 1.0797840431913617, "total_departures_sum": 70, "route_short_name_sum": null, "services_unique": null, "total_departures_unique": null, "route_short_name_unique": "794" }, "geometry": { "type": "LineString", "coordinates": [ [ -9.1166763, 38.7521846 ], [ -9.1166118, 38.7521375 ], [ -9.1165167, 38.752068 ] ] } },
{ "type": "Feature", "properties": { "services_sum": 1.0797840431913617, "total_departures_sum": 70, "route_short_name_sum": null, "services_unique": null, "total_departures_unique": null, "route_short_name_unique": "794" }, "geometry": { "type": "LineString", "coordinates": [ [ -9.113612, 38.7523037 ], [ -9.113607, 38.7520434 ], [ -9.1136066, 38.7520225 ] ] } },
{ "type": "Feature", "properties": { "services_sum": 1.0797840431913617, "total_departures_sum": 70, "route_short_name_sum": null, "services_unique": null, "total_departures_unique": null, "route_short_name_unique": "794" }, "geometry": { "type": "LineString", "coordinates": [ [ -9.1134586, 38.7553601 ], [ -9.113283, 38.7555383 ], [ -9.1131171, 38.7555886 ], [ -9.1130102, 38.7556003 ], [ -9.112478, 38.7554408 ], [ -9.1108133, 38.7549409 ], [ -9.1093348, 38.7544976 ], [ -9.1093185, 38.7544927 ], [ -9.1091614, 38.7544456 ], [ -9.108977, 38.7543902 ], [ -9.108733, 38.7543199 ], [ -9.1086096, 38.7542844 ], [ -9.1082584, 38.7541833 ], [ -9.1070337, 38.7537798 ], [ -9.1065656, 38.7535901 ], [ -9.1060159, 38.7533121 ], [ -9.1059224, 38.7532617 ], [ -9.105829, 38.753205 ], [ -9.1057309, 38.753139 ], [ -9.1056462, 38.7530729 ], [ -9.1056121, 38.7530449 ], [ -9.1056059, 38.7530398 ], [ -9.1055642, 38.7529994 ], [ -9.105518, 38.7529419 ], [ -9.1054815, 38.7528902 ], [ -9.1054623, 38.7528592 ], [ -9.1052496, 38.7524015 ], [ -9.1051317, 38.7521651 ], [ -9.1049082, 38.7519562 ], [ -9.1042338, 38.7517538 ], [ -9.1041265, 38.751723 ], [ -9.1042517, 38.7515015 ], [ -9.1044671, 38.7510275 ], [ -9.104511, 38.7508963 ], [ -9.1046183, 38.7505757 ], [ -9.1046905, 38.7504378 ], [ -9.1047734, 38.7503458 ], [ -9.1050411, 38.7502455 ] ] } },
{ "type": "Feature", "properties": { "services_sum": 1.0797840431913617, "total_departures_sum": 70, "route_short_name_sum": null, "services_unique": null, "total_departures_unique": null, "route_short_name_unique": "794" }, "geometry": { "type": "LineString", "coordinates": [ [ -9.1126624, 38.7256336 ], [ -9.1122141, 38.7253776 ], [ -9.1121733, 38.7253542 ], [ -9.1118278, 38.7251543 ] ] } },
{ "type": "Feature", "properties": { "services_sum": 1.0797840431913617, "total_departures_sum": 70, "route_short_name_sum": null, "services_unique": null, "total_departures_unique": null, "route_short_name_unique": "794" }, "geometry": { "type": "LineString", "coordinates": [ [ -9.105229, 38.7497079 ], [ -9.1051147, 38.7497024 ], [ -9.1050041, 38.7497253 ], [ -9.1049084, 38.7497744 ], [ -9.1048363, 38.7498462 ], [ -9.1048069, 38.7499017 ], [ -9.1047934, 38.7499608 ], [ -9.1047964, 38.7500208 ] ] } },
{ "type": "Feature", "properties": { "services_sum": 1.0797840431913617, "total_departures_sum": 70, "route_short_name_sum": null, "services_unique": null, "total_departures_unique": null, "route_short_name_unique": "794" }, "geometry": { "type": "LineString", "coordinates": [ [ -9.1048132, 38.7500734 ], [ -9.104685, 38.7502105 ], [ -9.1046534, 38.7502562 ], [ -9.1045228, 38.7504771 ], [ -9.1045202, 38.7504816 ], [ -9.1044976, 38.7505198 ], [ -9.104314, 38.7509806 ], [ -9.1042412, 38.7511417 ], [ -9.1040448, 38.751577 ], [ -9.1039974, 38.7516863 ], [ -9.1039562, 38.7517698 ], [ -9.103248, 38.7532645 ], [ -9.1031579, 38.753483 ], [ -9.1030851, 38.7536594 ], [ -9.1029586, 38.7539301 ], [ -9.1029076, 38.7541841 ], [ -9.1028778, 38.7545126 ], [ -9.1028746, 38.7548059 ], [ -9.1028934, 38.7550129 ], [ -9.1029507, 38.7554567 ], [ -9.1029597, 38.7555887 ], [ -9.1029665, 38.7556705 ] ] } },
{ "type": "Feature", "properties": { "services_sum": 1.0797840431913617, "total_departures_sum": 70, "route_short_name_sum": null, "services_unique": null, "total_departures_unique": null, "route_short_name_unique": "794" }, "geometry": { "type": "LineString", "coordinates": [ [ -9.0998714, 38.7681724 ], [ -9.0998595, 38.7682954 ] ] } },
{ "type": "Feature", "properties": { "services_sum": 6.9418074457584487, "total_departures_sum": 469, "route_short_name_sum": null, "services_unique": null, "total_departures_unique": null, "route_short_name_unique": "206, 720, 717, 208" }, "geometry": { "type": "LineString", "coordinates": [ [ -9.1338533, 38.7366297 ], [ -9.133846, 38.7367229 ] ] } },
{ "type": "Feature", "properties": { "services_sum": 6.9418074457584487, "total_departures_sum": 469, "route_short_name_sum": null, "services_unique": null, "total_departures_unique": null, "route_short_name_unique": "206, 720, 717, 208" }, "geometry": { "type": "LineString", "coordinates": [ [ -9.1338143, 38.736965 ], [ -9.1337982, 38.7370884 ], [ -9.1337869, 38.7371954 ] ] } },
{ "type": "Feature", "properties": { "services_sum": 6.9418074457584487, "total_departures_sum": 469, "route_short_name_sum": null, "services_unique": null, "total_departures_unique": null, "route_short_name_unique": "206, 720, 717, 208" }, "geometry": { "type": "LineString", "coordinates": [ [ -9.1337756, 38.7373023 ], [ -9.1337709, 38.7373466 ], [ -9.1337589, 38.737434 ], [ -9.1337492, 38.7375342 ], [ -9.133743, 38.737624 ], [ -9.1336686, 38.7384828 ], [ -9.1336623, 38.7385551 ], [ -9.1335499, 38.7395652 ], [ -9.133521, 38.7398577 ], [ -9.1334873, 38.7401971 ], [ -9.1334825, 38.7402458 ], [ -9.1334048, 38.7410298 ], [ -9.1333295, 38.7416973 ], [ -9.1333161, 38.7417957 ], [ -9.1332875, 38.7418653 ], [ -9.1332705, 38.7419065 ], [ -9.1332255, 38.7420239 ], [ -9.1332045, 38.742124 ], [ -9.1331624, 38.7421428 ] ] } },
{ "type": "Feature", "properties": { "services_sum": 6.9418074457584487, "total_departures_sum": 469, "route_short_name_sum": null, "services_unique": null, "total_departures_unique": null, "route_short_name_unique": "206, 720, 717, 208" }, "geometry": { "type": "LineString", "coordinates": [ [ -9.1335433, 38.7424445 ], [ -9.1334902, 38.7425237 ], [ -9.1334033, 38.742576 ], [ -9.1333665, 38.7425958 ], [ -9.1332765, 38.7426095 ] ] } },
{ "type": "Feature", "properties": { "services_sum": 6.9418074457584487, "total_departures_sum": 469, "route_short_name_sum": null, "services_unique": null, "total_departures_unique": null, "route_short_name_unique": "206, 720, 717, 208" }, "geometry": { "type": "LineString", "coordinates": [ [ -9.1331205, 38.7425264 ], [ -9.1330603, 38.7424114 ], [ -9.1330557, 38.7423126 ] ] } },
{ "type": "Feature", "properties": { "services_sum": 6.1672146458835364, "total_departures_sum": 654, "route_short_name_sum": null, "services_unique": null, "total_departures_unique": null, "route_short_name_unique": "206, 203" }, "geometry": { "type": "LineString", "coordinates": [ [ -9.1338055, 38.733538 ], [ -9.1334747, 38.73346 ], [ -9.1333533, 38.7334314 ] ] } },
{ "type": "Feature", "properties": { "services_sum": 6.1672146458835364, "total_departures_sum": 654, "route_short_name_sum": null, "services_unique": null, "total_departures_unique": null, "route_short_name_unique": "206, 203" }, "geometry": { "type": "LineString", "coordinates": [ [ -9.1275493, 38.7316643 ], [ -9.1274092, 38.7315934 ], [ -9.1271375, 38.731456 ] ] } },
{ "type": "Feature", "properties": { "services_sum": 6.1672146458835364, "total_departures_sum": 654, "route_short_name_sum": null, "services_unique": null, "total_departures_unique": null, "route_short_name_unique": "206, 203" }, "geometry": { "type": "LineString", "coordinates": [ [ -9.1269385, 38.7313553 ], [ -9.1267067, 38.7312381 ] ] } },
{ "type": "Feature", "properties": { "services_sum": 4.7745927998749123, "total_departures_sum": 331, "route_short_name_sum": null, "services_unique": null, "total_departures_unique": null, "route_short_name_unique": "720, 717, 208" }, "geometry": { "type": "LineString", "coordinates": [ [ -9.1335763, 38.7423105 ], [ -9.1335728, 38.7423716 ], [ -9.1335433, 38.7424445 ] ] } },
{ "type": "Feature", "properties": { "services_sum": 4.7745927998749123, "total_departures_sum": 331, "route_short_name_sum": null, "services_unique": null, "total_departures_unique": null, "route_short_name_unique": "720, 717, 208" }, "geometry": { "type": "LineString", "coordinates": [ [ -9.1335332, 38.7421764 ], [ -9.1335078, 38.7421511 ], [ -9.1334729, 38.7420298 ], [ -9.1334422, 38.7419526 ], [ -9.1333997, 38.7418636 ], [ -9.1334429, 38.7414844 ] ] } },
{ "type": "Feature", "properties": { "services_sum": 7.3341514368073613, "total_departures_sum": 771, "route_short_name_sum": null, "services_unique": null, "total_departures_unique": null, "route_short_name_unique": "206, 203" }, "geometry": { "type": "LineString", "coordinates": [ [ -9.1333533, 38.7334314 ], [ -9.1332331, 38.7333996 ] ] } },
{ "type": "Feature", "properties": { "services_sum": 7.3341514368073613, "total_departures_sum": 771, "route_short_name_sum": null, "services_unique": null, "total_departures_unique": null, "route_short_name_unique": "206, 203" }, "geometry": { "type": "LineString", "coordinates": [ [ -9.1328094, 38.7332876 ], [ -9.1327383, 38.7332688 ], [ -9.1325247, 38.7332123 ], [ -9.1325052, 38.7332072 ], [ -9.1324751, 38.7331992 ] ] } },
{ "type": "Feature", "properties": { "services_sum": 7.3341514368073613, "total_departures_sum": 771, "route_short_name_sum": null, "services_unique": null, "total_departures_unique": null, "route_short_name_unique": "206, 203" }, "geometry": { "type": "LineString", "coordinates": [ [ -9.1320466, 38.7330859 ], [ -9.1319174, 38.7330522 ], [ -9.1317595, 38.7330111 ], [ -9.1316803, 38.7329905 ], [ -9.1311258, 38.732846 ], [ -9.1309386, 38.7327972 ], [ -9.1308807, 38.7327829 ], [ -9.1305598, 38.7327038 ] ] } },
{ "type": "Feature", "properties": { "services_sum": 7.3341514368073613, "total_departures_sum": 771, "route_short_name_sum": null, "services_unique": null, "total_departures_unique": null, "route_short_name_unique": "206, 203" }, "geometry": { "type": "LineString", "coordinates": [ [ -9.1304209, 38.7326696 ], [ -9.1298122, 38.7325197 ], [ -9.1290145, 38.7323232 ], [ -9.1288584, 38.7322833 ], [ -9.1284576, 38.7320979 ] ] } },
{ "type": "Feature", "properties": { "services_sum": 7.3341514368073613, "total_departures_sum": 771, "route_short_name_sum": null, "services_unique": null, "total_departures_unique": null, "route_short_name_unique": "206, 203" }, "geometry": { "type": "LineString", "coordinates": [ [ -9.1281428, 38.7319523 ], [ -9.1279319, 38.7318548 ], [ -9.1277358, 38.7317601 ], [ -9.1276688, 38.7317257 ], [ -9.1275493, 38.7316643 ] ] } },
{ "type": "Feature", "properties": { "services_sum": 3.1669367909238249, "total_departures_sum": 375, "route_short_name_sum": null, "services_unique": null, "total_departures_unique": null, "route_short_name_unique": "206, 203" }, "geometry": { "type": "LineString", "coordinates": [ [ -9.1332331, 38.7333996 ], [ -9.1328094, 38.7332876 ] ] } },
{ "type": "Feature", "properties": { "services_sum": 3.1669367909238249, "total_departures_sum": 375, "route_short_name_sum": null, "services_unique": null, "total_departures_unique": null, "route_short_name_unique": "206, 203" }, "geometry": { "type": "LineString", "coordinates": [ [ -9.1324751, 38.7331992 ], [ -9.1324691, 38.7331977 ], [ -9.1320466, 38.7330859 ] ] } },
{ "type": "Feature", "properties": { "services_sum": 3.1669367909238249, "total_departures_sum": 375, "route_short_name_sum": null, "services_unique": null, "total_departures_unique": null, "route_short_name_unique": "206, 203" }, "geometry": { "type": "LineString", "coordinates": [ [ -9.1305598, 38.7327038 ], [ -9.1305342, 38.7326975 ], [ -9.1304209, 38.7326696 ] ] } },
{ "type": "Feature", "properties": { "services_sum": 3.1669367909238249, "total_departures_sum": 375, "route_short_name_sum": null, "services_unique": null, "total_departures_unique": null, "route_short_name_unique": "206, 203" }, "geometry": { "type": "LineString", "coordinates": [ [ -9.1284576, 38.7320979 ], [ -9.1281428, 38.7319523 ] ] } },
{ "type": "Feature", "properties": { "services_sum": 3.0159215736902523, "total_departures_sum": 221, "route_short_name_sum": null, "services_unique": null, "total_departures_unique": null, "route_short_name_unique": "720, 208" }, "geometry": { "type": "LineString", "coordinates": [ [ -9.1331624, 38.7421428 ], [ -9.1327466, 38.7420883 ], [ -9.1324009, 38.7420509 ] ] } },
{ "type": "Feature", "properties": { "services_sum": 3.0159215736902523, "total_departures_sum": 221, "route_short_name_sum": null, "services_unique": null, "total_departures_unique": null, "route_short_name_unique": "720, 208" }, "geometry": { "type": "LineString", "coordinates": [ [ -9.1330557, 38.7423126 ], [ -9.1329734, 38.7422896 ], [ -9.1329149, 38.7422732 ], [ -9.1327555, 38.7422286 ], [ -9.1324203, 38.7422057 ], [ -9.1320624, 38.7422152 ] ] } },
{ "type": "Feature", "properties": { "services_sum": 3.0159215736902523, "total_departures_sum": 221, "route_short_name_sum": null, "services_unique": null, "total_departures_unique": null, "route_short_name_unique": "720, 208" }, "geometry": { "type": "LineString", "coordinates": [ [ -9.1320995, 38.7419921 ], [ -9.1319523, 38.7419879 ] ] } },
{ "type": "Feature", "properties": { "services_sum": 3.0159215736902523, "total_departures_sum": 221, "route_short_name_sum": null, "services_unique": null, "total_departures_unique": null, "route_short_name_unique": "720, 208" }, "geometry": { "type": "LineString", "coordinates": [ [ -9.1318609, 38.7422058 ], [ -9.13157, 38.7421813 ] ] } },
{ "type": "Feature", "properties": { "services_sum": 3.0159215736902523, "total_departures_sum": 221, "route_short_name_sum": null, "services_unique": null, "total_departures_unique": null, "route_short_name_unique": "720, 208" }, "geometry": { "type": "LineString", "coordinates": [ [ -9.1312697, 38.7421555 ], [ -9.1309577, 38.7421389 ], [ -9.1304215, 38.7420491 ], [ -9.1301437, 38.7420061 ], [ -9.1297952, 38.7419254 ], [ -9.1294966, 38.7418629 ], [ -9.1293632, 38.7418312 ], [ -9.129065, 38.741756 ], [ -9.1287589, 38.741656 ], [ -9.1285385, 38.7415327 ] ] } },
{ "type": "Feature", "properties": { "services_sum": 3.0159215736902523, "total_departures_sum": 221, "route_short_name_sum": null, "services_unique": null, "total_departures_unique": null, "route_short_name_unique": "720, 208" }, "geometry": { "type": "LineString", "coordinates": [ [ -9.131164, 38.7419345 ], [ -9.1309762, 38.7419225 ], [ -9.1308153, 38.7419155 ], [ -9.1304728, 38.7418889 ], [ -9.1303234, 38.741862 ], [ -9.1300643, 38.741784 ], [ -9.1298358, 38.7417039 ], [ -9.1296539, 38.7416296 ], [ -9.1294095, 38.7415362 ] ] } },
{ "type": "Feature", "properties": { "services_sum": 3.0159215736902523, "total_departures_sum": 221, "route_short_name_sum": null, "services_unique": null, "total_departures_unique": null, "route_short_name_unique": "720, 208" }, "geometry": { "type": "LineString", "coordinates": [ [ -9.1292703, 38.7414831 ], [ -9.1290293, 38.7413852 ], [ -9.1288044, 38.7412725 ], [ -9.1286863, 38.7411876 ], [ -9.1286026, 38.7411309 ], [ -9.1284548, 38.7409922 ], [ -9.128341, 38.7408645 ], [ -9.1282568, 38.7407387 ], [ -9.1281227, 38.7405472 ], [ -9.127956, 38.7402693 ], [ -9.1276952, 38.739752 ], [ -9.1276339, 38.7396064 ], [ -9.1273507, 38.738793 ] ] } },
{ "type": "Feature", "properties": { "services_sum": 3.0159215736902523, "total_departures_sum": 221, "route_short_name_sum": null, "services_unique": null, "total_departures_unique": null, "route_short_name_unique": "720, 208" }, "geometry": { "type": "LineString", "coordinates": [ [ -9.1282117, 38.7412923 ], [ -9.127947, 38.7410292 ], [ -9.1278658, 38.7409303 ], [ -9.1276699, 38.7407171 ], [ -9.1274984, 38.7404618 ], [ -9.1273753, 38.7402373 ], [ -9.1272878, 38.7400951 ], [ -9.12719, 38.7399435 ], [ -9.1270124, 38.7397199 ], [ -9.1268867, 38.7395518 ], [ -9.1267708, 38.7394559 ], [ -9.1266054, 38.7393668 ], [ -9.1262804, 38.7392299 ] ] } },
{ "type": "Feature", "properties": { "services_sum": 3.0159215736902523, "total_departures_sum": 221, "route_short_name_sum": null, "services_unique": null, "total_departures_unique": null, "route_short_name_unique": "720, 208" }, "geometry": { "type": "LineString", "coordinates": [ [ -9.1271727, 38.7383705 ], [ -9.1271184, 38.7382483 ], [ -9.1271804, 38.7381564 ], [ -9.1272127, 38.7380556 ], [ -9.1272153, 38.7379669 ], [ -9.1271947, 38.7378796 ], [ -9.1271517, 38.7377974 ], [ -9.1270882, 38.7377238 ], [ -9.1270068, 38.7376617 ], [ -9.126911, 38.7376139 ], [ -9.1268046, 38.7375823 ], [ -9.1266923, 38.7375682 ], [ -9.1265359, 38.7375785 ] ] } },
{ "type": "Feature", "properties": { "services_sum": 3.0159215736902523, "total_departures_sum": 221, "route_short_name_sum": null, "services_unique": null, "total_departures_unique": null, "route_short_name_unique": "720, 208" }, "geometry": { "type": "LineString", "coordinates": [ [ -9.1263894, 38.7376225 ], [ -9.1262645, 38.7376967 ], [ -9.1261747, 38.73779 ] ] } },
{ "type": "Feature", "properties": { "services_sum": 3.0159215736902523, "total_departures_sum": 221, "route_short_name_sum": null, "services_unique": null, "total_departures_unique": null, "route_short_name_unique": "720, 208" }, "geometry": { "type": "LineString", "coordinates": [ [ -9.1262107, 38.739194 ], [ -9.1259852, 38.7390273 ], [ -9.1256529, 38.7386491 ], [ -9.1256071, 38.7385295 ] ] } },
{ "type": "Feature", "properties": { "services_sum": 7.1641264654838261, "total_departures_sum": 563, "route_short_name_sum": null, "services_unique": null, "total_departures_unique": null, "route_short_name_unique": "794, 206, 210" }, "geometry": { "type": "LineString", "coordinates": [ [ -9.1331236, 38.7076212 ], [ -9.1329398, 38.7076637 ], [ -9.1328889, 38.7076811 ], [ -9.1328236, 38.7077065 ] ] } },
{ "type": "Feature", "properties": { "services_sum": 7.1641264654838261, "total_departures_sum": 563, "route_short_name_sum": null, "services_unique": null, "total_departures_unique": null, "route_short_name_unique": "794, 206, 210" }, "geometry": { "type": "LineString", "coordinates": [ [ -9.1322841, 38.7079522 ], [ -9.1321349, 38.7080186 ] ] } },
{ "type": "Feature", "properties": { "services_sum": 7.1641264654838261, "total_departures_sum": 563, "route_short_name_sum": null, "services_unique": null, "total_departures_unique": null, "route_short_name_unique": "794, 206, 210" }, "geometry": { "type": "LineString", "coordinates": [ [ -9.1285858, 38.7098088 ], [ -9.1281216, 38.7101487 ], [ -9.1275868, 38.710546 ] ] } },
{ "type": "Feature", "properties": { "services_sum": 7.1641264654838261, "total_departures_sum": 563, "route_short_name_sum": null, "services_unique": null, "total_departures_unique": null, "route_short_name_unique": "794, 206, 210" }, "geometry": { "type": "LineString", "coordinates": [ [ -9.1271731, 38.7108147 ], [ -9.1270978, 38.7108636 ] ] } },
{ "type": "Feature", "properties": { "services_sum": 7.1641264654838261, "total_departures_sum": 563, "route_short_name_sum": null, "services_unique": null, "total_departures_unique": null, "route_short_name_unique": "794, 206, 210" }, "geometry": { "type": "LineString", "coordinates": [ [ -9.1252661, 38.7116682 ], [ -9.1250908, 38.7117465 ], [ -9.124963, 38.7118036 ] ] } },
{ "type": "Feature", "properties": { "services_sum": 2.5334976164588596, "total_departures_sum": 129, "route_short_name_sum": null, "services_unique": null, "total_departures_unique": null, "route_short_name_unique": "731, 208" }, "geometry": { "type": "LineString", "coordinates": [ [ -9.1299925, 38.762886 ], [ -9.1300271, 38.7629719 ], [ -9.1300373, 38.7629971 ], [ -9.1300369, 38.7630367 ], [ -9.1300361, 38.7631136 ], [ -9.1299835, 38.7632321 ], [ -9.1298836, 38.7633304 ], [ -9.1297476, 38.7633975 ], [ -9.1296305, 38.7634256 ] ] } },
{ "type": "Feature", "properties": { "services_sum": 2.5334976164588596, "total_departures_sum": 129, "route_short_name_sum": null, "services_unique": null, "total_departures_unique": null, "route_short_name_unique": "731, 208" }, "geometry": { "type": "LineString", "coordinates": [ [ -9.1293075, 38.7633609 ], [ -9.1292372, 38.7633196 ], [ -9.1291762, 38.7632734 ], [ -9.1291184, 38.7631924 ], [ -9.1288564, 38.763155 ] ] } },
{ "type": "Feature", "properties": { "services_sum": 2.5334976164588596, "total_departures_sum": 129, "route_short_name_sum": null, "services_unique": null, "total_departures_unique": null, "route_short_name_unique": "731, 208" }, "geometry": { "type": "LineString", "coordinates": [ [ -9.1286144, 38.7631246 ], [ -9.127545, 38.7629951 ], [ -9.1273008, 38.7629598 ], [ -9.1267863, 38.7628651 ], [ -9.1261538, 38.7627381 ], [ -9.1257259, 38.7626325 ], [ -9.1247542, 38.7623464 ], [ -9.1239039, 38.7620952 ], [ -9.1231444, 38.7619221 ], [ -9.1229396, 38.7618755 ], [ -9.1227178, 38.7618048 ], [ -9.1221248, 38.7616293 ], [ -9.1213518, 38.7614003 ], [ -9.1213078, 38.761399 ], [ -9.1211533, 38.7613946 ], [ -9.1209929, 38.7614349 ], [ -9.1209087, 38.7614546 ] ] } },
{ "type": "Feature", "properties": { "services_sum": 2.5334976164588596, "total_departures_sum": 129, "route_short_name_sum": null, "services_unique": null, "total_departures_unique": null, "route_short_name_unique": "731, 208" }, "geometry": { "type": "LineString", "coordinates": [ [ -9.1114918, 38.7748023 ], [ -9.1112697, 38.7750379 ] ] } },
{ "type": "Feature", "properties": { "services_sum": 2.5334976164588596, "total_departures_sum": 129, "route_short_name_sum": null, "services_unique": null, "total_departures_unique": null, "route_short_name_unique": "731, 208" }, "geometry": { "type": "LineString", "coordinates": [ [ -9.110912, 38.7754073 ], [ -9.1108561, 38.7754597 ], [ -9.1107934, 38.7756037 ], [ -9.1107457, 38.7756891 ], [ -9.1107734, 38.7757573 ], [ -9.1107655, 38.7758289 ], [ -9.1107537, 38.7758466 ], [ -9.110723, 38.7758927 ], [ -9.1106975, 38.7759094 ], [ -9.1106523, 38.7759389 ], [ -9.1105644, 38.7759605 ], [ -9.1104728, 38.7759542 ] ] } },
{ "type": "Feature", "properties": { "services_sum": 2.5334976164588596, "total_departures_sum": 129, "route_short_name_sum": null, "services_unique": null, "total_departures_unique": null, "route_short_name_unique": "731, 208" }, "geometry": { "type": "LineString", "coordinates": [ [ -9.1103912, 38.775921 ], [ -9.110332, 38.7758661 ], [ -9.1103043, 38.7757974 ], [ -9.1102182, 38.7757201 ], [ -9.1095722, 38.775265 ], [ -9.1085096, 38.7746653 ], [ -9.1082054, 38.7744991 ], [ -9.107858, 38.7743867 ], [ -9.1073745, 38.7742698 ], [ -9.106716, 38.7741372 ], [ -9.1064383, 38.7741019 ], [ -9.1063842, 38.7741088 ], [ -9.1063022, 38.7741193 ], [ -9.1061928, 38.7741332 ], [ -9.1060214, 38.7742164 ], [ -9.1059738, 38.7742549 ], [ -9.1058945, 38.774319 ], [ -9.1058371, 38.7743653 ], [ -9.1058114, 38.7745126 ], [ -9.1057788, 38.7746731 ], [ -9.105594, 38.7747646 ], [ -9.105551, 38.7747743 ] ] } },
{ "type": "Feature", "properties": { "services_sum": 2.6764398313625968, "total_departures_sum": 142, "route_short_name_sum": null, "services_unique": null, "total_departures_unique": null, "route_short_name_unique": "750, 208" }, "geometry": { "type": "LineString", "coordinates": [ [ -9.1297405, 38.762705 ], [ -9.1296732, 38.7626885 ], [ -9.1295524, 38.7626785 ], [ -9.1294323, 38.7626926 ], [ -9.1293348, 38.7627235 ], [ -9.1292083, 38.7628008 ] ] } },
{ "type": "Feature", "properties": { "services_sum": 2.6764398313625968, "total_departures_sum": 142, "route_short_name_sum": null, "services_unique": null, "total_departures_unique": null, "route_short_name_unique": "750, 208" }, "geometry": { "type": "LineString", "coordinates": [ [ -9.1290065, 38.7628747 ], [ -9.1289311, 38.7628946 ], [ -9.1288289, 38.7629116 ], [ -9.1286009, 38.7629122 ], [ -9.1276327, 38.7628207 ], [ -9.1273386, 38.7627889 ], [ -9.126769, 38.7627365 ], [ -9.1262071, 38.7626218 ], [ -9.1257756, 38.7625135 ], [ -9.1239071, 38.7619613 ], [ -9.1229654, 38.7616078 ], [ -9.122203, 38.7613641 ] ] } },
{ "type": "Feature", "properties": { "services_sum": 2.6764398313625968, "total_departures_sum": 142, "route_short_name_sum": null, "services_unique": null, "total_departures_unique": null, "route_short_name_unique": "750, 208" }, "geometry": { "type": "LineString", "coordinates": [ [ -9.1215835, 38.7611661 ], [ -9.1214323, 38.7610986 ], [ -9.1214033, 38.7610857 ], [ -9.1212808, 38.7610293 ], [ -9.1211972, 38.7608764 ], [ -9.1210717, 38.760784 ], [ -9.120912, 38.760733 ], [ -9.1207395, 38.7607285 ], [ -9.1205771, 38.7607757 ], [ -9.1204248, 38.7607779 ], [ -9.1202188, 38.7607779 ], [ -9.1199871, 38.7607377 ], [ -9.1186996, 38.7603696 ], [ -9.1175323, 38.7600818 ], [ -9.1173864, 38.760038 ] ] } },
{ "type": "Feature", "properties": { "services_sum": 2.6764398313625968, "total_departures_sum": 142, "route_short_name_sum": null, "services_unique": null, "total_departures_unique": null, "route_short_name_unique": "750, 208" }, "geometry": { "type": "LineString", "coordinates": [ [ -9.1159187, 38.7595977 ], [ -9.115211, 38.7593854 ], [ -9.1147292, 38.7592409 ], [ -9.1137266, 38.7589364 ] ] } },
{ "type": "Feature", "properties": { "services_sum": 2.5334976164588596, "total_departures_sum": 123, "route_short_name_sum": null, "services_unique": null, "total_departures_unique": null, "route_short_name_unique": "755, 208" }, "geometry": { "type": "LineString", "coordinates": [ [ -9.1271865, 38.7562727 ], [ -9.1272388, 38.7564778 ], [ -9.1272577, 38.7565518 ], [ -9.1272745, 38.7566222 ], [ -9.127131, 38.7566359 ], [ -9.1269463, 38.7566537 ], [ -9.1268057, 38.7566672 ] ] } },
{ "type": "Feature", "properties": { "services_sum": 2.5334976164588596, "total_departures_sum": 123, "route_short_name_sum": null, "services_unique": null, "total_departures_unique": null, "route_short_name_unique": "755, 208" }, "geometry": { "type": "LineString", "coordinates": [ [ -9.1264838, 38.7554486 ], [ -9.1263586, 38.7554177 ], [ -9.1263195, 38.755408 ] ] } },
{ "type": "Feature", "properties": { "services_sum": 2.5334976164588596, "total_departures_sum": 123, "route_short_name_sum": null, "services_unique": null, "total_departures_unique": null, "route_short_name_unique": "755, 208" }, "geometry": { "type": "LineString", "coordinates": [ [ -9.1264644, 38.7576886 ], [ -9.1264619, 38.7576097 ] ] } },
{ "type": "Feature", "properties": { "services_sum": 2.5334976164588596, "total_departures_sum": 123, "route_short_name_sum": null, "services_unique": null, "total_departures_unique": null, "route_short_name_unique": "755, 208" }, "geometry": { "type": "LineString", "coordinates": [ [ -9.1264616, 38.7570377 ], [ -9.1264606, 38.7573924 ], [ -9.1264605, 38.757416 ] ] } },
{ "type": "Feature", "properties": { "services_sum": 2.5334976164588596, "total_departures_sum": 123, "route_short_name_sum": null, "services_unique": null, "total_departures_unique": null, "route_short_name_unique": "755, 208" }, "geometry": { "type": "LineString", "coordinates": [ [ -9.1262149, 38.7553821 ], [ -9.1261102, 38.755316 ], [ -9.1258932, 38.7552818 ] ] } },
{ "type": "Feature", "properties": { "services_sum": 2.5334976164588596, "total_departures_sum": 123, "route_short_name_sum": null, "services_unique": null, "total_departures_unique": null, "route_short_name_unique": "755, 208" }, "geometry": { "type": "LineString", "coordinates": [ [ -9.1250261, 38.7544738 ], [ -9.1247987, 38.7542157 ], [ -9.1247926, 38.7542088 ], [ -9.1238668, 38.7531579 ] ] } },
{ "type": "Feature", "properties": { "services_sum": 2.5334976164588596, "total_departures_sum": 123, "route_short_name_sum": null, "services_unique": null, "total_departures_unique": null, "route_short_name_unique": "755, 208" }, "geometry": { "type": "LineString", "coordinates": [ [ -9.1248677, 38.7591942 ], [ -9.1247102, 38.7591939 ], [ -9.1247065, 38.7591939 ] ] } },
{ "type": "Feature", "properties": { "services_sum": 2.5334976164588596, "total_departures_sum": 123, "route_short_name_sum": null, "services_unique": null, "total_departures_unique": null, "route_short_name_unique": "755, 208" }, "geometry": { "type": "LineString", "coordinates": [ [ -9.1235886, 38.7528431 ], [ -9.1235363, 38.7528038 ], [ -9.1235076, 38.7527822 ] ] } },
{ "type": "Feature", "properties": { "services_sum": 2.5334976164588596, "total_departures_sum": 123, "route_short_name_sum": null, "services_unique": null, "total_departures_unique": null, "route_short_name_unique": "755, 208" }, "geometry": { "type": "LineString", "coordinates": [ [ -9.1230413, 38.7578396 ], [ -9.1230412, 38.7580973 ], [ -9.1230412, 38.7581146 ], [ -9.1230412, 38.7582285 ] ] } },
{ "type": "Feature", "properties": { "services_sum": 2.5334976164588596, "total_departures_sum": 123, "route_short_name_sum": null, "services_unique": null, "total_departures_unique": null, "route_short_name_unique": "755, 208" }, "geometry": { "type": "LineString", "coordinates": [ [ -9.113612, 38.7523037 ], [ -9.113607, 38.7520433 ], [ -9.1136066, 38.7520225 ] ] } },
{ "type": "Feature", "properties": { "services_sum": 2.5334976164588596, "total_departures_sum": 123, "route_short_name_sum": null, "services_unique": null, "total_departures_unique": null, "route_short_name_unique": "755, 208" }, "geometry": { "type": "LineString", "coordinates": [ [ -9.1134586, 38.7553601 ], [ -9.1133827, 38.7555405 ], [ -9.1132954, 38.7557123 ], [ -9.1132205, 38.7558596 ], [ -9.1130837, 38.7561288 ], [ -9.1130352, 38.7562513 ], [ -9.1129172, 38.756547 ], [ -9.1128298, 38.7567279 ] ] } },
{ "type": "Feature", "properties": { "services_sum": 2.5334976164588596, "total_departures_sum": 123, "route_short_name_sum": null, "services_unique": null, "total_departures_unique": null, "route_short_name_unique": "755, 208" }, "geometry": { "type": "LineString", "coordinates": [ [ -9.1133486, 38.7563391 ], [ -9.1131989, 38.7566017 ], [ -9.1129992, 38.7568315 ] ] } },
{ "type": "Feature", "properties": { "services_sum": 5.1465014211493694, "total_departures_sum": 310, "route_short_name_sum": null, "services_unique": null, "total_departures_unique": null, "route_short_name_unique": "794, 755, 208" }, "geometry": { "type": "LineString", "coordinates": [ [ -9.1271865, 38.7562727 ], [ -9.1270998, 38.7559433 ], [ -9.1270161, 38.7558072 ], [ -9.1268643, 38.7556517 ], [ -9.1266902, 38.7555415 ], [ -9.1264838, 38.7554486 ] ] } },
{ "type": "Feature", "properties": { "services_sum": 5.1465014211493694, "total_departures_sum": 310, "route_short_name_sum": null, "services_unique": null, "total_departures_unique": null, "route_short_name_unique": "794, 755, 208" }, "geometry": { "type": "LineString", "coordinates": [ [ -9.1268057, 38.7566672 ], [ -9.1266624, 38.7567451 ], [ -9.126554, 38.7568595 ], [ -9.1264616, 38.7570377 ] ] } },
{ "type": "Feature", "properties": { "services_sum": 5.1465014211493694, "total_departures_sum": 310, "route_short_name_sum": null, "services_unique": null, "total_departures_unique": null, "route_short_name_unique": "794, 755, 208" }, "geometry": { "type": "LineString", "coordinates": [ [ -9.1264644, 38.7576886 ], [ -9.1264527, 38.7584986 ], [ -9.1263654, 38.7587113 ], [ -9.1262591, 38.7588522 ], [ -9.1261138, 38.7589804 ], [ -9.1258499, 38.7591226 ], [ -9.1256115, 38.7591899 ], [ -9.1253012, 38.7591949 ], [ -9.125016, 38.7591944 ], [ -9.1248918, 38.7591942 ], [ -9.1248677, 38.7591942 ] ] } },
{ "type": "Feature", "properties": { "services_sum": 5.1465014211493694, "total_departures_sum": 310, "route_short_name_sum": null, "services_unique": null, "total_departures_unique": null, "route_short_name_unique": "794, 755, 208" }, "geometry": { "type": "LineString", "coordinates": [ [ -9.1264619, 38.7576097 ], [ -9.1264616, 38.7575957 ], [ -9.1264602, 38.7575146 ], [ -9.1264605, 38.757416 ] ] } },
{ "type": "Feature", "properties": { "services_sum": 5.1465014211493694, "total_departures_sum": 310, "route_short_name_sum": null, "services_unique": null, "total_departures_unique": null, "route_short_name_unique": "794, 755, 208" }, "geometry": { "type": "LineString", "coordinates": [ [ -9.1263195, 38.755408 ], [ -9.1262149, 38.7553821 ] ] } },
{ "type": "Feature", "properties": { "services_sum": 5.1465014211493694, "total_departures_sum": 310, "route_short_name_sum": null, "services_unique": null, "total_departures_unique": null, "route_short_name_unique": "794, 755, 208" }, "geometry": { "type": "LineString", "coordinates": [ [ -9.1260087, 38.7548673 ], [ -9.1259168, 38.7551855 ], [ -9.1258932, 38.7552818 ] ] } },
{ "type": "Feature", "properties": { "services_sum": 5.1465014211493694, "total_departures_sum": 310, "route_short_name_sum": null, "services_unique": null, "total_departures_unique": null, "route_short_name_unique": "794, 755, 208" }, "geometry": { "type": "LineString", "coordinates": [ [ -9.1247065, 38.7591939 ], [ -9.1240203, 38.7591926 ], [ -9.1239024, 38.7591924 ], [ -9.123546, 38.759189 ], [ -9.1234307, 38.7591765 ], [ -9.1233042, 38.7591373 ], [ -9.1232147, 38.7590882 ], [ -9.1231476, 38.7590312 ], [ -9.1230845, 38.7589537 ], [ -9.1230426, 38.7588501 ], [ -9.1230412, 38.7587353 ], [ -9.1230412, 38.7582964 ], [ -9.1230412, 38.7582285 ] ] } },
{ "type": "Feature", "properties": { "services_sum": 5.1465014211493694, "total_departures_sum": 310, "route_short_name_sum": null, "services_unique": null, "total_departures_unique": null, "route_short_name_unique": "794, 755, 208" }, "geometry": { "type": "LineString", "coordinates": [ [ -9.1240141, 38.7509027 ], [ -9.1239092, 38.7509713 ], [ -9.1237727, 38.7510648 ], [ -9.1236774, 38.7511613 ], [ -9.1234113, 38.751398 ], [ -9.1234344, 38.7521695 ], [ -9.1231496, 38.7524175 ], [ -9.1230882, 38.7524709 ] ] } },
{ "type": "Feature", "properties": { "services_sum": 5.1465014211493694, "total_departures_sum": 310, "route_short_name_sum": null, "services_unique": null, "total_departures_unique": null, "route_short_name_unique": "794, 755, 208" }, "geometry": { "type": "LineString", "coordinates": [ [ -9.1230413, 38.7578396 ], [ -9.1230413, 38.757739 ], [ -9.122978, 38.7575951 ], [ -9.1227682, 38.7574081 ], [ -9.1221901, 38.7569792 ], [ -9.122032, 38.7568654 ], [ -9.1218665, 38.7567793 ] ] } },
{ "type": "Feature", "properties": { "services_sum": 5.1465014211493694, "total_departures_sum": 310, "route_short_name_sum": null, "services_unique": null, "total_departures_unique": null, "route_short_name_unique": "794, 755, 208" }, "geometry": { "type": "LineString", "coordinates": [ [ -9.1216458, 38.7566646 ], [ -9.1213132, 38.7566633 ], [ -9.1209867, 38.7567024 ], [ -9.1208326, 38.7567229 ], [ -9.1207791, 38.7564866 ] ] } },
{ "type": "Feature", "properties": { "services_sum": 5.1465014211493694, "total_departures_sum": 310, "route_short_name_sum": null, "services_unique": null, "total_departures_unique": null, "route_short_name_unique": "794, 755, 208" }, "geometry": { "type": "LineString", "coordinates": [ [ -9.1206313, 38.7562355 ], [ -9.1204182, 38.756069 ], [ -9.1201807, 38.7559819 ], [ -9.1199086, 38.7559496 ], [ -9.1196167, 38.755972 ] ] } },
{ "type": "Feature", "properties": { "services_sum": 5.1465014211493694, "total_departures_sum": 310, "route_short_name_sum": null, "services_unique": null, "total_departures_unique": null, "route_short_name_unique": "794, 755, 208" }, "geometry": { "type": "LineString", "coordinates": [ [ -9.119052, 38.7560385 ], [ -9.1187281, 38.7560779 ] ] } },
{ "type": "Feature", "properties": { "services_sum": 2.6130038046905097, "total_departures_sum": 187, "route_short_name_sum": null, "services_unique": null, "total_departures_unique": null, "route_short_name_unique": "794, 208" }, "geometry": { "type": "LineString", "coordinates": [ [ -9.1271865, 38.7562727 ], [ -9.127084, 38.7564749 ], [ -9.1270115, 38.7565443 ], [ -9.1269312, 38.7565951 ], [ -9.1268057, 38.7566672 ] ] } },
{ "type": "Feature", "properties": { "services_sum": 2.6130038046905097, "total_departures_sum": 187, "route_short_name_sum": null, "services_unique": null, "total_departures_unique": null, "route_short_name_unique": "794, 208" }, "geometry": { "type": "LineString", "coordinates": [ [ -9.1264644, 38.7576886 ], [ -9.1264622, 38.7576178 ], [ -9.1264619, 38.7576097 ] ] } },
{ "type": "Feature", "properties": { "services_sum": 2.6130038046905097, "total_departures_sum": 187, "route_short_name_sum": null, "services_unique": null, "total_departures_unique": null, "route_short_name_unique": "794, 208" }, "geometry": { "type": "LineString", "coordinates": [ [ -9.1264616, 38.7570377 ], [ -9.1264605, 38.757416 ] ] } },
{ "type": "Feature", "properties": { "services_sum": 2.6130038046905097, "total_departures_sum": 187, "route_short_name_sum": null, "services_unique": null, "total_departures_unique": null, "route_short_name_unique": "794, 208" }, "geometry": { "type": "LineString", "coordinates": [ [ -9.1262149, 38.7553821 ], [ -9.1260844, 38.7553967 ], [ -9.1258678, 38.7553638 ], [ -9.1258932, 38.7552818 ] ] } },
{ "type": "Feature", "properties": { "services_sum": 2.6130038046905097, "total_departures_sum": 187, "route_short_name_sum": null, "services_unique": null, "total_departures_unique": null, "route_short_name_unique": "794, 208" }, "geometry": { "type": "LineString", "coordinates": [ [ -9.1230413, 38.7578396 ], [ -9.1230413, 38.7579005 ], [ -9.1230412, 38.7580973 ], [ -9.1230412, 38.7582285 ] ] } },
{ "type": "Feature", "properties": { "services_sum": 2.6130038046905097, "total_departures_sum": 187, "route_short_name_sum": null, "services_unique": null, "total_departures_unique": null, "route_short_name_unique": "794, 208" }, "geometry": { "type": "LineString", "coordinates": [ [ -9.1193729, 38.7470741 ], [ -9.1192609, 38.7472029 ], [ -9.1190903, 38.7471783 ], [ -9.1188852, 38.7471512 ], [ -9.1186296, 38.747117 ], [ -9.1183429, 38.7471288 ], [ -9.1182578, 38.7471324 ], [ -9.1181706, 38.7471494 ] ] } },
{ "type": "Feature", "properties": { "services_sum": 2.6130038046905097, "total_departures_sum": 187, "route_short_name_sum": null, "services_unique": null, "total_departures_unique": null, "route_short_name_unique": "794, 208" }, "geometry": { "type": "LineString", "coordinates": [ [ -9.1193706, 38.7467803 ], [ -9.1193343, 38.7466738 ], [ -9.1193335, 38.7465931 ], [ -9.1193331, 38.7465537 ], [ -9.1193313, 38.7463608 ], [ -9.119331, 38.7463064 ], [ -9.1193293, 38.7460337 ], [ -9.1193279, 38.7456296 ], [ -9.1193279, 38.7454309 ], [ -9.1193271, 38.7454098 ], [ -9.1193237, 38.7452971 ], [ -9.119072, 38.7449436 ], [ -9.1185231, 38.7441729 ] ] } },
{ "type": "Feature", "properties": { "services_sum": 2.6130038046905097, "total_departures_sum": 187, "route_short_name_sum": null, "services_unique": null, "total_departures_unique": null, "route_short_name_unique": "794, 208" }, "geometry": { "type": "LineString", "coordinates": [ [ -9.1191205, 38.749915 ], [ -9.1190835, 38.749808 ] ] } },
{ "type": "Feature", "properties": { "services_sum": 2.6130038046905097, "total_departures_sum": 187, "route_short_name_sum": null, "services_unique": null, "total_departures_unique": null, "route_short_name_unique": "794, 208" }, "geometry": { "type": "LineString", "coordinates": [ [ -9.1187281, 38.7560779 ], [ -9.1184362, 38.7560004 ], [ -9.1182416, 38.7558275 ] ] } },
{ "type": "Feature", "properties": { "services_sum": 2.6130038046905097, "total_departures_sum": 187, "route_short_name_sum": null, "services_unique": null, "total_departures_unique": null, "route_short_name_unique": "794, 208" }, "geometry": { "type": "LineString", "coordinates": [ [ -9.1184819, 38.7480691 ], [ -9.118422, 38.7478989 ], [ -9.1183372, 38.7476329 ], [ -9.1182999, 38.747526 ], [ -9.1182819, 38.7474724 ] ] } },
{ "type": "Feature", "properties": { "services_sum": 2.6130038046905097, "total_departures_sum": 187, "route_short_name_sum": null, "services_unique": null, "total_departures_unique": null, "route_short_name_unique": "794, 208" }, "geometry": { "type": "LineString", "coordinates": [ [ -9.1182294, 38.7421969 ], [ -9.1183814, 38.7423281 ], [ -9.1185936, 38.7424921 ], [ -9.118542, 38.742598 ], [ -9.1184639, 38.7427392 ], [ -9.1184633, 38.7427997 ], [ -9.1184627, 38.7430732 ], [ -9.1184624, 38.7438682 ], [ -9.1184609, 38.7439747 ], [ -9.1184765, 38.744104 ] ] } },
{ "type": "Feature", "properties": { "services_sum": 2.6130038046905097, "total_departures_sum": 187, "route_short_name_sum": null, "services_unique": null, "total_departures_unique": null, "route_short_name_unique": "794, 208" }, "geometry": { "type": "LineString", "coordinates": [ [ -9.1177151, 38.7531883 ], [ -9.1177492, 38.7530785 ], [ -9.1177045, 38.7528746 ], [ -9.1175943, 38.7525215 ], [ -9.1174821, 38.7524895 ], [ -9.117384, 38.7524802 ], [ -9.1172767, 38.7524703 ], [ -9.1172027, 38.7524634 ], [ -9.1170591, 38.75245 ] ] } },
{ "type": "Feature", "properties": { "services_sum": 2.6130038046905097, "total_departures_sum": 187, "route_short_name_sum": null, "services_unique": null, "total_departures_unique": null, "route_short_name_unique": "794, 208" }, "geometry": { "type": "LineString", "coordinates": [ [ -9.1168138, 38.7522839 ], [ -9.1166763, 38.7521846 ] ] } },
{ "type": "Feature", "properties": { "services_sum": 2.6130038046905097, "total_departures_sum": 187, "route_short_name_sum": null, "services_unique": null, "total_departures_unique": null, "route_short_name_unique": "794, 208" }, "geometry": { "type": "LineString", "coordinates": [ [ -9.1149856, 38.7524497 ], [ -9.1143075, 38.752509 ], [ -9.1142404, 38.7524919 ], [ -9.1141545, 38.7524639 ], [ -9.1140764, 38.7524247 ], [ -9.1139519, 38.7523101 ], [ -9.1139444, 38.7521774 ], [ -9.1139388, 38.7520234 ], [ -9.113927, 38.7514343 ], [ -9.1138277, 38.7514012 ], [ -9.1136988, 38.7513996 ], [ -9.1135954, 38.7514323 ] ] } },
{ "type": "Feature", "properties": { "services_sum": 4.6220941818174497, "total_departures_sum": 327, "route_short_name_sum": null, "services_unique": null, "total_departures_unique": null, "route_short_name_unique": "794, 206, 210" }, "geometry": { "type": "LineString", "coordinates": [ [ -9.1270978, 38.7108636 ], [ -9.1252661, 38.7116682 ] ] } },
{ "type": "Feature", "properties": { "services_sum": 4.6220941818174497, "total_departures_sum": 327, "route_short_name_sum": null, "services_unique": null, "total_departures_unique": null, "route_short_name_unique": "794, 206, 210" }, "geometry": { "type": "LineString", "coordinates": [ [ -9.124963, 38.7118036 ], [ -9.1240886, 38.7122312 ] ] } },
{ "type": "Feature", "properties": { "services_sum": 2.0800618981510728, "total_departures_sum": 76, "route_short_name_sum": null, "services_unique": null, "total_departures_unique": null, "route_short_name_unique": "794, 755" }, "geometry": { "type": "LineString", "coordinates": [ [ -9.1262509, 38.7527767 ], [ -9.1261422, 38.7526543 ], [ -9.1258942, 38.7522951 ], [ -9.1257614, 38.7521556 ], [ -9.1254543, 38.7518331 ], [ -9.1252726, 38.7515924 ], [ -9.1249723, 38.7512982 ], [ -9.1246959, 38.7511259 ] ] } },
{ "type": "Feature", "properties": { "services_sum": 2.0800618981510728, "total_departures_sum": 76, "route_short_name_sum": null, "services_unique": null, "total_departures_unique": null, "route_short_name_unique": "794, 755" }, "geometry": { "type": "LineString", "coordinates": [ [ -9.1243685, 38.7508733 ], [ -9.124228, 38.7508849 ], [ -9.1240141, 38.7509027 ] ] } },
{ "type": "Feature", "properties": { "services_sum": 2.0800618981510728, "total_departures_sum": 76, "route_short_name_sum": null, "services_unique": null, "total_departures_unique": null, "route_short_name_unique": "794, 755" }, "geometry": { "type": "LineString", "coordinates": [ [ -9.1196167, 38.755972 ], [ -9.119052, 38.7560385 ] ] } },
{ "type": "Feature", "properties": { "services_sum": 2.0800618981510728, "total_departures_sum": 76, "route_short_name_sum": null, "services_unique": null, "total_departures_unique": null, "route_short_name_unique": "794, 755" }, "geometry": { "type": "LineString", "coordinates": [ [ -9.105229, 38.7497079 ], [ -9.1053052, 38.7497286 ], [ -9.1054225, 38.7497992 ], [ -9.1054931, 38.7499008 ], [ -9.1055047, 38.750016 ], [ -9.1054517, 38.7501298 ], [ -9.1053418, 38.7502154 ], [ -9.1051957, 38.7502565 ], [ -9.1050411, 38.7502455 ] ] } },
{ "type": "Feature", "properties": { "services_sum": 2.0800618981510728, "total_departures_sum": 76, "route_short_name_sum": null, "services_unique": null, "total_departures_unique": null, "route_short_name_unique": "794, 755" }, "geometry": { "type": "LineString", "coordinates": [ [ -9.1048132, 38.7500734 ], [ -9.1047964, 38.7500208 ] ] } },
{ "type": "Feature", "properties": { "services_sum": 4.0667173779580077, "total_departures_sum": 240, "route_short_name_sum": null, "services_unique": null, "total_departures_unique": null, "route_short_name_unique": "755, 208" }, "geometry": { "type": "LineString", "coordinates": [ [ -9.1260087, 38.7548673 ], [ -9.1256986, 38.7548116 ], [ -9.1252532, 38.7547316 ], [ -9.1250784, 38.7545332 ], [ -9.1250261, 38.7544738 ] ] } },
{ "type": "Feature", "properties": { "services_sum": 4.0667173779580077, "total_departures_sum": 240, "route_short_name_sum": null, "services_unique": null, "total_departures_unique": null, "route_short_name_unique": "755, 208" }, "geometry": { "type": "LineString", "coordinates": [ [ -9.1238668, 38.7531579 ], [ -9.1238282, 38.7531141 ], [ -9.1236761, 38.7529411 ], [ -9.1235886, 38.7528431 ] ] } },
{ "type": "Feature", "properties": { "services_sum": 4.0667173779580077, "total_departures_sum": 240, "route_short_name_sum": null, "services_unique": null, "total_departures_unique": null, "route_short_name_unique": "755, 208" }, "geometry": { "type": "LineString", "coordinates": [ [ -9.1235076, 38.7527822 ], [ -9.123254, 38.7525914 ], [ -9.1230882, 38.7524709 ] ] } },
{ "type": "Feature", "properties": { "services_sum": 2.7501909854851032, "total_departures_sum": 238, "route_short_name_sum": null, "services_unique": null, "total_departures_unique": null, "route_short_name_unique": "210" }, "geometry": { "type": "LineString", "coordinates": [ [ -9.1251501, 38.7902468 ], [ -9.1247639, 38.7903032 ], [ -9.1246787, 38.7903107 ], [ -9.1246013, 38.7902961 ], [ -9.1244347, 38.7902646 ] ] } },
{ "type": "Feature", "properties": { "services_sum": 2.7501909854851032, "total_departures_sum": 238, "route_short_name_sum": null, "services_unique": null, "total_departures_unique": null, "route_short_name_unique": "210" }, "geometry": { "type": "LineString", "coordinates": [ [ -9.1241689, 38.7902143 ], [ -9.1236947, 38.7901243 ], [ -9.1235249, 38.7900925 ] ] } },
{ "type": "Feature", "properties": { "services_sum": 2.7501909854851032, "total_departures_sum": 238, "route_short_name_sum": null, "services_unique": null, "total_departures_unique": null, "route_short_name_unique": "210" }, "geometry": { "type": "LineString", "coordinates": [ [ -9.1171054, 38.783521 ], [ -9.1169523, 38.7835489 ], [ -9.1167532, 38.7835566 ] ] } },
{ "type": "Feature", "properties": { "services_sum": 2.7501909854851032, "total_departures_sum": 238, "route_short_name_sum": null, "services_unique": null, "total_departures_unique": null, "route_short_name_unique": "210" }, "geometry": { "type": "LineString", "coordinates": [ [ -9.11689, 38.7205963 ], [ -9.1165179, 38.7213272 ], [ -9.1164125, 38.7214989 ], [ -9.1157411, 38.7224347 ] ] } },
{ "type": "Feature", "properties": { "services_sum": 2.7501909854851032, "total_departures_sum": 238, "route_short_name_sum": null, "services_unique": null, "total_departures_unique": null, "route_short_name_unique": "210" }, "geometry": { "type": "LineString", "coordinates": [ [ -9.1155062, 38.7227921 ], [ -9.1154449, 38.7229146 ] ] } },
{ "type": "Feature", "properties": { "services_sum": 2.7501909854851032, "total_departures_sum": 238, "route_short_name_sum": null, "services_unique": null, "total_departures_unique": null, "route_short_name_unique": "210" }, "geometry": { "type": "LineString", "coordinates": [ [ -9.1119149, 38.7605857 ], [ -9.1118774, 38.7605092 ] ] } },
{ "type": "Feature", "properties": { "services_sum": 2.7501909854851032, "total_departures_sum": 238, "route_short_name_sum": null, "services_unique": null, "total_departures_unique": null, "route_short_name_unique": "210" }, "geometry": { "type": "LineString", "coordinates": [ [ -9.1116635, 38.7264552 ], [ -9.1113884, 38.7266339 ], [ -9.1112884, 38.7266989 ], [ -9.1111485, 38.7268015 ], [ -9.1107576, 38.727095 ], [ -9.1105679, 38.7272374 ], [ -9.1104699, 38.7273178 ] ] } },
{ "type": "Feature", "properties": { "services_sum": 2.7501909854851032, "total_departures_sum": 238, "route_short_name_sum": null, "services_unique": null, "total_departures_unique": null, "route_short_name_unique": "210" }, "geometry": { "type": "LineString", "coordinates": [ [ -9.1116006, 38.7592613 ], [ -9.1115837, 38.759487 ], [ -9.1115816, 38.7597325 ], [ -9.1116212, 38.7599557 ] ] } },
{ "type": "Feature", "properties": { "services_sum": 2.7501909854851032, "total_departures_sum": 238, "route_short_name_sum": null, "services_unique": null, "total_departures_unique": null, "route_short_name_unique": "210" }, "geometry": { "type": "LineString", "coordinates": [ [ -9.1100694, 38.7277515 ], [ -9.1097302, 38.7281326 ] ] } },
{ "type": "Feature", "properties": { "services_sum": 2.7501909854851032, "total_departures_sum": 238, "route_short_name_sum": null, "services_unique": null, "total_departures_unique": null, "route_short_name_unique": "210" }, "geometry": { "type": "LineString", "coordinates": [ [ -9.1095305, 38.7283571 ], [ -9.1094308, 38.7284636 ], [ -9.1093752, 38.7285219 ], [ -9.1091053, 38.7288049 ], [ -9.1090625, 38.7288498 ], [ -9.1089713, 38.7289414 ], [ -9.1085008, 38.729345 ], [ -9.1083827, 38.7294286 ], [ -9.1083266, 38.7295238 ], [ -9.1081863, 38.7297485 ] ] } },
{ "type": "Feature", "properties": { "services_sum": 2.7501909854851032, "total_departures_sum": 238, "route_short_name_sum": null, "services_unique": null, "total_departures_unique": null, "route_short_name_unique": "210" }, "geometry": { "type": "LineString", "coordinates": [ [ -9.1092318, 38.7680909 ], [ -9.1092193, 38.7680896 ] ] } },
{ "type": "Feature", "properties": { "services_sum": 2.7501909854851032, "total_departures_sum": 238, "route_short_name_sum": null, "services_unique": null, "total_departures_unique": null, "route_short_name_unique": "210" }, "geometry": { "type": "LineString", "coordinates": [ [ -9.1079112, 38.7302968 ], [ -9.1077823, 38.7304688 ], [ -9.1075801, 38.7306985 ], [ -9.1075645, 38.7307114 ], [ -9.1074031, 38.7308449 ], [ -9.1071734, 38.7311423 ], [ -9.1071349, 38.7311922 ], [ -9.1067589, 38.731703 ], [ -9.1063785, 38.7321338 ], [ -9.1063443, 38.7321734 ], [ -9.1061756, 38.7323363 ] ] } },
{ "type": "Feature", "properties": { "services_sum": 2.7501909854851032, "total_departures_sum": 238, "route_short_name_sum": null, "services_unique": null, "total_departures_unique": null, "route_short_name_unique": "210" }, "geometry": { "type": "LineString", "coordinates": [ [ -9.1057991, 38.7327364 ], [ -9.1056763, 38.7328889 ], [ -9.1056489, 38.7329289 ], [ -9.1055845, 38.7330753 ] ] } },
{ "type": "Feature", "properties": { "services_sum": 2.7501909854851032, "total_departures_sum": 238, "route_short_name_sum": null, "services_unique": null, "total_departures_unique": null, "route_short_name_unique": "210" }, "geometry": { "type": "LineString", "coordinates": [ [ -9.1055094, 38.7333013 ], [ -9.1054941, 38.733434 ], [ -9.105458, 38.7336732 ], [ -9.1054126, 38.7339858 ], [ -9.1053681, 38.7340705 ], [ -9.1052846, 38.7342293 ], [ -9.1050658, 38.7345658 ] ] } },
{ "type": "Feature", "properties": { "services_sum": 2.7501909854851032, "total_departures_sum": 238, "route_short_name_sum": null, "services_unique": null, "total_departures_unique": null, "route_short_name_unique": "210" }, "geometry": { "type": "LineString", "coordinates": [ [ -9.1045942, 38.7351008 ], [ -9.1044516, 38.7353289 ], [ -9.104297, 38.7356563 ], [ -9.1041897, 38.7358762 ], [ -9.1040321, 38.735844 ], [ -9.1038693, 38.7358539 ], [ -9.1037081, 38.7358946 ] ] } },
{ "type": "Feature", "properties": { "services_sum": 2.7501909854851032, "total_departures_sum": 238, "route_short_name_sum": null, "services_unique": null, "total_departures_unique": null, "route_short_name_unique": "210" }, "geometry": { "type": "LineString", "coordinates": [ [ -9.1034581, 38.7378658 ], [ -9.1031744, 38.7387891 ], [ -9.1030939, 38.7390869 ] ] } },
{ "type": "Feature", "properties": { "services_sum": 2.7501909854851032, "total_departures_sum": 238, "route_short_name_sum": null, "services_unique": null, "total_departures_unique": null, "route_short_name_unique": "210" }, "geometry": { "type": "LineString", "coordinates": [ [ -9.1027908, 38.7403142 ], [ -9.1027057, 38.7406588 ], [ -9.1026972, 38.7407093 ], [ -9.1026118, 38.7411214 ], [ -9.1024277, 38.7420099 ] ] } },
{ "type": "Feature", "properties": { "services_sum": 2.7501909854851032, "total_departures_sum": 238, "route_short_name_sum": null, "services_unique": null, "total_departures_unique": null, "route_short_name_unique": "210" }, "geometry": { "type": "LineString", "coordinates": [ [ -9.1008157, 38.7452077 ], [ -9.1006982, 38.7454662 ], [ -9.0999957, 38.7468579 ], [ -9.0999267, 38.7468538 ], [ -9.0998021, 38.7468788 ] ] } },
{ "type": "Feature", "properties": { "services_sum": 2.7501909854851032, "total_departures_sum": 238, "route_short_name_sum": null, "services_unique": null, "total_departures_unique": null, "route_short_name_unique": "210" }, "geometry": { "type": "LineString", "coordinates": [ [ -9.0991713, 38.7476066 ], [ -9.0991313, 38.7476787 ], [ -9.0980206, 38.7474827 ], [ -9.0977966, 38.7474426 ], [ -9.0971233, 38.7473261 ] ] } },
{ "type": "Feature", "properties": { "services_sum": 3.0664395229982966, "total_departures_sum": 234, "route_short_name_sum": null, "services_unique": null, "total_departures_unique": null, "route_short_name_unique": "208" }, "geometry": { "type": "LineString", "coordinates": [ [ -9.124043, 38.7508825 ], [ -9.1240141, 38.7509027 ] ] } },
{ "type": "Feature", "properties": { "services_sum": 3.0664395229982966, "total_departures_sum": 234, "route_short_name_sum": null, "services_unique": null, "total_departures_unique": null, "route_short_name_unique": "208" }, "geometry": { "type": "LineString", "coordinates": [ [ -9.1230071, 38.7701746 ], [ -9.1228439, 38.7702622 ], [ -9.121732, 38.7709658 ] ] } },
{ "type": "Feature", "properties": { "services_sum": 3.0664395229982966, "total_departures_sum": 234, "route_short_name_sum": null, "services_unique": null, "total_departures_unique": null, "route_short_name_unique": "208" }, "geometry": { "type": "LineString", "coordinates": [ [ -9.1196167, 38.755972 ], [ -9.1194677, 38.7559896 ], [ -9.1193025, 38.756009 ], [ -9.119052, 38.7560385 ] ] } },
{ "type": "Feature", "properties": { "services_sum": 3.0664395229982966, "total_departures_sum": 234, "route_short_name_sum": null, "services_unique": null, "total_departures_unique": null, "route_short_name_unique": "208" }, "geometry": { "type": "LineString", "coordinates": [ [ -9.1179682, 38.7767947 ], [ -9.1179671, 38.7768029 ], [ -9.1179502, 38.7770163 ], [ -9.1176644, 38.7769971 ], [ -9.117354, 38.7769703 ], [ -9.1171223, 38.7768967 ], [ -9.1168035, 38.7767734 ], [ -9.1164759, 38.7769987 ], [ -9.1163392, 38.7770484 ], [ -9.1162468, 38.777082 ] ] } },
{ "type": "Feature", "properties": { "services_sum": 3.0664395229982966, "total_departures_sum": 234, "route_short_name_sum": null, "services_unique": null, "total_departures_unique": null, "route_short_name_unique": "208" }, "geometry": { "type": "LineString", "coordinates": [ [ -9.1179678, 38.7767246 ], [ -9.1179653, 38.7764585 ] ] } },
{ "type": "Feature", "properties": { "services_sum": 3.0664395229982966, "total_departures_sum": 234, "route_short_name_sum": null, "services_unique": null, "total_departures_unique": null, "route_short_name_unique": "208" }, "geometry": { "type": "LineString", "coordinates": [ [ -9.1179316, 38.776065 ], [ -9.1177777, 38.7754753 ], [ -9.1175717, 38.7750221 ], [ -9.1175008, 38.7749095 ], [ -9.1172561, 38.7745208 ], [ -9.1171956, 38.7744248 ] ] } },
{ "type": "Feature", "properties": { "services_sum": 3.0664395229982966, "total_departures_sum": 234, "route_short_name_sum": null, "services_unique": null, "total_departures_unique": null, "route_short_name_unique": "208" }, "geometry": { "type": "LineString", "coordinates": [ [ -9.1158521, 38.777132 ], [ -9.1157022, 38.7771315 ], [ -9.1153943, 38.7770556 ], [ -9.1151271, 38.7769361 ], [ -9.1150163, 38.7768693 ], [ -9.1144409, 38.7765226 ] ] } },
{ "type": "Feature", "properties": { "services_sum": 3.0664395229982966, "total_departures_sum": 234, "route_short_name_sum": null, "services_unique": null, "total_departures_unique": null, "route_short_name_unique": "208" }, "geometry": { "type": "LineString", "coordinates": [ [ -9.1131327, 38.7757342 ], [ -9.112599, 38.7754045 ], [ -9.1121716, 38.7751633 ], [ -9.1116831, 38.7748854 ], [ -9.1114918, 38.7748023 ] ] } },
{ "type": "Feature", "properties": { "services_sum": 3.6132816596502213, "total_departures_sum": 193, "route_short_name_sum": null, "services_unique": null, "total_departures_unique": null, "route_short_name_unique": "794, 755, 208" }, "geometry": { "type": "LineString", "coordinates": [ [ -9.1218665, 38.7567793 ], [ -9.1216458, 38.7566646 ] ] } },
{ "type": "Feature", "properties": { "services_sum": 3.6132816596502213, "total_departures_sum": 193, "route_short_name_sum": null, "services_unique": null, "total_departures_unique": null, "route_short_name_unique": "794, 755, 208" }, "geometry": { "type": "LineString", "coordinates": [ [ -9.113612, 38.7523037 ], [ -9.1136183, 38.7525728 ], [ -9.1136394, 38.7527442 ], [ -9.1137076, 38.7530321 ], [ -9.1137993, 38.7534269 ], [ -9.1138563, 38.7536816 ], [ -9.1138913, 38.7539161 ], [ -9.1138976, 38.7540054 ], [ -9.1138814, 38.7542182 ], [ -9.1138722, 38.7542976 ], [ -9.1138486, 38.7545008 ], [ -9.1138025, 38.754653 ], [ -9.1137387, 38.7548056 ], [ -9.1135824, 38.7550981 ], [ -9.1135794, 38.7551038 ], [ -9.113519, 38.7552167 ], [ -9.1134586, 38.7553601 ] ] } },
{ "type": "Feature", "properties": { "services_sum": 3.6132816596502213, "total_departures_sum": 193, "route_short_name_sum": null, "services_unique": null, "total_departures_unique": null, "route_short_name_unique": "794, 755, 208" }, "geometry": { "type": "LineString", "coordinates": [ [ -9.1136066, 38.7520225 ], [ -9.1135954, 38.7514323 ] ] } },
{ "type": "Feature", "properties": { "services_sum": 4.1462235661896578, "total_departures_sum": 304, "route_short_name_sum": null, "services_unique": null, "total_departures_unique": null, "route_short_name_unique": "794, 208" }, "geometry": { "type": "LineString", "coordinates": [ [ -9.1207791, 38.7564866 ], [ -9.1206313, 38.7562355 ] ] } },
{ "type": "Feature", "properties": { "services_sum": 4.1462235661896578, "total_departures_sum": 304, "route_short_name_sum": null, "services_unique": null, "total_departures_unique": null, "route_short_name_unique": "794, 208" }, "geometry": { "type": "LineString", "coordinates": [ [ -9.1193729, 38.7470741 ], [ -9.119372, 38.746959 ], [ -9.1193706, 38.7467803 ] ] } },
{ "type": "Feature", "properties": { "services_sum": 4.1462235661896578, "total_departures_sum": 304, "route_short_name_sum": null, "services_unique": null, "total_departures_unique": null, "route_short_name_unique": "794, 208" }, "geometry": { "type": "LineString", "coordinates": [ [ -9.1182416, 38.7558275 ], [ -9.1181512, 38.7554481 ], [ -9.1181032, 38.7551889 ] ] } },
{ "type": "Feature", "properties": { "services_sum": 4.1462235661896578, "total_departures_sum": 304, "route_short_name_sum": null, "services_unique": null, "total_departures_unique": null, "route_short_name_unique": "794, 208" }, "geometry": { "type": "LineString", "coordinates": [ [ -9.1170591, 38.75245 ], [ -9.1168138, 38.7522839 ] ] } },
{ "type": "Feature", "properties": { "services_sum": 4.1462235661896578, "total_departures_sum": 304, "route_short_name_sum": null, "services_unique": null, "total_departures_unique": null, "route_short_name_unique": "794, 208" }, "geometry": { "type": "LineString", "coordinates": [ [ -9.1165167, 38.752068 ], [ -9.1163046, 38.7519671 ], [ -9.1161106, 38.7519278 ], [ -9.1159465, 38.7519569 ], [ -9.1158593, 38.7519963 ], [ -9.1157611, 38.752067 ], [ -9.1154599, 38.752319 ], [ -9.1153425, 38.7523921 ], [ -9.1152709, 38.7524228 ], [ -9.1151823, 38.7524381 ], [ -9.1149856, 38.7524497 ] ] } },
{ "type": "Feature", "properties": { "services_sum": 6.7501909854851032, "total_departures_sum": 754, "route_short_name_sum": null, "services_unique": null, "total_departures_unique": null, "route_short_name_unique": "203, 210" }, "geometry": { "type": "LineString", "coordinates": [ [ -9.1154449, 38.7229146 ], [ -9.1153539, 38.7228932 ], [ -9.115262, 38.7228863 ], [ -9.1151764, 38.7228959 ] ] } },
{ "type": "Feature", "properties": { "services_sum": 6.7501909854851032, "total_departures_sum": 754, "route_short_name_sum": null, "services_unique": null, "total_departures_unique": null, "route_short_name_unique": "203, 210" }, "geometry": { "type": "LineString", "coordinates": [ [ -9.1150943, 38.722918 ], [ -9.1149894, 38.7229671 ], [ -9.1148876, 38.7230283 ], [ -9.1147864, 38.7231118 ], [ -9.114264, 38.7238103 ], [ -9.1142108, 38.723875 ], [ -9.1139944, 38.7241574 ] ] } },
{ "type": "Feature", "properties": { "services_sum": 6.7501909854851032, "total_departures_sum": 754, "route_short_name_sum": null, "services_unique": null, "total_departures_unique": null, "route_short_name_unique": "203, 210" }, "geometry": { "type": "LineString", "coordinates": [ [ -9.113419, 38.7247664 ], [ -9.1133554, 38.7249148 ], [ -9.1133309, 38.7250069 ], [ -9.1132908, 38.7251109 ], [ -9.1132627, 38.7251663 ], [ -9.1132139, 38.725245 ], [ -9.1131412, 38.7253361 ], [ -9.1130253, 38.7254448 ], [ -9.1128898, 38.7255644 ], [ -9.1128176, 38.7256329 ], [ -9.1127596, 38.7256933 ] ] } },
{ "type": "Feature", "properties": { "services_sum": 3.3750954927425516, "total_departures_sum": 377, "route_short_name_sum": null, "services_unique": null, "total_departures_unique": null, "route_short_name_unique": "203, 210" }, "geometry": { "type": "LineString", "coordinates": [ [ -9.1137046, 38.7244536 ], [ -9.1134557, 38.7247263 ], [ -9.113419, 38.7247664 ], [ -9.1137046, 38.7244536 ] ] } },
{ "type": "Feature", "properties": { "services_sum": 3.3750954927425516, "total_departures_sum": 377, "route_short_name_sum": null, "services_unique": null, "total_departures_unique": null, "route_short_name_unique": "203, 210" }, "geometry": { "type": "LineString", "coordinates": [ [ -9.1137046, 38.7244536 ], [ -9.1139944, 38.7241574 ], [ -9.1137363, 38.7244213 ], [ -9.1137046, 38.7244536 ] ] } },
{ "type": "Feature", "properties": { "services_sum": 3.3750954927425516, "total_departures_sum": 377, "route_short_name_sum": null, "services_unique": null, "total_departures_unique": null, "route_short_name_unique": "203, 210" }, "geometry": { "type": "LineString", "coordinates": [ [ -9.1122998, 38.7260489 ], [ -9.1119001, 38.7263041 ], [ -9.111857, 38.7263316 ] ] } },
{ "type": "Feature", "properties": { "services_sum": 3.3750954927425516, "total_departures_sum": 377, "route_short_name_sum": null, "services_unique": null, "total_departures_unique": null, "route_short_name_unique": "203, 210" }, "geometry": { "type": "LineString", "coordinates": [ [ -9.1151764, 38.7228959 ], [ -9.1151189, 38.7229114 ], [ -9.1150943, 38.722918 ], [ -9.1151764, 38.7228959 ] ] } },
{ "type": "Feature", "properties": { "services_sum": 2.3753733477022627, "total_departures_sum": 131, "route_short_name_sum": null, "services_unique": null, "total_departures_unique": null, "route_short_name_unique": "731, 210" }, "geometry": { "type": "LineString", "coordinates": [ [ -9.1113776, 38.7838933 ], [ -9.1114192, 38.7838619 ], [ -9.1114393, 38.7838494 ], [ -9.1114741, 38.7838327 ], [ -9.1115144, 38.7838191 ], [ -9.1115441, 38.7838134 ], [ -9.1120615, 38.7837874 ], [ -9.1124967, 38.7837657 ], [ -9.1126769, 38.7837566 ], [ -9.1127508, 38.783753 ], [ -9.1131343, 38.7837341 ], [ -9.113318, 38.7837251 ], [ -9.1140715, 38.7836881 ], [ -9.1140289, 38.7832381 ], [ -9.114005, 38.783015 ], [ -9.1139498, 38.7823429 ], [ -9.11394, 38.7821122 ], [ -9.1139354, 38.7820354 ], [ -9.1139284, 38.7819424 ], [ -9.1139071, 38.7816607 ], [ -9.1138951, 38.7814518 ], [ -9.1138725, 38.7812698 ], [ -9.1138183, 38.7811551 ], [ -9.1137341, 38.7810851 ], [ -9.1136346, 38.7810355 ], [ -9.1134771, 38.7810108 ], [ -9.1131137, 38.7810258 ], [ -9.1126053, 38.7810506 ], [ -9.1124769, 38.7810571 ], [ -9.1118329, 38.7810872 ], [ -9.1113691, 38.7811088 ], [ -9.1113277, 38.7811089 ], [ -9.1112915, 38.7811047 ], [ -9.1112526, 38.7810963 ], [ -9.1112124, 38.7810859 ], [ -9.1111788, 38.7810727 ], [ -9.1111529, 38.7810531 ], [ -9.1111202, 38.7810413 ], [ -9.1110844, 38.7810386 ], [ -9.1110494, 38.7810452 ], [ -9.1110191, 38.7810605 ], [ -9.110997, 38.7810827 ], [ -9.1109777, 38.7810974 ], [ -9.1109589, 38.7811078 ], [ -9.1109348, 38.7811162 ], [ -9.1108919, 38.7811277 ], [ -9.1108369, 38.781135 ], [ -9.1102805, 38.7811593 ], [ -9.1101311, 38.7811695 ], [ -9.1091257, 38.7812204 ], [ -9.1083849, 38.7812534 ], [ -9.1074894, 38.7812931 ], [ -9.1068707, 38.7813205 ] ] } },
{ "type": "Feature", "properties": { "services_sum": 2.3753733477022627, "total_departures_sum": 131, "route_short_name_sum": null, "services_unique": null, "total_departures_unique": null, "route_short_name_unique": "731, 210" }, "geometry": { "type": "LineString", "coordinates": [ [ -9.1047896, 38.7801436 ], [ -9.1047, 38.7802061 ], [ -9.1045714, 38.7802685 ], [ -9.1044578, 38.780281 ], [ -9.1044522, 38.7801649 ], [ -9.10443, 38.7796346 ], [ -9.1044163, 38.7793077 ], [ -9.1043201, 38.7791489 ], [ -9.103943, 38.7785263 ], [ -9.1039119, 38.778475 ], [ -9.1034338, 38.7776857 ], [ -9.1033925, 38.7776175 ], [ -9.1030331, 38.777024 ], [ -9.103005, 38.7769776 ], [ -9.1028108, 38.776657 ], [ -9.1026571, 38.7764032 ], [ -9.1026264, 38.7763526 ], [ -9.102335, 38.7758714 ], [ -9.1023016, 38.7758163 ], [ -9.1020908, 38.7754682 ], [ -9.1020215, 38.7753537 ], [ -9.1019456, 38.7752351 ], [ -9.1019355, 38.7752091 ], [ -9.1019335, 38.7751789 ], [ -9.1019439, 38.7751432 ], [ -9.1019678, 38.7751201 ], [ -9.1019956, 38.7751032 ], [ -9.1020409, 38.7750853 ] ] } },
{ "type": "Feature", "properties": { "services_sum": 4.7501909854851032, "total_departures_sum": 496, "route_short_name_sum": null, "services_unique": null, "total_departures_unique": null, "route_short_name_unique": "203, 210" }, "geometry": { "type": "LineString", "coordinates": [ [ -9.1127596, 38.7256933 ], [ -9.1126726, 38.7257789 ], [ -9.1123902, 38.7259874 ], [ -9.1122998, 38.7260489 ] ] } },
{ "type": "Feature", "properties": { "services_sum": 4.7501909854851032, "total_departures_sum": 496, "route_short_name_sum": null, "services_unique": null, "total_departures_unique": null, "route_short_name_unique": "203, 210" }, "geometry": { "type": "LineString", "coordinates": [ [ -9.111857, 38.7263316 ], [ -9.1116635, 38.7264552 ] ] } },
{ "type": "Feature", "properties": { "services_sum": 3.0797840431913617, "total_departures_sum": 328, "route_short_name_sum": null, "services_unique": null, "total_departures_unique": null, "route_short_name_unique": "794, 203" }, "geometry": { "type": "LineString", "coordinates": [ [ -9.1127596, 38.7256933 ], [ -9.1126624, 38.7256336 ] ] } },
{ "type": "Feature", "properties": { "services_sum": 3.0797840431913617, "total_departures_sum": 328, "route_short_name_sum": null, "services_unique": null, "total_departures_unique": null, "route_short_name_unique": "794, 203" }, "geometry": { "type": "LineString", "coordinates": [ [ -9.1118278, 38.7251543 ], [ -9.1116544, 38.7250561 ], [ -9.1115784, 38.7250131 ] ] } },
{ "type": "Feature", "properties": { "services_sum": 2.9083152542416997, "total_departures_sum": 236, "route_short_name_sum": null, "services_unique": null, "total_departures_unique": null, "route_short_name_unique": "208, 210" }, "geometry": { "type": "LineString", "coordinates": [ [ -9.1119805, 38.7581172 ], [ -9.1118598, 38.7581611 ] ] } },
{ "type": "Feature", "properties": { "services_sum": 2.9083152542416997, "total_departures_sum": 236, "route_short_name_sum": null, "services_unique": null, "total_departures_unique": null, "route_short_name_unique": "208, 210" }, "geometry": { "type": "LineString", "coordinates": [ [ -9.1057513, 38.7734687 ], [ -9.105739, 38.7734139 ], [ -9.1056914, 38.7733007 ], [ -9.1056054, 38.7732076 ], [ -9.1054891, 38.7731488 ], [ -9.105459, 38.7731336 ], [ -9.1052405, 38.7731283 ], [ -9.105128, 38.7731475 ], [ -9.1049654, 38.7732104 ], [ -9.1049332, 38.7732495 ], [ -9.1048723, 38.7733232 ], [ -9.10486, 38.7733583 ], [ -9.1048382, 38.7734203 ], [ -9.1048312, 38.7734403 ], [ -9.104852, 38.7735359 ], [ -9.1048687, 38.773626 ], [ -9.1048798, 38.7737666 ], [ -9.1048813, 38.7737851 ], [ -9.1048944, 38.7739409 ], [ -9.1048982, 38.7739802 ], [ -9.1049123, 38.7741419 ], [ -9.1049559, 38.7745875 ], [ -9.1048698, 38.7746577 ], [ -9.1047642, 38.7747066 ], [ -9.104584, 38.7747267 ], [ -9.1041605, 38.7747512 ], [ -9.1038932, 38.7747681 ], [ -9.1036895, 38.774781 ], [ -9.1034018, 38.7747966 ], [ -9.1032946, 38.7748024 ], [ -9.1030774, 38.774796 ], [ -9.1028087, 38.7747881 ], [ -9.1025182, 38.7747915 ], [ -9.1021488, 38.7748001 ], [ -9.1021273, 38.7748006 ], [ -9.1019412, 38.7748051 ], [ -9.1011881, 38.7748514 ], [ -9.1011197, 38.7748318 ], [ -9.1010468, 38.7748313 ], [ -9.1009779, 38.77485 ], [ -9.1008815, 38.7748507 ], [ -9.1008144, 38.7748529 ], [ -9.1006801, 38.7748569 ], [ -9.1002112, 38.774878 ], [ -9.0999195, 38.7748939 ], [ -9.0997374, 38.7749104 ], [ -9.0995684, 38.7749393 ], [ -9.0993857, 38.7750061 ], [ -9.0987992, 38.7750363 ], [ -9.0977705, 38.7750163 ], [ -9.0976963, 38.7749951 ], [ -9.0976489, 38.7749698 ], [ -9.0975119, 38.7748773 ], [ -9.0974382, 38.7748108 ], [ -9.0974173, 38.7746855 ], [ -9.0974146, 38.774606 ], [ -9.097431, 38.774392 ], [ -9.0974468, 38.7741857 ], [ -9.0974793, 38.7737635 ], [ -9.0974818, 38.7737265 ], [ -9.0975252, 38.7731575 ], [ -9.0975595, 38.7730126 ], [ -9.097597, 38.7725714 ], [ -9.0975836, 38.772471 ], [ -9.0975932, 38.7723643 ], [ -9.0976042, 38.7722431 ], [ -9.0976748, 38.771461 ], [ -9.0976918, 38.7713203 ], [ -9.0977092, 38.7711766 ], [ -9.0977324, 38.7709844 ], [ -9.0977431, 38.7708961 ], [ -9.0977714, 38.7706621 ], [ -9.0977822, 38.7705482 ], [ -9.0978009, 38.7703505 ], [ -9.0977821, 38.7702334 ], [ -9.0978438, 38.7695078 ], [ -9.09788, 38.7690309 ], [ -9.0978906, 38.7688236 ], [ -9.0979724, 38.76878 ], [ -9.098029, 38.7687166 ], [ -9.098053, 38.7686416 ], [ -9.098049, 38.7685896 ], [ -9.098029, 38.7685399 ], [ -9.0981823, 38.7685395 ], [ -9.0985433, 38.7685392 ], [ -9.09883, 38.7685419 ], [ -9.098931, 38.7685428 ], [ -9.0995195, 38.7685482 ], [ -9.0996809, 38.7685511 ], [ -9.0997817, 38.7685518 ] ] } },
{ "type": "Feature", "properties": { "services_sum": 2.9083152542416997, "total_departures_sum": 236, "route_short_name_sum": null, "services_unique": null, "total_departures_unique": null, "route_short_name_unique": "208, 210" }, "geometry": { "type": "LineString", "coordinates": [ [ -9.0999348, 38.7671752 ], [ -9.0997913, 38.7671601 ], [ -9.0996559, 38.7671459 ], [ -9.0996364, 38.7671439 ], [ -9.0991563, 38.7670935 ], [ -9.0991081, 38.7670885 ], [ -9.0986762, 38.7670431 ], [ -9.0983336, 38.7670118 ], [ -9.0981471, 38.7669938 ], [ -9.0981054, 38.7670314 ], [ -9.0980538, 38.7670606 ], [ -9.0980409, 38.7671572 ], [ -9.0979923, 38.7677582 ], [ -9.0979913, 38.767772 ], [ -9.0979575, 38.7684658 ], [ -9.0978996, 38.7684362 ], [ -9.097834, 38.7684189 ], [ -9.097753, 38.7684156 ], [ -9.0976715, 38.7684319 ], [ -9.0975729, 38.7684879 ], [ -9.0975151, 38.7685718 ], [ -9.0975055, 38.768622 ], [ -9.0975114, 38.7686727 ], [ -9.0975467, 38.7687412 ], [ -9.0976099, 38.7687962 ], [ -9.0976011, 38.7690153 ], [ -9.0975905, 38.7692689 ], [ -9.0975836, 38.7694387 ], [ -9.0975461, 38.7700097 ], [ -9.0975166, 38.7703108 ], [ -9.0974924, 38.7704091 ], [ -9.0974817, 38.7706182 ], [ -9.0974776, 38.7706706 ], [ -9.0974607, 38.7708875 ], [ -9.0974575, 38.7709283 ], [ -9.0974501, 38.7710236 ], [ -9.0974402, 38.7711505 ], [ -9.0974146, 38.7714777 ], [ -9.0974073, 38.7715582 ], [ -9.0973476, 38.7722138 ], [ -9.0973411, 38.7723171 ], [ -9.0973348, 38.7724178 ], [ -9.0973267, 38.7724801 ], [ -9.0972966, 38.7726048 ], [ -9.0972752, 38.7729645 ], [ -9.0972733, 38.7730928 ], [ -9.0972725, 38.7731506 ], [ -9.0972196, 38.7737433 ], [ -9.0971947, 38.7741152 ], [ -9.0971866, 38.7742359 ], [ -9.0971648, 38.7745013 ], [ -9.0971598, 38.7745621 ], [ -9.097141, 38.7746813 ], [ -9.0971191, 38.7747929 ], [ -9.0970349, 38.7748495 ], [ -9.0969837, 38.7749285 ], [ -9.0969707, 38.7750244 ], [ -9.0969705, 38.7751212 ], [ -9.0970058, 38.7752041 ], [ -9.097079, 38.7752702 ], [ -9.097177, 38.7753087 ], [ -9.0971797, 38.7753097 ], [ -9.0972643, 38.7753146 ], [ -9.0972915, 38.7753161 ], [ -9.0973984, 38.7752886 ], [ -9.0974832, 38.7752316 ], [ -9.0976355, 38.7751463 ], [ -9.0976909, 38.77513 ], [ -9.0977592, 38.7751201 ], [ -9.0988134, 38.7751255 ], [ -9.0993758, 38.7750926 ], [ -9.0996244, 38.7751275 ], [ -9.100475, 38.7750819 ], [ -9.1005743, 38.7750798 ], [ -9.1006721, 38.7750798 ], [ -9.1008124, 38.7750846 ], [ -9.1008376, 38.7750859 ], [ -9.1008708, 38.7750893 ], [ -9.1009185, 38.7751003 ], [ -9.1009365, 38.7751179 ], [ -9.1009441, 38.7751231 ] ] } },
{ "type": "Feature", "properties": { "services_sum": 2.5183155626060003, "total_departures_sum": 144, "route_short_name_sum": null, "services_unique": null, "total_departures_unique": null, "route_short_name_unique": "750, 210" }, "geometry": { "type": "LineString", "coordinates": [ [ -9.1113268, 38.7582099 ], [ -9.1110343, 38.7581225 ], [ -9.1108216, 38.7580586 ], [ -9.1106877, 38.7580161 ], [ -9.1102254, 38.7578793 ] ] } },
{ "type": "Feature", "properties": { "services_sum": 2.5183155626060003, "total_departures_sum": 144, "route_short_name_sum": null, "services_unique": null, "total_departures_unique": null, "route_short_name_unique": "750, 210" }, "geometry": { "type": "LineString", "coordinates": [ [ -9.1076661, 38.7571099 ], [ -9.1068789, 38.7568733 ], [ -9.1050368, 38.7563195 ], [ -9.1048075, 38.7562466 ], [ -9.1045007, 38.7561238 ] ] } },
{ "type": "Feature", "properties": { "services_sum": 2.5183155626060003, "total_departures_sum": 144, "route_short_name_sum": null, "services_unique": null, "total_departures_unique": null, "route_short_name_unique": "750, 210" }, "geometry": { "type": "LineString", "coordinates": [ [ -9.1034309, 38.7558083 ], [ -9.1032881, 38.7557677 ], [ -9.103216, 38.7557442 ] ] } },
{ "type": "Feature", "properties": { "services_sum": 2.2230041130548104, "total_departures_sum": 95, "route_short_name_sum": null, "services_unique": null, "total_departures_unique": null, "route_short_name_unique": "750, 794" }, "geometry": { "type": "LineString", "coordinates": [ [ -9.1041002, 38.7673413 ], [ -9.1040845, 38.7670783 ], [ -9.1040803, 38.7669861 ], [ -9.1040673, 38.7668292 ], [ -9.1040666, 38.7668212 ], [ -9.1040101, 38.7661388 ], [ -9.1039954, 38.7658784 ], [ -9.1039287, 38.7650228 ], [ -9.1038093, 38.7641763 ], [ -9.1037555, 38.7636715 ], [ -9.1037549, 38.7636658 ], [ -9.1036894, 38.7630523 ], [ -9.1036806, 38.7629777 ], [ -9.103672, 38.7629046 ], [ -9.1036576, 38.7627826 ], [ -9.1035182, 38.7612393 ], [ -9.1034706, 38.7607999 ], [ -9.1035027, 38.7605842 ], [ -9.1034727, 38.7602978 ], [ -9.1034149, 38.7597468 ], [ -9.1033901, 38.7594932 ], [ -9.1033545, 38.7591293 ], [ -9.1032786, 38.7583836 ], [ -9.1032155, 38.7577035 ], [ -9.1031235, 38.7573131 ], [ -9.1030552, 38.7566173 ], [ -9.1029919, 38.7559727 ], [ -9.1029815, 38.7558633 ], [ -9.1029742, 38.7557748 ], [ -9.1029665, 38.7556705 ] ] } },
{ "type": "Feature", "properties": { "services_sum": 2.2230041130548104, "total_departures_sum": 95, "route_short_name_sum": null, "services_unique": null, "total_departures_unique": null, "route_short_name_unique": "750, 794" }, "geometry": { "type": "LineString", "coordinates": [ [ -9.1012607, 38.7685627 ], [ -9.1011515, 38.7684626 ], [ -9.1011332, 38.7683674 ], [ -9.1008835, 38.7683533 ], [ -9.1006173, 38.7683382 ], [ -9.1003445, 38.7683228 ], [ -9.1000744, 38.7683075 ], [ -9.0998595, 38.7682954 ] ] } }
]
}
