{
"type": "FeatureCollection",
"name": "MobiCascais_0600_shapes_aggregated",
"crs": { "type": "name", "properties": { "name": "urn:ogc:def:crs:OGC:1.3:CRS84" } },
"features": [
{ "type": "Feature", "properties": { "services_sum": 2.0005557099194222, "total_departures_sum": 18, "route_short_name_sum": null, "services_unique": null, "total_departures_unique": null, "route_short_name_unique": "2" }, "geometry": { "type": "LineString", "coordinates": [ [ -9.4414, 38.75128 ], [ -9.44139, 38.75128 ] ] } },
{ "type": "Feature", "properties": { "services_sum": 2.0005557099194222, "total_departures_sum": 25, "route_short_name_sum": null, "services_unique": null, "total_departures_unique": null, "route_short_name_unique": "22, 9" }, "geometry": { "type": "LineString", "coordinates": [ [ -9.43347, 38.70797 ], [ -9.43342, 38.70809 ], [ -9.43342, 38.70815 ] ] } },
{ "type": "Feature", "properties": { "services_sum": 2.0005557099194222, "total_departures_sum": 56, "route_short_name_sum": null, "services_unique": null, "total_departures_unique": null, "route_short_name_unique": "15" }, "geometry": { "type": "LineString", "coordinates": [ [ -9.430542468174938, 38.696443702311555 ], [ -9.43054, 38.69644 ] ] } },
{ "type": "Feature", "properties": { "services_sum": 2.0005557099194222, "total_departures_sum": 37, "route_short_name_sum": null, "services_unique": null, "total_departures_unique": null, "route_short_name_unique": "2, 15" }, "geometry": { "type": "LineString", "coordinates": [ [ -9.42927, 38.70125 ], [ -9.42872, 38.70103 ], [ -9.42716, 38.70034 ] ] } },
{ "type": "Feature", "properties": { "services_sum": 6.0016671297582667, "total_departures_sum": 100, "route_short_name_sum": null, "services_unique": null, "total_departures_unique": null, "route_short_name_unique": "2, 22, 9, 15, 5" }, "geometry": { "type": "LineString", "coordinates": [ [ -9.42361, 38.70137 ], [ -9.42332, 38.7014 ], [ -9.42297, 38.70141 ], [ -9.42261, 38.7014 ], [ -9.42216, 38.70133 ] ] } },
{ "type": "Feature", "properties": { "services_sum": 3.0008335648791333, "total_departures_sum": 104, "route_short_name_sum": null, "services_unique": null, "total_departures_unique": null, "route_short_name_unique": "6, 13, 12" }, "geometry": { "type": "LineString", "coordinates": [ [ -9.4185, 38.70751 ], [ -9.41844, 38.70753 ] ] } },
{ "type": "Feature", "properties": { "services_sum": 2.1434979248231598, "total_departures_sum": 82, "route_short_name_sum": null, "services_unique": null, "total_departures_unique": null, "route_short_name_unique": "31, 22" }, "geometry": { "type": "LineString", "coordinates": [ [ -9.4183, 38.72859 ], [ -9.41826, 38.72857 ], [ -9.41816, 38.72854 ], [ -9.41809, 38.72846 ], [ -9.418, 38.72814 ], [ -9.41801, 38.728 ], [ -9.41808, 38.72794 ] ] } },
{ "type": "Feature", "properties": { "services_sum": 2.0005557099194222, "total_departures_sum": 24, "route_short_name_sum": null, "services_unique": null, "total_departures_unique": null, "route_short_name_unique": "11, 13" }, "geometry": { "type": "LineString", "coordinates": [ [ -9.41829, 38.70692 ], [ -9.418015900886628, 38.705941074890525 ] ] } },
{ "type": "Feature", "properties": { "services_sum": 4.0011114198388444, "total_departures_sum": 192, "route_short_name_sum": null, "services_unique": null, "total_departures_unique": null, "route_short_name_unique": "6, 11, 12" }, "geometry": { "type": "LineString", "coordinates": [ [ -9.41823, 38.70774 ], [ -9.41813, 38.70795 ] ] } },
{ "type": "Feature", "properties": { "services_sum": 3.0008335648791333, "total_departures_sum": 107, "route_short_name_sum": null, "services_unique": null, "total_departures_unique": null, "route_short_name_unique": "6, 13" }, "geometry": { "type": "LineString", "coordinates": [ [ -9.41803, 38.72035 ], [ -9.4179, 38.72078 ], [ -9.41783, 38.7209 ], [ -9.41768, 38.72104 ], [ -9.41756, 38.72124 ] ] } },
{ "type": "Feature", "properties": { "services_sum": 4.0011114198388444, "total_departures_sum": 62, "route_short_name_sum": null, "services_unique": null, "total_departures_unique": null, "route_short_name_unique": "2, 22, 9, 15" }, "geometry": { "type": "LineString", "coordinates": [ [ -9.41773, 38.70155 ], [ -9.41766, 38.70159 ] ] } },
{ "type": "Feature", "properties": { "services_sum": 2.0005557099194222, "total_departures_sum": 91, "route_short_name_sum": null, "services_unique": null, "total_departures_unique": null, "route_short_name_unique": "6, 11" }, "geometry": { "type": "LineString", "coordinates": [ [ -9.41756, 38.71477 ], [ -9.41748, 38.71477 ], [ -9.41741, 38.7148 ], [ -9.41735, 38.71484 ], [ -9.41732, 38.7149 ], [ -9.41731, 38.71496 ] ] } },
{ "type": "Feature", "properties": { "services_sum": 2.0005557099194222, "total_departures_sum": 27, "route_short_name_sum": null, "services_unique": null, "total_departures_unique": null, "route_short_name_unique": "2, 9" }, "geometry": { "type": "LineString", "coordinates": [ [ -9.41748, 38.70134 ], [ -9.41741, 38.70142 ] ] } },
{ "type": "Feature", "properties": { "services_sum": 3.0008335648791333, "total_departures_sum": 53, "route_short_name_sum": null, "services_unique": null, "total_departures_unique": null, "route_short_name_unique": "22, 9, 15" }, "geometry": { "type": "LineString", "coordinates": [ [ -9.41746, 38.70156 ], [ -9.41742, 38.70151 ], [ -9.41741, 38.70142 ] ] } },
{ "type": "Feature", "properties": { "services_sum": 2.0005557099194222, "total_departures_sum": 101, "route_short_name_sum": null, "services_unique": null, "total_departures_unique": null, "route_short_name_unique": "12, 6" }, "geometry": { "type": "LineString", "coordinates": [ [ -9.4132, 38.7153 ], [ -9.41304, 38.71539 ] ] } },
{ "type": "Feature", "properties": { "services_sum": 2.0005557099194222, "total_departures_sum": 62, "route_short_name_sum": null, "services_unique": null, "total_departures_unique": null, "route_short_name_unique": "12" }, "geometry": { "type": "LineString", "coordinates": [ [ -9.41199096120793, 38.705743214039018 ], [ -9.41199, 38.70574 ] ] } },
{ "type": "Feature", "properties": { "services_sum": 3.0008335648791333, "total_departures_sum": 62, "route_short_name_sum": null, "services_unique": null, "total_departures_unique": null, "route_short_name_unique": "20, 22, 13" }, "geometry": { "type": "LineString", "coordinates": [ [ -9.41103, 38.72973 ], [ -9.41098, 38.73022 ], [ -9.41094, 38.73036 ], [ -9.41043, 38.73184 ] ] } },
{ "type": "Feature", "properties": { "services_sum": 2.1434979248231598, "total_departures_sum": 96, "route_short_name_sum": null, "services_unique": null, "total_departures_unique": null, "route_short_name_unique": "31, 11" }, "geometry": { "type": "LineString", "coordinates": [ [ -9.41098, 38.73022 ], [ -9.40913, 38.73068 ], [ -9.40898, 38.73078 ], [ -9.40848, 38.73085 ], [ -9.40835, 38.73088 ], [ -9.40811, 38.731 ], [ -9.40801, 38.73103 ] ] } },
{ "type": "Feature", "properties": { "services_sum": 4.2869958496463196, "total_departures_sum": 187, "route_short_name_sum": null, "services_unique": null, "total_departures_unique": null, "route_short_name_unique": "31, 13" }, "geometry": { "type": "LineString", "coordinates": [ [ -9.41008, 38.73269 ], [ -9.40986, 38.73314 ] ] } },
{ "type": "Feature", "properties": { "services_sum": 3.1437757797828709, "total_departures_sum": 112, "route_short_name_sum": null, "services_unique": null, "total_departures_unique": null, "route_short_name_unique": "31, 13" }, "geometry": { "type": "LineString", "coordinates": [ [ -9.40986, 38.73314 ], [ -9.40975, 38.73309 ], [ -9.40955, 38.73296 ], [ -9.40941, 38.73291 ] ] } },
{ "type": "Feature", "properties": { "services_sum": 6.2875515595657419, "total_departures_sum": 278, "route_short_name_sum": null, "services_unique": null, "total_departures_unique": null, "route_short_name_unique": "31, 11, 13, 6" }, "geometry": { "type": "LineString", "coordinates": [ [ -9.40927, 38.73262 ], [ -9.40919, 38.73243 ], [ -9.40905, 38.73221 ], [ -9.4089, 38.73208 ], [ -9.40884, 38.73199 ], [ -9.40881, 38.73191 ] ] } },
{ "type": "Feature", "properties": { "services_sum": 2.0005557099194222, "total_departures_sum": 68, "route_short_name_sum": null, "services_unique": null, "total_departures_unique": null, "route_short_name_unique": "13" }, "geometry": { "type": "LineString", "coordinates": [ [ -9.408582777419719, 38.731564226531411 ], [ -9.40858, 38.73156 ] ] } },
{ "type": "Feature", "properties": { "services_sum": 4.2869958496463196, "total_departures_sum": 205, "route_short_name_sum": null, "services_unique": null, "total_departures_unique": null, "route_short_name_unique": "31, 11, 13" }, "geometry": { "type": "LineString", "coordinates": [ [ -9.40858, 38.73156 ], [ -9.40847, 38.73143 ] ] } },
{ "type": "Feature", "properties": { "services_sum": 6.2875515595657419, "total_departures_sum": 229, "route_short_name_sum": null, "services_unique": null, "total_departures_unique": null, "route_short_name_unique": "31, 11, 13" }, "geometry": { "type": "LineString", "coordinates": [ [ -9.40847, 38.73143 ], [ -9.40826, 38.73122 ], [ -9.40801, 38.73103 ] ] } },
{ "type": "Feature", "properties": { "services_sum": 3.1437757797828709, "total_departures_sum": 148, "route_short_name_sum": null, "services_unique": null, "total_departures_unique": null, "route_short_name_unique": "31, 13, 6" }, "geometry": { "type": "LineString", "coordinates": [ [ -9.40847, 38.73143 ], [ -9.40801, 38.73103 ] ] } },
{ "type": "Feature", "properties": { "services_sum": 3.0008335648791333, "total_departures_sum": 125, "route_short_name_sum": null, "services_unique": null, "total_departures_unique": null, "route_short_name_unique": "19, 6, 12" }, "geometry": { "type": "LineString", "coordinates": [ [ -9.39695, 38.7034 ], [ -9.39654, 38.70342 ], [ -9.39541, 38.70343 ], [ -9.39513, 38.70341 ], [ -9.39478, 38.70336 ], [ -9.39456, 38.70338 ], [ -9.39446, 38.70342 ], [ -9.39433, 38.70355 ], [ -9.39428, 38.70384 ] ] } },
{ "type": "Feature", "properties": { "services_sum": 3.0008335648791333, "total_departures_sum": 122, "route_short_name_sum": null, "services_unique": null, "total_departures_unique": null, "route_short_name_unique": "11, 12, 6" }, "geometry": { "type": "LineString", "coordinates": [ [ -9.39564, 38.71299 ], [ -9.39536, 38.71247 ], [ -9.39561, 38.71134 ] ] } },
{ "type": "Feature", "properties": { "services_sum": 2.0005557099194222, "total_departures_sum": 55, "route_short_name_sum": null, "services_unique": null, "total_departures_unique": null, "route_short_name_unique": "19, 12" }, "geometry": { "type": "LineString", "coordinates": [ [ -9.39537, 38.70551 ], [ -9.39535, 38.70531 ] ] } },
{ "type": "Feature", "properties": { "services_sum": 3.0008335648791333, "total_departures_sum": 58, "route_short_name_sum": null, "services_unique": null, "total_departures_unique": null, "route_short_name_unique": "19, 13, 12" }, "geometry": { "type": "LineString", "coordinates": [ [ -9.39535, 38.70531 ], [ -9.39527, 38.70528 ], [ -9.39526, 38.70525 ], [ -9.39527, 38.70521 ], [ -9.39502, 38.7051 ], [ -9.39475, 38.70488 ], [ -9.39436, 38.70451 ], [ -9.39424, 38.70449 ] ] } },
{ "type": "Feature", "properties": { "services_sum": 4.1288147558988522, "total_departures_sum": 217, "route_short_name_sum": null, "services_unique": null, "total_departures_unique": null, "route_short_name_unique": "31, 22" }, "geometry": { "type": "LineString", "coordinates": [ [ -9.39488, 38.73796 ], [ -9.39475, 38.73808 ], [ -9.39449, 38.73829 ], [ -9.39422, 38.73848 ], [ -9.39363, 38.73883 ], [ -9.39308, 38.73907 ], [ -9.3923, 38.73947 ] ] } },
{ "type": "Feature", "properties": { "services_sum": 3.0008335648791333, "total_departures_sum": 161, "route_short_name_sum": null, "services_unique": null, "total_departures_unique": null, "route_short_name_unique": "20, 6" }, "geometry": { "type": "LineString", "coordinates": [ [ -9.39311, 38.74262 ], [ -9.39275, 38.74303 ] ] } },
{ "type": "Feature", "properties": { "services_sum": 3.1437757797828709, "total_departures_sum": 215, "route_short_name_sum": null, "services_unique": null, "total_departures_unique": null, "route_short_name_unique": "31, 6" }, "geometry": { "type": "LineString", "coordinates": [ [ -9.39218, 38.73955 ], [ -9.39174, 38.73917 ], [ -9.39151, 38.73902 ], [ -9.39131, 38.73895 ], [ -9.39105, 38.7389 ], [ -9.39074, 38.73873 ] ] } },
{ "type": "Feature", "properties": { "services_sum": 2.8426524711316659, "total_departures_sum": 137, "route_short_name_sum": null, "services_unique": null, "total_departures_unique": null, "route_short_name_unique": "22, 6" }, "geometry": { "type": "LineString", "coordinates": [ [ -9.38877, 38.74041 ], [ -9.38851, 38.74051 ] ] } },
{ "type": "Feature", "properties": { "services_sum": 2.0005557099194222, "total_departures_sum": 6, "route_short_name_sum": null, "services_unique": null, "total_departures_unique": null, "route_short_name_unique": "13" }, "geometry": { "type": "LineString", "coordinates": [ [ -9.380010540623354, 38.700211058720733 ], [ -9.38001, 38.70021 ] ] } },
{ "type": "Feature", "properties": { "services_sum": 3.1437757797828709, "total_departures_sum": 102, "route_short_name_sum": null, "services_unique": null, "total_departures_unique": null, "route_short_name_unique": "31, 19, 13" }, "geometry": { "type": "LineString", "coordinates": [ [ -9.37361, 38.7096 ], [ -9.37358, 38.70965 ], [ -9.37354, 38.7098 ], [ -9.37353, 38.70993 ] ] } },
{ "type": "Feature", "properties": { "services_sum": 3.842930326091377, "total_departures_sum": 104, "route_short_name_sum": null, "services_unique": null, "total_departures_unique": null, "route_short_name_unique": "22, 13" }, "geometry": { "type": "LineString", "coordinates": [ [ -9.37356, 38.73857 ], [ -9.37306, 38.73857 ], [ -9.37257, 38.73852 ], [ -9.37226, 38.73842 ], [ -9.37187, 38.73829 ] ] } },
{ "type": "Feature", "properties": { "services_sum": 3.1437757797828709, "total_departures_sum": 175, "route_short_name_sum": null, "services_unique": null, "total_departures_unique": null, "route_short_name_unique": "31, 30" }, "geometry": { "type": "LineString", "coordinates": [ [ -9.35458, 38.70754 ], [ -9.35411, 38.70826 ] ] } },
{ "type": "Feature", "properties": { "services_sum": 3.9858725409951146, "total_departures_sum": 179, "route_short_name_sum": null, "services_unique": null, "total_departures_unique": null, "route_short_name_unique": "31, 22, 35" }, "geometry": { "type": "LineString", "coordinates": [ [ -9.34181, 38.69537 ], [ -9.34175, 38.69541 ] ] } },
{ "type": "Feature", "properties": { "services_sum": 3.842930326091377, "total_departures_sum": 141, "route_short_name_sum": null, "services_unique": null, "total_departures_unique": null, "route_short_name_unique": "22, 35" }, "geometry": { "type": "LineString", "coordinates": [ [ -9.34175, 38.69696 ], [ -9.34171, 38.6961 ] ] } },
{ "type": "Feature", "properties": { "services_sum": 3.1894592766301226, "total_departures_sum": 157, "route_short_name_sum": null, "services_unique": null, "total_departures_unique": null, "route_short_name_unique": "35, 36" }, "geometry": { "type": "LineString", "coordinates": [ [ -9.34109, 38.74049 ], [ -9.34098, 38.74036 ] ] } },
{ "type": "Feature", "properties": { "services_sum": 4.3783628433408222, "total_departures_sum": 240, "route_short_name_sum": null, "services_unique": null, "total_departures_unique": null, "route_short_name_unique": "35, 36" }, "geometry": { "type": "LineString", "coordinates": [ [ -9.33893, 38.73457 ], [ -9.33915, 38.73543 ], [ -9.33932, 38.73599 ], [ -9.33931, 38.73605 ], [ -9.33921, 38.7363 ], [ -9.33918, 38.73644 ], [ -9.33918, 38.73683 ], [ -9.3392, 38.73695 ] ] } },
{ "type": "Feature", "properties": { "services_sum": 6.5066218893202521, "total_departures_sum": 383, "route_short_name_sum": null, "services_unique": null, "total_departures_unique": null, "route_short_name_unique": "31, 22, 36" }, "geometry": { "type": "LineString", "coordinates": [ [ -9.33667, 38.69199 ], [ -9.3366, 38.69214 ], [ -9.33624, 38.69267 ] ] } },
{ "type": "Feature", "properties": { "services_sum": 3.0312781828826552, "total_departures_sum": 150, "route_short_name_sum": null, "services_unique": null, "total_departures_unique": null, "route_short_name_unique": "22, 36" }, "geometry": { "type": "LineString", "coordinates": [ [ -9.3353, 38.69024 ], [ -9.33434, 38.69039 ] ] } },
{ "type": "Feature", "properties": { "services_sum": 3.3324014915338598, "total_departures_sum": 195, "route_short_name_sum": null, "services_unique": null, "total_departures_unique": null, "route_short_name_unique": "31, 35, 36" }, "geometry": { "type": "LineString", "coordinates": [ [ -9.33183, 38.69091 ], [ -9.33145, 38.68958 ], [ -9.33138, 38.68914 ] ] } },
{ "type": "Feature", "properties": { "services_sum": 1.0002778549597111, "total_departures_sum": 28, "route_short_name_sum": null, "services_unique": null, "total_departures_unique": null, "route_short_name_unique": "15" }, "geometry": { "type": "LineString", "coordinates": [ [ -9.4632049314651, 38.72029690651987 ], [ -9.46273, 38.71907 ] ] } },
{ "type": "Feature", "properties": { "services_sum": 1.0002778549597111, "total_departures_sum": 28, "route_short_name_sum": null, "services_unique": null, "total_departures_unique": null, "route_short_name_unique": "15" }, "geometry": { "type": "LineString", "coordinates": [ [ -9.46267, 38.71895 ], [ -9.46202, 38.71802 ], [ -9.462014614618408, 38.718012595125884 ], [ -9.46186, 38.7178 ], [ -9.46148, 38.71754 ], [ -9.46121, 38.71747 ], [ -9.45939, 38.71743 ], [ -9.45823, 38.71734 ], [ -9.458209907146781, 38.71733865059462 ], [ -9.45689, 38.71725 ] ] } },
{ "type": "Feature", "properties": { "services_sum": 1.0002778549597111, "total_departures_sum": 28, "route_short_name_sum": null, "services_unique": null, "total_departures_unique": null, "route_short_name_unique": "15" }, "geometry": { "type": "LineString", "coordinates": [ [ -9.45513, 38.71685 ], [ -9.45445, 38.71665 ], [ -9.454441962396727, 38.716647749524547 ], [ -9.4532, 38.7163 ] ] } },
{ "type": "Feature", "properties": { "services_sum": 1.0002778549597111, "total_departures_sum": 28, "route_short_name_sum": null, "services_unique": null, "total_departures_unique": null, "route_short_name_unique": "15" }, "geometry": { "type": "LineString", "coordinates": [ [ -9.4535, 38.70928 ], [ -9.45379, 38.70916 ], [ -9.45398, 38.70897 ], [ -9.4541, 38.70869 ], [ -9.45415, 38.70851 ], [ -9.45393, 38.70777 ], [ -9.453926896995611, 38.707759695942649 ], [ -9.4534, 38.70601 ], [ -9.45333, 38.70601 ], [ -9.45329, 38.70599 ], [ -9.45327, 38.70595 ], [ -9.45329, 38.7059 ], [ -9.45335, 38.70587 ], [ -9.45327075744526, 38.705632272343593 ], [ -9.45327, 38.70563 ], [ -9.45276, 38.70414 ], [ -9.45257, 38.70392 ], [ -9.45226, 38.70386 ], [ -9.451943405279415, 38.703899574344902 ], [ -9.45194, 38.7039 ], [ -9.45015, 38.70412 ], [ -9.44897, 38.70436 ], [ -9.44826, 38.70434 ], [ -9.44797, 38.70437 ], [ -9.44747, 38.70445 ], [ -9.44698, 38.70457 ], [ -9.446355735891741, 38.704797905966217 ], [ -9.44635, 38.7048 ], [ -9.44629, 38.70482 ], [ -9.44599, 38.70503 ], [ -9.4459, 38.70514 ], [ -9.44575, 38.70523 ], [ -9.44531, 38.70541 ], [ -9.44484, 38.70546 ], [ -9.44419, 38.70549 ], [ -9.44377, 38.70539 ], [ -9.4435, 38.70541 ], [ -9.443426426821349, 38.70542839329709 ], [ -9.44342, 38.70543 ], [ -9.44314, 38.70551 ], [ -9.4431, 38.70556 ], [ -9.44309, 38.70571 ], [ -9.44311, 38.70585 ], [ -9.4431, 38.70589 ], [ -9.44303, 38.70593 ], [ -9.44299, 38.70594 ], [ -9.4429, 38.70593 ], [ -9.44263, 38.70593 ], [ -9.44222, 38.70605 ], [ -9.442213280552025, 38.70605254250912 ], [ -9.44185, 38.70619 ], [ -9.44158, 38.70626 ], [ -9.44139, 38.70629 ], [ -9.44063, 38.70624 ], [ -9.4402, 38.7063 ], [ -9.440195156189541, 38.706301108844031 ], [ -9.43937, 38.70649 ], [ -9.438940038858988, 38.704590171707139 ], [ -9.43894, 38.70459 ], [ -9.43877, 38.70391 ], [ -9.43874, 38.7037 ], [ -9.438330376098769, 38.701881669554716 ], [ -9.43833, 38.70188 ], [ -9.43807, 38.70079 ], [ -9.43797, 38.70051 ], [ -9.43785, 38.70031 ], [ -9.43775, 38.70023 ], [ -9.43767, 38.70021 ], [ -9.43748, 38.70024 ], [ -9.43718, 38.7002 ], [ -9.436206584827472, 38.6998821501846 ], [ -9.43573, 38.69974 ], [ -9.43554, 38.69966 ], [ -9.4354, 38.69958 ], [ -9.43518, 38.69943 ], [ -9.43505, 38.69929 ], [ -9.43488, 38.69905 ], [ -9.43471, 38.69876 ], [ -9.43459, 38.69861 ], [ -9.43458, 38.69856 ], [ -9.43453, 38.69844 ], [ -9.43441, 38.69834 ], [ -9.4338812613739, 38.697571832562076 ], [ -9.43388, 38.69757 ], [ -9.43364, 38.69725 ], [ -9.43352, 38.69717 ], [ -9.43301, 38.69692 ], [ -9.43292, 38.6969 ], [ -9.43284, 38.6969 ], [ -9.43272, 38.69694 ], [ -9.43144, 38.69746 ], [ -9.4314, 38.69754 ], [ -9.4313, 38.69757 ], [ -9.4312, 38.69754 ], [ -9.43116, 38.69746 ], [ -9.43117, 38.69742 ], [ -9.4311, 38.69728 ], [ -9.43054, 38.69644 ], [ -9.43039, 38.69622 ], [ -9.43028, 38.69614 ], [ -9.43024, 38.69615 ], [ -9.4301, 38.69624 ], [ -9.42994, 38.69668 ], [ -9.42977, 38.69701 ], [ -9.42935, 38.69758 ], [ -9.42897, 38.69796 ], [ -9.4286, 38.69823 ], [ -9.428180374631367, 38.698559705648812 ], [ -9.42793, 38.69877 ], [ -9.42674, 38.69959 ] ] } },
{ "type": "Feature", "properties": { "services_sum": 1.0002778549597111, "total_departures_sum": 28, "route_short_name_sum": null, "services_unique": null, "total_departures_unique": null, "route_short_name_unique": "15" }, "geometry": { "type": "LineString", "coordinates": [ [ -9.45323, 38.70933 ], [ -9.45223, 38.7094 ], [ -9.45167, 38.70939 ], [ -9.45146, 38.70933 ], [ -9.45135, 38.70921 ], [ -9.45118, 38.70856 ], [ -9.450961738880206, 38.707865532856012 ], [ -9.45096, 38.70786 ], [ -9.45082, 38.70741 ], [ -9.45072, 38.7072 ], [ -9.45056, 38.70705 ], [ -9.45035, 38.70698 ] ] } },
{ "type": "Feature", "properties": { "services_sum": 1.0002778549597111, "total_departures_sum": 28, "route_short_name_sum": null, "services_unique": null, "total_departures_unique": null, "route_short_name_unique": "15" }, "geometry": { "type": "LineString", "coordinates": [ [ -9.45271, 38.71607 ], [ -9.45175, 38.71546 ], [ -9.451736587317868, 38.715451821585617 ], [ -9.45134, 38.71521 ], [ -9.45111, 38.71511 ], [ -9.45058, 38.71492 ], [ -9.45034, 38.71485 ], [ -9.45014, 38.71482 ], [ -9.4479, 38.71485 ], [ -9.44685, 38.71488 ], [ -9.446835021891536, 38.71488119829656 ], [ -9.4461, 38.71494 ], [ -9.44589, 38.71491 ], [ -9.44565, 38.7149 ], [ -9.44558, 38.71494 ], [ -9.44552, 38.71494 ], [ -9.44547, 38.71493 ], [ -9.44543, 38.71489 ], [ -9.44541, 38.71484 ], [ -9.44543, 38.7148 ], [ -9.44547, 38.71477 ], [ -9.44552, 38.71475 ], [ -9.44557, 38.71475 ], [ -9.44565, 38.71415 ], [ -9.44569, 38.71397 ], [ -9.445696250311755, 38.713948748985416 ], [ -9.44574, 38.7138 ], [ -9.4459, 38.71351 ], [ -9.44626, 38.71293 ], [ -9.44631, 38.71265 ], [ -9.44635, 38.71242 ], [ -9.44642, 38.71181 ], [ -9.44653, 38.71183 ], [ -9.4467, 38.71182 ], [ -9.44799, 38.71139 ], [ -9.448003316387231, 38.711385274854123 ], [ -9.45008, 38.71066 ], [ -9.44993, 38.71043 ], [ -9.449927871970086, 38.710428018730774 ], [ -9.44964, 38.71016 ], [ -9.44961, 38.71007 ], [ -9.44958, 38.70989 ], [ -9.4496, 38.7098 ], [ -9.44949, 38.70976 ], [ -9.44923, 38.70973 ], [ -9.449, 38.70968 ], [ -9.44867, 38.70955 ], [ -9.44848, 38.70945 ], [ -9.44828, 38.70931 ], [ -9.448282256066804, 38.709303804878232 ], [ -9.44804, 38.70911 ], [ -9.44764, 38.7087 ], [ -9.44661, 38.70792 ], [ -9.44709, 38.70781 ], [ -9.447094582649552, 38.707808731615316 ], [ -9.44821, 38.7075 ], [ -9.44917, 38.70717 ], [ -9.45008, 38.70698 ] ] } },
{ "type": "Feature", "properties": { "services_sum": 1.0002778549597111, "total_departures_sum": 28, "route_short_name_sum": null, "services_unique": null, "total_departures_unique": null, "route_short_name_unique": "15" }, "geometry": { "type": "LineString", "coordinates": [ [ -9.4303, 38.70166 ], [ -9.43028, 38.70169 ], [ -9.43022, 38.70174 ], [ -9.430208638054815, 38.701734272389032 ], [ -9.43013, 38.70175 ], [ -9.43007, 38.70174 ], [ -9.43, 38.70167 ], [ -9.4296, 38.70136 ], [ -9.42927, 38.70125 ] ] } },
{ "type": "Feature", "properties": { "services_sum": 1.0002778549597111, "total_departures_sum": 28, "route_short_name_sum": null, "services_unique": null, "total_departures_unique": null, "route_short_name_unique": "15" }, "geometry": { "type": "LineString", "coordinates": [ [ -9.43024, 38.70154 ], [ -9.42966, 38.70137 ], [ -9.429653607932634, 38.701368033210038 ], [ -9.42965, 38.70137 ], [ -9.42927, 38.70125 ] ] } },
{ "type": "Feature", "properties": { "services_sum": 1.0002778549597111, "total_departures_sum": 28, "route_short_name_sum": null, "services_unique": null, "total_departures_unique": null, "route_short_name_unique": "15" }, "geometry": { "type": "LineString", "coordinates": [ [ -9.42927, 38.70125 ], [ -9.42902, 38.70118 ], [ -9.42893, 38.70117 ], [ -9.42874, 38.70121 ], [ -9.4285, 38.70135 ], [ -9.42746, 38.70197 ], [ -9.42731, 38.70202 ], [ -9.42717, 38.70199 ], [ -9.42708, 38.70195 ], [ -9.42632, 38.7013 ], [ -9.42598, 38.70104 ], [ -9.42563, 38.70082 ], [ -9.4255, 38.70076 ], [ -9.42536, 38.70073 ], [ -9.42523, 38.70075 ], [ -9.42452, 38.70111 ], [ -9.42423, 38.70122 ], [ -9.42389, 38.70132 ], [ -9.42361, 38.70137 ] ] } },
{ "type": "Feature", "properties": { "services_sum": 1.0002778549597111, "total_departures_sum": 28, "route_short_name_sum": null, "services_unique": null, "total_departures_unique": null, "route_short_name_unique": "15" }, "geometry": { "type": "LineString", "coordinates": [ [ -9.42699, 38.70021 ], [ -9.426871830583019, 38.700042593325946 ], [ -9.42687, 38.70004 ], [ -9.42674, 38.69985 ] ] } },
{ "type": "Feature", "properties": { "services_sum": 1.0002778549597111, "total_departures_sum": 28, "route_short_name_sum": null, "services_unique": null, "total_departures_unique": null, "route_short_name_unique": "15" }, "geometry": { "type": "LineString", "coordinates": [ [ -9.42177, 38.7013 ], [ -9.42151, 38.70137 ], [ -9.42133, 38.70146 ], [ -9.42126, 38.70153 ], [ -9.42114, 38.70168 ], [ -9.42099, 38.70193 ], [ -9.420983945112583, 38.701932955182329 ], [ -9.42087, 38.70212 ], [ -9.42078, 38.70219 ], [ -9.42067, 38.70223 ], [ -9.42055, 38.70222 ], [ -9.41995, 38.70202 ], [ -9.41956, 38.70191 ], [ -9.419561880621128, 38.701907805942014 ], [ -9.41957, 38.70192 ], [ -9.418, 38.70156 ], [ -9.41773, 38.70155 ] ] } },
{ "type": "Feature", "properties": { "services_sum": 1.0002778549597111, "total_departures_sum": 28, "route_short_name_sum": null, "services_unique": null, "total_departures_unique": null, "route_short_name_unique": "15" }, "geometry": { "type": "LineString", "coordinates": [ [ -9.418851359268114, 38.700925165218834 ], [ -9.41885, 38.70092 ], [ -9.4189, 38.70111 ], [ -9.41806, 38.70124 ] ] } },
{ "type": "Feature", "properties": { "services_sum": 1.0002778549597111, "total_departures_sum": 28, "route_short_name_sum": null, "services_unique": null, "total_departures_unique": null, "route_short_name_unique": "15" }, "geometry": { "type": "LineString", "coordinates": [ [ -9.41756, 38.70131 ], [ -9.4175, 38.70133 ], [ -9.41748993402577, 38.701340065974229 ], [ -9.41741, 38.70142 ] ] } },
{ "type": "Feature", "properties": { "services_sum": 1.0002778549597111, "total_departures_sum": 20, "route_short_name_sum": null, "services_unique": null, "total_departures_unique": null, "route_short_name_unique": "5" }, "geometry": { "type": "LineString", "coordinates": [ [ -9.46312, 38.7201 ], [ -9.46273, 38.71907 ] ] } },
{ "type": "Feature", "properties": { "services_sum": 1.0002778549597111, "total_departures_sum": 20, "route_short_name_sum": null, "services_unique": null, "total_departures_unique": null, "route_short_name_unique": "5" }, "geometry": { "type": "LineString", "coordinates": [ [ -9.46267, 38.71895 ], [ -9.46184070537746, 38.717780994346015 ], [ -9.46184, 38.71778 ], [ -9.46176, 38.71763 ], [ -9.46173, 38.7175 ], [ -9.46175, 38.71745 ], [ -9.46174, 38.71741 ], [ -9.4617, 38.71735 ], [ -9.46162, 38.71732 ], [ -9.46156, 38.71732 ], [ -9.46148, 38.71735 ], [ -9.46143, 38.7174 ], [ -9.46143, 38.71749 ], [ -9.45925, 38.71742 ], [ -9.458124465387533, 38.717330355672182 ], [ -9.45812, 38.71733 ], [ -9.45689, 38.71725 ] ] } },
{ "type": "Feature", "properties": { "services_sum": 1.0002778549597111, "total_departures_sum": 20, "route_short_name_sum": null, "services_unique": null, "total_departures_unique": null, "route_short_name_unique": "5" }, "geometry": { "type": "LineString", "coordinates": [ [ -9.45513, 38.71685 ], [ -9.454367336049227, 38.716632096044286 ], [ -9.45436, 38.71663 ], [ -9.4532, 38.7163 ] ] } },
{ "type": "Feature", "properties": { "services_sum": 1.0002778549597111, "total_departures_sum": 20, "route_short_name_sum": null, "services_unique": null, "total_departures_unique": null, "route_short_name_unique": "5" }, "geometry": { "type": "LineString", "coordinates": [ [ -9.4535, 38.70928 ], [ -9.45378, 38.70915 ], [ -9.45389, 38.70905 ], [ -9.45398, 38.70895 ], [ -9.45409, 38.70869 ], [ -9.45414, 38.7085 ], [ -9.453952381496476, 38.707868021955669 ], [ -9.45395, 38.70786 ], [ -9.45342, 38.70609 ], [ -9.45347, 38.70597 ], [ -9.45348, 38.70594 ], [ -9.45345, 38.70587 ], [ -9.45338, 38.70582 ], [ -9.45332, 38.70575 ], [ -9.453281091080438, 38.705613818788983 ], [ -9.45328, 38.70561 ], [ -9.45295, 38.70448 ], [ -9.45282, 38.70416 ], [ -9.45275, 38.70405 ], [ -9.45266, 38.70397 ], [ -9.45256, 38.70392 ], [ -9.45226, 38.70388 ], [ -9.451765346416176, 38.703939358441865 ], [ -9.45176, 38.70394 ], [ -9.45031, 38.7041 ], [ -9.4493, 38.70431 ], [ -9.4492, 38.70431 ], [ -9.44913, 38.70428 ], [ -9.44909, 38.70426 ], [ -9.44901, 38.70426 ], [ -9.44892, 38.70432 ], [ -9.44884, 38.70434 ], [ -9.44862, 38.70436 ], [ -9.44826, 38.70436 ], [ -9.44772, 38.70441 ], [ -9.44702, 38.70458 ], [ -9.44659564002208, 38.704728032564702 ], [ -9.44659, 38.70473 ], [ -9.44632, 38.70485 ], [ -9.44615, 38.70494 ], [ -9.44578, 38.70523 ], [ -9.44562, 38.70531 ], [ -9.44548, 38.70537 ], [ -9.44513, 38.70543 ], [ -9.44437, 38.7055 ], [ -9.44416, 38.70549 ], [ -9.44379, 38.70541 ], [ -9.443622969144929, 38.705400174657733 ], [ -9.44362, 38.7054 ], [ -9.44316, 38.70538 ], [ -9.44315, 38.70547 ], [ -9.44312, 38.70557 ], [ -9.44296, 38.70574 ], [ -9.44264, 38.70593 ], [ -9.44212, 38.70609 ], [ -9.44211128169845, 38.706092583225882 ], [ -9.44158, 38.70625 ], [ -9.44142, 38.70627 ], [ -9.44081, 38.70624 ], [ -9.44079858306001, 38.706240000008208 ], [ -9.44063, 38.70624 ], [ -9.44031, 38.70628 ], [ -9.43937, 38.70649 ], [ -9.43901, 38.70487 ], [ -9.439008995566478, 38.704865279193591 ], [ -9.43891, 38.7044 ], [ -9.43885, 38.70371 ], [ -9.43879, 38.70334 ], [ -9.43851, 38.7022 ], [ -9.43833, 38.70133 ], [ -9.438328392032195, 38.701322630204295 ], [ -9.43821, 38.70078 ], [ -9.43796, 38.7002 ], [ -9.43795, 38.70013 ], [ -9.43794, 38.70004 ], [ -9.43791, 38.7 ], [ -9.43781, 38.69995 ], [ -9.43775, 38.69995 ], [ -9.43765, 38.69999 ], [ -9.43759, 38.70007 ], [ -9.43748, 38.70016 ], [ -9.43731, 38.70022 ], [ -9.43718, 38.7002 ], [ -9.43658, 38.70001 ], [ -9.436557764660115, 38.700002937114022 ], [ -9.43573, 38.69974 ], [ -9.4354, 38.69958 ], [ -9.4352, 38.69944 ], [ -9.43505, 38.69929 ], [ -9.43474, 38.69883 ], [ -9.43479, 38.69876 ], [ -9.43487, 38.69872 ], [ -9.43497, 38.69866 ], [ -9.435, 38.69861 ], [ -9.435, 38.69855 ], [ -9.43498, 38.6985 ], [ -9.43494, 38.69845 ], [ -9.43489, 38.69842 ], [ -9.43464, 38.69835 ], [ -9.43458, 38.69831 ], [ -9.43419, 38.69777 ], [ -9.43387, 38.69729 ], [ -9.433859377865359, 38.697276722350942 ], [ -9.43379, 38.69719 ], [ -9.43362, 38.69706 ], [ -9.43308, 38.69681 ], [ -9.43295, 38.69678 ], [ -9.43284, 38.69678 ], [ -9.43265, 38.69683 ], [ -9.43188, 38.69718 ], [ -9.43153, 38.69732 ], [ -9.43143, 38.69735 ], [ -9.43135, 38.69736 ], [ -9.43129, 38.69735 ], [ -9.4312, 38.69727 ], [ -9.43051, 38.69622 ], [ -9.43050152690285, 38.696208702572044 ], [ -9.43036, 38.69602 ], [ -9.43033, 38.69598 ], [ -9.43025, 38.69596 ], [ -9.43017, 38.69599 ], [ -9.43014, 38.69602 ], [ -9.43009, 38.6962 ], [ -9.43009, 38.69632 ], [ -9.43, 38.69656 ], [ -9.42987, 38.69685 ], [ -9.42965, 38.69721 ], [ -9.4295, 38.69741 ], [ -9.42935, 38.69758 ], [ -9.42903, 38.69789 ], [ -9.42852, 38.69829 ], [ -9.42822, 38.69851 ], [ -9.428207833669893, 38.698517922313258 ], [ -9.42779, 38.69879 ], [ -9.4273, 38.69919 ], [ -9.42665, 38.69963 ], [ -9.42662, 38.69962 ], [ -9.42654, 38.69962 ], [ -9.4265, 38.69964 ], [ -9.42647, 38.69967 ] ] } },
{ "type": "Feature", "properties": { "services_sum": 1.0002778549597111, "total_departures_sum": 20, "route_short_name_sum": null, "services_unique": null, "total_departures_unique": null, "route_short_name_unique": "5" }, "geometry": { "type": "LineString", "coordinates": [ [ -9.45323, 38.70933 ], [ -9.45221, 38.70939 ], [ -9.4519, 38.70939 ], [ -9.45157, 38.70935 ], [ -9.45147, 38.70931 ], [ -9.45141, 38.70926 ], [ -9.45138, 38.7092 ], [ -9.45114, 38.70844 ], [ -9.45101, 38.70809 ], [ -9.45095, 38.70789 ], [ -9.450945871446836, 38.707873485858769 ], [ -9.45087, 38.70757 ], [ -9.45072, 38.7072 ], [ -9.45066, 38.70713 ], [ -9.45056, 38.70705 ], [ -9.45045, 38.707 ], [ -9.45035, 38.70698 ] ] } },
{ "type": "Feature", "properties": { "services_sum": 1.0002778549597111, "total_departures_sum": 20, "route_short_name_sum": null, "services_unique": null, "total_departures_unique": null, "route_short_name_unique": "5" }, "geometry": { "type": "LineString", "coordinates": [ [ -9.45271, 38.71607 ], [ -9.451735855470311, 38.715443764288189 ], [ -9.45173, 38.71544 ], [ -9.45146, 38.71528 ], [ -9.45111, 38.71511 ], [ -9.45046, 38.71488 ], [ -9.45014, 38.71482 ], [ -9.44714, 38.71486 ], [ -9.44660137662577, 38.714899898030936 ], [ -9.4466, 38.7149 ], [ -9.44606, 38.71494 ], [ -9.44582, 38.71489 ], [ -9.44565, 38.71478 ], [ -9.4456, 38.71471 ], [ -9.44559, 38.71464 ], [ -9.445679810322895, 38.714131074844637 ], [ -9.44568, 38.71413 ], [ -9.44579, 38.71375 ], [ -9.44619, 38.71304 ], [ -9.44625, 38.71292 ], [ -9.44633, 38.71265 ], [ -9.44644, 38.71181 ], [ -9.44646, 38.71185 ], [ -9.44652, 38.71187 ], [ -9.44657, 38.71187 ], [ -9.4478, 38.71146 ], [ -9.4478001534402, 38.711459946886549 ], [ -9.44781, 38.71146 ], [ -9.449883464686351, 38.71074226222396 ], [ -9.44989, 38.71074 ], [ -9.4501, 38.71066 ], [ -9.44968, 38.71018 ], [ -9.44963, 38.71011 ], [ -9.4496, 38.7098 ], [ -9.44929, 38.70976 ], [ -9.4491, 38.70972 ], [ -9.44871, 38.70956 ], [ -9.4484, 38.70937 ], [ -9.44824720839561, 38.70924585683629 ], [ -9.44824, 38.70924 ], [ -9.44806, 38.7091 ], [ -9.44763, 38.70868 ], [ -9.44666, 38.70796 ], [ -9.447119504555697, 38.707825977889229 ], [ -9.44714, 38.70782 ], [ -9.44822, 38.70752 ], [ -9.44892, 38.70728 ], [ -9.4494, 38.70713 ], [ -9.44984, 38.70702 ], [ -9.45008, 38.70698 ] ] } },
{ "type": "Feature", "properties": { "services_sum": 1.0002778549597111, "total_departures_sum": 20, "route_short_name_sum": null, "services_unique": null, "total_departures_unique": null, "route_short_name_unique": "5" }, "geometry": { "type": "LineString", "coordinates": [ [ -9.42646, 38.69975 ], [ -9.42648, 38.69978 ], [ -9.42571, 38.70035 ], [ -9.425698789486718, 38.700357913323479 ], [ -9.4257, 38.70035 ], [ -9.42554, 38.70047 ], [ -9.42526, 38.70055 ] ] } },
{ "type": "Feature", "properties": { "services_sum": 1.0002778549597111, "total_departures_sum": 20, "route_short_name_sum": null, "services_unique": null, "total_departures_unique": null, "route_short_name_unique": "5" }, "geometry": { "type": "LineString", "coordinates": [ [ -9.42514, 38.70078 ], [ -9.42501, 38.70088 ], [ -9.42452, 38.70111 ], [ -9.42426, 38.70121 ] ] } },
{ "type": "Feature", "properties": { "services_sum": 1.0002778549597111, "total_departures_sum": 20, "route_short_name_sum": null, "services_unique": null, "total_departures_unique": null, "route_short_name_unique": "5" }, "geometry": { "type": "LineString", "coordinates": [ [ -9.42136, 38.70106 ], [ -9.42069, 38.7007 ], [ -9.42058, 38.70057 ], [ -9.42045, 38.70037 ] ] } },
{ "type": "Feature", "properties": { "services_sum": 1.0002778549597111, "total_departures_sum": 20, "route_short_name_sum": null, "services_unique": null, "total_departures_unique": null, "route_short_name_unique": "5" }, "geometry": { "type": "LineString", "coordinates": [ [ -9.41929, 38.70021 ], [ -9.41873, 38.70031 ], [ -9.41874, 38.70029 ], [ -9.41869, 38.7002 ], [ -9.41857, 38.70016 ], [ -9.41851, 38.70016 ], [ -9.41842, 38.70021 ], [ -9.41839, 38.70028 ], [ -9.418391258136756, 38.700287548820533 ], [ -9.4184, 38.70034 ], [ -9.41842, 38.70038 ], [ -9.41852, 38.70042 ], [ -9.41858, 38.70043 ] ] } },
{ "type": "Feature", "properties": { "services_sum": 1.0002778549597111, "total_departures_sum": 20, "route_short_name_sum": null, "services_unique": null, "total_departures_unique": null, "route_short_name_unique": "5" }, "geometry": { "type": "LineString", "coordinates": [ [ -9.41885, 38.70092 ], [ -9.41871, 38.70047 ] ] } },
{ "type": "Feature", "properties": { "services_sum": 2.0005557099194222, "total_departures_sum": 48, "route_short_name_sum": null, "services_unique": null, "total_departures_unique": null, "route_short_name_unique": "15, 5" }, "geometry": { "type": "LineString", "coordinates": [ [ -9.46273, 38.71907 ], [ -9.46267, 38.71895 ] ] } },
{ "type": "Feature", "properties": { "services_sum": 2.0005557099194222, "total_departures_sum": 48, "route_short_name_sum": null, "services_unique": null, "total_departures_unique": null, "route_short_name_unique": "15, 5" }, "geometry": { "type": "LineString", "coordinates": [ [ -9.45689, 38.71725 ], [ -9.4566, 38.71721 ], [ -9.45513, 38.71685 ] ] } },
{ "type": "Feature", "properties": { "services_sum": 2.0005557099194222, "total_departures_sum": 48, "route_short_name_sum": null, "services_unique": null, "total_departures_unique": null, "route_short_name_unique": "15, 5" }, "geometry": { "type": "LineString", "coordinates": [ [ -9.4535, 38.70928 ], [ -9.45323, 38.70933 ] ] } },
{ "type": "Feature", "properties": { "services_sum": 2.0005557099194222, "total_departures_sum": 48, "route_short_name_sum": null, "services_unique": null, "total_departures_unique": null, "route_short_name_unique": "15, 5" }, "geometry": { "type": "LineString", "coordinates": [ [ -9.4532, 38.7163 ], [ -9.45294, 38.71619 ], [ -9.45271, 38.71607 ] ] } },
{ "type": "Feature", "properties": { "services_sum": 2.0005557099194222, "total_departures_sum": 48, "route_short_name_sum": null, "services_unique": null, "total_departures_unique": null, "route_short_name_unique": "15, 5" }, "geometry": { "type": "LineString", "coordinates": [ [ -9.45035, 38.70698 ], [ -9.45008, 38.70698 ] ] } },
{ "type": "Feature", "properties": { "services_sum": 1.0002778549597111, "total_departures_sum": 9, "route_short_name_sum": null, "services_unique": null, "total_departures_unique": null, "route_short_name_unique": "2" }, "geometry": { "type": "LineString", "coordinates": [ [ -9.44878, 38.75171 ], [ -9.44846, 38.75243 ], [ -9.44845, 38.7526 ], [ -9.44848, 38.75273 ], [ -9.44848, 38.7528 ], [ -9.44844, 38.7529 ], [ -9.44842, 38.75292 ], [ -9.44826, 38.75297 ], [ -9.44811, 38.75292 ], [ -9.44798, 38.75276 ], [ -9.44781, 38.75218 ], [ -9.44779, 38.75212 ], [ -9.4477, 38.75202 ], [ -9.44748, 38.7519 ], [ -9.44699, 38.75178 ], [ -9.446982884443633, 38.751778532293876 ], [ -9.44476, 38.75132 ], [ -9.44455, 38.7513 ], [ -9.44354, 38.75129 ], [ -9.443530919999411, 38.751289957850254 ], [ -9.44139, 38.75128 ], [ -9.441377309645532, 38.751279825038388 ], [ -9.43994, 38.75126 ], [ -9.439908917462125, 38.751260000153458 ], [ -9.43875, 38.75126 ], [ -9.43846, 38.75123 ], [ -9.43837, 38.7512 ], [ -9.43821, 38.75111 ], [ -9.4371, 38.7503 ], [ -9.437078291818054, 38.750284322089129 ], [ -9.4362, 38.74965 ], [ -9.43599, 38.74954 ], [ -9.43516, 38.74919 ], [ -9.43509, 38.74913 ], [ -9.43497, 38.74897 ], [ -9.43435, 38.74792 ], [ -9.43425, 38.74778 ], [ -9.43409, 38.74764 ], [ -9.43389, 38.74749 ], [ -9.43371, 38.74738 ], [ -9.43364, 38.74737 ], [ -9.43349, 38.74736 ], [ -9.4334, 38.74738 ], [ -9.43257, 38.74771 ], [ -9.43251, 38.74776 ], [ -9.43243, 38.74789 ], [ -9.43237, 38.74827 ], [ -9.43234, 38.74835 ], [ -9.43219, 38.74858 ], [ -9.43204, 38.74875 ], [ -9.432025189607115, 38.748768513000854 ], [ -9.432, 38.7488 ], [ -9.43188, 38.74887 ], [ -9.43177, 38.74889 ], [ -9.43168, 38.74888 ], [ -9.43152, 38.74883 ], [ -9.43146, 38.7488 ], [ -9.43142, 38.74875 ], [ -9.43126, 38.74848 ], [ -9.43113, 38.74837 ], [ -9.4305, 38.74804 ], [ -9.4303, 38.74799 ], [ -9.43007, 38.74797 ], [ -9.430039173111348, 38.747965596183874 ], [ -9.42986, 38.74794 ], [ -9.42978, 38.74789 ], [ -9.42963, 38.7477 ], [ -9.42953, 38.74746 ], [ -9.42953, 38.74737 ], [ -9.4296, 38.74721 ], [ -9.43003, 38.74683 ], [ -9.43013, 38.74671 ], [ -9.4302, 38.74656 ], [ -9.43019, 38.74639 ], [ -9.43014, 38.74616 ], [ -9.43019, 38.74612 ], [ -9.43033, 38.74607 ], [ -9.43042, 38.74601 ], [ -9.430448829208782, 38.745990118234502 ], [ -9.43187, 38.74501 ], [ -9.43224, 38.74478 ], [ -9.43235, 38.74473 ], [ -9.43261, 38.74467 ], [ -9.4328, 38.74466 ], [ -9.432835468610868, 38.744657913683646 ], [ -9.43331, 38.74463 ], [ -9.43407, 38.74443 ], [ -9.43472, 38.74433 ], [ -9.43484, 38.7443 ], [ -9.43509, 38.74417 ], [ -9.43528, 38.74401 ], [ -9.43537, 38.74387 ], [ -9.435381692096099, 38.743839934676068 ], [ -9.43544, 38.74369 ], [ -9.43575, 38.7424 ], [ -9.435756304975687, 38.74236742484937 ], [ -9.43599, 38.74116 ], [ -9.43616, 38.74077 ], [ -9.43647, 38.74033 ], [ -9.43692, 38.73974 ], [ -9.43713, 38.73954 ], [ -9.43778, 38.73902 ], [ -9.437801575312037, 38.739002966959355 ], [ -9.43816, 38.73872 ], [ -9.43837, 38.73847 ], [ -9.43863, 38.73809 ], [ -9.43873, 38.73789 ], [ -9.43878, 38.73767 ], [ -9.4388, 38.73726 ], [ -9.43879, 38.73695 ], [ -9.43873, 38.73664 ], [ -9.43873, 38.73648 ], [ -9.43876, 38.73641 ], [ -9.43882, 38.73632 ], [ -9.43934, 38.73592 ], [ -9.439368493701538, 38.735897612132653 ], [ -9.43948, 38.73581 ], [ -9.43961, 38.73569 ], [ -9.43968, 38.73557 ], [ -9.43969, 38.73552 ], [ -9.43971, 38.73543 ], [ -9.43954, 38.7344 ], [ -9.439536265077736, 38.73437510057969 ], [ -9.43951, 38.7342 ], [ -9.4395, 38.73383 ], [ -9.43955, 38.73352 ], [ -9.43966, 38.7332 ], [ -9.43963, 38.73281 ], [ -9.43964, 38.73271 ], [ -9.439644865291831, 38.73268972801705 ], [ -9.4397, 38.73246 ], [ -9.43979, 38.73217 ], [ -9.43979, 38.73195 ], [ -9.43974, 38.73171 ], [ -9.43972, 38.73147 ], [ -9.43984, 38.73115 ], [ -9.44061, 38.73127 ], [ -9.440644176465868, 38.731275025998549 ], [ -9.44095, 38.73132 ], [ -9.44169, 38.73128 ], [ -9.442, 38.73132 ], [ -9.442032918816905, 38.731325809224174 ], [ -9.44217, 38.73135 ], [ -9.44245, 38.73148 ], [ -9.44264, 38.73154 ], [ -9.44279, 38.73155 ], [ -9.44298, 38.73157 ], [ -9.44319, 38.73151 ], [ -9.44385, 38.73122 ], [ -9.44406, 38.7311 ], [ -9.44415, 38.73099 ], [ -9.44426, 38.73081 ], [ -9.44436, 38.73077 ], [ -9.44465, 38.73068 ], [ -9.444683312841759, 38.730669905254274 ], [ -9.44498, 38.73058 ], [ -9.44503, 38.73064 ], [ -9.4451, 38.73065 ], [ -9.44515, 38.73062 ], [ -9.44517, 38.73058 ], [ -9.44514, 38.73052 ], [ -9.44508, 38.73049 ], [ -9.44498, 38.73041 ], [ -9.44491, 38.73026 ], [ -9.44478, 38.72979 ], [ -9.44432, 38.72888 ], [ -9.444307135955169, 38.728854494136733 ], [ -9.44374, 38.72773 ], [ -9.44363, 38.72745 ], [ -9.4436, 38.72722 ], [ -9.44361, 38.72661 ], [ -9.44345, 38.72596 ], [ -9.44346, 38.7257 ], [ -9.4435, 38.72564 ], [ -9.44352, 38.7256 ], [ -9.4435, 38.72551 ], [ -9.44339, 38.72544 ], [ -9.44331, 38.72535 ], [ -9.44324, 38.72518 ], [ -9.44311, 38.72473 ], [ -9.443101067931028, 38.724700226638056 ], [ -9.44296, 38.72423 ], [ -9.44248, 38.72341 ], [ -9.442462501982162, 38.723382503150482 ], [ -9.44241, 38.7233 ], [ -9.4423, 38.72301 ], [ -9.442, 38.72242 ], [ -9.44191, 38.72212 ], [ -9.44189, 38.72198 ], [ -9.44189, 38.72158 ], [ -9.44188, 38.72106 ], [ -9.44184, 38.72071 ], [ -9.44169, 38.72014 ], [ -9.44166, 38.7201 ], [ -9.44147, 38.71937 ], [ -9.441462519274399, 38.719342882471743 ], [ -9.44139, 38.71908 ], [ -9.44141, 38.71904 ], [ -9.44147, 38.719 ], [ -9.44148, 38.71892 ], [ -9.44145, 38.71888 ], [ -9.44136, 38.71886 ], [ -9.44133, 38.71883 ], [ -9.44099, 38.71755 ], [ -9.44083, 38.71727 ], [ -9.44065, 38.71707 ], [ -9.44007, 38.71662 ], [ -9.440043870988735, 38.716597137136219 ], [ -9.43999, 38.71655 ], [ -9.43986, 38.71633 ], [ -9.43984, 38.71625 ], [ -9.43987, 38.71619 ], [ -9.43985, 38.71614 ], [ -9.43976, 38.71609 ], [ -9.43955, 38.71584 ], [ -9.43839, 38.71358 ], [ -9.438372648931896, 38.713548059034331 ], [ -9.43751, 38.71196 ], [ -9.4374, 38.71179 ], [ -9.43725, 38.71161 ], [ -9.437226495446561, 38.711583098066548 ], [ -9.43559, 38.70971 ], [ -9.435561084509347, 38.709676954526884 ], [ -9.43433, 38.70827 ], [ -9.434308954530383, 38.708243035663308 ], [ -9.43401, 38.70786 ], [ -9.43394, 38.70772 ] ] } },
{ "type": "Feature", "properties": { "services_sum": 1.0002778549597111, "total_departures_sum": 9, "route_short_name_sum": null, "services_unique": null, "total_departures_unique": null, "route_short_name_unique": "2" }, "geometry": { "type": "LineString", "coordinates": [ [ -9.43204, 38.7056 ], [ -9.432015897540339, 38.705575897661653 ], [ -9.43174, 38.7053 ] ] } },
{ "type": "Feature", "properties": { "services_sum": 1.0002778549597111, "total_departures_sum": 9, "route_short_name_sum": null, "services_unique": null, "total_departures_unique": null, "route_short_name_unique": "2" }, "geometry": { "type": "LineString", "coordinates": [ [ -9.43114, 38.70454 ], [ -9.43106, 38.70405 ] ] } },
{ "type": "Feature", "properties": { "services_sum": 1.0002778549597111, "total_departures_sum": 9, "route_short_name_sum": null, "services_unique": null, "total_departures_unique": null, "route_short_name_unique": "2" }, "geometry": { "type": "LineString", "coordinates": [ [ -9.43084, 38.70272 ], [ -9.430839222957378, 38.702718445916588 ], [ -9.4308, 38.70264 ] ] } },
{ "type": "Feature", "properties": { "services_sum": 1.0002778549597111, "total_departures_sum": 9, "route_short_name_sum": null, "services_unique": null, "total_departures_unique": null, "route_short_name_unique": "2" }, "geometry": { "type": "LineString", "coordinates": [ [ -9.43028, 38.70161 ], [ -9.43023, 38.70154 ], [ -9.42976, 38.7014 ], [ -9.429749605144629, 38.701396817929187 ], [ -9.42975, 38.7014 ], [ -9.42927, 38.70125 ] ] } },
{ "type": "Feature", "properties": { "services_sum": 1.0002778549597111, "total_departures_sum": 9, "route_short_name_sum": null, "services_unique": null, "total_departures_unique": null, "route_short_name_unique": "2" }, "geometry": { "type": "LineString", "coordinates": [ [ -9.4262, 38.69998 ], [ -9.425702002723416, 38.700355848754519 ], [ -9.4257, 38.70034 ], [ -9.42551, 38.70048 ] ] } },
{ "type": "Feature", "properties": { "services_sum": 1.0002778549597111, "total_departures_sum": 9, "route_short_name_sum": null, "services_unique": null, "total_departures_unique": null, "route_short_name_unique": "2" }, "geometry": { "type": "LineString", "coordinates": [ [ -9.41915, 38.70104 ], [ -9.418054500967814, 38.701242749516091 ], [ -9.41806, 38.70124 ] ] } },
{ "type": "Feature", "properties": { "services_sum": 1.0002778549597111, "total_departures_sum": 9, "route_short_name_sum": null, "services_unique": null, "total_departures_unique": null, "route_short_name_unique": "2" }, "geometry": { "type": "LineString", "coordinates": [ [ -9.418615847826006, 38.70189842800756 ], [ -9.418022073805334, 38.701563898285642 ], [ -9.4178, 38.70155 ] ] } },
{ "type": "Feature", "properties": { "services_sum": 1.0002778549597111, "total_departures_sum": 9, "route_short_name_sum": null, "services_unique": null, "total_departures_unique": null, "route_short_name_unique": "2" }, "geometry": { "type": "LineString", "coordinates": [ [ -9.41746, 38.70156 ], [ -9.4174244188312, 38.701506628246804 ], [ -9.41742, 38.7015 ], [ -9.41741, 38.70142 ] ] } },
{ "type": "Feature", "properties": { "services_sum": 1.0002778549597111, "total_departures_sum": 7, "route_short_name_sum": null, "services_unique": null, "total_departures_unique": null, "route_short_name_unique": "22" }, "geometry": { "type": "LineString", "coordinates": [ [ -9.43394, 38.70772 ], [ -9.43393, 38.70778 ], [ -9.43385, 38.70783 ], [ -9.4338, 38.70784 ], [ -9.43371, 38.70785 ], [ -9.43352, 38.70792 ], [ -9.43347, 38.70797 ] ] } },
{ "type": "Feature", "properties": { "services_sum": 1.0002778549597111, "total_departures_sum": 7, "route_short_name_sum": null, "services_unique": null, "total_departures_unique": null, "route_short_name_unique": "22" }, "geometry": { "type": "LineString", "coordinates": [ [ -9.43342, 38.70815 ], [ -9.433582227484658, 38.708534223362662 ], [ -9.43361, 38.7086 ], [ -9.43384, 38.70903 ], [ -9.43386, 38.70913 ], [ -9.43404, 38.70935 ], [ -9.43415, 38.70948 ], [ -9.434758824582769, 38.710025216620686 ], [ -9.43599, 38.71106 ], [ -9.43602, 38.71115 ], [ -9.43602, 38.71126 ], [ -9.43597, 38.71136 ], [ -9.43571, 38.71173 ], [ -9.43631, 38.71201 ], [ -9.43613, 38.71224 ], [ -9.43634, 38.71254 ], [ -9.43634067145347, 38.712540863297313 ], [ -9.43732, 38.7138 ], [ -9.4375, 38.71406 ], [ -9.4372, 38.71418 ], [ -9.43699, 38.71424 ], [ -9.436985735719377, 38.714240261950479 ], [ -9.43688, 38.71427 ], [ -9.43653, 38.71432 ], [ -9.43591, 38.71431 ], [ -9.43586, 38.71441 ], [ -9.43546, 38.71493 ], [ -9.4354, 38.71505 ], [ -9.435369833680605, 38.715176698691657 ], [ -9.43535, 38.71526 ], [ -9.43531, 38.71545 ], [ -9.43531, 38.71549 ], [ -9.43529, 38.71566 ], [ -9.43526, 38.71572 ], [ -9.43521, 38.71576 ], [ -9.43488, 38.71592 ], [ -9.434468064923518, 38.716289901384734 ], [ -9.43432, 38.71642 ], [ -9.4343, 38.71648 ], [ -9.43429, 38.7166 ], [ -9.43425, 38.71665 ], [ -9.43423, 38.71669 ], [ -9.43423, 38.71675 ], [ -9.43458, 38.71707 ], [ -9.43467, 38.71713 ], [ -9.43487, 38.7172 ], [ -9.43505, 38.71725 ], [ -9.435100823211597, 38.717241529464729 ], [ -9.43511, 38.71724 ], [ -9.43521, 38.71724 ], [ -9.43526, 38.71722 ], [ -9.43532, 38.71718 ], [ -9.43535, 38.71714 ], [ -9.43534, 38.71703 ], [ -9.4353, 38.71697 ], [ -9.43524, 38.71694 ], [ -9.43516, 38.71693 ], [ -9.43413, 38.71702 ], [ -9.43371, 38.71702 ], [ -9.43328, 38.71707 ], [ -9.43306, 38.71711 ], [ -9.4328, 38.71719 ], [ -9.43257, 38.71728 ], [ -9.43235, 38.71741 ], [ -9.43128, 38.7182 ], [ -9.43115, 38.71832 ], [ -9.43094, 38.71858 ], [ -9.43078, 38.71871 ], [ -9.43076, 38.71878 ], [ -9.43069, 38.71878 ], [ -9.43066, 38.71875 ], [ -9.43049, 38.71869 ], [ -9.43034, 38.71856 ], [ -9.42987, 38.7181 ], [ -9.42958, 38.71771 ], [ -9.42937, 38.71748 ], [ -9.42912, 38.71734 ], [ -9.42859, 38.71719 ], [ -9.42844, 38.71712 ], [ -9.4283, 38.71703 ], [ -9.4282, 38.71692 ], [ -9.42813, 38.7168 ], [ -9.42805, 38.71656 ], [ -9.42802, 38.71618 ], [ -9.42794, 38.71589 ], [ -9.42787, 38.71575 ], [ -9.42769, 38.71556 ], [ -9.427692232717357, 38.715561860648037 ], [ -9.42752, 38.71542 ], [ -9.42686, 38.71497 ], [ -9.42674, 38.71488 ], [ -9.42657, 38.71461 ], [ -9.42651, 38.71445 ], [ -9.426380715301079, 38.713912971250629 ], [ -9.42628, 38.71358 ], [ -9.42617, 38.71362 ], [ -9.42611, 38.71367 ], [ -9.42607, 38.71372 ], [ -9.42607, 38.71378 ], [ -9.42615, 38.71427 ], [ -9.42613, 38.71434 ], [ -9.42601, 38.7145 ], [ -9.42593, 38.71457 ], [ -9.42573, 38.71471 ], [ -9.42557, 38.71477 ], [ -9.42529, 38.71481 ], [ -9.42512, 38.71486 ], [ -9.4244, 38.71519 ], [ -9.42392, 38.71533 ], [ -9.42396, 38.71546 ] ] } },
{ "type": "Feature", "properties": { "services_sum": 1.0002778549597111, "total_departures_sum": 7, "route_short_name_sum": null, "services_unique": null, "total_departures_unique": null, "route_short_name_unique": "22" }, "geometry": { "type": "LineString", "coordinates": [ [ -9.43204, 38.7056 ], [ -9.43198257452195, 38.705542574776082 ], [ -9.43174, 38.7053 ] ] } },
{ "type": "Feature", "properties": { "services_sum": 1.0002778549597111, "total_departures_sum": 7, "route_short_name_sum": null, "services_unique": null, "total_departures_unique": null, "route_short_name_unique": "22" }, "geometry": { "type": "LineString", "coordinates": [ [ -9.43114, 38.70454 ], [ -9.43112874151891, 38.704471042212653 ], [ -9.43106, 38.70405 ] ] } },
{ "type": "Feature", "properties": { "services_sum": 1.0002778549597111, "total_departures_sum": 7, "route_short_name_sum": null, "services_unique": null, "total_departures_unique": null, "route_short_name_unique": "22" }, "geometry": { "type": "LineString", "coordinates": [ [ -9.43084, 38.70272 ], [ -9.430806843055898, 38.702653686125458 ], [ -9.4308, 38.70264 ] ] } },
{ "type": "Feature", "properties": { "services_sum": 1.0002778549597111, "total_departures_sum": 7, "route_short_name_sum": null, "services_unique": null, "total_departures_unique": null, "route_short_name_unique": "22" }, "geometry": { "type": "LineString", "coordinates": [ [ -9.43028, 38.70161 ], [ -9.43021, 38.70153 ], [ -9.43011, 38.70151 ], [ -9.42966, 38.70137 ], [ -9.42956337718922, 38.701340270062616 ], [ -9.42956, 38.70134 ], [ -9.42927, 38.70125 ], [ -9.42843, 38.70091 ], [ -9.42716, 38.70034 ] ] } },
{ "type": "Feature", "properties": { "services_sum": 1.0002778549597111, "total_departures_sum": 7, "route_short_name_sum": null, "services_unique": null, "total_departures_unique": null, "route_short_name_unique": "22" }, "geometry": { "type": "LineString", "coordinates": [ [ -9.4262, 38.69998 ], [ -9.425681004748936, 38.700366642646941 ], [ -9.42568, 38.70036 ], [ -9.42551, 38.70048 ] ] } },
{ "type": "Feature", "properties": { "services_sum": 1.0002778549597111, "total_departures_sum": 7, "route_short_name_sum": null, "services_unique": null, "total_departures_unique": null, "route_short_name_unique": "22" }, "geometry": { "type": "LineString", "coordinates": [ [ -9.42413, 38.71596 ], [ -9.424110574950015, 38.715726899400181 ], [ -9.42411, 38.71572 ], [ -9.42409, 38.71563 ] ] } },
{ "type": "Feature", "properties": { "services_sum": 1.0002778549597111, "total_departures_sum": 7, "route_short_name_sum": null, "services_unique": null, "total_departures_unique": null, "route_short_name_unique": "22" }, "geometry": { "type": "LineString", "coordinates": [ [ -9.42402, 38.71627 ], [ -9.42399, 38.71727 ], [ -9.42397200690862, 38.717276414407607 ], [ -9.42397, 38.71735 ], [ -9.424, 38.71751 ], [ -9.42421, 38.71826 ], [ -9.42441, 38.71849 ], [ -9.42421, 38.7186 ], [ -9.42415, 38.71896 ], [ -9.42415, 38.71917 ], [ -9.42418798265596, 38.719277617622716 ], [ -9.42426, 38.7195 ], [ -9.4244, 38.71975 ], [ -9.42463, 38.7199 ], [ -9.42482, 38.7201 ], [ -9.42486, 38.72018 ], [ -9.42489, 38.72038 ], [ -9.42485, 38.72136 ], [ -9.42464, 38.72192 ], [ -9.424637684785472, 38.721925830910664 ], [ -9.42437, 38.7226 ], [ -9.42424, 38.72282 ], [ -9.424237804421145, 38.722825510329905 ], [ -9.4242, 38.72289 ], [ -9.42413, 38.72305 ], [ -9.42416, 38.72316 ], [ -9.42425, 38.72324 ], [ -9.42457, 38.72337 ], [ -9.42489, 38.72356 ], [ -9.42504, 38.7237 ], [ -9.42505, 38.72379 ], [ -9.425023956198238, 38.723907197212483 ], [ -9.42501, 38.72397 ], [ -9.42499, 38.72403 ], [ -9.42524, 38.72432 ], [ -9.42522, 38.72444 ], [ -9.42505, 38.72463 ], [ -9.42496, 38.7248 ], [ -9.42491, 38.725 ], [ -9.42493, 38.72521 ], [ -9.425, 38.72559 ], [ -9.42511, 38.72596 ], [ -9.42513, 38.7261 ], [ -9.42515, 38.72637 ], [ -9.42509, 38.7267 ], [ -9.4249, 38.72703 ], [ -9.4248, 38.72717 ], [ -9.42469, 38.72727 ], [ -9.42447, 38.72747 ], [ -9.42432, 38.72757 ], [ -9.42412, 38.72768 ], [ -9.42389, 38.72777 ], [ -9.42368, 38.72784 ], [ -9.42345, 38.72788 ], [ -9.42315, 38.72791 ], [ -9.42284, 38.72792 ], [ -9.42215, 38.7279 ], [ -9.42184, 38.72787 ], [ -9.42011, 38.72763 ], [ -9.41969, 38.7276 ], [ -9.4195, 38.72761 ], [ -9.4191, 38.72768 ], [ -9.41832, 38.72784 ], [ -9.41808, 38.72794 ] ] } },
{ "type": "Feature", "properties": { "services_sum": 1.0002778549597111, "total_departures_sum": 7, "route_short_name_sum": null, "services_unique": null, "total_departures_unique": null, "route_short_name_unique": "22" }, "geometry": { "type": "LineString", "coordinates": [ [ -9.41915, 38.70104 ], [ -9.418068631476464, 38.701238664176259 ], [ -9.41807, 38.70124 ], [ -9.41806, 38.70124 ] ] } },
{ "type": "Feature", "properties": { "services_sum": 1.0002778549597111, "total_departures_sum": 7, "route_short_name_sum": null, "services_unique": null, "total_departures_unique": null, "route_short_name_unique": "22" }, "geometry": { "type": "LineString", "coordinates": [ [ -9.418617188930513, 38.701898976986307 ], [ -9.418017445062508, 38.701564000141722 ], [ -9.4178, 38.70155 ] ] } },
{ "type": "Feature", "properties": { "services_sum": 1.0002778549597111, "total_departures_sum": 7, "route_short_name_sum": null, "services_unique": null, "total_departures_unique": null, "route_short_name_unique": "22" }, "geometry": { "type": "LineString", "coordinates": [ [ -9.41838, 38.72872 ], [ -9.418345156403293, 38.728663379220201 ], [ -9.4183, 38.72859 ] ] } },
{ "type": "Feature", "properties": { "services_sum": 1.0002778549597111, "total_departures_sum": 7, "route_short_name_sum": null, "services_unique": null, "total_departures_unique": null, "route_short_name_unique": "22" }, "geometry": { "type": "LineString", "coordinates": [ [ -9.41748, 38.70134 ], [ -9.41744, 38.70138 ], [ -9.417435865452347, 38.701385512730205 ], [ -9.41741, 38.70142 ] ] } },
{ "type": "Feature", "properties": { "services_sum": 1.0002778549597111, "total_departures_sum": 7, "route_short_name_sum": null, "services_unique": null, "total_departures_unique": null, "route_short_name_unique": "22" }, "geometry": { "type": "LineString", "coordinates": [ [ -9.41108, 38.7292 ], [ -9.411034812211309, 38.729678990903061 ], [ -9.41103, 38.72973 ] ] } },
{ "type": "Feature", "properties": { "services_sum": 1.0002778549597111, "total_departures_sum": 7, "route_short_name_sum": null, "services_unique": null, "total_departures_unique": null, "route_short_name_unique": "22" }, "geometry": { "type": "LineString", "coordinates": [ [ -9.41043, 38.73184 ], [ -9.410168680642611, 38.732474633148939 ], [ -9.41015, 38.73252 ] ] } },
{ "type": "Feature", "properties": { "services_sum": 1.0002778549597111, "total_departures_sum": 7, "route_short_name_sum": null, "services_unique": null, "total_departures_unique": null, "route_short_name_unique": "22" }, "geometry": { "type": "LineString", "coordinates": [ [ -9.40837, 38.73475 ], [ -9.407583676260277, 38.735308953409053 ], [ -9.40754, 38.73534 ] ] } },
{ "type": "Feature", "properties": { "services_sum": 1.0002778549597111, "total_departures_sum": 7, "route_short_name_sum": null, "services_unique": null, "total_departures_unique": null, "route_short_name_unique": "22" }, "geometry": { "type": "LineString", "coordinates": [ [ -9.40482, 38.73733 ], [ -9.404260130281125, 38.737740571392067 ], [ -9.40422, 38.73777 ] ] } },
{ "type": "Feature", "properties": { "services_sum": 1.0002778549597111, "total_departures_sum": 7, "route_short_name_sum": null, "services_unique": null, "total_departures_unique": null, "route_short_name_unique": "22" }, "geometry": { "type": "LineString", "coordinates": [ [ -9.39872, 38.74102 ], [ -9.398686356143426, 38.741024806270786 ], [ -9.39828, 38.74104 ], [ -9.39816, 38.74101 ] ] } },
{ "type": "Feature", "properties": { "services_sum": 1.0002778549597111, "total_departures_sum": 7, "route_short_name_sum": null, "services_unique": null, "total_departures_unique": null, "route_short_name_unique": "22" }, "geometry": { "type": "LineString", "coordinates": [ [ -9.39727, 38.74088 ], [ -9.39704, 38.74086 ], [ -9.39683, 38.74086 ], [ -9.39669, 38.74087 ], [ -9.39639, 38.74095 ], [ -9.39587, 38.74118 ], [ -9.39562, 38.74133 ], [ -9.39511, 38.74184 ], [ -9.39506, 38.74191 ], [ -9.39504, 38.74212 ] ] } },
{ "type": "Feature", "properties": { "services_sum": 1.0002778549597111, "total_departures_sum": 7, "route_short_name_sum": null, "services_unique": null, "total_departures_unique": null, "route_short_name_unique": "22" }, "geometry": { "type": "LineString", "coordinates": [ [ -9.39537, 38.73766 ], [ -9.3955, 38.73737 ], [ -9.3955, 38.73727 ], [ -9.39543, 38.7372 ], [ -9.39534, 38.73717 ], [ -9.39528, 38.73716 ], [ -9.3952, 38.73718 ], [ -9.39514, 38.73723 ], [ -9.39511, 38.73727 ], [ -9.39499, 38.7378 ], [ -9.39502, 38.73787 ], [ -9.39513, 38.73791 ], [ -9.39516, 38.73803 ], [ -9.39481, 38.73883 ], [ -9.39407, 38.74039 ], [ -9.39399, 38.74067 ], [ -9.394, 38.74095 ], [ -9.39395, 38.74118 ], [ -9.39393, 38.74127 ], [ -9.39395, 38.74135 ], [ -9.39402, 38.74142 ], [ -9.39418, 38.74147 ], [ -9.3943, 38.74154 ], [ -9.39463, 38.74197 ], [ -9.39467, 38.7421 ], [ -9.39466, 38.74223 ], [ -9.39466, 38.74232 ], [ -9.39471, 38.74239 ] ] } },
{ "type": "Feature", "properties": { "services_sum": 1.0002778549597111, "total_departures_sum": 18, "route_short_name_sum": null, "services_unique": null, "total_departures_unique": null, "route_short_name_unique": "9" }, "geometry": { "type": "LineString", "coordinates": [ [ -9.43418, 38.71645 ], [ -9.43393, 38.71646 ], [ -9.43367, 38.71636 ], [ -9.43326, 38.71616 ], [ -9.43295, 38.71598 ], [ -9.43245, 38.71575 ], [ -9.43218, 38.71567 ], [ -9.43198, 38.71567 ], [ -9.431965261083805, 38.715670000026066 ], [ -9.43155, 38.71567 ], [ -9.4314, 38.71565 ], [ -9.43133, 38.71561 ], [ -9.43124, 38.71553 ], [ -9.43121, 38.71547 ], [ -9.43119, 38.71537 ], [ -9.43131, 38.71469 ], [ -9.43133, 38.7137 ], [ -9.4313, 38.71341 ], [ -9.43114, 38.71291 ], [ -9.43114, 38.7128 ], [ -9.43118, 38.71266 ], [ -9.431184423315525, 38.712641422125401 ], [ -9.43123, 38.71245 ], [ -9.43124, 38.71209 ], [ -9.43105, 38.71202 ], [ -9.43087, 38.71197 ], [ -9.43067, 38.71196 ], [ -9.4305, 38.71196 ], [ -9.43016, 38.71203 ], [ -9.42986, 38.71199 ], [ -9.42968, 38.71189 ], [ -9.42939, 38.71124 ], [ -9.42951, 38.71113 ], [ -9.429521432857156, 38.711119770633047 ], [ -9.4297, 38.71096 ], [ -9.42974, 38.7108 ], [ -9.4297, 38.71067 ], [ -9.42961, 38.71055 ], [ -9.42995, 38.71042 ], [ -9.43008, 38.71034 ], [ -9.43036, 38.71012 ], [ -9.43048, 38.71009 ], [ -9.43061, 38.71001 ], [ -9.43058, 38.70983 ], [ -9.430576265280058, 38.709817862203479 ], [ -9.4305, 38.70957 ], [ -9.43043, 38.70945 ], [ -9.43018, 38.7091 ], [ -9.43012, 38.70898 ], [ -9.43008, 38.70871 ], [ -9.4301, 38.7086 ], [ -9.43017, 38.70845 ], [ -9.43024, 38.70839 ], [ -9.43042, 38.70833 ], [ -9.43052, 38.70832 ], [ -9.43059, 38.70827 ], [ -9.43062, 38.7082 ], [ -9.43058, 38.7081 ], [ -9.43047, 38.70805 ], [ -9.43029, 38.70804 ], [ -9.4302, 38.70801 ], [ -9.43, 38.70785 ], [ -9.42981, 38.70766 ], [ -9.4297, 38.70758 ], [ -9.42896, 38.70717 ], [ -9.42883, 38.70709 ], [ -9.42863, 38.70691 ], [ -9.42839, 38.70663 ], [ -9.42818, 38.70631 ], [ -9.4279, 38.70581 ], [ -9.42786, 38.70569 ], [ -9.42821, 38.70571 ], [ -9.42841, 38.70568 ], [ -9.42858, 38.70556 ], [ -9.42904, 38.70511 ], [ -9.42884, 38.70478 ], [ -9.42843, 38.70428 ], [ -9.4282, 38.7044 ], [ -9.42796, 38.70409 ], [ -9.427957089504295, 38.704086373123502 ], [ -9.42731, 38.70328 ], [ -9.42712, 38.70332 ], [ -9.42694, 38.70329 ], [ -9.42668, 38.70319 ], [ -9.426674957175182, 38.703188228207708 ], [ -9.42631, 38.70306 ], [ -9.42616, 38.70306 ], [ -9.42597, 38.7031 ], [ -9.42543, 38.70336 ], [ -9.42535, 38.70327 ], [ -9.425343219268496, 38.703261524204805 ], [ -9.42467, 38.70242 ], [ -9.42444, 38.70211 ], [ -9.42434, 38.70192 ], [ -9.4242, 38.70156 ], [ -9.424196520463088, 38.70155164912515 ], [ -9.42415, 38.70144 ], [ -9.4241, 38.70139 ], [ -9.42401, 38.70133 ], [ -9.42389, 38.70131 ], [ -9.42361, 38.70137 ] ] } },
{ "type": "Feature", "properties": { "services_sum": 1.0002778549597111, "total_departures_sum": 18, "route_short_name_sum": null, "services_unique": null, "total_departures_unique": null, "route_short_name_unique": "9" }, "geometry": { "type": "LineString", "coordinates": [ [ -9.43418, 38.71645 ], [ -9.43408, 38.71646 ], [ -9.43402, 38.71652 ], [ -9.43399, 38.7167 ], [ -9.43411, 38.71669 ], [ -9.43416, 38.7167 ], [ -9.43424, 38.71668 ], [ -9.43428, 38.71665 ], [ -9.43432, 38.71658 ], [ -9.43429, 38.7165 ], [ -9.43423, 38.71646 ], [ -9.43418, 38.71645 ] ] } },
{ "type": "Feature", "properties": { "services_sum": 1.0002778549597111, "total_departures_sum": 18, "route_short_name_sum": null, "services_unique": null, "total_departures_unique": null, "route_short_name_unique": "9" }, "geometry": { "type": "LineString", "coordinates": [ [ -9.43342, 38.70815 ], [ -9.43368, 38.70874 ], [ -9.433681439783863, 38.708742609619712 ], [ -9.43384, 38.70903 ], [ -9.4341, 38.70941 ], [ -9.43429, 38.70961 ], [ -9.43432, 38.70967 ], [ -9.43434, 38.70977 ], [ -9.43433, 38.70986 ], [ -9.43427, 38.70996 ], [ -9.43408, 38.71013 ], [ -9.434071127949473, 38.710138405127516 ], [ -9.43389, 38.71031 ], [ -9.43385, 38.71036 ], [ -9.43384, 38.7105 ], [ -9.43389, 38.71059 ], [ -9.43428, 38.71098 ], [ -9.434283268117387, 38.710983217876318 ], [ -9.43493, 38.71162 ], [ -9.43515, 38.7117 ], [ -9.43539, 38.71172 ], [ -9.43571, 38.71173 ], [ -9.43632, 38.71203 ], [ -9.4359, 38.71258 ], [ -9.435896361334255, 38.71258618574744 ], [ -9.4358, 38.71275 ], [ -9.43578, 38.71296 ], [ -9.43581, 38.71323 ], [ -9.43596, 38.7138 ], [ -9.43597, 38.71404 ], [ -9.435969474299547, 38.714043154215922 ], [ -9.43592, 38.71434 ], [ -9.43587, 38.71444 ], [ -9.43549, 38.71491 ], [ -9.43532, 38.71545 ], [ -9.43532, 38.71549 ], [ -9.435319747271912, 38.715492148193846 ], [ -9.4353, 38.71566 ], [ -9.43528, 38.71571 ], [ -9.43522, 38.71576 ], [ -9.4349, 38.71593 ], [ -9.43477, 38.71603 ], [ -9.43441, 38.71636 ], [ -9.434400963272562, 38.716367907146115 ], [ -9.43433, 38.71643 ], [ -9.43418, 38.71645 ] ] } },
{ "type": "Feature", "properties": { "services_sum": 1.0002778549597111, "total_departures_sum": 18, "route_short_name_sum": null, "services_unique": null, "total_departures_unique": null, "route_short_name_unique": "9" }, "geometry": { "type": "LineString", "coordinates": [ [ -9.43347, 38.70797 ], [ -9.4336, 38.70782 ], [ -9.43368, 38.70769 ], [ -9.43364, 38.70747 ], [ -9.43355, 38.70736 ], [ -9.43344, 38.70725 ], [ -9.43335, 38.70719 ], [ -9.43325, 38.70714 ], [ -9.433, 38.70707 ], [ -9.43293, 38.70702 ], [ -9.43289, 38.70695 ], [ -9.43289, 38.70689 ], [ -9.43285, 38.70656 ], [ -9.43267, 38.70631 ], [ -9.432270094759472, 38.705850108974253 ], [ -9.43227, 38.70585 ], [ -9.43192, 38.70545 ], [ -9.43174, 38.70528 ], [ -9.43146, 38.7051 ], [ -9.43118, 38.70497 ], [ -9.43103, 38.70495 ], [ -9.43111, 38.70492 ], [ -9.43117, 38.70484 ], [ -9.43114, 38.70454 ], [ -9.43113934856907, 38.704536010012902 ], [ -9.43106, 38.70405 ] ] } },
{ "type": "Feature", "properties": { "services_sum": 1.0002778549597111, "total_departures_sum": 18, "route_short_name_sum": null, "services_unique": null, "total_departures_unique": null, "route_short_name_unique": "9" }, "geometry": { "type": "LineString", "coordinates": [ [ -9.43101, 38.70323 ], [ -9.43092, 38.70289 ], [ -9.43084, 38.70272 ], [ -9.4308, 38.70264 ] ] } },
{ "type": "Feature", "properties": { "services_sum": 1.0002778549597111, "total_departures_sum": 18, "route_short_name_sum": null, "services_unique": null, "total_departures_unique": null, "route_short_name_unique": "9" }, "geometry": { "type": "LineString", "coordinates": [ [ -9.43075, 38.70543 ], [ -9.43083, 38.70555 ], [ -9.430751699743272, 38.705432549619672 ], [ -9.43075, 38.70543 ] ] } },
{ "type": "Feature", "properties": { "services_sum": 1.0002778549597111, "total_departures_sum": 18, "route_short_name_sum": null, "services_unique": null, "total_departures_unique": null, "route_short_name_unique": "9" }, "geometry": { "type": "LineString", "coordinates": [ [ -9.43075, 38.70543 ], [ -9.430738932464303, 38.705422094633612 ], [ -9.43061, 38.70533 ], [ -9.43075, 38.70543 ] ] } },
{ "type": "Feature", "properties": { "services_sum": 1.0002778549597111, "total_departures_sum": 18, "route_short_name_sum": null, "services_unique": null, "total_departures_unique": null, "route_short_name_unique": "9" }, "geometry": { "type": "LineString", "coordinates": [ [ -9.4303, 38.70166 ], [ -9.43025, 38.70173 ], [ -9.43022, 38.70184 ] ] } },
{ "type": "Feature", "properties": { "services_sum": 1.0002778549597111, "total_departures_sum": 18, "route_short_name_sum": null, "services_unique": null, "total_departures_unique": null, "route_short_name_unique": "9" }, "geometry": { "type": "LineString", "coordinates": [ [ -9.4303, 38.70713 ], [ -9.43034, 38.70713 ], [ -9.430311132313731, 38.707130000001364 ], [ -9.4303, 38.70713 ] ] } },
{ "type": "Feature", "properties": { "services_sum": 1.0002778549597111, "total_departures_sum": 18, "route_short_name_sum": null, "services_unique": null, "total_departures_unique": null, "route_short_name_unique": "9" }, "geometry": { "type": "LineString", "coordinates": [ [ -9.4303, 38.70713 ], [ -9.430292495978319, 38.707129317823181 ], [ -9.43008, 38.70711 ], [ -9.4303, 38.70713 ] ] } },
{ "type": "Feature", "properties": { "services_sum": 1.0002778549597111, "total_departures_sum": 18, "route_short_name_sum": null, "services_unique": null, "total_departures_unique": null, "route_short_name_unique": "9" }, "geometry": { "type": "LineString", "coordinates": [ [ -9.43024, 38.70154 ], [ -9.42966, 38.70138 ], [ -9.429648946387202, 38.701376315492531 ], [ -9.42918, 38.70122 ], [ -9.42731, 38.70041 ], [ -9.42708, 38.70028 ], [ -9.42699, 38.70021 ], [ -9.42665, 38.69981 ], [ -9.42671, 38.69974 ], [ -9.42671, 38.6997 ], [ -9.42665, 38.69963 ], [ -9.42658, 38.69962 ], [ -9.42654, 38.69962 ], [ -9.42647, 38.69967 ] ] } },
{ "type": "Feature", "properties": { "services_sum": 1.0002778549597111, "total_departures_sum": 18, "route_short_name_sum": null, "services_unique": null, "total_departures_unique": null, "route_short_name_unique": "9" }, "geometry": { "type": "LineString", "coordinates": [ [ -9.43016, 38.70652 ], [ -9.4303, 38.70659 ], [ -9.430162455077999, 38.706521227541621 ], [ -9.43016, 38.70652 ] ] } },
{ "type": "Feature", "properties": { "services_sum": 1.0002778549597111, "total_departures_sum": 18, "route_short_name_sum": null, "services_unique": null, "total_departures_unique": null, "route_short_name_unique": "9" }, "geometry": { "type": "LineString", "coordinates": [ [ -9.43016, 38.70652 ], [ -9.430146553323855, 38.706513569002681 ], [ -9.42993, 38.70641 ], [ -9.43016, 38.70652 ] ] } },
{ "type": "Feature", "properties": { "services_sum": 1.0002778549597111, "total_departures_sum": 18, "route_short_name_sum": null, "services_unique": null, "total_departures_unique": null, "route_short_name_unique": "9" }, "geometry": { "type": "LineString", "coordinates": [ [ -9.42913, 38.70653 ], [ -9.4292, 38.70662 ], [ -9.42913597496222, 38.706537682104759 ], [ -9.42913, 38.70653 ] ] } },
{ "type": "Feature", "properties": { "services_sum": 1.0002778549597111, "total_departures_sum": 18, "route_short_name_sum": null, "services_unique": null, "total_departures_unique": null, "route_short_name_unique": "9" }, "geometry": { "type": "LineString", "coordinates": [ [ -9.42913, 38.70653 ], [ -9.429126279155613, 38.706525216063966 ], [ -9.42906, 38.70644 ], [ -9.42913, 38.70653 ] ] } },
{ "type": "Feature", "properties": { "services_sum": 1.0002778549597111, "total_departures_sum": 18, "route_short_name_sum": null, "services_unique": null, "total_departures_unique": null, "route_short_name_unique": "9" }, "geometry": { "type": "LineString", "coordinates": [ [ -9.42646, 38.69975 ], [ -9.42638, 38.69984 ], [ -9.4257, 38.70034 ], [ -9.425688812109071, 38.700348243732819 ], [ -9.42551, 38.70048 ] ] } },
{ "type": "Feature", "properties": { "services_sum": 1.0002778549597111, "total_departures_sum": 18, "route_short_name_sum": null, "services_unique": null, "total_departures_unique": null, "route_short_name_unique": "9" }, "geometry": { "type": "LineString", "coordinates": [ [ -9.42177, 38.7013 ], [ -9.42164, 38.70133 ], [ -9.42139, 38.70143 ], [ -9.42132, 38.70149 ], [ -9.42116, 38.7017 ], [ -9.42101, 38.70195 ], [ -9.421005038190206, 38.701957797155671 ], [ -9.42087, 38.70217 ], [ -9.4208, 38.70222 ], [ -9.42067, 38.70226 ], [ -9.42058, 38.70225 ], [ -9.4198, 38.70198 ], [ -9.41878, 38.70176 ], [ -9.4181, 38.70161 ], [ -9.41773, 38.70155 ] ] } },
{ "type": "Feature", "properties": { "services_sum": 1.0002778549597111, "total_departures_sum": 18, "route_short_name_sum": null, "services_unique": null, "total_departures_unique": null, "route_short_name_unique": "9" }, "geometry": { "type": "LineString", "coordinates": [ [ -9.41929, 38.70021 ], [ -9.41885, 38.70029 ], [ -9.41876, 38.70028 ], [ -9.41873, 38.70027 ], [ -9.41868, 38.70019 ], [ -9.41857, 38.70016 ], [ -9.41846, 38.70018 ], [ -9.41842, 38.70021 ], [ -9.41839, 38.7003 ], [ -9.41842, 38.70038 ], [ -9.41852, 38.70043 ], [ -9.41858, 38.70043 ] ] } },
{ "type": "Feature", "properties": { "services_sum": 1.0002778549597111, "total_departures_sum": 18, "route_short_name_sum": null, "services_unique": null, "total_departures_unique": null, "route_short_name_unique": "9" }, "geometry": { "type": "LineString", "coordinates": [ [ -9.41871, 38.70047 ], [ -9.41876, 38.70063 ], [ -9.4189, 38.70109 ], [ -9.4178, 38.70125 ], [ -9.41756, 38.70131 ] ] } },
{ "type": "Feature", "properties": { "services_sum": 1.0002778549597111, "total_departures_sum": 18, "route_short_name_sum": null, "services_unique": null, "total_departures_unique": null, "route_short_name_unique": "9" }, "geometry": { "type": "LineString", "coordinates": [ [ -9.43372, 38.71681 ], [ -9.43322, 38.71685 ], [ -9.43316, 38.71676 ], [ -9.43307, 38.71674 ], [ -9.43259, 38.71676 ], [ -9.43211, 38.71679 ], [ -9.43166, 38.71684 ], [ -9.43158, 38.71683 ], [ -9.431373852851385, 38.716745667094415 ], [ -9.43136, 38.71674 ], [ -9.43114, 38.71664 ], [ -9.43111, 38.7167 ], [ -9.43111, 38.71676 ], [ -9.43123, 38.71703 ], [ -9.43114, 38.71724 ], [ -9.43116, 38.7173 ], [ -9.43135, 38.71745 ], [ -9.43167, 38.71753 ], [ -9.43194, 38.71754 ], [ -9.432136737190961, 38.717353099679421 ], [ -9.43214, 38.71735 ], [ -9.4323, 38.71719 ], [ -9.43247, 38.71705 ], [ -9.43283, 38.7169 ], [ -9.43308, 38.71686 ], [ -9.43351, 38.71683 ], [ -9.43372, 38.71681 ] ] } },
{ "type": "Feature", "properties": { "services_sum": 2.0005557099194222, "total_departures_sum": 36, "route_short_name_sum": null, "services_unique": null, "total_departures_unique": null, "route_short_name_unique": "9" }, "geometry": { "type": "LineString", "coordinates": [ [ -9.43399, 38.7167 ], [ -9.43384, 38.71678 ], [ -9.43372, 38.71681 ] ] } },
{ "type": "Feature", "properties": { "services_sum": 2.0005557099194222, "total_departures_sum": 36, "route_short_name_sum": null, "services_unique": null, "total_departures_unique": null, "route_short_name_unique": "9" }, "geometry": { "type": "LineString", "coordinates": [ [ -9.43103, 38.70495 ], [ -9.43094, 38.70498 ], [ -9.43075, 38.70514 ], [ -9.43061, 38.70533 ] ] } },
{ "type": "Feature", "properties": { "services_sum": 2.0005557099194222, "total_departures_sum": 36, "route_short_name_sum": null, "services_unique": null, "total_departures_unique": null, "route_short_name_unique": "9" }, "geometry": { "type": "LineString", "coordinates": [ [ -9.43083, 38.70555 ], [ -9.43052, 38.70566 ], [ -9.43032, 38.70576 ], [ -9.43014, 38.70588 ], [ -9.42979, 38.70621 ], [ -9.42983, 38.70633 ], [ -9.42993, 38.70641 ] ] } },
{ "type": "Feature", "properties": { "services_sum": 2.0005557099194222, "total_departures_sum": 36, "route_short_name_sum": null, "services_unique": null, "total_departures_unique": null, "route_short_name_unique": "9" }, "geometry": { "type": "LineString", "coordinates": [ [ -9.43034, 38.70713 ], [ -9.43057, 38.70706 ], [ -9.43078, 38.70691 ], [ -9.43091, 38.70679 ], [ -9.43104, 38.70659 ], [ -9.43096, 38.70656 ], [ -9.4309, 38.70656 ], [ -9.43049, 38.70665 ], [ -9.4303, 38.70659 ] ] } },
{ "type": "Feature", "properties": { "services_sum": 2.0005557099194222, "total_departures_sum": 36, "route_short_name_sum": null, "services_unique": null, "total_departures_unique": null, "route_short_name_unique": "9" }, "geometry": { "type": "LineString", "coordinates": [ [ -9.43008, 38.70711 ], [ -9.42947, 38.70684 ], [ -9.4292, 38.70662 ] ] } },
{ "type": "Feature", "properties": { "services_sum": 2.0005557099194222, "total_departures_sum": 36, "route_short_name_sum": null, "services_unique": null, "total_departures_unique": null, "route_short_name_unique": "9" }, "geometry": { "type": "LineString", "coordinates": [ [ -9.42906, 38.70644 ], [ -9.42893, 38.7062 ], [ -9.42872, 38.70596 ], [ -9.42846, 38.7058 ], [ -9.42841, 38.70574 ], [ -9.42841, 38.70568 ] ] } },
{ "type": "Feature", "properties": { "services_sum": 2.0005557099194222, "total_departures_sum": 16, "route_short_name_sum": null, "services_unique": null, "total_departures_unique": null, "route_short_name_unique": "2, 22" }, "geometry": { "type": "LineString", "coordinates": [ [ -9.43394, 38.70772 ], [ -9.43392, 38.70767 ], [ -9.43381, 38.7076 ], [ -9.43365, 38.70747 ], [ -9.43344, 38.70725 ], [ -9.43333, 38.70709 ], [ -9.43328, 38.70696 ], [ -9.43329, 38.7069 ], [ -9.43324, 38.70683 ], [ -9.43319, 38.70679 ], [ -9.43307, 38.70675 ], [ -9.43288, 38.70659 ], [ -9.43269, 38.70632 ], [ -9.43251, 38.70611 ], [ -9.43204, 38.7056 ] ] } },
{ "type": "Feature", "properties": { "services_sum": 2.0005557099194222, "total_departures_sum": 16, "route_short_name_sum": null, "services_unique": null, "total_departures_unique": null, "route_short_name_unique": "2, 22" }, "geometry": { "type": "LineString", "coordinates": [ [ -9.43174, 38.7053 ], [ -9.43114, 38.70488 ], [ -9.43117, 38.70479 ], [ -9.43114, 38.70454 ] ] } },
{ "type": "Feature", "properties": { "services_sum": 2.0005557099194222, "total_departures_sum": 16, "route_short_name_sum": null, "services_unique": null, "total_departures_unique": null, "route_short_name_unique": "2, 22" }, "geometry": { "type": "LineString", "coordinates": [ [ -9.43101, 38.70323 ], [ -9.43094, 38.70296 ], [ -9.43084, 38.70272 ] ] } },
{ "type": "Feature", "properties": { "services_sum": 2.0005557099194222, "total_departures_sum": 16, "route_short_name_sum": null, "services_unique": null, "total_departures_unique": null, "route_short_name_unique": "2, 22" }, "geometry": { "type": "LineString", "coordinates": [ [ -9.43028, 38.70161 ], [ -9.43028, 38.70166 ], [ -9.43024, 38.70172 ], [ -9.43022, 38.70184 ] ] } },
{ "type": "Feature", "properties": { "services_sum": 2.0005557099194222, "total_departures_sum": 16, "route_short_name_sum": null, "services_unique": null, "total_departures_unique": null, "route_short_name_unique": "2, 22" }, "geometry": { "type": "LineString", "coordinates": [ [ -9.42699, 38.70021 ], [ -9.42674, 38.69985 ] ] } },
{ "type": "Feature", "properties": { "services_sum": 2.0005557099194222, "total_departures_sum": 16, "route_short_name_sum": null, "services_unique": null, "total_departures_unique": null, "route_short_name_unique": "2, 22" }, "geometry": { "type": "LineString", "coordinates": [ [ -9.42674, 38.69959 ], [ -9.42669, 38.69957 ], [ -9.42657, 38.69958 ], [ -9.42648, 38.69963 ], [ -9.42644, 38.69972 ], [ -9.42648, 38.69981 ], [ -9.4262, 38.69998 ] ] } },
{ "type": "Feature", "properties": { "services_sum": 2.0005557099194222, "total_departures_sum": 16, "route_short_name_sum": null, "services_unique": null, "total_departures_unique": null, "route_short_name_unique": "2, 22" }, "geometry": { "type": "LineString", "coordinates": [ [ -9.42028, 38.70028 ], [ -9.42022, 38.70029 ], [ -9.4201, 38.70034 ], [ -9.42004, 38.7004 ], [ -9.41998, 38.70061 ], [ -9.41983, 38.70076 ], [ -9.41966, 38.70086 ], [ -9.419651815489033, 38.700863601184821 ], [ -9.41941, 38.70097 ], [ -9.41915, 38.70104 ] ] } },
{ "type": "Feature", "properties": { "services_sum": 2.0005557099194222, "total_departures_sum": 16, "route_short_name_sum": null, "services_unique": null, "total_departures_unique": null, "route_short_name_unique": "2, 22" }, "geometry": { "type": "LineString", "coordinates": [ [ -9.4178, 38.70155 ], [ -9.41773, 38.70155 ] ] } },
{ "type": "Feature", "properties": { "services_sum": 2.0005557099194222, "total_departures_sum": 16, "route_short_name_sum": null, "services_unique": null, "total_departures_unique": null, "route_short_name_unique": "2, 22" }, "geometry": { "type": "LineString", "coordinates": [ [ -9.41766, 38.70159 ], [ -9.41754, 38.70159 ], [ -9.41746, 38.70156 ] ] } },
{ "type": "Feature", "properties": { "services_sum": 3.0008335648791333, "total_departures_sum": 34, "route_short_name_sum": null, "services_unique": null, "total_departures_unique": null, "route_short_name_unique": "2, 22, 9" }, "geometry": { "type": "LineString", "coordinates": [ [ -9.43106, 38.70405 ], [ -9.43101, 38.70323 ] ] } },
{ "type": "Feature", "properties": { "services_sum": 3.0008335648791333, "total_departures_sum": 34, "route_short_name_sum": null, "services_unique": null, "total_departures_unique": null, "route_short_name_unique": "2, 22, 9" }, "geometry": { "type": "LineString", "coordinates": [ [ -9.4308, 38.70264 ], [ -9.43061, 38.70237 ], [ -9.43034, 38.70208 ], [ -9.43026, 38.70197 ], [ -9.43022, 38.70184 ] ] } },
{ "type": "Feature", "properties": { "services_sum": 3.0008335648791333, "total_departures_sum": 34, "route_short_name_sum": null, "services_unique": null, "total_departures_unique": null, "route_short_name_unique": "2, 22, 9" }, "geometry": { "type": "LineString", "coordinates": [ [ -9.42551, 38.70048 ], [ -9.42542, 38.70052 ], [ -9.42526, 38.70055 ] ] } },
{ "type": "Feature", "properties": { "services_sum": 3.0008335648791333, "total_departures_sum": 34, "route_short_name_sum": null, "services_unique": null, "total_departures_unique": null, "route_short_name_unique": "2, 22, 9" }, "geometry": { "type": "LineString", "coordinates": [ [ -9.42514, 38.70078 ], [ -9.42476, 38.70101 ], [ -9.42426, 38.70121 ] ] } },
{ "type": "Feature", "properties": { "services_sum": 3.0008335648791333, "total_departures_sum": 34, "route_short_name_sum": null, "services_unique": null, "total_departures_unique": null, "route_short_name_unique": "2, 22, 9" }, "geometry": { "type": "LineString", "coordinates": [ [ -9.42136, 38.70106 ], [ -9.42072, 38.70071 ], [ -9.42051, 38.7005 ], [ -9.42045, 38.70037 ] ] } },
{ "type": "Feature", "properties": { "services_sum": 3.0008335648791333, "total_departures_sum": 34, "route_short_name_sum": null, "services_unique": null, "total_departures_unique": null, "route_short_name_unique": "2, 22, 9" }, "geometry": { "type": "LineString", "coordinates": [ [ -9.41756, 38.70131 ], [ -9.41748, 38.70134 ] ] } },
{ "type": "Feature", "properties": { "services_sum": 2.0005557099194222, "total_departures_sum": 46, "route_short_name_sum": null, "services_unique": null, "total_departures_unique": null, "route_short_name_unique": "9, 15" }, "geometry": { "type": "LineString", "coordinates": [ [ -9.4303, 38.70166 ], [ -9.43028, 38.70158 ], [ -9.43024, 38.70154 ] ] } },
{ "type": "Feature", "properties": { "services_sum": 2.0005557099194222, "total_departures_sum": 46, "route_short_name_sum": null, "services_unique": null, "total_departures_unique": null, "route_short_name_unique": "9, 15" }, "geometry": { "type": "LineString", "coordinates": [ [ -9.42216, 38.70133 ], [ -9.42177, 38.7013 ] ] } },
{ "type": "Feature", "properties": { "services_sum": 2.0005557099194222, "total_departures_sum": 46, "route_short_name_sum": null, "services_unique": null, "total_departures_unique": null, "route_short_name_unique": "9, 15" }, "geometry": { "type": "LineString", "coordinates": [ [ -9.41766, 38.70159 ], [ -9.41755, 38.70159 ], [ -9.41746, 38.70156 ] ] } },
{ "type": "Feature", "properties": { "services_sum": 3.0008335648791333, "total_departures_sum": 44, "route_short_name_sum": null, "services_unique": null, "total_departures_unique": null, "route_short_name_unique": "2, 22, 15" }, "geometry": { "type": "LineString", "coordinates": [ [ -9.42716, 38.70034 ], [ -9.42699, 38.70021 ] ] } },
{ "type": "Feature", "properties": { "services_sum": 3.0008335648791333, "total_departures_sum": 44, "route_short_name_sum": null, "services_unique": null, "total_departures_unique": null, "route_short_name_unique": "2, 22, 15" }, "geometry": { "type": "LineString", "coordinates": [ [ -9.42674, 38.69959 ], [ -9.4268, 38.69963 ], [ -9.42683, 38.69969 ], [ -9.42683, 38.69975 ], [ -9.4268, 38.69981 ], [ -9.42674, 38.69985 ] ] } },
{ "type": "Feature", "properties": { "services_sum": 3.0008335648791333, "total_departures_sum": 44, "route_short_name_sum": null, "services_unique": null, "total_departures_unique": null, "route_short_name_unique": "2, 22, 15" }, "geometry": { "type": "LineString", "coordinates": [ [ -9.41806, 38.70124 ], [ -9.41781, 38.70126 ], [ -9.41756, 38.70131 ] ] } },
{ "type": "Feature", "properties": { "services_sum": 2.0005557099194222, "total_departures_sum": 38, "route_short_name_sum": null, "services_unique": null, "total_departures_unique": null, "route_short_name_unique": "9, 5" }, "geometry": { "type": "LineString", "coordinates": [ [ -9.42647, 38.69967 ], [ -9.42646, 38.69975 ] ] } },
{ "type": "Feature", "properties": { "services_sum": 2.0005557099194222, "total_departures_sum": 38, "route_short_name_sum": null, "services_unique": null, "total_departures_unique": null, "route_short_name_unique": "9, 5" }, "geometry": { "type": "LineString", "coordinates": [ [ -9.42028, 38.70028 ], [ -9.42017, 38.70031 ], [ -9.42008, 38.70033 ], [ -9.41996, 38.70031 ], [ -9.41974, 38.70023 ], [ -9.4195, 38.7002 ], [ -9.41929, 38.70021 ] ] } },
{ "type": "Feature", "properties": { "services_sum": 2.0005557099194222, "total_departures_sum": 38, "route_short_name_sum": null, "services_unique": null, "total_departures_unique": null, "route_short_name_unique": "9, 5" }, "geometry": { "type": "LineString", "coordinates": [ [ -9.41871, 38.70047 ], [ -9.41866, 38.70041 ], [ -9.41858, 38.70043 ] ] } },
{ "type": "Feature", "properties": { "services_sum": 1.0002778549597111, "total_departures_sum": 21, "route_short_name_sum": null, "services_unique": null, "total_departures_unique": null, "route_short_name_unique": "11" }, "geometry": { "type": "LineString", "coordinates": [ [ -9.418661445379259, 38.701938154212364 ], [ -9.419193863868715, 38.70212765678523 ], [ -9.419091939926149, 38.702517036444256 ], [ -9.419097304344179, 38.703446641350148 ], [ -9.418928325176241, 38.703494512091602 ], [ -9.41893, 38.70349 ], [ -9.41819, 38.70347 ] ] } },
{ "type": "Feature", "properties": { "services_sum": 1.0002778549597111, "total_departures_sum": 21, "route_short_name_sum": null, "services_unique": null, "total_departures_unique": null, "route_short_name_unique": "11" }, "geometry": { "type": "LineString", "coordinates": [ [ -9.41799, 38.70935 ], [ -9.417951249499311, 38.708855931226523 ], [ -9.41795, 38.70884 ], [ -9.41794, 38.70866 ], [ -9.418, 38.70834 ], [ -9.41813, 38.70795 ] ] } },
{ "type": "Feature", "properties": { "services_sum": 1.0002778549597111, "total_departures_sum": 21, "route_short_name_sum": null, "services_unique": null, "total_departures_unique": null, "route_short_name_unique": "11" }, "geometry": { "type": "LineString", "coordinates": [ [ -9.41811, 38.71671 ], [ -9.418100698473875, 38.71635654213847 ], [ -9.4181, 38.71633 ] ] } },
{ "type": "Feature", "properties": { "services_sum": 1.0002778549597111, "total_departures_sum": 21, "route_short_name_sum": null, "services_unique": null, "total_departures_unique": null, "route_short_name_unique": "11" }, "geometry": { "type": "LineString", "coordinates": [ [ -9.41802, 38.70998 ], [ -9.41801, 38.71013 ], [ -9.41788, 38.71049 ], [ -9.417873725247532, 38.710507569338176 ], [ -9.41783, 38.71063 ], [ -9.4178, 38.71065 ], [ -9.41778, 38.71071 ] ] } },
{ "type": "Feature", "properties": { "services_sum": 1.0002778549597111, "total_departures_sum": 21, "route_short_name_sum": null, "services_unique": null, "total_departures_unique": null, "route_short_name_unique": "11" }, "geometry": { "type": "LineString", "coordinates": [ [ -9.418015900886628, 38.705941074890525 ], [ -9.41793, 38.70558 ], [ -9.41779, 38.7049 ] ] } },
{ "type": "Feature", "properties": { "services_sum": 1.0002778549597111, "total_departures_sum": 21, "route_short_name_sum": null, "services_unique": null, "total_departures_unique": null, "route_short_name_unique": "11" }, "geometry": { "type": "LineString", "coordinates": [ [ -9.41793, 38.71084 ], [ -9.41783, 38.71172 ], [ -9.41772, 38.71318 ], [ -9.41763, 38.71403 ], [ -9.417627580731903, 38.714055575376221 ], [ -9.41756, 38.71477 ] ] } },
{ "type": "Feature", "properties": { "services_sum": 1.0002778549597111, "total_departures_sum": 21, "route_short_name_sum": null, "services_unique": null, "total_departures_unique": null, "route_short_name_unique": "11" }, "geometry": { "type": "LineString", "coordinates": [ [ -9.41784, 38.70338 ], [ -9.41779, 38.70343 ], [ -9.417787913236603, 38.703438347053584 ], [ -9.41778, 38.70347 ], [ -9.41783, 38.70361 ] ] } },
{ "type": "Feature", "properties": { "services_sum": 1.0002778549597111, "total_departures_sum": 21, "route_short_name_sum": null, "services_unique": null, "total_departures_unique": null, "route_short_name_unique": "11" }, "geometry": { "type": "LineString", "coordinates": [ [ -9.41712, 38.72327 ], [ -9.41710146840788, 38.72297349462368 ], [ -9.4171, 38.72295 ] ] } },
{ "type": "Feature", "properties": { "services_sum": 1.0002778549597111, "total_departures_sum": 21, "route_short_name_sum": null, "services_unique": null, "total_departures_unique": null, "route_short_name_unique": "11" }, "geometry": { "type": "LineString", "coordinates": [ [ -9.41509, 38.72476 ], [ -9.415061600600298, 38.72476933690394 ], [ -9.41436, 38.725 ] ] } },
{ "type": "Feature", "properties": { "services_sum": 1.0002778549597111, "total_departures_sum": 21, "route_short_name_sum": null, "services_unique": null, "total_departures_unique": null, "route_short_name_unique": "11" }, "geometry": { "type": "LineString", "coordinates": [ [ -9.41319, 38.72238 ], [ -9.413162412980745, 38.722628283249051 ], [ -9.41316, 38.72265 ] ] } },
{ "type": "Feature", "properties": { "services_sum": 1.0002778549597111, "total_departures_sum": 21, "route_short_name_sum": null, "services_unique": null, "total_departures_unique": null, "route_short_name_unique": "11" }, "geometry": { "type": "LineString", "coordinates": [ [ -9.41199, 38.72638 ], [ -9.411951714045086, 38.726303428090176 ], [ -9.41195, 38.7263 ], [ -9.41189, 38.72619 ] ] } },
{ "type": "Feature", "properties": { "services_sum": 1.0002778549597111, "total_departures_sum": 21, "route_short_name_sum": null, "services_unique": null, "total_departures_unique": null, "route_short_name_unique": "11" }, "geometry": { "type": "LineString", "coordinates": [ [ -9.41116, 38.72297 ], [ -9.411153047906348, 38.723004760500388 ], [ -9.41117, 38.723 ], [ -9.41115, 38.72312 ] ] } },
{ "type": "Feature", "properties": { "services_sum": 1.0002778549597111, "total_departures_sum": 21, "route_short_name_sum": null, "services_unique": null, "total_departures_unique": null, "route_short_name_unique": "11" }, "geometry": { "type": "LineString", "coordinates": [ [ -9.41108, 38.7292 ], [ -9.411015853091731, 38.729915248871279 ], [ -9.41098, 38.73022 ] ] } },
{ "type": "Feature", "properties": { "services_sum": 1.0002778549597111, "total_departures_sum": 21, "route_short_name_sum": null, "services_unique": null, "total_departures_unique": null, "route_short_name_unique": "11" }, "geometry": { "type": "LineString", "coordinates": [ [ -9.41017, 38.73247 ], [ -9.410158887502782, 38.732497781252107 ], [ -9.40999, 38.73289 ] ] } },
{ "type": "Feature", "properties": { "services_sum": 1.0002778549597111, "total_departures_sum": 21, "route_short_name_sum": null, "services_unique": null, "total_departures_unique": null, "route_short_name_unique": "11" }, "geometry": { "type": "LineString", "coordinates": [ [ -9.40999, 38.73289 ], [ -9.40977, 38.73332 ], [ -9.40967, 38.73357 ], [ -9.4096, 38.73347 ], [ -9.409541378613294, 38.733294135839884 ], [ -9.40954, 38.73329 ], [ -9.40938, 38.73285 ], [ -9.40933, 38.73275 ], [ -9.409333906744738, 38.732757813553235 ], [ -9.40932, 38.73273 ] ] } },
{ "type": "Feature", "properties": { "services_sum": 1.0002778549597111, "total_departures_sum": 21, "route_short_name_sum": null, "services_unique": null, "total_departures_unique": null, "route_short_name_unique": "11" }, "geometry": { "type": "LineString", "coordinates": [ [ -9.40999, 38.73289 ], [ -9.410397664301781, 38.733208177016024 ], [ -9.41243, 38.73476 ], [ -9.41052, 38.7333 ], [ -9.410515962221748, 38.733296876435695 ], [ -9.40999, 38.73289 ] ] } },
{ "type": "Feature", "properties": { "services_sum": 1.0002778549597111, "total_departures_sum": 21, "route_short_name_sum": null, "services_unique": null, "total_departures_unique": null, "route_short_name_unique": "11" }, "geometry": { "type": "LineString", "coordinates": [ [ -9.40881, 38.73191 ], [ -9.408599602967422, 38.731589830753862 ], [ -9.40858, 38.73156 ] ] } },
{ "type": "Feature", "properties": { "services_sum": 1.0002778549597111, "total_departures_sum": 21, "route_short_name_sum": null, "services_unique": null, "total_departures_unique": null, "route_short_name_unique": "11" }, "geometry": { "type": "LineString", "coordinates": [ [ -9.40864, 38.73164 ], [ -9.408621536553753, 38.73161719228515 ], [ -9.40847, 38.73143 ] ] } },
{ "type": "Feature", "properties": { "services_sum": 1.0002778549597111, "total_departures_sum": 21, "route_short_name_sum": null, "services_unique": null, "total_departures_unique": null, "route_short_name_unique": "11" }, "geometry": { "type": "LineString", "coordinates": [ [ -9.40311, 38.73134 ], [ -9.40223, 38.73173 ] ] } },
{ "type": "Feature", "properties": { "services_sum": 1.0002778549597111, "total_departures_sum": 21, "route_short_name_sum": null, "services_unique": null, "total_departures_unique": null, "route_short_name_unique": "11" }, "geometry": { "type": "LineString", "coordinates": [ [ -9.40035, 38.7321 ], [ -9.400340098325586, 38.732101584290305 ], [ -9.39985, 38.73218 ] ] } },
{ "type": "Feature", "properties": { "services_sum": 1.0002778549597111, "total_departures_sum": 21, "route_short_name_sum": null, "services_unique": null, "total_departures_unique": null, "route_short_name_unique": "11" }, "geometry": { "type": "LineString", "coordinates": [ [ -9.39924, 38.7038 ], [ -9.399043250811562, 38.704350897800481 ], [ -9.39904, 38.70436 ] ] } },
{ "type": "Feature", "properties": { "services_sum": 1.0002778549597111, "total_departures_sum": 21, "route_short_name_sum": null, "services_unique": null, "total_departures_unique": null, "route_short_name_unique": "11" }, "geometry": { "type": "LineString", "coordinates": [ [ -9.39874, 38.72428 ], [ -9.397771006716143, 38.729744323389568 ], [ -9.39777, 38.72975 ] ] } },
{ "type": "Feature", "properties": { "services_sum": 1.0002778549597111, "total_departures_sum": 21, "route_short_name_sum": null, "services_unique": null, "total_departures_unique": null, "route_short_name_unique": "11" }, "geometry": { "type": "LineString", "coordinates": [ [ -9.39807, 38.72278 ], [ -9.398068499208129, 38.722778402080905 ], [ -9.39452, 38.719 ] ] } },
{ "type": "Feature", "properties": { "services_sum": 1.0002778549597111, "total_departures_sum": 21, "route_short_name_sum": null, "services_unique": null, "total_departures_unique": null, "route_short_name_unique": "11" }, "geometry": { "type": "LineString", "coordinates": [ [ -9.39778, 38.70813 ], [ -9.397072828595107, 38.707982672668123 ], [ -9.39706, 38.70798 ] ] } },
{ "type": "Feature", "properties": { "services_sum": 1.0002778549597111, "total_departures_sum": 21, "route_short_name_sum": null, "services_unique": null, "total_departures_unique": null, "route_short_name_unique": "11" }, "geometry": { "type": "LineString", "coordinates": [ [ -9.39778, 38.73313 ], [ -9.397776654446885, 38.733130669111382 ], [ -9.39773, 38.73314 ], [ -9.39752, 38.73311 ], [ -9.39741, 38.73307 ], [ -9.39733, 38.73303 ], [ -9.39727, 38.73297 ], [ -9.39723, 38.73286 ], [ -9.39729, 38.73243 ], [ -9.397291701360674, 38.732420217206581 ], [ -9.39733, 38.7322 ] ] } },
{ "type": "Feature", "properties": { "services_sum": 1.0002778549597111, "total_departures_sum": 21, "route_short_name_sum": null, "services_unique": null, "total_departures_unique": null, "route_short_name_unique": "11" }, "geometry": { "type": "LineString", "coordinates": [ [ -9.39581, 38.70982 ], [ -9.395771065974586, 38.710112005223436 ], [ -9.39577, 38.71012 ] ] } },
{ "type": "Feature", "properties": { "services_sum": 1.0002778549597111, "total_departures_sum": 21, "route_short_name_sum": null, "services_unique": null, "total_departures_unique": null, "route_short_name_unique": "11" }, "geometry": { "type": "LineString", "coordinates": [ [ -9.39574, 38.7089 ], [ -9.395739602289579, 38.708896694093745 ], [ -9.39558, 38.70757 ], [ -9.395579718995309, 38.707567751982623 ], [ -9.3955, 38.70693 ] ] } },
{ "type": "Feature", "properties": { "services_sum": 1.0002778549597111, "total_departures_sum": 21, "route_short_name_sum": null, "services_unique": null, "total_departures_unique": null, "route_short_name_unique": "11" }, "geometry": { "type": "LineString", "coordinates": [ [ -9.39564, 38.71299 ], [ -9.394741363077378, 38.713159742535652 ], [ -9.39474, 38.71316 ] ] } },
{ "type": "Feature", "properties": { "services_sum": 1.0002778549597111, "total_departures_sum": 21, "route_short_name_sum": null, "services_unique": null, "total_departures_unique": null, "route_short_name_unique": "11" }, "geometry": { "type": "LineString", "coordinates": [ [ -9.39427, 38.71643 ], [ -9.39425, 38.7171 ], [ -9.394249930790352, 38.717100986245335 ], [ -9.39421, 38.71767 ] ] } },
{ "type": "Feature", "properties": { "services_sum": 1.0002778549597111, "total_departures_sum": 21, "route_short_name_sum": null, "services_unique": null, "total_departures_unique": null, "route_short_name_unique": "11" }, "geometry": { "type": "LineString", "coordinates": [ [ -9.42592, 38.73161 ], [ -9.425919469894129, 38.731613180635222 ], [ -9.42591, 38.73167 ], [ -9.42583, 38.7317 ], [ -9.42577, 38.7317 ], [ -9.42566, 38.73161 ], [ -9.42549, 38.73147 ], [ -9.42543, 38.73138 ], [ -9.42491, 38.73148 ], [ -9.42567, 38.73135 ], [ -9.42571, 38.73135 ], [ -9.42573, 38.73137 ], [ -9.42574, 38.73139 ], [ -9.42592, 38.73161 ] ] } },
{ "type": "Feature", "properties": { "services_sum": 1.0002778549597111, "total_departures_sum": 21, "route_short_name_sum": null, "services_unique": null, "total_departures_unique": null, "route_short_name_unique": "11" }, "geometry": { "type": "LineString", "coordinates": [ [ -9.42324, 38.73167 ], [ -9.4225, 38.7318 ], [ -9.422496218505964, 38.731800678729698 ], [ -9.42211, 38.73187 ], [ -9.42252, 38.7318 ], [ -9.42324, 38.73167 ] ] } },
{ "type": "Feature", "properties": { "services_sum": 1.0002778549597111, "total_departures_sum": 21, "route_short_name_sum": null, "services_unique": null, "total_departures_unique": null, "route_short_name_unique": "11" }, "geometry": { "type": "LineString", "coordinates": [ [ -9.41939, 38.73205 ], [ -9.41843, 38.7323 ], [ -9.41806, 38.73239 ], [ -9.41775, 38.73249 ], [ -9.41819, 38.73236 ], [ -9.41939, 38.73205 ] ] } },
{ "type": "Feature", "properties": { "services_sum": 1.0002778549597111, "total_departures_sum": 21, "route_short_name_sum": null, "services_unique": null, "total_departures_unique": null, "route_short_name_unique": "11" }, "geometry": { "type": "LineString", "coordinates": [ [ -9.41744, 38.73387 ], [ -9.41694, 38.73422 ], [ -9.41693206540497, 38.734225554216522 ], [ -9.41684, 38.73429 ], [ -9.41673, 38.73449 ], [ -9.4166, 38.73455 ], [ -9.41653, 38.73451 ], [ -9.41634, 38.73448 ], [ -9.416503090616168, 38.734451219303033 ], [ -9.41651, 38.73445 ], [ -9.4167, 38.7344 ], [ -9.41693, 38.73422 ], [ -9.41744, 38.73387 ] ] } },
{ "type": "Feature", "properties": { "services_sum": 1.0002778549597111, "total_departures_sum": 21, "route_short_name_sum": null, "services_unique": null, "total_departures_unique": null, "route_short_name_unique": "11" }, "geometry": { "type": "LineString", "coordinates": [ [ -9.40957, 38.73384 ], [ -9.40938, 38.73435 ], [ -9.40937838134489, 38.734354496264196 ], [ -9.40929, 38.7346 ], [ -9.40937, 38.73436 ], [ -9.409367364330135, 38.734367907009592 ], [ -9.40957, 38.73384 ] ] } },
{ "type": "Feature", "properties": { "services_sum": 1.0002778549597111, "total_departures_sum": 21, "route_short_name_sum": null, "services_unique": null, "total_departures_unique": null, "route_short_name_unique": "11" }, "geometry": { "type": "LineString", "coordinates": [ [ -9.4091, 38.73477 ], [ -9.40887, 38.73515 ], [ -9.408866630823715, 38.735154813108977 ], [ -9.40873, 38.73535 ], [ -9.4085, 38.73578 ], [ -9.408657250460809, 38.73549498353978 ], [ -9.40866, 38.73549 ], [ -9.4091, 38.73477 ] ] } },
{ "type": "Feature", "properties": { "services_sum": 1.0002778549597111, "total_departures_sum": 21, "route_short_name_sum": null, "services_unique": null, "total_departures_unique": null, "route_short_name_unique": "11" }, "geometry": { "type": "LineString", "coordinates": [ [ -9.40571, 38.74124 ], [ -9.4057, 38.74131 ], [ -9.4057, 38.741314436566064 ], [ -9.40568, 38.74136 ], [ -9.40558, 38.74139 ], [ -9.4055, 38.74137 ], [ -9.40544, 38.74132 ], [ -9.40544, 38.74125 ], [ -9.40549, 38.7412 ], [ -9.40557, 38.74117 ], [ -9.40566, 38.74119 ], [ -9.40569, 38.74122 ], [ -9.40571, 38.74124 ] ] } },
{ "type": "Feature", "properties": { "services_sum": 4.0011114198388444, "total_departures_sum": 54, "route_short_name_sum": null, "services_unique": null, "total_departures_unique": null, "route_short_name_unique": "2, 22, 9, 5" }, "geometry": { "type": "LineString", "coordinates": [ [ -9.42526, 38.70055 ], [ -9.42521, 38.70061 ], [ -9.42521, 38.70064 ], [ -9.4252, 38.70071 ], [ -9.42514, 38.70078 ] ] } },
{ "type": "Feature", "properties": { "services_sum": 4.0011114198388444, "total_departures_sum": 54, "route_short_name_sum": null, "services_unique": null, "total_departures_unique": null, "route_short_name_unique": "2, 22, 9, 5" }, "geometry": { "type": "LineString", "coordinates": [ [ -9.42426, 38.70121 ], [ -9.42399, 38.70129 ], [ -9.42361, 38.70137 ] ] } },
{ "type": "Feature", "properties": { "services_sum": 4.0011114198388444, "total_departures_sum": 54, "route_short_name_sum": null, "services_unique": null, "total_departures_unique": null, "route_short_name_unique": "2, 22, 9, 5" }, "geometry": { "type": "LineString", "coordinates": [ [ -9.42216, 38.70133 ], [ -9.42136, 38.70106 ] ] } },
{ "type": "Feature", "properties": { "services_sum": 4.0011114198388444, "total_departures_sum": 54, "route_short_name_sum": null, "services_unique": null, "total_departures_unique": null, "route_short_name_unique": "2, 22, 9, 5" }, "geometry": { "type": "LineString", "coordinates": [ [ -9.42045, 38.70037 ], [ -9.42038, 38.70031 ], [ -9.42028, 38.70028 ] ] } },
{ "type": "Feature", "properties": { "services_sum": 2.0005557099194222, "total_departures_sum": 42, "route_short_name_sum": null, "services_unique": null, "total_departures_unique": null, "route_short_name_unique": "11" }, "geometry": { "type": "LineString", "coordinates": [ [ -9.42491, 38.73148 ], [ -9.42447, 38.73158 ], [ -9.42421, 38.73162 ], [ -9.42386, 38.73165 ], [ -9.42324, 38.73167 ] ] } },
{ "type": "Feature", "properties": { "services_sum": 2.0005557099194222, "total_departures_sum": 42, "route_short_name_sum": null, "services_unique": null, "total_departures_unique": null, "route_short_name_unique": "11" }, "geometry": { "type": "LineString", "coordinates": [ [ -9.42252, 38.7318 ], [ -9.422515852599279, 38.731801382466905 ] ] } },
{ "type": "Feature", "properties": { "services_sum": 2.0005557099194222, "total_departures_sum": 42, "route_short_name_sum": null, "services_unique": null, "total_departures_unique": null, "route_short_name_unique": "11" }, "geometry": { "type": "LineString", "coordinates": [ [ -9.42211, 38.73187 ], [ -9.42176, 38.73185 ], [ -9.42121, 38.73187 ], [ -9.42098, 38.7319 ], [ -9.42028, 38.73212 ], [ -9.42007, 38.73215 ], [ -9.4196, 38.73205 ], [ -9.4195, 38.73204 ], [ -9.41939, 38.73205 ] ] } },
{ "type": "Feature", "properties": { "services_sum": 2.0005557099194222, "total_departures_sum": 42, "route_short_name_sum": null, "services_unique": null, "total_departures_unique": null, "route_short_name_unique": "11" }, "geometry": { "type": "LineString", "coordinates": [ [ -9.41843, 38.7323 ], [ -9.418426098235495, 38.732301950882253 ] ] } },
{ "type": "Feature", "properties": { "services_sum": 2.0005557099194222, "total_departures_sum": 42, "route_short_name_sum": null, "services_unique": null, "total_departures_unique": null, "route_short_name_unique": "11" }, "geometry": { "type": "LineString", "coordinates": [ [ -9.41819, 38.73236 ], [ -9.418184518540956, 38.732361619521988 ] ] } },
{ "type": "Feature", "properties": { "services_sum": 2.0005557099194222, "total_departures_sum": 42, "route_short_name_sum": null, "services_unique": null, "total_departures_unique": null, "route_short_name_unique": "11" }, "geometry": { "type": "LineString", "coordinates": [ [ -9.41775, 38.73249 ], [ -9.41724, 38.73275 ], [ -9.41747, 38.73303 ], [ -9.41782, 38.73351 ], [ -9.41785, 38.73363 ], [ -9.41777, 38.7337 ], [ -9.41744, 38.73387 ] ] } },
{ "type": "Feature", "properties": { "services_sum": 2.0005557099194222, "total_departures_sum": 42, "route_short_name_sum": null, "services_unique": null, "total_departures_unique": null, "route_short_name_unique": "11" }, "geometry": { "type": "LineString", "coordinates": [ [ -9.41693, 38.73422 ], [ -9.416922022369549, 38.734225983222842 ] ] } },
{ "type": "Feature", "properties": { "services_sum": 2.0005557099194222, "total_departures_sum": 42, "route_short_name_sum": null, "services_unique": null, "total_departures_unique": null, "route_short_name_unique": "11" }, "geometry": { "type": "LineString", "coordinates": [ [ -9.41634, 38.73448 ], [ -9.41622, 38.73449 ], [ -9.41512, 38.73495 ], [ -9.41487, 38.735 ], [ -9.41476, 38.735 ], [ -9.41426, 38.73479 ], [ -9.41415, 38.73476 ], [ -9.41396, 38.73476 ], [ -9.41328, 38.73486 ], [ -9.41289, 38.7349 ], [ -9.41265, 38.73487 ], [ -9.41243, 38.73476 ] ] } },
{ "type": "Feature", "properties": { "services_sum": 2.0005557099194222, "total_departures_sum": 42, "route_short_name_sum": null, "services_unique": null, "total_departures_unique": null, "route_short_name_unique": "11" }, "geometry": { "type": "LineString", "coordinates": [ [ -9.40967, 38.73357 ], [ -9.40954, 38.73377 ], [ -9.40957, 38.73384 ] ] } },
{ "type": "Feature", "properties": { "services_sum": 2.0005557099194222, "total_departures_sum": 42, "route_short_name_sum": null, "services_unique": null, "total_departures_unique": null, "route_short_name_unique": "11" }, "geometry": { "type": "LineString", "coordinates": [ [ -9.40929, 38.7346 ], [ -9.4091, 38.73477 ] ] } },
{ "type": "Feature", "properties": { "services_sum": 2.0005557099194222, "total_departures_sum": 42, "route_short_name_sum": null, "services_unique": null, "total_departures_unique": null, "route_short_name_unique": "11" }, "geometry": { "type": "LineString", "coordinates": [ [ -9.4085, 38.73578 ], [ -9.40829, 38.73611 ], [ -9.40823, 38.73624 ], [ -9.40819, 38.73638 ], [ -9.40819, 38.73689 ], [ -9.40812, 38.73707 ], [ -9.40752, 38.73791 ], [ -9.4075, 38.73797 ], [ -9.40751, 38.73809 ], [ -9.40755, 38.73823 ], [ -9.40761, 38.73835 ], [ -9.40802, 38.73892 ], [ -9.40805, 38.73909 ], [ -9.40797, 38.73937 ], [ -9.40783, 38.73961 ], [ -9.40773, 38.73973 ], [ -9.40703, 38.74029 ], [ -9.40677, 38.74058 ], [ -9.40662, 38.74072 ], [ -9.40643, 38.74085 ], [ -9.40583, 38.74113 ], [ -9.40569, 38.74122 ] ] } },
{ "type": "Feature", "properties": { "services_sum": 1.0002778549597111, "total_departures_sum": 3, "route_short_name_sum": null, "services_unique": null, "total_departures_unique": null, "route_short_name_unique": "13" }, "geometry": { "type": "LineString", "coordinates": [ [ -9.42413, 38.71596 ], [ -9.424120633980701, 38.715828875729812 ], [ -9.42412, 38.71582 ], [ -9.42409, 38.71563 ] ] } },
{ "type": "Feature", "properties": { "services_sum": 1.0002778549597111, "total_departures_sum": 3, "route_short_name_sum": null, "services_unique": null, "total_departures_unique": null, "route_short_name_unique": "13" }, "geometry": { "type": "LineString", "coordinates": [ [ -9.42402, 38.71627 ], [ -9.42293, 38.71638 ], [ -9.42267, 38.71639 ], [ -9.421736313925333, 38.716339463320274 ], [ -9.42124, 38.71632 ], [ -9.4212, 38.71625 ], [ -9.42113, 38.71623 ], [ -9.42106, 38.71624 ], [ -9.42093, 38.71636 ], [ -9.42082, 38.71648 ], [ -9.42081, 38.71659 ], [ -9.42066, 38.71723 ], [ -9.42058, 38.71771 ], [ -9.42049, 38.718 ], [ -9.42048195854094, 38.718017545185056 ], [ -9.42016, 38.71872 ] ] } },
{ "type": "Feature", "properties": { "services_sum": 1.0002778549597111, "total_departures_sum": 3, "route_short_name_sum": null, "services_unique": null, "total_departures_unique": null, "route_short_name_unique": "13" }, "geometry": { "type": "LineString", "coordinates": [ [ -9.42334, 38.71425 ], [ -9.42283, 38.71362 ], [ -9.422821571864713, 38.713624947064872 ], [ -9.42281, 38.71361 ], [ -9.42275, 38.71352 ], [ -9.42255, 38.71335 ] ] } },
{ "type": "Feature", "properties": { "services_sum": 1.0002778549597111, "total_departures_sum": 3, "route_short_name_sum": null, "services_unique": null, "total_departures_unique": null, "route_short_name_unique": "13" }, "geometry": { "type": "LineString", "coordinates": [ [ -9.42227, 38.71176 ], [ -9.422011916239873, 38.711396771102578 ], [ -9.422, 38.71138 ], [ -9.42109, 38.71008 ] ] } },
{ "type": "Feature", "properties": { "services_sum": 1.0002778549597111, "total_departures_sum": 3, "route_short_name_sum": null, "services_unique": null, "total_departures_unique": null, "route_short_name_unique": "13" }, "geometry": { "type": "LineString", "coordinates": [ [ -9.42081, 38.70975 ], [ -9.42073, 38.7097 ], [ -9.42043, 38.70938 ], [ -9.42034, 38.70928 ], [ -9.420241298961695, 38.709127462073724 ], [ -9.42023, 38.70911 ], [ -9.42017, 38.70901 ], [ -9.42001, 38.70849 ], [ -9.41994, 38.70839 ], [ -9.41979, 38.70824 ], [ -9.41955, 38.70807 ] ] } },
{ "type": "Feature", "properties": { "services_sum": 1.0002778549597111, "total_departures_sum": 3, "route_short_name_sum": null, "services_unique": null, "total_departures_unique": null, "route_short_name_unique": "13" }, "geometry": { "type": "LineString", "coordinates": [ [ -9.41944, 38.71965 ], [ -9.41871, 38.71985 ], [ -9.41863, 38.71989 ], [ -9.418606706933028, 38.719897764364688 ], [ -9.41854, 38.71992 ] ] } },
{ "type": "Feature", "properties": { "services_sum": 1.0002778549597111, "total_departures_sum": 3, "route_short_name_sum": null, "services_unique": null, "total_departures_unique": null, "route_short_name_unique": "13" }, "geometry": { "type": "LineString", "coordinates": [ [ -9.41935, 38.70796 ], [ -9.41875, 38.70757 ], [ -9.41861, 38.70753 ], [ -9.4185, 38.70751 ] ] } },
{ "type": "Feature", "properties": { "services_sum": 1.0002778549597111, "total_departures_sum": 3, "route_short_name_sum": null, "services_unique": null, "total_departures_unique": null, "route_short_name_unique": "13" }, "geometry": { "type": "LineString", "coordinates": [ [ -9.418658763170244, 38.701936096616862 ], [ -9.419203922152521, 38.702123444969992 ], [ -9.419091939926149, 38.702508596705492 ], [ -9.419083893299105, 38.703446652888459 ], [ -9.41909, 38.70343 ], [ -9.41897, 38.70349 ], [ -9.418962887737903, 38.70349355613105 ], [ -9.41895, 38.7035 ], [ -9.41819, 38.70347 ] ] } },
{ "type": "Feature", "properties": { "services_sum": 1.0002778549597111, "total_departures_sum": 3, "route_short_name_sum": null, "services_unique": null, "total_departures_unique": null, "route_short_name_unique": "13" }, "geometry": { "type": "LineString", "coordinates": [ [ -9.41844, 38.70753 ], [ -9.41834, 38.7075 ], [ -9.41829, 38.70743 ], [ -9.41832, 38.70736 ] ] } },
{ "type": "Feature", "properties": { "services_sum": 1.0002778549597111, "total_departures_sum": 3, "route_short_name_sum": null, "services_unique": null, "total_departures_unique": null, "route_short_name_unique": "13" }, "geometry": { "type": "LineString", "coordinates": [ [ -9.41811, 38.72004 ], [ -9.41801, 38.72006 ], [ -9.41799, 38.72009 ], [ -9.41797, 38.72017 ], [ -9.41802, 38.72022 ], [ -9.41803, 38.72035 ] ] } },
{ "type": "Feature", "properties": { "services_sum": 1.0002778549597111, "total_departures_sum": 3, "route_short_name_sum": null, "services_unique": null, "total_departures_unique": null, "route_short_name_unique": "13" }, "geometry": { "type": "LineString", "coordinates": [ [ -9.418015900886628, 38.705941074890525 ], [ -9.41782, 38.70511 ] ] } },
{ "type": "Feature", "properties": { "services_sum": 1.0002778549597111, "total_departures_sum": 3, "route_short_name_sum": null, "services_unique": null, "total_departures_unique": null, "route_short_name_unique": "13" }, "geometry": { "type": "LineString", "coordinates": [ [ -9.41756, 38.72124 ], [ -9.41746, 38.72133 ], [ -9.41725, 38.72134 ], [ -9.41719, 38.7213 ], [ -9.41711, 38.72128 ], [ -9.41703, 38.72128 ], [ -9.41696, 38.7213 ], [ -9.4169, 38.72133 ], [ -9.41686, 38.72138 ] ] } },
{ "type": "Feature", "properties": { "services_sum": 1.0002778549597111, "total_departures_sum": 3, "route_short_name_sum": null, "services_unique": null, "total_departures_unique": null, "route_short_name_unique": "13" }, "geometry": { "type": "LineString", "coordinates": [ [ -9.41712, 38.72327 ], [ -9.417101588986409, 38.722975423887483 ], [ -9.4171, 38.72295 ] ] } },
{ "type": "Feature", "properties": { "services_sum": 1.0002778549597111, "total_departures_sum": 3, "route_short_name_sum": null, "services_unique": null, "total_departures_unique": null, "route_short_name_unique": "13" }, "geometry": { "type": "LineString", "coordinates": [ [ -9.41509, 38.72476 ], [ -9.415059319068824, 38.724770087005311 ], [ -9.41436, 38.725 ] ] } },
{ "type": "Feature", "properties": { "services_sum": 1.0002778549597111, "total_departures_sum": 3, "route_short_name_sum": null, "services_unique": null, "total_departures_unique": null, "route_short_name_unique": "13" }, "geometry": { "type": "LineString", "coordinates": [ [ -9.41319, 38.72238 ], [ -9.413162626796874, 38.722626358909935 ], [ -9.41316, 38.72265 ] ] } },
{ "type": "Feature", "properties": { "services_sum": 1.0002778549597111, "total_departures_sum": 3, "route_short_name_sum": null, "services_unique": null, "total_departures_unique": null, "route_short_name_unique": "13" }, "geometry": { "type": "LineString", "coordinates": [ [ -9.41199, 38.72638 ], [ -9.411962334124089, 38.726324668248175 ], [ -9.41196, 38.72632 ], [ -9.41189, 38.72619 ] ] } },
{ "type": "Feature", "properties": { "services_sum": 1.0002778549597111, "total_departures_sum": 3, "route_short_name_sum": null, "services_unique": null, "total_departures_unique": null, "route_short_name_unique": "13" }, "geometry": { "type": "LineString", "coordinates": [ [ -9.41116, 38.72297 ], [ -9.411152666213928, 38.723006668963244 ], [ -9.41116, 38.723 ], [ -9.41115, 38.72312 ] ] } },
{ "type": "Feature", "properties": { "services_sum": 1.0002778549597111, "total_departures_sum": 3, "route_short_name_sum": null, "services_unique": null, "total_departures_unique": null, "route_short_name_unique": "13" }, "geometry": { "type": "LineString", "coordinates": [ [ -9.41108, 38.7292 ], [ -9.411029469405548, 38.729925305944519 ], [ -9.411, 38.73022 ] ] } },
{ "type": "Feature", "properties": { "services_sum": 1.0002778549597111, "total_departures_sum": 3, "route_short_name_sum": null, "services_unique": null, "total_departures_unique": null, "route_short_name_unique": "13" }, "geometry": { "type": "LineString", "coordinates": [ [ -9.41017, 38.73247 ], [ -9.410165636637824, 38.732480908411702 ], [ -9.41015, 38.73252 ] ] } },
{ "type": "Feature", "properties": { "services_sum": 1.0002778549597111, "total_departures_sum": 3, "route_short_name_sum": null, "services_unique": null, "total_departures_unique": null, "route_short_name_unique": "13" }, "geometry": { "type": "LineString", "coordinates": [ [ -9.40881, 38.73191 ], [ -9.408600732504389, 38.731591549622316 ], [ -9.40847, 38.73143 ], [ -9.408609438442172, 38.73160224759657 ], [ -9.40864, 38.73164 ] ] } },
{ "type": "Feature", "properties": { "services_sum": 1.0002778549597111, "total_departures_sum": 3, "route_short_name_sum": null, "services_unique": null, "total_departures_unique": null, "route_short_name_unique": "13" }, "geometry": { "type": "LineString", "coordinates": [ [ -9.40311, 38.73134 ], [ -9.403059561552555, 38.731362353696106 ], [ -9.40223, 38.73173 ] ] } },
{ "type": "Feature", "properties": { "services_sum": 1.0002778549597111, "total_departures_sum": 3, "route_short_name_sum": null, "services_unique": null, "total_departures_unique": null, "route_short_name_unique": "13" }, "geometry": { "type": "LineString", "coordinates": [ [ -9.40035, 38.7321 ], [ -9.400283270717061, 38.73211067681877 ], [ -9.39985, 38.73218 ] ] } },
{ "type": "Feature", "properties": { "services_sum": 1.0002778549597111, "total_departures_sum": 3, "route_short_name_sum": null, "services_unique": null, "total_departures_unique": null, "route_short_name_unique": "13" }, "geometry": { "type": "LineString", "coordinates": [ [ -9.39904, 38.70436 ], [ -9.399039281911664, 38.704362286624068 ], [ -9.39828, 38.70678 ] ] } },
{ "type": "Feature", "properties": { "services_sum": 1.0002778549597111, "total_departures_sum": 3, "route_short_name_sum": null, "services_unique": null, "total_departures_unique": null, "route_short_name_unique": "13" }, "geometry": { "type": "LineString", "coordinates": [ [ -9.39899, 38.70353 ], [ -9.398214566529129, 38.703470351286839 ] ] } },
{ "type": "Feature", "properties": { "services_sum": 1.0002778549597111, "total_departures_sum": 3, "route_short_name_sum": null, "services_unique": null, "total_departures_unique": null, "route_short_name_unique": "13" }, "geometry": { "type": "LineString", "coordinates": [ [ -9.39778, 38.73313 ], [ -9.39773, 38.73314 ], [ -9.397720571529273, 38.733142218471315 ], [ -9.39773, 38.73316 ], [ -9.39742, 38.73318 ], [ -9.39721, 38.73309 ], [ -9.39716, 38.73305 ], [ -9.39706, 38.73304 ], [ -9.3969, 38.73309 ] ] } },
{ "type": "Feature", "properties": { "services_sum": 1.0002778549597111, "total_departures_sum": 3, "route_short_name_sum": null, "services_unique": null, "total_departures_unique": null, "route_short_name_unique": "13" }, "geometry": { "type": "LineString", "coordinates": [ [ -9.39706, 38.70798 ], [ -9.3970582083292, 38.707979646718897 ], [ -9.39635, 38.70784 ] ] } },
{ "type": "Feature", "properties": { "services_sum": 1.0002778549597111, "total_departures_sum": 3, "route_short_name_sum": null, "services_unique": null, "total_departures_unique": null, "route_short_name_unique": "13" }, "geometry": { "type": "LineString", "coordinates": [ [ -9.39547, 38.73317 ], [ -9.39546207824643, 38.733172534961142 ], [ -9.39522, 38.73325 ] ] } },
{ "type": "Feature", "properties": { "services_sum": 1.0002778549597111, "total_departures_sum": 3, "route_short_name_sum": null, "services_unique": null, "total_departures_unique": null, "route_short_name_unique": "13" }, "geometry": { "type": "LineString", "coordinates": [ [ -9.39537, 38.70551 ], [ -9.395369883754091, 38.705508837544151 ], [ -9.39535, 38.70531 ] ] } },
{ "type": "Feature", "properties": { "services_sum": 1.0002778549597111, "total_departures_sum": 3, "route_short_name_sum": null, "services_unique": null, "total_departures_unique": null, "route_short_name_unique": "13" }, "geometry": { "type": "LineString", "coordinates": [ [ -9.39373, 38.70447 ], [ -9.39371945271666, 38.704469780286047 ], [ -9.39325, 38.70446 ] ] } },
{ "type": "Feature", "properties": { "services_sum": 1.0002778549597111, "total_departures_sum": 3, "route_short_name_sum": null, "services_unique": null, "total_departures_unique": null, "route_short_name_unique": "13" }, "geometry": { "type": "LineString", "coordinates": [ [ -9.39307, 38.73412 ], [ -9.392657215844084, 38.734083824660246 ], [ -9.39211, 38.73403 ] ] } },
{ "type": "Feature", "properties": { "services_sum": 1.0002778549597111, "total_departures_sum": 3, "route_short_name_sum": null, "services_unique": null, "total_departures_unique": null, "route_short_name_unique": "13" }, "geometry": { "type": "LineString", "coordinates": [ [ -9.3913, 38.70341 ], [ -9.391295155107654, 38.703409374859234 ], [ -9.39099, 38.70337 ] ] } },
{ "type": "Feature", "properties": { "services_sum": 1.0002778549597111, "total_departures_sum": 3, "route_short_name_sum": null, "services_unique": null, "total_departures_unique": null, "route_short_name_unique": "13" }, "geometry": { "type": "LineString", "coordinates": [ [ -9.39044, 38.73476 ], [ -9.39005, 38.73488 ], [ -9.389985554279948, 38.734899455477795 ], [ -9.38952, 38.73504 ] ] } },
{ "type": "Feature", "properties": { "services_sum": 1.0002778549597111, "total_departures_sum": 3, "route_short_name_sum": null, "services_unique": null, "total_departures_unique": null, "route_short_name_unique": "13" }, "geometry": { "type": "LineString", "coordinates": [ [ -9.38901, 38.70401 ], [ -9.38835, 38.7042 ], [ -9.388341508779691, 38.704202412318359 ], [ -9.38747, 38.70445 ], [ -9.38752, 38.7042 ], [ -9.38751, 38.70386 ], [ -9.38762, 38.70303 ], [ -9.38736, 38.70306 ], [ -9.387339555666799, 38.703062359101423 ], [ -9.3858, 38.70324 ], [ -9.38529, 38.70325 ], [ -9.38487, 38.70328 ], [ -9.38467, 38.70332 ] ] } },
{ "type": "Feature", "properties": { "services_sum": 1.0002778549597111, "total_departures_sum": 3, "route_short_name_sum": null, "services_unique": null, "total_departures_unique": null, "route_short_name_unique": "13" }, "geometry": { "type": "LineString", "coordinates": [ [ -9.38817, 38.73509 ], [ -9.3881, 38.73531 ] ] } },
{ "type": "Feature", "properties": { "services_sum": 1.0002778549597111, "total_departures_sum": 3, "route_short_name_sum": null, "services_unique": null, "total_departures_unique": null, "route_short_name_unique": "13" }, "geometry": { "type": "LineString", "coordinates": [ [ -9.38773, 38.73558 ], [ -9.38639, 38.73596 ], [ -9.38632042337764, 38.735980003855715 ], [ -9.38633, 38.73598 ], [ -9.38334, 38.73686 ], [ -9.383336268173592, 38.736861130856489 ], [ -9.38301, 38.73696 ] ] } },
{ "type": "Feature", "properties": { "services_sum": 1.0002778549597111, "total_departures_sum": 3, "route_short_name_sum": null, "services_unique": null, "total_departures_unique": null, "route_short_name_unique": "13" }, "geometry": { "type": "LineString", "coordinates": [ [ -9.38493, 38.70112 ], [ -9.384890880905223, 38.70155031010102 ], [ -9.38489, 38.70156 ] ] } },
{ "type": "Feature", "properties": { "services_sum": 1.0002778549597111, "total_departures_sum": 3, "route_short_name_sum": null, "services_unique": null, "total_departures_unique": null, "route_short_name_unique": "13" }, "geometry": { "type": "LineString", "coordinates": [ [ -9.3841, 38.72898 ], [ -9.383574156352555, 38.728186273818721 ], [ -9.38357, 38.72818 ], [ -9.38332, 38.72785 ] ] } },
{ "type": "Feature", "properties": { "services_sum": 1.0002778549597111, "total_departures_sum": 3, "route_short_name_sum": null, "services_unique": null, "total_departures_unique": null, "route_short_name_unique": "13" }, "geometry": { "type": "LineString", "coordinates": [ [ -9.3841, 38.7291 ], [ -9.38399, 38.72928 ], [ -9.383987448698582, 38.729283779729677 ], [ -9.38372, 38.72968 ] ] } },
{ "type": "Feature", "properties": { "services_sum": 1.0002778549597111, "total_departures_sum": 3, "route_short_name_sum": null, "services_unique": null, "total_departures_unique": null, "route_short_name_unique": "13" }, "geometry": { "type": "LineString", "coordinates": [ [ -9.38367, 38.72978 ], [ -9.38365, 38.72993 ], [ -9.38345, 38.73002 ], [ -9.38336, 38.73003 ], [ -9.38327, 38.73002 ], [ -9.38316, 38.72997 ], [ -9.38278, 38.72963 ], [ -9.38264, 38.72956 ], [ -9.38247, 38.72954 ], [ -9.38232, 38.72955 ], [ -9.38192, 38.72965 ], [ -9.38166, 38.72977 ], [ -9.38131, 38.72981 ], [ -9.38026, 38.72987 ], [ -9.38014, 38.72989 ], [ -9.38003, 38.72995 ], [ -9.37988, 38.73005 ], [ -9.37922, 38.73069 ], [ -9.37911, 38.73077 ], [ -9.37877, 38.73093 ], [ -9.378311639754523, 38.731109358361735 ], [ -9.37831, 38.73111 ], [ -9.37672, 38.73167 ], [ -9.376225593926355, 38.73188753869168 ], [ -9.37622, 38.73189 ], [ -9.37543, 38.73228 ], [ -9.374415734083879, 38.732558425968669 ], [ -9.37441, 38.73256 ], [ -9.37397, 38.73269 ], [ -9.37378, 38.73277 ], [ -9.37246, 38.73343 ], [ -9.3717436688428, 38.733708573244556 ], [ -9.37089, 38.73402 ], [ -9.36987, 38.73429 ], [ -9.3697, 38.73436 ], [ -9.36953, 38.73445 ], [ -9.36934, 38.73463 ], [ -9.36912, 38.73489 ], [ -9.36859, 38.73531 ], [ -9.36852, 38.73539 ] ] } },
{ "type": "Feature", "properties": { "services_sum": 1.0002778549597111, "total_departures_sum": 3, "route_short_name_sum": null, "services_unique": null, "total_departures_unique": null, "route_short_name_unique": "13" }, "geometry": { "type": "LineString", "coordinates": [ [ -9.38297, 38.72747 ], [ -9.382454132640422, 38.726874768480066 ], [ -9.38245, 38.72687 ], [ -9.3822, 38.72659 ] ] } },
{ "type": "Feature", "properties": { "services_sum": 1.0002778549597111, "total_departures_sum": 3, "route_short_name_sum": null, "services_unique": null, "total_departures_unique": null, "route_short_name_unique": "13" }, "geometry": { "type": "LineString", "coordinates": [ [ -9.38271, 38.73702 ], [ -9.37965, 38.73739 ], [ -9.378763791673187, 38.737596552426346 ], [ -9.37775, 38.73785 ], [ -9.37618, 38.7382 ], [ -9.37531, 38.73832 ], [ -9.375240635148703, 38.738329909794345 ], [ -9.37356, 38.73857 ] ] } },
{ "type": "Feature", "properties": { "services_sum": 1.0002778549597111, "total_departures_sum": 3, "route_short_name_sum": null, "services_unique": null, "total_departures_unique": null, "route_short_name_unique": "13" }, "geometry": { "type": "LineString", "coordinates": [ [ -9.38154, 38.69903 ], [ -9.381535914941436, 38.69902960467175 ], [ -9.38092, 38.69897 ] ] } },
{ "type": "Feature", "properties": { "services_sum": 1.0002778549597111, "total_departures_sum": 3, "route_short_name_sum": null, "services_unique": null, "total_departures_unique": null, "route_short_name_unique": "13" }, "geometry": { "type": "LineString", "coordinates": [ [ -9.38042, 38.72509 ], [ -9.380184864528772, 38.72475689145277 ], [ -9.38018, 38.72475 ], [ -9.37946, 38.72382 ] ] } },
{ "type": "Feature", "properties": { "services_sum": 1.0002778549597111, "total_departures_sum": 3, "route_short_name_sum": null, "services_unique": null, "total_departures_unique": null, "route_short_name_unique": "13" }, "geometry": { "type": "LineString", "coordinates": [ [ -9.37943, 38.70224 ], [ -9.379429651297816, 38.702242582979139 ], [ -9.37916, 38.70424 ], [ -9.37942, 38.70422 ], [ -9.379584000040415, 38.70422 ], [ -9.37959, 38.70422 ], [ -9.3799, 38.70422 ], [ -9.38017, 38.70423 ], [ -9.38058, 38.70431 ], [ -9.38065, 38.70434 ], [ -9.38068, 38.70438 ], [ -9.38066, 38.70445 ], [ -9.38061, 38.70449 ], [ -9.38047, 38.70456 ], [ -9.38028, 38.70475 ], [ -9.3799, 38.70547 ], [ -9.37985, 38.70554 ], [ -9.379847056652412, 38.705547164171378 ], [ -9.3794, 38.70614 ], [ -9.37921, 38.7063 ], [ -9.37894, 38.70646 ], [ -9.37848, 38.70669 ], [ -9.37822, 38.70687 ], [ -9.37739, 38.70773 ], [ -9.377373090074471, 38.707745031087136 ], [ -9.37721, 38.70789 ], [ -9.37672, 38.7082 ], [ -9.37501, 38.70899 ], [ -9.374997034484009, 38.708995762474949 ], [ -9.37474, 38.70911 ] ] } },
{ "type": "Feature", "properties": { "services_sum": 1.0002778549597111, "total_departures_sum": 3, "route_short_name_sum": null, "services_unique": null, "total_departures_unique": null, "route_short_name_unique": "13" }, "geometry": { "type": "LineString", "coordinates": [ [ -9.37917, 38.72351 ], [ -9.379051814988934, 38.72345090749613 ], [ -9.37905, 38.72345 ] ] } },
{ "type": "Feature", "properties": { "services_sum": 1.0002778549597111, "total_departures_sum": 3, "route_short_name_sum": null, "services_unique": null, "total_departures_unique": null, "route_short_name_unique": "13" }, "geometry": { "type": "LineString", "coordinates": [ [ -9.37755, 38.72119 ], [ -9.377336007524992, 38.720937099832874 ], [ -9.37733, 38.72093 ], [ -9.37642, 38.71982 ] ] } },
{ "type": "Feature", "properties": { "services_sum": 1.0002778549597111, "total_departures_sum": 3, "route_short_name_sum": null, "services_unique": null, "total_departures_unique": null, "route_short_name_unique": "13" }, "geometry": { "type": "LineString", "coordinates": [ [ -9.37393, 38.71075 ], [ -9.3739, 38.71101 ], [ -9.37332, 38.71171 ], [ -9.37303, 38.71202 ], [ -9.373024716991949, 38.712025987409127 ], [ -9.37288, 38.71219 ] ] } },
{ "type": "Feature", "properties": { "services_sum": 1.0002778549597111, "total_departures_sum": 3, "route_short_name_sum": null, "services_unique": null, "total_departures_unique": null, "route_short_name_unique": "13" }, "geometry": { "type": "LineString", "coordinates": [ [ -9.37366, 38.71017 ], [ -9.373546974837737, 38.709972206003172 ], [ -9.37354, 38.70996 ] ] } },
{ "type": "Feature", "properties": { "services_sum": 1.0002778549597111, "total_departures_sum": 3, "route_short_name_sum": null, "services_unique": null, "total_departures_unique": null, "route_short_name_unique": "13" }, "geometry": { "type": "LineString", "coordinates": [ [ -9.37279, 38.71559 ], [ -9.37219555702228, 38.714539817564344 ], [ -9.37219, 38.71453 ], [ -9.37201, 38.71422 ] ] } },
{ "type": "Feature", "properties": { "services_sum": 1.0002778549597111, "total_departures_sum": 3, "route_short_name_sum": null, "services_unique": null, "total_departures_unique": null, "route_short_name_unique": "13" }, "geometry": { "type": "LineString", "coordinates": [ [ -9.37187, 38.7131 ], [ -9.37173, 38.7131 ], [ -9.371723758090223, 38.713099561079645 ], [ -9.371, 38.71308 ] ] } },
{ "type": "Feature", "properties": { "services_sum": 1.0002778549597111, "total_departures_sum": 3, "route_short_name_sum": null, "services_unique": null, "total_departures_unique": null, "route_short_name_unique": "13" }, "geometry": { "type": "LineString", "coordinates": [ [ -9.37109, 38.73811 ], [ -9.371025626203473, 38.738095501731692 ], [ -9.37103, 38.7381 ], [ -9.37025, 38.73793 ], [ -9.36998, 38.73786 ], [ -9.36984, 38.73781 ], [ -9.36914, 38.73738 ] ] } },
{ "type": "Feature", "properties": { "services_sum": 1.0002778549597111, "total_departures_sum": 3, "route_short_name_sum": null, "services_unique": null, "total_departures_unique": null, "route_short_name_unique": "13" }, "geometry": { "type": "LineString", "coordinates": [ [ -9.36849, 38.73549 ], [ -9.36855, 38.73553 ], [ -9.368550273885335, 38.735530502123112 ], [ -9.36861, 38.73564 ], [ -9.3686, 38.73579 ], [ -9.36856, 38.73592 ], [ -9.36842, 38.73619 ] ] } },
{ "type": "Feature", "properties": { "services_sum": 1.0002778549597111, "total_departures_sum": 3, "route_short_name_sum": null, "services_unique": null, "total_departures_unique": null, "route_short_name_unique": "13" }, "geometry": { "type": "LineString", "coordinates": [ [ -9.36845, 38.73682 ], [ -9.36839, 38.73661 ], [ -9.36832, 38.73655 ], [ -9.36827, 38.7364 ] ] } },
{ "type": "Feature", "properties": { "services_sum": 1.0002778549597111, "total_departures_sum": 34, "route_short_name_sum": null, "services_unique": null, "total_departures_unique": null, "route_short_name_unique": "13" }, "geometry": { "type": "LineString", "coordinates": [ [ -9.42413, 38.71596 ], [ -9.424120144181636, 38.715743171995989 ], [ -9.42412, 38.71574 ], [ -9.42409, 38.71563 ] ] } },
{ "type": "Feature", "properties": { "services_sum": 1.0002778549597111, "total_departures_sum": 34, "route_short_name_sum": null, "services_unique": null, "total_departures_unique": null, "route_short_name_unique": "13" }, "geometry": { "type": "LineString", "coordinates": [ [ -9.42402, 38.71627 ], [ -9.42399, 38.71732 ], [ -9.42397077486617, 38.717321588666536 ], [ -9.42397, 38.71735 ], [ -9.42397, 38.71739 ], [ -9.42376, 38.71741 ], [ -9.42334, 38.71767 ], [ -9.42278, 38.71787 ], [ -9.42262, 38.71791 ], [ -9.42228, 38.71796 ], [ -9.42192, 38.71798 ], [ -9.421723492354946, 38.717954368597631 ], [ -9.42169, 38.71795 ], [ -9.42151, 38.71792 ], [ -9.42136, 38.71787 ], [ -9.42078, 38.71764 ], [ -9.42061, 38.71759 ], [ -9.420538309741245, 38.717831954720772 ], [ -9.42053, 38.71786 ], [ -9.42049, 38.718 ], [ -9.42016, 38.71872 ] ] } },
{ "type": "Feature", "properties": { "services_sum": 1.0002778549597111, "total_departures_sum": 34, "route_short_name_sum": null, "services_unique": null, "total_departures_unique": null, "route_short_name_unique": "13" }, "geometry": { "type": "LineString", "coordinates": [ [ -9.42334, 38.71425 ], [ -9.422701937909014, 38.713475125374565 ], [ -9.42255, 38.71335 ] ] } },
{ "type": "Feature", "properties": { "services_sum": 1.0002778549597111, "total_departures_sum": 34, "route_short_name_sum": null, "services_unique": null, "total_departures_unique": null, "route_short_name_unique": "13" }, "geometry": { "type": "LineString", "coordinates": [ [ -9.42227, 38.71176 ], [ -9.42195, 38.7113 ], [ -9.421939576359749, 38.711285213262471 ], [ -9.42109, 38.71008 ] ] } },
{ "type": "Feature", "properties": { "services_sum": 1.0002778549597111, "total_departures_sum": 34, "route_short_name_sum": null, "services_unique": null, "total_departures_unique": null, "route_short_name_unique": "13" }, "geometry": { "type": "LineString", "coordinates": [ [ -9.42081, 38.70975 ], [ -9.42073, 38.70962 ], [ -9.42073, 38.709595107524912 ], [ -9.42073, 38.70953 ], [ -9.42076, 38.70938 ], [ -9.42082, 38.70923 ], [ -9.42088, 38.70915 ], [ -9.4217, 38.70869 ], [ -9.42184, 38.70868 ], [ -9.4219, 38.7087 ], [ -9.42198, 38.70874 ], [ -9.42203, 38.70873 ], [ -9.42211, 38.7087 ], [ -9.42215, 38.70864 ], [ -9.42214, 38.70857 ], [ -9.42211, 38.70854 ], [ -9.42204, 38.70851 ], [ -9.422, 38.7085 ], [ -9.42193, 38.70842 ], [ -9.42188, 38.70833 ], [ -9.42173, 38.70802 ], [ -9.42135, 38.70754 ], [ -9.42126, 38.7075 ], [ -9.4212, 38.7075 ], [ -9.42046, 38.70777 ], [ -9.42018, 38.70785 ], [ -9.42005, 38.70792 ], [ -9.41988, 38.70808 ], [ -9.41982, 38.7081 ], [ -9.41973, 38.70811 ], [ -9.41955, 38.70807 ] ] } },
{ "type": "Feature", "properties": { "services_sum": 1.0002778549597111, "total_departures_sum": 34, "route_short_name_sum": null, "services_unique": null, "total_departures_unique": null, "route_short_name_unique": "13" }, "geometry": { "type": "LineString", "coordinates": [ [ -9.41944, 38.71965 ], [ -9.418918100680825, 38.719792336255679 ], [ -9.41889, 38.7198 ], [ -9.41871, 38.71985 ], [ -9.41854, 38.71992 ] ] } },
{ "type": "Feature", "properties": { "services_sum": 1.0002778549597111, "total_departures_sum": 34, "route_short_name_sum": null, "services_unique": null, "total_departures_unique": null, "route_short_name_unique": "13" }, "geometry": { "type": "LineString", "coordinates": [ [ -9.41935, 38.70796 ], [ -9.41898, 38.70772 ], [ -9.41897601354143, 38.707717400144922 ], [ -9.41875, 38.70757 ], [ -9.41856, 38.70741 ] ] } },
{ "type": "Feature", "properties": { "services_sum": 1.0002778549597111, "total_departures_sum": 34, "route_short_name_sum": null, "services_unique": null, "total_departures_unique": null, "route_short_name_unique": "13" }, "geometry": { "type": "LineString", "coordinates": [ [ -9.418615177273752, 38.70189738312736 ], [ -9.418023909468642, 38.701556985405837 ], [ -9.41795, 38.70154 ] ] } },
{ "type": "Feature", "properties": { "services_sum": 1.0002778549597111, "total_departures_sum": 34, "route_short_name_sum": null, "services_unique": null, "total_departures_unique": null, "route_short_name_unique": "13" }, "geometry": { "type": "LineString", "coordinates": [ [ -9.41781, 38.70517 ], [ -9.417809117195436, 38.705161907686396 ], [ -9.41781, 38.70516 ], [ -9.41775, 38.70462 ] ] } },
{ "type": "Feature", "properties": { "services_sum": 1.0002778549597111, "total_departures_sum": 34, "route_short_name_sum": null, "services_unique": null, "total_departures_unique": null, "route_short_name_unique": "13" }, "geometry": { "type": "LineString", "coordinates": [ [ -9.41711, 38.72257 ], [ -9.417092280600048, 38.722835791126705 ], [ -9.41709, 38.72287 ] ] } },
{ "type": "Feature", "properties": { "services_sum": 1.0002778549597111, "total_departures_sum": 34, "route_short_name_sum": null, "services_unique": null, "total_departures_unique": null, "route_short_name_unique": "13" }, "geometry": { "type": "LineString", "coordinates": [ [ -9.41643, 38.72443 ], [ -9.415391159156792, 38.724663011190913 ], [ -9.41536, 38.72467 ] ] } },
{ "type": "Feature", "properties": { "services_sum": 1.0002778549597111, "total_departures_sum": 34, "route_short_name_sum": null, "services_unique": null, "total_departures_unique": null, "route_short_name_unique": "13" }, "geometry": { "type": "LineString", "coordinates": [ [ -9.41315, 38.72269 ], [ -9.413143372308989, 38.722710393007233 ], [ -9.41302, 38.72309 ] ] } },
{ "type": "Feature", "properties": { "services_sum": 1.0002778549597111, "total_departures_sum": 34, "route_short_name_sum": null, "services_unique": null, "total_departures_unique": null, "route_short_name_unique": "13" }, "geometry": { "type": "LineString", "coordinates": [ [ -9.41205, 38.72627 ], [ -9.411882086746415, 38.7261811047481 ], [ -9.41188, 38.72618 ], [ -9.41125, 38.72534 ] ] } },
{ "type": "Feature", "properties": { "services_sum": 1.0002778549597111, "total_departures_sum": 34, "route_short_name_sum": null, "services_unique": null, "total_departures_unique": null, "route_short_name_unique": "13" }, "geometry": { "type": "LineString", "coordinates": [ [ -9.41121, 38.72215 ], [ -9.41121, 38.722524578162854 ], [ -9.41115, 38.72312 ] ] } },
{ "type": "Feature", "properties": { "services_sum": 1.0002778549597111, "total_departures_sum": 34, "route_short_name_sum": null, "services_unique": null, "total_departures_unique": null, "route_short_name_unique": "13" }, "geometry": { "type": "LineString", "coordinates": [ [ -9.41108, 38.7292 ], [ -9.41105, 38.72971 ], [ -9.411031293088969, 38.72971629335624 ], [ -9.41103, 38.72973 ] ] } },
{ "type": "Feature", "properties": { "services_sum": 1.0002778549597111, "total_departures_sum": 34, "route_short_name_sum": null, "services_unique": null, "total_departures_unique": null, "route_short_name_unique": "13" }, "geometry": { "type": "LineString", "coordinates": [ [ -9.41043, 38.73184 ], [ -9.410154017028825, 38.732510244454836 ], [ -9.41008, 38.73269 ] ] } },
{ "type": "Feature", "properties": { "services_sum": 1.0002778549597111, "total_departures_sum": 34, "route_short_name_sum": null, "services_unique": null, "total_departures_unique": null, "route_short_name_unique": "13" }, "geometry": { "type": "LineString", "coordinates": [ [ -9.40881, 38.73191 ], [ -9.40858, 38.73156 ] ] } },
{ "type": "Feature", "properties": { "services_sum": 1.0002778549597111, "total_departures_sum": 34, "route_short_name_sum": null, "services_unique": null, "total_departures_unique": null, "route_short_name_unique": "13" }, "geometry": { "type": "LineString", "coordinates": [ [ -9.40513, 38.73079 ], [ -9.40481, 38.7307 ], [ -9.40477, 38.73068 ] ] } },
{ "type": "Feature", "properties": { "services_sum": 1.0002778549597111, "total_departures_sum": 34, "route_short_name_sum": null, "services_unique": null, "total_departures_unique": null, "route_short_name_unique": "13" }, "geometry": { "type": "LineString", "coordinates": [ [ -9.40396, 38.73079 ], [ -9.403311193636982, 38.731229192007852 ], [ -9.40331, 38.73123 ], [ -9.40321, 38.73129 ], [ -9.40267, 38.73155 ] ] } },
{ "type": "Feature", "properties": { "services_sum": 1.0002778549597111, "total_departures_sum": 34, "route_short_name_sum": null, "services_unique": null, "total_departures_unique": null, "route_short_name_unique": "13" }, "geometry": { "type": "LineString", "coordinates": [ [ -9.40189, 38.73185 ], [ -9.401032670074301, 38.731999534300101 ], [ -9.40103, 38.732 ] ] } },
{ "type": "Feature", "properties": { "services_sum": 1.0002778549597111, "total_departures_sum": 34, "route_short_name_sum": null, "services_unique": null, "total_departures_unique": null, "route_short_name_unique": "13" }, "geometry": { "type": "LineString", "coordinates": [ [ -9.39788, 38.73311 ], [ -9.39780150331117, 38.733129624172825 ], [ -9.3978, 38.73313 ], [ -9.39749, 38.73319 ], [ -9.39725, 38.73322 ], [ -9.39709, 38.73327 ] ] } },
{ "type": "Feature", "properties": { "services_sum": 1.0002778549597111, "total_departures_sum": 34, "route_short_name_sum": null, "services_unique": null, "total_departures_unique": null, "route_short_name_unique": "13" }, "geometry": { "type": "LineString", "coordinates": [ [ -9.39581, 38.73308 ], [ -9.39542, 38.73318 ], [ -9.395419780759875, 38.733180076734307 ], [ -9.39522, 38.73325 ] ] } },
{ "type": "Feature", "properties": { "services_sum": 1.0002778549597111, "total_departures_sum": 34, "route_short_name_sum": null, "services_unique": null, "total_departures_unique": null, "route_short_name_unique": "13" }, "geometry": { "type": "LineString", "coordinates": [ [ -9.39307, 38.73412 ], [ -9.3927, 38.73408 ], [ -9.392693013450707, 38.734079407937315 ], [ -9.39211, 38.73403 ] ] } },
{ "type": "Feature", "properties": { "services_sum": 1.0002778549597111, "total_departures_sum": 34, "route_short_name_sum": null, "services_unique": null, "total_departures_unique": null, "route_short_name_unique": "13" }, "geometry": { "type": "LineString", "coordinates": [ [ -9.39028, 38.73482 ], [ -9.38982, 38.73495 ], [ -9.389812259898942, 38.734952322042808 ], [ -9.38952, 38.73504 ] ] } },
{ "type": "Feature", "properties": { "services_sum": 1.0002778549597111, "total_departures_sum": 34, "route_short_name_sum": null, "services_unique": null, "total_departures_unique": null, "route_short_name_unique": "13" }, "geometry": { "type": "LineString", "coordinates": [ [ -9.38882, 38.73515 ], [ -9.38863, 38.73522 ] ] } },
{ "type": "Feature", "properties": { "services_sum": 1.0002778549597111, "total_departures_sum": 34, "route_short_name_sum": null, "services_unique": null, "total_departures_unique": null, "route_short_name_unique": "13" }, "geometry": { "type": "LineString", "coordinates": [ [ -9.38835, 38.73521 ], [ -9.3881, 38.73531 ] ] } },
{ "type": "Feature", "properties": { "services_sum": 1.0002778549597111, "total_departures_sum": 34, "route_short_name_sum": null, "services_unique": null, "total_departures_unique": null, "route_short_name_unique": "13" }, "geometry": { "type": "LineString", "coordinates": [ [ -9.38773, 38.73558 ], [ -9.38598, 38.73608 ], [ -9.385973964896323, 38.736081777703006 ], [ -9.38367, 38.73677 ], [ -9.383666517963501, 38.736771002404446 ], [ -9.38301, 38.73696 ] ] } },
{ "type": "Feature", "properties": { "services_sum": 1.0002778549597111, "total_departures_sum": 34, "route_short_name_sum": null, "services_unique": null, "total_departures_unique": null, "route_short_name_unique": "13" }, "geometry": { "type": "LineString", "coordinates": [ [ -9.38271, 38.73702 ], [ -9.37989, 38.73735 ], [ -9.37965, 38.73739 ], [ -9.37912, 38.7375 ], [ -9.379115242199816, 38.737501215529996 ], [ -9.37775, 38.73785 ], [ -9.37619, 38.7382 ], [ -9.376184313258955, 38.738200812443907 ], [ -9.37416, 38.73849 ], [ -9.374155670072181, 38.738490577335341 ], [ -9.37356, 38.73857 ] ] } },
{ "type": "Feature", "properties": { "services_sum": 1.0002778549597111, "total_departures_sum": 34, "route_short_name_sum": null, "services_unique": null, "total_departures_unique": null, "route_short_name_unique": "13" }, "geometry": { "type": "LineString", "coordinates": [ [ -9.37187, 38.73829 ], [ -9.37137, 38.73817 ], [ -9.371365127250902, 38.738168913305238 ], [ -9.36998, 38.73786 ] ] } },
{ "type": "Feature", "properties": { "services_sum": 1.0002778549597111, "total_departures_sum": 34, "route_short_name_sum": null, "services_unique": null, "total_departures_unique": null, "route_short_name_unique": "13" }, "geometry": { "type": "LineString", "coordinates": [ [ -9.36914, 38.73738 ], [ -9.36865, 38.73703 ], [ -9.36846, 38.73702 ], [ -9.3684, 38.73704 ], [ -9.36835, 38.73704 ], [ -9.36827, 38.73701 ], [ -9.36824, 38.73695 ], [ -9.368, 38.73687 ], [ -9.36777, 38.73685 ], [ -9.36776919116531, 38.736849932597515 ], [ -9.36765, 38.73684 ], [ -9.36733, 38.73687 ], [ -9.36664, 38.73695 ], [ -9.36649, 38.73691 ], [ -9.36639, 38.73683 ], [ -9.36636, 38.73678 ], [ -9.36621, 38.73625 ], [ -9.366268988789558, 38.73561095477978 ], [ -9.366353451936519, 38.735631255249643 ], [ -9.36645, 38.73566 ], [ -9.36667, 38.73573 ], [ -9.36726, 38.73586 ], [ -9.36752, 38.73594 ], [ -9.3676, 38.736 ], [ -9.36774, 38.736 ], [ -9.36786, 38.73595 ], [ -9.3679, 38.73591 ], [ -9.36807, 38.73586 ] ] } },
{ "type": "Feature", "properties": { "services_sum": 1.0002778549597111, "total_departures_sum": 34, "route_short_name_sum": null, "services_unique": null, "total_departures_unique": null, "route_short_name_unique": "13" }, "geometry": { "type": "LineString", "coordinates": [ [ -9.368543028831484, 38.735362256017901 ], [ -9.36855, 38.73536 ], [ -9.36852, 38.73539 ] ] } },
{ "type": "Feature", "properties": { "services_sum": 1.0002778549597111, "total_departures_sum": 34, "route_short_name_sum": null, "services_unique": null, "total_departures_unique": null, "route_short_name_unique": "13" }, "geometry": { "type": "LineString", "coordinates": [ [ -9.36849, 38.73549 ], [ -9.36832, 38.73558 ] ] } },
{ "type": "Feature", "properties": { "services_sum": 3.0008335648791333, "total_departures_sum": 44, "route_short_name_sum": null, "services_unique": null, "total_departures_unique": null, "route_short_name_unique": "22, 13" }, "geometry": { "type": "LineString", "coordinates": [ [ -9.42413, 38.71596 ], [ -9.42407, 38.71619 ], [ -9.42402, 38.71627 ] ] } },
{ "type": "Feature", "properties": { "services_sum": 3.0008335648791333, "total_departures_sum": 44, "route_short_name_sum": null, "services_unique": null, "total_departures_unique": null, "route_short_name_unique": "22, 13" }, "geometry": { "type": "LineString", "coordinates": [ [ -9.42409, 38.71563 ], [ -9.42396, 38.71546 ] ] } },
{ "type": "Feature", "properties": { "services_sum": 2.0005557099194222, "total_departures_sum": 37, "route_short_name_sum": null, "services_unique": null, "total_departures_unique": null, "route_short_name_unique": "13" }, "geometry": { "type": "LineString", "coordinates": [ [ -9.42396, 38.71546 ], [ -9.42388, 38.71523 ], [ -9.4236, 38.71466 ], [ -9.42334, 38.71425 ] ] } },
{ "type": "Feature", "properties": { "services_sum": 2.0005557099194222, "total_departures_sum": 37, "route_short_name_sum": null, "services_unique": null, "total_departures_unique": null, "route_short_name_unique": "13" }, "geometry": { "type": "LineString", "coordinates": [ [ -9.42255, 38.71335 ], [ -9.42248, 38.71324 ], [ -9.42241, 38.71317 ], [ -9.42246, 38.71244 ], [ -9.42245, 38.71222 ], [ -9.42239, 38.71199 ], [ -9.42227, 38.71176 ] ] } },
{ "type": "Feature", "properties": { "services_sum": 2.0005557099194222, "total_departures_sum": 37, "route_short_name_sum": null, "services_unique": null, "total_departures_unique": null, "route_short_name_unique": "13" }, "geometry": { "type": "LineString", "coordinates": [ [ -9.42109, 38.71008 ], [ -9.42081, 38.70975 ] ] } },
{ "type": "Feature", "properties": { "services_sum": 2.0005557099194222, "total_departures_sum": 37, "route_short_name_sum": null, "services_unique": null, "total_departures_unique": null, "route_short_name_unique": "13" }, "geometry": { "type": "LineString", "coordinates": [ [ -9.42016, 38.71872 ], [ -9.42001, 38.719 ], [ -9.41974, 38.71944 ], [ -9.41944, 38.71965 ] ] } },
{ "type": "Feature", "properties": { "services_sum": 2.0005557099194222, "total_departures_sum": 37, "route_short_name_sum": null, "services_unique": null, "total_departures_unique": null, "route_short_name_unique": "13" }, "geometry": { "type": "LineString", "coordinates": [ [ -9.41955, 38.70807 ], [ -9.41935, 38.70796 ] ] } },
{ "type": "Feature", "properties": { "services_sum": 2.0005557099194222, "total_departures_sum": 37, "route_short_name_sum": null, "services_unique": null, "total_departures_unique": null, "route_short_name_unique": "13" }, "geometry": { "type": "LineString", "coordinates": [ [ -9.41854, 38.71992 ], [ -9.41823, 38.72012 ], [ -9.41822, 38.72009 ] ] } },
{ "type": "Feature", "properties": { "services_sum": 2.0005557099194222, "total_departures_sum": 37, "route_short_name_sum": null, "services_unique": null, "total_departures_unique": null, "route_short_name_unique": "13" }, "geometry": { "type": "LineString", "coordinates": [ [ -9.3881, 38.73531 ], [ -9.38795, 38.73544 ], [ -9.38773, 38.73558 ] ] } },
{ "type": "Feature", "properties": { "services_sum": 2.0005557099194222, "total_departures_sum": 37, "route_short_name_sum": null, "services_unique": null, "total_departures_unique": null, "route_short_name_unique": "13" }, "geometry": { "type": "LineString", "coordinates": [ [ -9.38301, 38.73696 ], [ -9.38271, 38.73702 ] ] } },
{ "type": "Feature", "properties": { "services_sum": 2.0005557099194222, "total_departures_sum": 37, "route_short_name_sum": null, "services_unique": null, "total_departures_unique": null, "route_short_name_unique": "13" }, "geometry": { "type": "LineString", "coordinates": [ [ -9.36852, 38.73539 ], [ -9.36849, 38.73549 ] ] } },
{ "type": "Feature", "properties": { "services_sum": 1.0002778549597111, "total_departures_sum": 70, "route_short_name_sum": null, "services_unique": null, "total_departures_unique": null, "route_short_name_unique": "6" }, "geometry": { "type": "LineString", "coordinates": [ [ -9.418662115931513, 38.701938687036844 ], [ -9.419209957122805, 38.702124226896863 ], [ -9.41908121109009, 38.702505457476292 ], [ -9.419091939926149, 38.703450823087898 ], [ -9.41895514726639, 38.703492425839379 ], [ -9.41896, 38.70349 ], [ -9.41895, 38.7035 ], [ -9.41847, 38.70348 ], [ -9.41819, 38.70347 ] ] } },
{ "type": "Feature", "properties": { "services_sum": 1.0002778549597111, "total_departures_sum": 70, "route_short_name_sum": null, "services_unique": null, "total_departures_unique": null, "route_short_name_unique": "6" }, "geometry": { "type": "LineString", "coordinates": [ [ -9.418616183102133, 38.701897658626365 ], [ -9.41803749650717, 38.701566397411902 ], [ -9.4178, 38.70155 ], [ -9.41771, 38.70156 ], [ -9.41769, 38.70186 ], [ -9.41779, 38.70224 ], [ -9.417794370641793, 38.702240041472152 ], [ -9.4178, 38.70226 ], [ -9.41786, 38.70254 ] ] } },
{ "type": "Feature", "properties": { "services_sum": 1.0002778549597111, "total_departures_sum": 70, "route_short_name_sum": null, "services_unique": null, "total_departures_unique": null, "route_short_name_unique": "6" }, "geometry": { "type": "LineString", "coordinates": [ [ -9.41829, 38.70692 ], [ -9.418138966376018, 38.706380594362848 ], [ -9.41802, 38.70594 ], [ -9.41801991502461, 38.705939684377121 ], [ -9.41782, 38.70511 ] ] } },
{ "type": "Feature", "properties": { "services_sum": 1.0002778549597111, "total_departures_sum": 70, "route_short_name_sum": null, "services_unique": null, "total_departures_unique": null, "route_short_name_unique": "6" }, "geometry": { "type": "LineString", "coordinates": [ [ -9.41811, 38.71671 ], [ -9.41806, 38.71695 ], [ -9.41806, 38.71703 ], [ -9.41813, 38.71715 ], [ -9.41813, 38.717314739681349 ], [ -9.41813, 38.71734 ], [ -9.41818, 38.71915 ], [ -9.41807, 38.71946 ] ] } },
{ "type": "Feature", "properties": { "services_sum": 1.0002778549597111, "total_departures_sum": 70, "route_short_name_sum": null, "services_unique": null, "total_departures_unique": null, "route_short_name_unique": "6" }, "geometry": { "type": "LineString", "coordinates": [ [ -9.41811, 38.71671 ], [ -9.41809, 38.71581 ] ] } },
{ "type": "Feature", "properties": { "services_sum": 1.0002778549597111, "total_departures_sum": 70, "route_short_name_sum": null, "services_unique": null, "total_departures_unique": null, "route_short_name_unique": "6" }, "geometry": { "type": "LineString", "coordinates": [ [ -9.41811, 38.71671 ], [ -9.418100430983747, 38.716346377465712 ], [ -9.4181, 38.71633 ] ] } },
{ "type": "Feature", "properties": { "services_sum": 1.0002778549597111, "total_departures_sum": 70, "route_short_name_sum": null, "services_unique": null, "total_departures_unique": null, "route_short_name_unique": "6" }, "geometry": { "type": "LineString", "coordinates": [ [ -9.41811, 38.72004 ], [ -9.41808, 38.72001 ], [ -9.41801, 38.71994 ], [ -9.41797, 38.71985 ], [ -9.418, 38.71969 ], [ -9.41807, 38.71946 ] ] } },
{ "type": "Feature", "properties": { "services_sum": 1.0002778549597111, "total_departures_sum": 70, "route_short_name_sum": null, "services_unique": null, "total_departures_unique": null, "route_short_name_unique": "6" }, "geometry": { "type": "LineString", "coordinates": [ [ -9.41807, 38.71946 ], [ -9.41813, 38.71946 ], [ -9.418102197889567, 38.719460000003799 ], [ -9.41807, 38.71946 ] ] } },
{ "type": "Feature", "properties": { "services_sum": 1.0002778549597111, "total_departures_sum": 70, "route_short_name_sum": null, "services_unique": null, "total_departures_unique": null, "route_short_name_unique": "6" }, "geometry": { "type": "LineString", "coordinates": [ [ -9.41804, 38.7082 ], [ -9.418047163622326, 38.708180101115659 ], [ -9.41813, 38.70795 ], [ -9.41798, 38.70805 ], [ -9.41774, 38.70815 ], [ -9.41739, 38.70818 ], [ -9.41736506685354, 38.708181994784532 ], [ -9.41614, 38.70828 ], [ -9.41602, 38.70822 ], [ -9.41594, 38.70819 ], [ -9.41589, 38.7082 ], [ -9.41585, 38.70822 ], [ -9.41581, 38.70828 ], [ -9.41582, 38.70833 ], [ -9.41588, 38.70838 ], [ -9.41592, 38.7084 ], [ -9.41595, 38.70846 ], [ -9.41586, 38.70909 ], [ -9.4157, 38.7096 ], [ -9.41542, 38.71029 ] ] } },
{ "type": "Feature", "properties": { "services_sum": 1.0002778549597111, "total_departures_sum": 70, "route_short_name_sum": null, "services_unique": null, "total_departures_unique": null, "route_short_name_unique": "6" }, "geometry": { "type": "LineString", "coordinates": [ [ -9.41802, 38.70998 ], [ -9.417991964638462, 38.710307079323044 ], [ -9.41799, 38.71033 ] ] } },
{ "type": "Feature", "properties": { "services_sum": 1.0002778549597111, "total_departures_sum": 70, "route_short_name_sum": null, "services_unique": null, "total_departures_unique": null, "route_short_name_unique": "6" }, "geometry": { "type": "LineString", "coordinates": [ [ -9.41799, 38.70337 ], [ -9.41796, 38.70324 ], [ -9.41789, 38.70286 ] ] } },
{ "type": "Feature", "properties": { "services_sum": 1.0002778549597111, "total_departures_sum": 70, "route_short_name_sum": null, "services_unique": null, "total_departures_unique": null, "route_short_name_unique": "6" }, "geometry": { "type": "LineString", "coordinates": [ [ -9.41781, 38.70517 ], [ -9.417807555365599, 38.705147591017258 ], [ -9.41775, 38.70462 ] ] } },
{ "type": "Feature", "properties": { "services_sum": 1.0002778549597111, "total_departures_sum": 70, "route_short_name_sum": null, "services_unique": null, "total_departures_unique": null, "route_short_name_unique": "6" }, "geometry": { "type": "LineString", "coordinates": [ [ -9.41771, 38.71509 ], [ -9.41776, 38.71503 ], [ -9.41778, 38.71497 ], [ -9.41776, 38.71488 ], [ -9.41769, 38.71481 ], [ -9.41756, 38.71477 ] ] } },
{ "type": "Feature", "properties": { "services_sum": 1.0002778549597111, "total_departures_sum": 70, "route_short_name_sum": null, "services_unique": null, "total_departures_unique": null, "route_short_name_unique": "6" }, "geometry": { "type": "LineString", "coordinates": [ [ -9.41712, 38.72327 ], [ -9.417100833738509, 38.722963339873445 ], [ -9.4171, 38.72295 ] ] } },
{ "type": "Feature", "properties": { "services_sum": 1.0002778549597111, "total_departures_sum": 70, "route_short_name_sum": null, "services_unique": null, "total_departures_unique": null, "route_short_name_unique": "6" }, "geometry": { "type": "LineString", "coordinates": [ [ -9.41711, 38.72257 ], [ -9.41709125386188, 38.722851192145924 ], [ -9.41709, 38.72287 ] ] } },
{ "type": "Feature", "properties": { "services_sum": 1.0002778549597111, "total_departures_sum": 70, "route_short_name_sum": null, "services_unique": null, "total_departures_unique": null, "route_short_name_unique": "6" }, "geometry": { "type": "LineString", "coordinates": [ [ -9.41643, 38.72443 ], [ -9.415372161202653, 38.724667272317461 ], [ -9.41536, 38.72467 ] ] } },
{ "type": "Feature", "properties": { "services_sum": 1.0002778549597111, "total_departures_sum": 70, "route_short_name_sum": null, "services_unique": null, "total_departures_unique": null, "route_short_name_unique": "6" }, "geometry": { "type": "LineString", "coordinates": [ [ -9.41594, 38.71046 ], [ -9.415779245225899, 38.710403735866741 ], [ -9.41574, 38.71039 ] ] } },
{ "type": "Feature", "properties": { "services_sum": 1.0002778549597111, "total_departures_sum": 70, "route_short_name_sum": null, "services_unique": null, "total_departures_unique": null, "route_short_name_unique": "6" }, "geometry": { "type": "LineString", "coordinates": [ [ -9.41509, 38.72476 ], [ -9.41507360952351, 38.724765388717316 ], [ -9.41436, 38.725 ] ] } },
{ "type": "Feature", "properties": { "services_sum": 1.0002778549597111, "total_departures_sum": 70, "route_short_name_sum": null, "services_unique": null, "total_departures_unique": null, "route_short_name_unique": "6" }, "geometry": { "type": "LineString", "coordinates": [ [ -9.4148, 38.71156 ], [ -9.414809582771539, 38.711541473465722 ], [ -9.4151, 38.71098 ], [ -9.41469, 38.71177 ], [ -9.414683087936474, 38.711783195839004 ], [ -9.41447, 38.71219 ], [ -9.41436, 38.71219 ], [ -9.41428, 38.71225 ], [ -9.41428, 38.71231 ], [ -9.41433, 38.71236 ], [ -9.41436, 38.71237 ] ] } },
{ "type": "Feature", "properties": { "services_sum": 1.0002778549597111, "total_departures_sum": 70, "route_short_name_sum": null, "services_unique": null, "total_departures_unique": null, "route_short_name_unique": "6" }, "geometry": { "type": "LineString", "coordinates": [ [ -9.41394, 38.7136 ], [ -9.413945459382139, 38.713575978860575 ], [ -9.41404, 38.71316 ], [ -9.41392, 38.71378 ], [ -9.413917407133544, 38.71380636102483 ], [ -9.41386, 38.71439 ] ] } },
{ "type": "Feature", "properties": { "services_sum": 1.0002778549597111, "total_departures_sum": 70, "route_short_name_sum": null, "services_unique": null, "total_departures_unique": null, "route_short_name_unique": "6" }, "geometry": { "type": "LineString", "coordinates": [ [ -9.41333, 38.71584 ], [ -9.41351, 38.71597 ], [ -9.41345, 38.71592 ], [ -9.413449548158207, 38.715919698772133 ], [ -9.41333, 38.71584 ] ] } },
{ "type": "Feature", "properties": { "services_sum": 1.0002778549597111, "total_departures_sum": 70, "route_short_name_sum": null, "services_unique": null, "total_departures_unique": null, "route_short_name_unique": "6" }, "geometry": { "type": "LineString", "coordinates": [ [ -9.41333, 38.71584 ], [ -9.4132, 38.71563 ] ] } },
{ "type": "Feature", "properties": { "services_sum": 1.0002778549597111, "total_departures_sum": 70, "route_short_name_sum": null, "services_unique": null, "total_departures_unique": null, "route_short_name_unique": "6" }, "geometry": { "type": "LineString", "coordinates": [ [ -9.41333, 38.71584 ], [ -9.41323, 38.71569 ], [ -9.4132, 38.71563 ] ] } },
{ "type": "Feature", "properties": { "services_sum": 1.0002778549597111, "total_departures_sum": 70, "route_short_name_sum": null, "services_unique": null, "total_departures_unique": null, "route_short_name_unique": "6" }, "geometry": { "type": "LineString", "coordinates": [ [ -9.4132, 38.7153 ], [ -9.41316, 38.71545 ], [ -9.4132, 38.71563 ] ] } },
{ "type": "Feature", "properties": { "services_sum": 1.0002778549597111, "total_departures_sum": 70, "route_short_name_sum": null, "services_unique": null, "total_departures_unique": null, "route_short_name_unique": "6" }, "geometry": { "type": "LineString", "coordinates": [ [ -9.4132, 38.7153 ], [ -9.413468438061823, 38.71495664526033 ], [ -9.41375, 38.7146 ], [ -9.41342, 38.71502 ], [ -9.413404907570392, 38.715039208630039 ], [ -9.4132, 38.7153 ] ] } },
{ "type": "Feature", "properties": { "services_sum": 1.0002778549597111, "total_departures_sum": 70, "route_short_name_sum": null, "services_unique": null, "total_departures_unique": null, "route_short_name_unique": "6" }, "geometry": { "type": "LineString", "coordinates": [ [ -9.4132, 38.71563 ], [ -9.41306, 38.71551 ], [ -9.41304, 38.71539 ] ] } },
{ "type": "Feature", "properties": { "services_sum": 1.0002778549597111, "total_departures_sum": 70, "route_short_name_sum": null, "services_unique": null, "total_departures_unique": null, "route_short_name_unique": "6" }, "geometry": { "type": "LineString", "coordinates": [ [ -9.41319, 38.72238 ], [ -9.413161287551562, 38.722638412078005 ], [ -9.41316, 38.72265 ] ] } },
{ "type": "Feature", "properties": { "services_sum": 1.0002778549597111, "total_departures_sum": 70, "route_short_name_sum": null, "services_unique": null, "total_departures_unique": null, "route_short_name_unique": "6" }, "geometry": { "type": "LineString", "coordinates": [ [ -9.41315, 38.72269 ], [ -9.413148230636629, 38.722695444226019 ], [ -9.41302, 38.72309 ] ] } },
{ "type": "Feature", "properties": { "services_sum": 1.0002778549597111, "total_departures_sum": 70, "route_short_name_sum": null, "services_unique": null, "total_departures_unique": null, "route_short_name_unique": "6" }, "geometry": { "type": "LineString", "coordinates": [ [ -9.41205, 38.72627 ], [ -9.41189, 38.72619 ] ] } },
{ "type": "Feature", "properties": { "services_sum": 1.0002778549597111, "total_departures_sum": 70, "route_short_name_sum": null, "services_unique": null, "total_departures_unique": null, "route_short_name_unique": "6" }, "geometry": { "type": "LineString", "coordinates": [ [ -9.41199, 38.72638 ], [ -9.41197, 38.72633 ], [ -9.411969633668706, 38.726329358920232 ], [ -9.41189, 38.72619 ] ] } },
{ "type": "Feature", "properties": { "services_sum": 1.0002778549597111, "total_departures_sum": 70, "route_short_name_sum": null, "services_unique": null, "total_departures_unique": null, "route_short_name_unique": "6" }, "geometry": { "type": "LineString", "coordinates": [ [ -9.41189, 38.72619 ], [ -9.41187, 38.72617 ], [ -9.41125, 38.72534 ] ] } },
{ "type": "Feature", "properties": { "services_sum": 1.0002778549597111, "total_departures_sum": 70, "route_short_name_sum": null, "services_unique": null, "total_departures_unique": null, "route_short_name_unique": "6" }, "geometry": { "type": "LineString", "coordinates": [ [ -9.41121, 38.72215 ], [ -9.41121, 38.72254 ], [ -9.41115, 38.72312 ], [ -9.41117, 38.72299 ], [ -9.411155056957956, 38.722994715236574 ], [ -9.41116, 38.72297 ] ] } },
{ "type": "Feature", "properties": { "services_sum": 1.0002778549597111, "total_departures_sum": 70, "route_short_name_sum": null, "services_unique": null, "total_departures_unique": null, "route_short_name_unique": "6" }, "geometry": { "type": "LineString", "coordinates": [ [ -9.411, 38.73022 ], [ -9.411029432536546, 38.729886431252474 ], [ -9.41108, 38.7292 ], [ -9.41105, 38.72973 ], [ -9.41104980656481, 38.729732321222279 ], [ -9.41102, 38.73007 ] ] } },
{ "type": "Feature", "properties": { "services_sum": 1.0002778549597111, "total_departures_sum": 70, "route_short_name_sum": null, "services_unique": null, "total_departures_unique": null, "route_short_name_unique": "6" }, "geometry": { "type": "LineString", "coordinates": [ [ -9.41043, 38.73184 ], [ -9.41016, 38.73249 ], [ -9.410160160827589, 38.732495323942487 ], [ -9.41015, 38.73252 ] ] } },
{ "type": "Feature", "properties": { "services_sum": 1.0002778549597111, "total_departures_sum": 70, "route_short_name_sum": null, "services_unique": null, "total_departures_unique": null, "route_short_name_unique": "6" }, "geometry": { "type": "LineString", "coordinates": [ [ -9.40967, 38.73353 ], [ -9.40961, 38.73345 ], [ -9.40941, 38.73291 ], [ -9.409329200428957, 38.732748400902707 ], [ -9.40932, 38.73273 ] ] } },
{ "type": "Feature", "properties": { "services_sum": 1.0002778549597111, "total_departures_sum": 70, "route_short_name_sum": null, "services_unique": null, "total_departures_unique": null, "route_short_name_unique": "6" }, "geometry": { "type": "LineString", "coordinates": [ [ -9.40961, 38.7337 ], [ -9.4087, 38.73447 ], [ -9.40837, 38.73475 ] ] } },
{ "type": "Feature", "properties": { "services_sum": 1.0002778549597111, "total_departures_sum": 70, "route_short_name_sum": null, "services_unique": null, "total_departures_unique": null, "route_short_name_unique": "6" }, "geometry": { "type": "LineString", "coordinates": [ [ -9.40881, 38.73191 ], [ -9.408593694765246, 38.731580839968792 ], [ -9.40847, 38.73143 ] ] } },
{ "type": "Feature", "properties": { "services_sum": 1.0002778549597111, "total_departures_sum": 70, "route_short_name_sum": null, "services_unique": null, "total_departures_unique": null, "route_short_name_unique": "6" }, "geometry": { "type": "LineString", "coordinates": [ [ -9.40837, 38.73475 ], [ -9.40749, 38.73537 ], [ -9.407470303701933, 38.735384306163567 ], [ -9.40559, 38.73675 ], [ -9.40551, 38.73668 ], [ -9.40538, 38.73669 ], [ -9.40533, 38.73673 ], [ -9.40532, 38.73678 ], [ -9.40533, 38.73684 ], [ -9.4054, 38.73689 ] ] } },
{ "type": "Feature", "properties": { "services_sum": 1.0002778549597111, "total_departures_sum": 70, "route_short_name_sum": null, "services_unique": null, "total_departures_unique": null, "route_short_name_unique": "6" }, "geometry": { "type": "LineString", "coordinates": [ [ -9.40837, 38.73475 ], [ -9.407563083974072, 38.735323591121116 ], [ -9.40754, 38.73534 ] ] } },
{ "type": "Feature", "properties": { "services_sum": 1.0002778549597111, "total_departures_sum": 70, "route_short_name_sum": null, "services_unique": null, "total_departures_unique": null, "route_short_name_unique": "6" }, "geometry": { "type": "LineString", "coordinates": [ [ -9.40422, 38.73777 ], [ -9.404239831500062, 38.737755457035597 ], [ -9.40482, 38.73733 ], [ -9.40415, 38.73781 ], [ -9.404123574062776, 38.737825299310479 ], [ -9.40377, 38.73803 ], [ -9.40372, 38.73805 ], [ -9.40368, 38.7381 ], [ -9.40365, 38.73822 ], [ -9.4036, 38.73831 ], [ -9.4035, 38.73839 ], [ -9.40334, 38.73857 ], [ -9.40326, 38.73862 ], [ -9.40247, 38.73887 ], [ -9.40189, 38.73898 ], [ -9.40012, 38.73945 ], [ -9.40005, 38.73945 ], [ -9.39986, 38.73949 ], [ -9.399818495200213, 38.739498300971661 ], [ -9.39976, 38.73951 ], [ -9.39959, 38.73958 ], [ -9.39898, 38.73975 ], [ -9.3983, 38.73996 ], [ -9.39813, 38.74003 ], [ -9.39739, 38.74021 ], [ -9.39655, 38.74048 ], [ -9.39558, 38.74082 ], [ -9.39479, 38.74115 ], [ -9.39463, 38.74118 ], [ -9.39442, 38.74115 ], [ -9.39431, 38.74112 ], [ -9.3942, 38.74108 ], [ -9.39407, 38.74109 ], [ -9.39398, 38.74115 ], [ -9.39384, 38.74136 ], [ -9.39363, 38.74144 ], [ -9.39355, 38.74141 ], [ -9.39346, 38.74143 ], [ -9.39339, 38.74149 ], [ -9.39338, 38.74156 ], [ -9.39343, 38.74163 ], [ -9.39345, 38.74178 ], [ -9.3934, 38.74194 ], [ -9.393385973867685, 38.741980675930868 ], [ -9.3933, 38.74223 ], [ -9.39311, 38.74262 ], [ -9.393377224891866, 38.742065755827667 ], [ -9.39338, 38.74206 ], [ -9.39351, 38.74179 ] ] } },
{ "type": "Feature", "properties": { "services_sum": 1.0002778549597111, "total_departures_sum": 70, "route_short_name_sum": null, "services_unique": null, "total_departures_unique": null, "route_short_name_unique": "6" }, "geometry": { "type": "LineString", "coordinates": [ [ -9.39924, 38.7038 ], [ -9.399046267426476, 38.704342451344161 ], [ -9.39904, 38.70436 ] ] } },
{ "type": "Feature", "properties": { "services_sum": 1.0002778549597111, "total_departures_sum": 70, "route_short_name_sum": null, "services_unique": null, "total_departures_unique": null, "route_short_name_unique": "6" }, "geometry": { "type": "LineString", "coordinates": [ [ -9.39872, 38.74102 ], [ -9.398658949872486, 38.741028721449268 ], [ -9.39865, 38.74103 ] ] } },
{ "type": "Feature", "properties": { "services_sum": 1.0002778549597111, "total_departures_sum": 70, "route_short_name_sum": null, "services_unique": null, "total_departures_unique": null, "route_short_name_unique": "6" }, "geometry": { "type": "LineString", "coordinates": [ [ -9.39843, 38.72318 ], [ -9.398101108803287, 38.722811243211652 ], [ -9.3981, 38.72281 ], [ -9.39452, 38.719 ], [ -9.398061856318995, 38.722771329280668 ], [ -9.39807, 38.72278 ] ] } },
{ "type": "Feature", "properties": { "services_sum": 1.0002778549597111, "total_departures_sum": 70, "route_short_name_sum": null, "services_unique": null, "total_departures_unique": null, "route_short_name_unique": "6" }, "geometry": { "type": "LineString", "coordinates": [ [ -9.39778, 38.70813 ], [ -9.397083684909422, 38.707984934436375 ], [ -9.39706, 38.70798 ] ] } },
{ "type": "Feature", "properties": { "services_sum": 1.0002778549597111, "total_departures_sum": 70, "route_short_name_sum": null, "services_unique": null, "total_departures_unique": null, "route_short_name_unique": "6" }, "geometry": { "type": "LineString", "coordinates": [ [ -9.39777, 38.72975 ], [ -9.39777254706917, 38.729735637737797 ], [ -9.39874, 38.72428 ], [ -9.397841065259694, 38.729383952128316 ], [ -9.39784, 38.72939 ], [ -9.39761, 38.73061 ], [ -9.39749, 38.73076 ], [ -9.39736, 38.73082 ], [ -9.39732, 38.7309 ], [ -9.39731, 38.73096 ], [ -9.39733, 38.73102 ], [ -9.39738, 38.73107 ], [ -9.39744, 38.7312 ], [ -9.39746, 38.7314 ] ] } },
{ "type": "Feature", "properties": { "services_sum": 1.0002778549597111, "total_departures_sum": 70, "route_short_name_sum": null, "services_unique": null, "total_departures_unique": null, "route_short_name_unique": "6" }, "geometry": { "type": "LineString", "coordinates": [ [ -9.39733, 38.73209 ], [ -9.397281968817332, 38.732176456133502 ], [ -9.39729, 38.73217 ], [ -9.39715, 38.73284 ], [ -9.397, 38.73305 ], [ -9.3969, 38.73309 ] ] } },
{ "type": "Feature", "properties": { "services_sum": 1.0002778549597111, "total_departures_sum": 70, "route_short_name_sum": null, "services_unique": null, "total_departures_unique": null, "route_short_name_unique": "6" }, "geometry": { "type": "LineString", "coordinates": [ [ -9.39733, 38.7322 ], [ -9.397293212457964, 38.732411528421913 ], [ -9.39729, 38.73243 ], [ -9.39719, 38.7329 ], [ -9.39719, 38.73308 ], [ -9.39723, 38.73316 ], [ -9.39721, 38.73321 ], [ -9.39716, 38.73325 ], [ -9.39709, 38.73327 ] ] } },
{ "type": "Feature", "properties": { "services_sum": 1.0002778549597111, "total_departures_sum": 70, "route_short_name_sum": null, "services_unique": null, "total_departures_unique": null, "route_short_name_unique": "6" }, "geometry": { "type": "LineString", "coordinates": [ [ -9.39581, 38.70982 ], [ -9.39577222881946, 38.71010328392066 ], [ -9.39577, 38.71012 ] ] } },
{ "type": "Feature", "properties": { "services_sum": 1.0002778549597111, "total_departures_sum": 70, "route_short_name_sum": null, "services_unique": null, "total_departures_unique": null, "route_short_name_unique": "6" }, "geometry": { "type": "LineString", "coordinates": [ [ -9.39581, 38.73308 ], [ -9.395428973543053, 38.733177699109227 ], [ -9.39542, 38.73318 ], [ -9.39522, 38.73325 ], [ -9.395463020060577, 38.733172233580618 ], [ -9.39547, 38.73317 ] ] } },
{ "type": "Feature", "properties": { "services_sum": 1.0002778549597111, "total_departures_sum": 70, "route_short_name_sum": null, "services_unique": null, "total_departures_unique": null, "route_short_name_unique": "6" }, "geometry": { "type": "LineString", "coordinates": [ [ -9.39574, 38.7089 ], [ -9.395738552045074, 38.708887964097528 ], [ -9.39558, 38.70757 ], [ -9.395578628115722, 38.707559025022775 ], [ -9.3955, 38.70693 ] ] } },
{ "type": "Feature", "properties": { "services_sum": 1.0002778549597111, "total_departures_sum": 70, "route_short_name_sum": null, "services_unique": null, "total_departures_unique": null, "route_short_name_unique": "6" }, "geometry": { "type": "LineString", "coordinates": [ [ -9.39564, 38.71299 ], [ -9.394752285010053, 38.713157679549994 ], [ -9.39474, 38.71316 ] ] } },
{ "type": "Feature", "properties": { "services_sum": 1.0002778549597111, "total_departures_sum": 70, "route_short_name_sum": null, "services_unique": null, "total_departures_unique": null, "route_short_name_unique": "6" }, "geometry": { "type": "LineString", "coordinates": [ [ -9.39426, 38.70432 ], [ -9.394180295455994, 38.70509711933547 ], [ -9.39418, 38.7051 ] ] } },
{ "type": "Feature", "properties": { "services_sum": 1.0002778549597111, "total_departures_sum": 70, "route_short_name_sum": null, "services_unique": null, "total_departures_unique": null, "route_short_name_unique": "6" }, "geometry": { "type": "LineString", "coordinates": [ [ -9.39416, 38.71805 ], [ -9.39417, 38.71824 ], [ -9.39417, 38.718241390476571 ], [ -9.39417, 38.71835 ] ] } },
{ "type": "Feature", "properties": { "services_sum": 1.0002778549597111, "total_departures_sum": 70, "route_short_name_sum": null, "services_unique": null, "total_departures_unique": null, "route_short_name_unique": "6" }, "geometry": { "type": "LineString", "coordinates": [ [ -9.39398, 38.70769 ], [ -9.393979960614088, 38.707690571107342 ], [ -9.39388, 38.70914 ] ] } },
{ "type": "Feature", "properties": { "services_sum": 1.0002778549597111, "total_departures_sum": 70, "route_short_name_sum": null, "services_unique": null, "total_departures_unique": null, "route_short_name_unique": "6" }, "geometry": { "type": "LineString", "coordinates": [ [ -9.39398, 38.7147 ], [ -9.39371, 38.71389 ], [ -9.39354, 38.71349 ], [ -9.39346, 38.71343 ], [ -9.39343, 38.71339 ], [ -9.39342, 38.7133 ], [ -9.39348, 38.7132 ] ] } },
{ "type": "Feature", "properties": { "services_sum": 1.0002778549597111, "total_departures_sum": 70, "route_short_name_sum": null, "services_unique": null, "total_departures_unique": null, "route_short_name_unique": "6" }, "geometry": { "type": "LineString", "coordinates": [ [ -9.39367, 38.71229 ], [ -9.393601157314604, 38.712693221481601 ], [ -9.3936, 38.7127 ] ] } },
{ "type": "Feature", "properties": { "services_sum": 1.0002778549597111, "total_departures_sum": 70, "route_short_name_sum": null, "services_unique": null, "total_departures_unique": null, "route_short_name_unique": "6" }, "geometry": { "type": "LineString", "coordinates": [ [ -9.39275, 38.74303 ], [ -9.39248, 38.74347 ] ] } },
{ "type": "Feature", "properties": { "services_sum": 1.0002778549597111, "total_departures_sum": 70, "route_short_name_sum": null, "services_unique": null, "total_departures_unique": null, "route_short_name_unique": "6" }, "geometry": { "type": "LineString", "coordinates": [ [ -9.39248, 38.74347 ], [ -9.39217, 38.74426 ], [ -9.392166460728514, 38.744268925194184 ], [ -9.39194, 38.74484 ], [ -9.39146, 38.74579 ], [ -9.391940966090948, 38.74481844905845 ], [ -9.39196, 38.74478 ], [ -9.39248, 38.74347 ] ] } },
{ "type": "Feature", "properties": { "services_sum": 1.0002778549597111, "total_departures_sum": 70, "route_short_name_sum": null, "services_unique": null, "total_departures_unique": null, "route_short_name_unique": "6" }, "geometry": { "type": "LineString", "coordinates": [ [ -9.39044, 38.73476 ], [ -9.390052090614462, 38.734879356738539 ], [ -9.39005, 38.73488 ], [ -9.38952, 38.73504 ], [ -9.38982, 38.73495 ], [ -9.389821310280189, 38.734949629706648 ], [ -9.39028, 38.73482 ] ] } },
{ "type": "Feature", "properties": { "services_sum": 1.0002778549597111, "total_departures_sum": 70, "route_short_name_sum": null, "services_unique": null, "total_departures_unique": null, "route_short_name_unique": "6" }, "geometry": { "type": "LineString", "coordinates": [ [ -9.38978, 38.73757 ], [ -9.38964, 38.73721 ], [ -9.389637398918987, 38.737203970266243 ], [ -9.38942, 38.7367 ] ] } },
{ "type": "Feature", "properties": { "services_sum": 1.0002778549597111, "total_departures_sum": 70, "route_short_name_sum": null, "services_unique": null, "total_departures_unique": null, "route_short_name_unique": "6" }, "geometry": { "type": "LineString", "coordinates": [ [ -9.38969, 38.73733 ], [ -9.389688615981383, 38.737326401565099 ], [ -9.38959, 38.73707 ] ] } },
{ "type": "Feature", "properties": { "services_sum": 1.0002778549597111, "total_departures_sum": 70, "route_short_name_sum": null, "services_unique": null, "total_departures_unique": null, "route_short_name_unique": "6" }, "geometry": { "type": "LineString", "coordinates": [ [ -9.38882, 38.73515 ], [ -9.38888, 38.73533 ], [ -9.38863, 38.73522 ] ] } },
{ "type": "Feature", "properties": { "services_sum": 1.0002778549597111, "total_departures_sum": 70, "route_short_name_sum": null, "services_unique": null, "total_departures_unique": null, "route_short_name_unique": "6" }, "geometry": { "type": "LineString", "coordinates": [ [ -9.38877, 38.74041 ], [ -9.38837, 38.74058 ], [ -9.38804, 38.74076 ], [ -9.38804, 38.74077 ], [ -9.38771, 38.74093 ], [ -9.38807, 38.74075 ], [ -9.388071329707566, 38.740749274709884 ], [ -9.38851, 38.74051 ] ] } },
{ "type": "Feature", "properties": { "services_sum": 1.0002778549597111, "total_departures_sum": 70, "route_short_name_sum": null, "services_unique": null, "total_departures_unique": null, "route_short_name_unique": "6" }, "geometry": { "type": "LineString", "coordinates": [ [ -9.38188, 38.74793 ], [ -9.38287, 38.7475 ], [ -9.38226, 38.74776 ], [ -9.382249511384019, 38.747764692275567 ], [ -9.38188, 38.74793 ] ] } },
{ "type": "Feature", "properties": { "services_sum": 1.0002778549597111, "total_departures_sum": 70, "route_short_name_sum": null, "services_unique": null, "total_departures_unique": null, "route_short_name_unique": "6" }, "geometry": { "type": "LineString", "coordinates": [ [ -9.38188, 38.74793 ], [ -9.381801364368417, 38.747723581467092 ], [ -9.3818, 38.74772 ], [ -9.38153, 38.74703 ], [ -9.38188, 38.74793 ] ] } },
{ "type": "Feature", "properties": { "services_sum": 1.0002778549597111, "total_departures_sum": 70, "route_short_name_sum": null, "services_unique": null, "total_departures_unique": null, "route_short_name_unique": "6" }, "geometry": { "type": "LineString", "coordinates": [ [ -9.38053, 38.74605 ], [ -9.38055, 38.74617 ], [ -9.38065, 38.74645 ], [ -9.3806, 38.74634 ], [ -9.38053, 38.74605 ] ] } },
{ "type": "Feature", "properties": { "services_sum": 1.0002778549597111, "total_departures_sum": 70, "route_short_name_sum": null, "services_unique": null, "total_departures_unique": null, "route_short_name_unique": "6" }, "geometry": { "type": "LineString", "coordinates": [ [ -9.38053, 38.74605 ], [ -9.380529373398094, 38.74568240418175 ], [ -9.38052, 38.74512 ], [ -9.38052, 38.745353439634364 ], [ -9.38052, 38.74535 ], [ -9.38053, 38.74605 ] ] } },
{ "type": "Feature", "properties": { "services_sum": 1.0002778549597111, "total_departures_sum": 70, "route_short_name_sum": null, "services_unique": null, "total_departures_unique": null, "route_short_name_unique": "6" }, "geometry": { "type": "LineString", "coordinates": [ [ -9.41731, 38.71496 ], [ -9.41682, 38.71503 ], [ -9.416784685442179, 38.715035610892656 ], [ -9.41575, 38.7152 ], [ -9.4169, 38.71502 ], [ -9.416918857700855, 38.715017240370095 ], [ -9.41731, 38.71496 ] ] } },
{ "type": "Feature", "properties": { "services_sum": 1.0002778549597111, "total_departures_sum": 70, "route_short_name_sum": null, "services_unique": null, "total_departures_unique": null, "route_short_name_unique": "6" }, "geometry": { "type": "LineString", "coordinates": [ [ -9.41473, 38.71539 ], [ -9.41458, 38.71551 ], [ -9.414393184493685, 38.715696815551269 ], [ -9.41438, 38.71571 ], [ -9.4142, 38.71591 ], [ -9.41456, 38.71553 ], [ -9.414557255332351, 38.715532744678967 ], [ -9.41453, 38.71556 ], [ -9.41473, 38.71539 ] ] } },
{ "type": "Feature", "properties": { "services_sum": 1.0002778549597111, "total_departures_sum": 70, "route_short_name_sum": null, "services_unique": null, "total_departures_unique": null, "route_short_name_unique": "6" }, "geometry": { "type": "LineString", "coordinates": [ [ -9.39427, 38.71643 ], [ -9.394250232197599, 38.717092221452518 ], [ -9.39425, 38.7171 ], [ -9.39421, 38.71767 ], [ -9.39426, 38.7168 ], [ -9.39427, 38.71643 ] ] } },
{ "type": "Feature", "properties": { "services_sum": 1.0002778549597111, "total_departures_sum": 70, "route_short_name_sum": null, "services_unique": null, "total_departures_unique": null, "route_short_name_unique": "6" }, "geometry": { "type": "LineString", "coordinates": [ [ -9.39307, 38.73412 ], [ -9.392702633470813, 38.734080284703822 ], [ -9.3927, 38.73408 ], [ -9.39211, 38.73403 ], [ -9.39272, 38.73409 ], [ -9.392728020708564, 38.734090687501265 ], [ -9.39307, 38.73412 ] ] } },
{ "type": "Feature", "properties": { "services_sum": 1.0002778549597111, "total_departures_sum": 70, "route_short_name_sum": null, "services_unique": null, "total_departures_unique": null, "route_short_name_unique": "6" }, "geometry": { "type": "LineString", "coordinates": [ [ -9.39218, 38.73955 ], [ -9.39208254000936, 38.739618221995329 ], [ -9.391979758227661, 38.739680109896518 ], [ -9.39176, 38.73978 ], [ -9.39175347140308, 38.739781571699261 ], [ -9.39122, 38.73991 ], [ -9.391757023847926, 38.739780716481057 ], [ -9.392061145123918, 38.739632284152989 ], [ -9.39218, 38.73955 ] ] } },
{ "type": "Feature", "properties": { "services_sum": 1.0002778549597111, "total_departures_sum": 70, "route_short_name_sum": null, "services_unique": null, "total_departures_unique": null, "route_short_name_unique": "6" }, "geometry": { "type": "LineString", "coordinates": [ [ -9.39112, 38.74583 ], [ -9.38959, 38.74563 ], [ -9.389578480208748, 38.745628523143438 ], [ -9.38881, 38.74553 ], [ -9.389508528646743, 38.745623137315008 ], [ -9.38956, 38.74563 ], [ -9.39112, 38.74583 ] ] } },
{ "type": "Feature", "properties": { "services_sum": 1.0002778549597111, "total_departures_sum": 70, "route_short_name_sum": null, "services_unique": null, "total_departures_unique": null, "route_short_name_unique": "6" }, "geometry": { "type": "LineString", "coordinates": [ [ -9.39024, 38.74039 ], [ -9.38975, 38.74037 ], [ -9.389742538324072, 38.74037 ], [ -9.38901, 38.74037 ], [ -9.389386475078236, 38.74037 ], [ -9.39024, 38.74039 ] ] } },
{ "type": "Feature", "properties": { "services_sum": 1.0002778549597111, "total_departures_sum": 70, "route_short_name_sum": null, "services_unique": null, "total_departures_unique": null, "route_short_name_unique": "6" }, "geometry": { "type": "LineString", "coordinates": [ [ -9.3886, 38.74557 ], [ -9.38659, 38.74627 ], [ -9.386585796293415, 38.746271451321419 ], [ -9.38491, 38.74685 ], [ -9.386529237242858, 38.7462939972405 ], [ -9.38657, 38.74628 ], [ -9.3886, 38.74557 ] ] } },
{ "type": "Feature", "properties": { "services_sum": 1.0002778549597111, "total_departures_sum": 70, "route_short_name_sum": null, "services_unique": null, "total_departures_unique": null, "route_short_name_unique": "6" }, "geometry": { "type": "LineString", "coordinates": [ [ -9.38517, 38.74133 ], [ -9.384803344777682, 38.741587649629395 ], [ -9.3848, 38.74159 ], [ -9.38465, 38.7417 ], [ -9.38448, 38.74177 ], [ -9.38463, 38.74171 ], [ -9.384668612822725, 38.74168282823036 ], [ -9.38517, 38.74133 ] ] } },
{ "type": "Feature", "properties": { "services_sum": 1.0002778549597111, "total_departures_sum": 70, "route_short_name_sum": null, "services_unique": null, "total_departures_unique": null, "route_short_name_unique": "6" }, "geometry": { "type": "LineString", "coordinates": [ [ -9.38474, 38.74687 ], [ -9.38447, 38.74689 ], [ -9.384467834148127, 38.746890086636363 ], [ -9.38422, 38.7469 ], [ -9.38398, 38.74697 ], [ -9.38426, 38.7469 ], [ -9.384254987566054, 38.746900000006697 ], [ -9.3843, 38.7469 ], [ -9.38474, 38.74687 ] ] } },
{ "type": "Feature", "properties": { "services_sum": 1.0002778549597111, "total_departures_sum": 70, "route_short_name_sum": null, "services_unique": null, "total_departures_unique": null, "route_short_name_unique": "6" }, "geometry": { "type": "LineString", "coordinates": [ [ -9.38232, 38.742 ], [ -9.381752824528125, 38.742519911147603 ], [ -9.38172, 38.74255 ], [ -9.38148, 38.74274 ], [ -9.38178, 38.7425 ], [ -9.381781580605763, 38.742498536489997 ], [ -9.38232, 38.742 ] ] } },
{ "type": "Feature", "properties": { "services_sum": 1.0002778549597111, "total_departures_sum": 31, "route_short_name_sum": null, "services_unique": null, "total_departures_unique": null, "route_short_name_unique": "12" }, "geometry": { "type": "LineString", "coordinates": [ [ -9.41861651837826, 38.701898949293778 ], [ -9.418025061373458, 38.701557250129305 ], [ -9.41795, 38.70154 ] ] } },
{ "type": "Feature", "properties": { "services_sum": 1.0002778549597111, "total_departures_sum": 31, "route_short_name_sum": null, "services_unique": null, "total_departures_unique": null, "route_short_name_unique": "12" }, "geometry": { "type": "LineString", "coordinates": [ [ -9.41813, 38.70795 ], [ -9.4180408280862, 38.708197699768824 ], [ -9.41804, 38.7082 ] ] } },
{ "type": "Feature", "properties": { "services_sum": 1.0002778549597111, "total_departures_sum": 31, "route_short_name_sum": null, "services_unique": null, "total_departures_unique": null, "route_short_name_unique": "12" }, "geometry": { "type": "LineString", "coordinates": [ [ -9.41802, 38.70998 ], [ -9.417990401276304, 38.710325318465792 ], [ -9.41799, 38.71033 ] ] } },
{ "type": "Feature", "properties": { "services_sum": 1.0002778549597111, "total_departures_sum": 31, "route_short_name_sum": null, "services_unique": null, "total_departures_unique": null, "route_short_name_unique": "12" }, "geometry": { "type": "LineString", "coordinates": [ [ -9.41781, 38.70517 ], [ -9.41775, 38.70462 ] ] } },
{ "type": "Feature", "properties": { "services_sum": 1.0002778549597111, "total_departures_sum": 31, "route_short_name_sum": null, "services_unique": null, "total_departures_unique": null, "route_short_name_unique": "12" }, "geometry": { "type": "LineString", "coordinates": [ [ -9.41594, 38.71046 ], [ -9.415757870642262, 38.710396254744225 ], [ -9.41574, 38.71039 ] ] } },
{ "type": "Feature", "properties": { "services_sum": 1.0002778549597111, "total_departures_sum": 31, "route_short_name_sum": null, "services_unique": null, "total_departures_unique": null, "route_short_name_unique": "12" }, "geometry": { "type": "LineString", "coordinates": [ [ -9.4151, 38.71098 ], [ -9.414800814795141, 38.711558424743188 ], [ -9.4148, 38.71156 ] ] } },
{ "type": "Feature", "properties": { "services_sum": 1.0002778549597111, "total_departures_sum": 31, "route_short_name_sum": null, "services_unique": null, "total_departures_unique": null, "route_short_name_unique": "12" }, "geometry": { "type": "LineString", "coordinates": [ [ -9.41404, 38.71316 ], [ -9.413941368662563, 38.713593977921867 ], [ -9.41394, 38.7136 ] ] } },
{ "type": "Feature", "properties": { "services_sum": 1.0002778549597111, "total_departures_sum": 31, "route_short_name_sum": null, "services_unique": null, "total_departures_unique": null, "route_short_name_unique": "12" }, "geometry": { "type": "LineString", "coordinates": [ [ -9.41375, 38.7146 ], [ -9.413456150685093, 38.714972209180473 ], [ -9.41345, 38.71498 ], [ -9.4132, 38.7153 ] ] } },
{ "type": "Feature", "properties": { "services_sum": 1.0002778549597111, "total_departures_sum": 31, "route_short_name_sum": null, "services_unique": null, "total_departures_unique": null, "route_short_name_unique": "12" }, "geometry": { "type": "LineString", "coordinates": [ [ -9.41304, 38.71539 ], [ -9.41255, 38.71549 ], [ -9.41239, 38.71558 ], [ -9.41222, 38.71575 ], [ -9.411762982967845, 38.71650507167621 ], [ -9.41176, 38.71651 ], [ -9.41171, 38.71661 ], [ -9.41117, 38.71712 ], [ -9.41103, 38.71722 ], [ -9.410565558736261, 38.717407752868198 ], [ -9.41056, 38.71741 ], [ -9.41013, 38.7176 ] ] } },
{ "type": "Feature", "properties": { "services_sum": 1.0002778549597111, "total_departures_sum": 31, "route_short_name_sum": null, "services_unique": null, "total_departures_unique": null, "route_short_name_unique": "12" }, "geometry": { "type": "LineString", "coordinates": [ [ -9.40917, 38.70438 ], [ -9.40965, 38.70413 ], [ -9.41003, 38.70396 ], [ -9.40984, 38.70365 ], [ -9.41017, 38.70349 ], [ -9.41111, 38.70308 ], [ -9.41151, 38.70303 ], [ -9.41171, 38.70309 ], [ -9.41179, 38.70314 ], [ -9.41186, 38.70328 ], [ -9.41187, 38.70336 ], [ -9.41168, 38.70385 ], [ -9.41164, 38.70405 ], [ -9.41163, 38.70417 ], [ -9.41173, 38.70488 ], [ -9.41199, 38.70574 ], [ -9.41231, 38.70681 ], [ -9.41228, 38.70698 ], [ -9.41207, 38.70754 ], [ -9.4117, 38.70715 ], [ -9.41144, 38.70698 ], [ -9.41124, 38.70693 ], [ -9.41101, 38.70694 ], [ -9.41084, 38.70704 ], [ -9.41053, 38.70747 ], [ -9.41046, 38.70762 ], [ -9.41041, 38.70793 ], [ -9.410409628778933, 38.707932000469093 ], [ -9.41004900345102, 38.709874484498791 ], [ -9.40995, 38.71032 ] ] } },
{ "type": "Feature", "properties": { "services_sum": 1.0002778549597111, "total_departures_sum": 31, "route_short_name_sum": null, "services_unique": null, "total_departures_unique": null, "route_short_name_unique": "12" }, "geometry": { "type": "LineString", "coordinates": [ [ -9.40963, 38.7191 ], [ -9.40957, 38.71925 ], [ -9.4096, 38.71949 ], [ -9.4096, 38.71989282518112 ], [ -9.4096, 38.7199 ], [ -9.40962, 38.7202 ], [ -9.40977, 38.72064 ], [ -9.4098, 38.72085 ], [ -9.4098, 38.72124 ], [ -9.40982, 38.72135 ], [ -9.41002, 38.72189 ], [ -9.41006, 38.72208 ], [ -9.410098579652171, 38.72238863726669 ], [ -9.4101, 38.7224 ], [ -9.41012, 38.72258 ], [ -9.4101, 38.72269 ], [ -9.41006, 38.72287 ], [ -9.40996, 38.72303 ], [ -9.40991, 38.72309 ], [ -9.40975, 38.72321 ], [ -9.40942, 38.72337 ], [ -9.40928, 38.7234 ], [ -9.40913, 38.72337 ], [ -9.40897, 38.72329 ], [ -9.40889, 38.72317 ], [ -9.40878, 38.72235 ], [ -9.408819223468734, 38.72189893016607 ], [ -9.40882, 38.72189 ], [ -9.40903, 38.72036 ], [ -9.40903, 38.71994 ], [ -9.40898, 38.71978 ], [ -9.40887, 38.71957 ], [ -9.40869, 38.71936 ], [ -9.40857, 38.71931 ], [ -9.408619504631542, 38.719082278702274 ], [ -9.40862, 38.71908 ], [ -9.40871, 38.71868 ], [ -9.40886, 38.71846 ], [ -9.409005972327444, 38.718401611072856 ], [ -9.40901, 38.7184 ], [ -9.40926, 38.71829 ], [ -9.40902, 38.71791 ], [ -9.40869, 38.71767 ], [ -9.40864, 38.71747 ], [ -9.408689468797958, 38.717103930915364 ], [ -9.40869, 38.7171 ], [ -9.40868, 38.71669 ], [ -9.40865, 38.71656 ], [ -9.40846, 38.71617 ], [ -9.40846, 38.71597 ], [ -9.40843, 38.71565 ], [ -9.40832, 38.71541 ], [ -9.40826, 38.71522 ], [ -9.408259417161743, 38.71521774151168 ], [ -9.40818, 38.71491 ], [ -9.40804, 38.71424 ], [ -9.40804, 38.71402 ], [ -9.40818, 38.71333 ], [ -9.40829, 38.71302 ], [ -9.408599438660595, 38.712680615666237 ], [ -9.4086, 38.71268 ], [ -9.4092, 38.71205 ] ] } },
{ "type": "Feature", "properties": { "services_sum": 1.0002778549597111, "total_departures_sum": 31, "route_short_name_sum": null, "services_unique": null, "total_departures_unique": null, "route_short_name_unique": "12" }, "geometry": { "type": "LineString", "coordinates": [ [ -9.40961, 38.71901 ], [ -9.409609294422756, 38.719007177694131 ], [ -9.40959, 38.71893 ] ] } },
{ "type": "Feature", "properties": { "services_sum": 1.0002778549597111, "total_departures_sum": 31, "route_short_name_sum": null, "services_unique": null, "total_departures_unique": null, "route_short_name_unique": "12" }, "geometry": { "type": "LineString", "coordinates": [ [ -9.40851, 38.70502 ], [ -9.40835, 38.70501 ], [ -9.408348572648034, 38.70500979609438 ], [ -9.40807, 38.70497 ] ] } },
{ "type": "Feature", "properties": { "services_sum": 1.0002778549597111, "total_departures_sum": 31, "route_short_name_sum": null, "services_unique": null, "total_departures_unique": null, "route_short_name_unique": "12" }, "geometry": { "type": "LineString", "coordinates": [ [ -9.40716, 38.70552 ], [ -9.406812880509186, 38.705847284108025 ], [ -9.40681, 38.70585 ], [ -9.40638, 38.70624 ], [ -9.40595, 38.70634 ], [ -9.40566, 38.70633 ], [ -9.40527, 38.70613 ], [ -9.40504, 38.70614 ], [ -9.40479, 38.70619 ], [ -9.40465, 38.70629 ], [ -9.40455, 38.70642 ], [ -9.40442, 38.70669 ], [ -9.404330853972644, 38.706937627862303 ], [ -9.40433, 38.70694 ], [ -9.40428, 38.70709 ], [ -9.40393, 38.7074 ], [ -9.40379, 38.7075 ], [ -9.40373, 38.70763 ], [ -9.4036, 38.70763 ], [ -9.40322, 38.70774 ], [ -9.40127, 38.70798 ], [ -9.4011, 38.70804 ], [ -9.400686380659653, 38.708296050093217 ], [ -9.40068, 38.7083 ], [ -9.40051, 38.7084 ], [ -9.40026, 38.70888 ], [ -9.39985, 38.70982 ], [ -9.39966, 38.71004 ], [ -9.39939, 38.71029 ], [ -9.398564186553658, 38.71123520823955 ], [ -9.39856, 38.71124 ], [ -9.39819, 38.71168 ], [ -9.39736, 38.71241 ], [ -9.39699, 38.71265 ], [ -9.39674, 38.71277 ], [ -9.3965, 38.71283 ], [ -9.395814293132903, 38.712959191162881 ], [ -9.39581, 38.71296 ], [ -9.39564, 38.71299 ] ] } },
{ "type": "Feature", "properties": { "services_sum": 1.0002778549597111, "total_departures_sum": 31, "route_short_name_sum": null, "services_unique": null, "total_departures_unique": null, "route_short_name_unique": "12" }, "geometry": { "type": "LineString", "coordinates": [ [ -9.39561, 38.71134 ], [ -9.395699281755796, 38.710645586398343 ], [ -9.3957, 38.71064 ], [ -9.39581, 38.70982 ], [ -9.39574056419359, 38.708927254008309 ], [ -9.39574, 38.70892 ], [ -9.395570141379626, 38.707511172642455 ], [ -9.39557, 38.70751 ], [ -9.39537052432323, 38.705515243379033 ], [ -9.39537, 38.70551 ] ] } },
{ "type": "Feature", "properties": { "services_sum": 1.0002778549597111, "total_departures_sum": 31, "route_short_name_sum": null, "services_unique": null, "total_departures_unique": null, "route_short_name_unique": "12" }, "geometry": { "type": "LineString", "coordinates": [ [ -9.39428, 38.70384 ], [ -9.39424, 38.70449 ] ] } },
{ "type": "Feature", "properties": { "services_sum": 2.0005557099194222, "total_departures_sum": 101, "route_short_name_sum": null, "services_unique": null, "total_departures_unique": null, "route_short_name_unique": "6, 12" }, "geometry": { "type": "LineString", "coordinates": [ [ -9.41856, 38.70741 ], [ -9.41855, 38.70745 ], [ -9.4185, 38.70751 ] ] } },
{ "type": "Feature", "properties": { "services_sum": 2.0005557099194222, "total_departures_sum": 101, "route_short_name_sum": null, "services_unique": null, "total_departures_unique": null, "route_short_name_unique": "6, 12" }, "geometry": { "type": "LineString", "coordinates": [ [ -9.41844, 38.70753 ], [ -9.41839, 38.70752 ], [ -9.41823, 38.70774 ] ] } },
{ "type": "Feature", "properties": { "services_sum": 2.0005557099194222, "total_departures_sum": 101, "route_short_name_sum": null, "services_unique": null, "total_departures_unique": null, "route_short_name_unique": "6, 12" }, "geometry": { "type": "LineString", "coordinates": [ [ -9.41804, 38.7082 ], [ -9.418, 38.70834 ], [ -9.41794, 38.70873 ], [ -9.41799, 38.70935 ] ] } },
{ "type": "Feature", "properties": { "services_sum": 2.0005557099194222, "total_departures_sum": 101, "route_short_name_sum": null, "services_unique": null, "total_departures_unique": null, "route_short_name_unique": "6, 12" }, "geometry": { "type": "LineString", "coordinates": [ [ -9.41799, 38.71033 ], [ -9.41796, 38.7106 ], [ -9.41801, 38.71061 ], [ -9.41807, 38.71065 ], [ -9.41809, 38.71071 ], [ -9.41807, 38.71077 ], [ -9.41801, 38.71082 ], [ -9.41793, 38.71084 ] ] } },
{ "type": "Feature", "properties": { "services_sum": 2.0005557099194222, "total_departures_sum": 101, "route_short_name_sum": null, "services_unique": null, "total_departures_unique": null, "route_short_name_unique": "6, 12" }, "geometry": { "type": "LineString", "coordinates": [ [ -9.41778, 38.71071 ], [ -9.41756, 38.71071 ], [ -9.41659, 38.71059 ], [ -9.41594, 38.71046 ] ] } },
{ "type": "Feature", "properties": { "services_sum": 2.0005557099194222, "total_departures_sum": 101, "route_short_name_sum": null, "services_unique": null, "total_departures_unique": null, "route_short_name_unique": "6, 12" }, "geometry": { "type": "LineString", "coordinates": [ [ -9.41574, 38.71039 ], [ -9.41542, 38.71029 ] ] } },
{ "type": "Feature", "properties": { "services_sum": 2.0005557099194222, "total_departures_sum": 101, "route_short_name_sum": null, "services_unique": null, "total_departures_unique": null, "route_short_name_unique": "6, 12" }, "geometry": { "type": "LineString", "coordinates": [ [ -9.4148, 38.71156 ], [ -9.41447, 38.71219 ], [ -9.4145, 38.71221 ], [ -9.41453, 38.71227 ], [ -9.41451, 38.71233 ], [ -9.41449, 38.71235 ], [ -9.41441, 38.71238 ], [ -9.41436, 38.71237 ] ] } },
{ "type": "Feature", "properties": { "services_sum": 2.0005557099194222, "total_departures_sum": 101, "route_short_name_sum": null, "services_unique": null, "total_departures_unique": null, "route_short_name_unique": "6, 12" }, "geometry": { "type": "LineString", "coordinates": [ [ -9.41394, 38.7136 ], [ -9.41386, 38.71439 ] ] } },
{ "type": "Feature", "properties": { "services_sum": 2.0005557099194222, "total_departures_sum": 101, "route_short_name_sum": null, "services_unique": null, "total_departures_unique": null, "route_short_name_unique": "6, 12" }, "geometry": { "type": "LineString", "coordinates": [ [ -9.39821, 38.70347 ], [ -9.39749, 38.70342 ], [ -9.39754, 38.70342 ], [ -9.39695, 38.7034 ] ] } },
{ "type": "Feature", "properties": { "services_sum": 3.0008335648791333, "total_departures_sum": 135, "route_short_name_sum": null, "services_unique": null, "total_departures_unique": null, "route_short_name_unique": "6, 13, 12" }, "geometry": { "type": "LineString", "coordinates": [ [ -9.41856, 38.70741 ], [ -9.41829, 38.70692 ], [ -9.41789, 38.7055 ], [ -9.41781, 38.70517 ] ] } },
{ "type": "Feature", "properties": { "services_sum": 3.0008335648791333, "total_departures_sum": 135, "route_short_name_sum": null, "services_unique": null, "total_departures_unique": null, "route_short_name_unique": "6, 13, 12" }, "geometry": { "type": "LineString", "coordinates": [ [ -9.41799, 38.70337 ], [ -9.41805, 38.70345 ], [ -9.41804, 38.70352 ], [ -9.41798, 38.70356 ], [ -9.41791, 38.70374 ], [ -9.41776, 38.7043 ], [ -9.41775, 38.70462 ] ] } },
{ "type": "Feature", "properties": { "services_sum": 3.0008335648791333, "total_departures_sum": 135, "route_short_name_sum": null, "services_unique": null, "total_departures_unique": null, "route_short_name_unique": "6, 13, 12" }, "geometry": { "type": "LineString", "coordinates": [ [ -9.41789, 38.70286 ], [ -9.41786, 38.70254 ] ] } },
{ "type": "Feature", "properties": { "services_sum": 2.0005557099194222, "total_departures_sum": 140, "route_short_name_sum": null, "services_unique": null, "total_departures_unique": null, "route_short_name_unique": "6" }, "geometry": { "type": "LineString", "coordinates": [ [ -9.41847, 38.70348 ], [ -9.418463571208747, 38.703479770400314 ] ] } },
{ "type": "Feature", "properties": { "services_sum": 2.0005557099194222, "total_departures_sum": 140, "route_short_name_sum": null, "services_unique": null, "total_departures_unique": null, "route_short_name_unique": "6" }, "geometry": { "type": "LineString", "coordinates": [ [ -9.41575, 38.7152 ], [ -9.41473, 38.71539 ] ] } },
{ "type": "Feature", "properties": { "services_sum": 2.0005557099194222, "total_departures_sum": 140, "route_short_name_sum": null, "services_unique": null, "total_departures_unique": null, "route_short_name_unique": "6" }, "geometry": { "type": "LineString", "coordinates": [ [ -9.4142, 38.71591 ], [ -9.4141, 38.71603 ], [ -9.41391, 38.71608 ], [ -9.41351, 38.71597 ] ] } },
{ "type": "Feature", "properties": { "services_sum": 2.0005557099194222, "total_departures_sum": 140, "route_short_name_sum": null, "services_unique": null, "total_departures_unique": null, "route_short_name_unique": "6" }, "geometry": { "type": "LineString", "coordinates": [ [ -9.39146, 38.74579 ], [ -9.39134, 38.74583 ], [ -9.39112, 38.74583 ] ] } },
{ "type": "Feature", "properties": { "services_sum": 2.0005557099194222, "total_departures_sum": 140, "route_short_name_sum": null, "services_unique": null, "total_departures_unique": null, "route_short_name_unique": "6" }, "geometry": { "type": "LineString", "coordinates": [ [ -9.38924, 38.7362 ], [ -9.38888, 38.73533 ] ] } },
{ "type": "Feature", "properties": { "services_sum": 2.0005557099194222, "total_departures_sum": 140, "route_short_name_sum": null, "services_unique": null, "total_departures_unique": null, "route_short_name_unique": "6" }, "geometry": { "type": "LineString", "coordinates": [ [ -9.38881, 38.74553 ], [ -9.3886, 38.74557 ] ] } },
{ "type": "Feature", "properties": { "services_sum": 2.0005557099194222, "total_departures_sum": 140, "route_short_name_sum": null, "services_unique": null, "total_departures_unique": null, "route_short_name_unique": "6" }, "geometry": { "type": "LineString", "coordinates": [ [ -9.38491, 38.74685 ], [ -9.38474, 38.74687 ] ] } },
{ "type": "Feature", "properties": { "services_sum": 2.0005557099194222, "total_departures_sum": 140, "route_short_name_sum": null, "services_unique": null, "total_departures_unique": null, "route_short_name_unique": "6" }, "geometry": { "type": "LineString", "coordinates": [ [ -9.38448, 38.74177 ], [ -9.38436, 38.74179 ], [ -9.3842, 38.74178 ], [ -9.38367, 38.74153 ], [ -9.38361, 38.74152 ], [ -9.38311, 38.74158 ], [ -9.38288, 38.74165 ], [ -9.38266, 38.74176 ], [ -9.38232, 38.742 ] ] } },
{ "type": "Feature", "properties": { "services_sum": 2.0005557099194222, "total_departures_sum": 140, "route_short_name_sum": null, "services_unique": null, "total_departures_unique": null, "route_short_name_unique": "6" }, "geometry": { "type": "LineString", "coordinates": [ [ -9.38398, 38.74697 ], [ -9.38381, 38.74704 ], [ -9.38287, 38.7475 ] ] } },
{ "type": "Feature", "properties": { "services_sum": 2.0005557099194222, "total_departures_sum": 140, "route_short_name_sum": null, "services_unique": null, "total_departures_unique": null, "route_short_name_unique": "6" }, "geometry": { "type": "LineString", "coordinates": [ [ -9.38153, 38.74703 ], [ -9.38109, 38.74687 ], [ -9.38089, 38.74678 ], [ -9.38081, 38.74671 ], [ -9.38065, 38.74645 ] ] } },
{ "type": "Feature", "properties": { "services_sum": 2.0005557099194222, "total_departures_sum": 140, "route_short_name_sum": null, "services_unique": null, "total_departures_unique": null, "route_short_name_unique": "6" }, "geometry": { "type": "LineString", "coordinates": [ [ -9.38148, 38.74274 ], [ -9.38152, 38.74283 ], [ -9.38149, 38.74296 ], [ -9.38136, 38.74332 ], [ -9.38132, 38.7434 ], [ -9.38128, 38.7435 ], [ -9.381, 38.74383 ], [ -9.38077, 38.74414 ], [ -9.38069, 38.74434 ], [ -9.38055, 38.74488 ], [ -9.38052, 38.74512 ] ] } },
{ "type": "Feature", "properties": { "services_sum": 1.1432200698634487, "total_departures_sum": 75, "route_short_name_sum": null, "services_unique": null, "total_departures_unique": null, "route_short_name_unique": "31" }, "geometry": { "type": "LineString", "coordinates": [ [ -9.4184, 38.72874 ], [ -9.41839, 38.72879 ], [ -9.41833, 38.72888 ], [ -9.41829, 38.72892 ], [ -9.41822, 38.72894 ], [ -9.41807, 38.72894 ], [ -9.41795, 38.72887 ], [ -9.4179, 38.72877 ], [ -9.4179, 38.72873 ], [ -9.41793, 38.72864 ], [ -9.41797, 38.72861 ], [ -9.418, 38.72852 ], [ -9.41801, 38.72843 ], [ -9.41795, 38.7282 ], [ -9.41793, 38.72813 ], [ -9.41786, 38.72805 ], [ -9.41779, 38.72802 ], [ -9.41668, 38.72822 ] ] } },
{ "type": "Feature", "properties": { "services_sum": 1.1432200698634487, "total_departures_sum": 75, "route_short_name_sum": null, "services_unique": null, "total_departures_unique": null, "route_short_name_unique": "31" }, "geometry": { "type": "LineString", "coordinates": [ [ -9.41838, 38.72872 ], [ -9.4183, 38.72859 ] ] } },
{ "type": "Feature", "properties": { "services_sum": 1.1432200698634487, "total_departures_sum": 75, "route_short_name_sum": null, "services_unique": null, "total_departures_unique": null, "route_short_name_unique": "31" }, "geometry": { "type": "LineString", "coordinates": [ [ -9.41808, 38.72794 ], [ -9.4181, 38.72788 ], [ -9.41809, 38.7278 ], [ -9.41798, 38.72752 ], [ -9.41793, 38.72748 ], [ -9.41787, 38.72745 ], [ -9.4178, 38.72743 ], [ -9.4177, 38.72745 ], [ -9.41729, 38.72768 ], [ -9.41692, 38.72787 ] ] } },
{ "type": "Feature", "properties": { "services_sum": 1.1432200698634487, "total_departures_sum": 75, "route_short_name_sum": null, "services_unique": null, "total_departures_unique": null, "route_short_name_unique": "31" }, "geometry": { "type": "LineString", "coordinates": [ [ -9.41543, 38.7285 ], [ -9.4149, 38.72869 ], [ -9.41475, 38.72871 ], [ -9.41446, 38.7287 ] ] } },
{ "type": "Feature", "properties": { "services_sum": 1.1432200698634487, "total_departures_sum": 75, "route_short_name_sum": null, "services_unique": null, "total_departures_unique": null, "route_short_name_unique": "31" }, "geometry": { "type": "LineString", "coordinates": [ [ -9.41459, 38.72911 ], [ -9.41451, 38.72914 ], [ -9.41439, 38.72913 ], [ -9.41431, 38.72911 ], [ -9.41424, 38.72907 ] ] } },
{ "type": "Feature", "properties": { "services_sum": 1.1432200698634487, "total_departures_sum": 75, "route_short_name_sum": null, "services_unique": null, "total_departures_unique": null, "route_short_name_unique": "31" }, "geometry": { "type": "LineString", "coordinates": [ [ -9.41211, 38.72904 ], [ -9.41153, 38.72898 ], [ -9.41137, 38.72898 ], [ -9.41123, 38.72902 ] ] } },
{ "type": "Feature", "properties": { "services_sum": 1.1432200698634487, "total_departures_sum": 75, "route_short_name_sum": null, "services_unique": null, "total_departures_unique": null, "route_short_name_unique": "31" }, "geometry": { "type": "LineString", "coordinates": [ [ -9.41197, 38.72895 ], [ -9.41175, 38.72892 ], [ -9.41147, 38.72885 ], [ -9.41137, 38.72878 ], [ -9.4113, 38.7287 ], [ -9.41118, 38.72866 ], [ -9.41111, 38.72866 ], [ -9.41104, 38.72868 ], [ -9.41096, 38.72873 ], [ -9.41093, 38.72877 ], [ -9.41092, 38.72888 ], [ -9.41103, 38.72905 ], [ -9.41108, 38.7292 ] ] } },
{ "type": "Feature", "properties": { "services_sum": 1.1432200698634487, "total_departures_sum": 75, "route_short_name_sum": null, "services_unique": null, "total_departures_unique": null, "route_short_name_unique": "31" }, "geometry": { "type": "LineString", "coordinates": [ [ -9.41108, 38.7292 ], [ -9.41102, 38.72988 ], [ -9.411018344895954, 38.72989406844885 ], [ -9.41098, 38.73022 ] ] } },
{ "type": "Feature", "properties": { "services_sum": 1.1432200698634487, "total_departures_sum": 75, "route_short_name_sum": null, "services_unique": null, "total_departures_unique": null, "route_short_name_unique": "31" }, "geometry": { "type": "LineString", "coordinates": [ [ -9.41108, 38.7292 ], [ -9.411050651579712, 38.729718488842018 ], [ -9.41105, 38.72973 ], [ -9.41102, 38.73007 ] ] } },
{ "type": "Feature", "properties": { "services_sum": 1.1432200698634487, "total_departures_sum": 75, "route_short_name_sum": null, "services_unique": null, "total_departures_unique": null, "route_short_name_unique": "31" }, "geometry": { "type": "LineString", "coordinates": [ [ -9.41043, 38.73184 ], [ -9.410153596271627, 38.732511266283794 ], [ -9.41015, 38.73252 ] ] } },
{ "type": "Feature", "properties": { "services_sum": 1.1432200698634487, "total_departures_sum": 75, "route_short_name_sum": null, "services_unique": null, "total_departures_unique": null, "route_short_name_unique": "31" }, "geometry": { "type": "LineString", "coordinates": [ [ -9.41017, 38.73247 ], [ -9.410156777501692, 38.732503056254004 ], [ -9.41008, 38.73269 ] ] } },
{ "type": "Feature", "properties": { "services_sum": 1.1432200698634487, "total_departures_sum": 75, "route_short_name_sum": null, "services_unique": null, "total_departures_unique": null, "route_short_name_unique": "31" }, "geometry": { "type": "LineString", "coordinates": [ [ -9.40986, 38.73314 ], [ -9.40941, 38.73291 ] ] } },
{ "type": "Feature", "properties": { "services_sum": 1.1432200698634487, "total_departures_sum": 75, "route_short_name_sum": null, "services_unique": null, "total_departures_unique": null, "route_short_name_unique": "31" }, "geometry": { "type": "LineString", "coordinates": [ [ -9.40864, 38.73164 ], [ -9.408625318820301, 38.731621864483493 ], [ -9.40847, 38.73143 ] ] } },
{ "type": "Feature", "properties": { "services_sum": 1.1432200698634487, "total_departures_sum": 75, "route_short_name_sum": null, "services_unique": null, "total_departures_unique": null, "route_short_name_unique": "31" }, "geometry": { "type": "LineString", "coordinates": [ [ -9.40601, 38.73136 ], [ -9.40521, 38.73084 ], [ -9.40512, 38.7308 ], [ -9.40486, 38.73072 ], [ -9.4047, 38.73069 ], [ -9.40442, 38.73067 ], [ -9.40421, 38.7307 ], [ -9.40402, 38.73079 ], [ -9.403334463234419, 38.731237089226191 ], [ -9.40333, 38.73124 ], [ -9.40267, 38.73155 ] ] } },
{ "type": "Feature", "properties": { "services_sum": 1.1432200698634487, "total_departures_sum": 75, "route_short_name_sum": null, "services_unique": null, "total_departures_unique": null, "route_short_name_unique": "31" }, "geometry": { "type": "LineString", "coordinates": [ [ -9.40311, 38.73134 ], [ -9.403085421128919, 38.731350893056131 ], [ -9.40223, 38.73173 ] ] } },
{ "type": "Feature", "properties": { "services_sum": 1.1432200698634487, "total_departures_sum": 75, "route_short_name_sum": null, "services_unique": null, "total_departures_unique": null, "route_short_name_unique": "31" }, "geometry": { "type": "LineString", "coordinates": [ [ -9.40189, 38.73185 ], [ -9.401037850659453, 38.731998630730281 ], [ -9.40103, 38.732 ] ] } },
{ "type": "Feature", "properties": { "services_sum": 1.1432200698634487, "total_departures_sum": 75, "route_short_name_sum": null, "services_unique": null, "total_departures_unique": null, "route_short_name_unique": "31" }, "geometry": { "type": "LineString", "coordinates": [ [ -9.40035, 38.7321 ], [ -9.400312405986359, 38.732106015122447 ], [ -9.39985, 38.73218 ] ] } },
{ "type": "Feature", "properties": { "services_sum": 1.1432200698634487, "total_departures_sum": 75, "route_short_name_sum": null, "services_unique": null, "total_departures_unique": null, "route_short_name_unique": "31" }, "geometry": { "type": "LineString", "coordinates": [ [ -9.39898, 38.73248 ], [ -9.3979, 38.73311 ], [ -9.397809216685197, 38.733137234999056 ], [ -9.3978, 38.73314 ], [ -9.39764, 38.73317 ], [ -9.39742, 38.73318 ], [ -9.39719, 38.73323 ], [ -9.39716, 38.73325 ], [ -9.39703, 38.7334 ], [ -9.39679, 38.73429 ], [ -9.396510777365414, 38.735107723456849 ], [ -9.39651, 38.73511 ], [ -9.39566, 38.73702 ] ] } },
{ "type": "Feature", "properties": { "services_sum": 1.1432200698634487, "total_departures_sum": 75, "route_short_name_sum": null, "services_unique": null, "total_departures_unique": null, "route_short_name_unique": "31" }, "geometry": { "type": "LineString", "coordinates": [ [ -9.39778, 38.73313 ], [ -9.397749270893074, 38.733136145824247 ], [ -9.39776, 38.73314 ], [ -9.39773, 38.73314 ], [ -9.39756, 38.73318 ], [ -9.39736, 38.73315 ], [ -9.39719, 38.73308 ], [ -9.39709, 38.73304 ], [ -9.39702, 38.73306 ], [ -9.39696, 38.7331 ], [ -9.39694, 38.73316 ], [ -9.397, 38.73329 ], [ -9.39699, 38.73344 ], [ -9.3968, 38.73418 ], [ -9.3968, 38.73428 ], [ -9.39653, 38.73504 ], [ -9.396529756721554, 38.735040553668185 ], [ -9.39566, 38.73702 ] ] } },
{ "type": "Feature", "properties": { "services_sum": 1.1432200698634487, "total_departures_sum": 75, "route_short_name_sum": null, "services_unique": null, "total_departures_unique": null, "route_short_name_unique": "31" }, "geometry": { "type": "LineString", "coordinates": [ [ -9.39566, 38.73702 ], [ -9.3955, 38.73713 ], [ -9.39537, 38.73716 ], [ -9.39529, 38.73716 ], [ -9.3952, 38.73718 ], [ -9.39511, 38.73726 ], [ -9.395006389667182, 38.737657077542998 ], [ -9.39499, 38.73778 ] ] } },
{ "type": "Feature", "properties": { "services_sum": 1.1432200698634487, "total_departures_sum": 75, "route_short_name_sum": null, "services_unique": null, "total_departures_unique": null, "route_short_name_unique": "31" }, "geometry": { "type": "LineString", "coordinates": [ [ -9.39566, 38.73702 ], [ -9.3956, 38.73721 ], [ -9.39551, 38.73735 ], [ -9.395382745721058, 38.73765345254062 ], [ -9.39538, 38.73766 ], [ -9.39532, 38.73781 ], [ -9.39525, 38.73787 ], [ -9.3952, 38.7379 ], [ -9.39513, 38.73791 ], [ -9.39507, 38.7379 ], [ -9.39488, 38.73796 ] ] } },
{ "type": "Feature", "properties": { "services_sum": 1.1432200698634487, "total_departures_sum": 75, "route_short_name_sum": null, "services_unique": null, "total_departures_unique": null, "route_short_name_unique": "31" }, "geometry": { "type": "LineString", "coordinates": [ [ -9.39218, 38.73955 ], [ -9.3923, 38.73947 ], [ -9.39219, 38.73954 ], [ -9.39162, 38.73907 ], [ -9.39154, 38.73901 ], [ -9.39091, 38.73883 ], [ -9.39074, 38.73873 ] ] } },
{ "type": "Feature", "properties": { "services_sum": 1.1432200698634487, "total_departures_sum": 75, "route_short_name_sum": null, "services_unique": null, "total_departures_unique": null, "route_short_name_unique": "31" }, "geometry": { "type": "LineString", "coordinates": [ [ -9.38978, 38.73757 ], [ -9.389640692331287, 38.737211780289805 ], [ -9.38964, 38.73721 ], [ -9.38942, 38.7367 ] ] } },
{ "type": "Feature", "properties": { "services_sum": 1.1432200698634487, "total_departures_sum": 75, "route_short_name_sum": null, "services_unique": null, "total_departures_unique": null, "route_short_name_unique": "31" }, "geometry": { "type": "LineString", "coordinates": [ [ -9.38969, 38.73733 ], [ -9.389678495767285, 38.73730008909564 ], [ -9.38959, 38.73707 ] ] } },
{ "type": "Feature", "properties": { "services_sum": 1.1432200698634487, "total_departures_sum": 75, "route_short_name_sum": null, "services_unique": null, "total_departures_unique": null, "route_short_name_unique": "31" }, "geometry": { "type": "LineString", "coordinates": [ [ -9.38877, 38.73472 ], [ -9.38884, 38.73479 ], [ -9.38891, 38.73488 ], [ -9.38891, 38.73497 ], [ -9.38886, 38.73511 ], [ -9.38882, 38.73515 ], [ -9.388939754233029, 38.735472415372513 ], [ -9.38895, 38.7355 ], [ -9.38924, 38.7362 ], [ -9.38892, 38.73542 ], [ -9.38891, 38.7354 ], [ -9.38878, 38.7353 ], [ -9.38863, 38.73522 ] ] } },
{ "type": "Feature", "properties": { "services_sum": 1.1432200698634487, "total_departures_sum": 75, "route_short_name_sum": null, "services_unique": null, "total_departures_unique": null, "route_short_name_unique": "31" }, "geometry": { "type": "LineString", "coordinates": [ [ -9.38845, 38.73466 ], [ -9.3882, 38.7345 ], [ -9.38827, 38.73474 ] ] } },
{ "type": "Feature", "properties": { "services_sum": 1.1432200698634487, "total_departures_sum": 75, "route_short_name_sum": null, "services_unique": null, "total_departures_unique": null, "route_short_name_unique": "31" }, "geometry": { "type": "LineString", "coordinates": [ [ -9.38528, 38.73224 ], [ -9.38543, 38.7324 ], [ -9.38677, 38.73308 ], [ -9.38546, 38.73242 ], [ -9.385427574768137, 38.732387574855501 ], [ -9.38528, 38.73224 ] ] } },
{ "type": "Feature", "properties": { "services_sum": 1.1432200698634487, "total_departures_sum": 75, "route_short_name_sum": null, "services_unique": null, "total_departures_unique": null, "route_short_name_unique": "31" }, "geometry": { "type": "LineString", "coordinates": [ [ -9.38528, 38.73224 ], [ -9.385098776754692, 38.731848939423209 ], [ -9.38509, 38.73183 ], [ -9.38503, 38.73171 ], [ -9.38489, 38.73154 ], [ -9.38509, 38.73181 ], [ -9.38528, 38.73224 ] ] } },
{ "type": "Feature", "properties": { "services_sum": 1.1432200698634487, "total_departures_sum": 75, "route_short_name_sum": null, "services_unique": null, "total_departures_unique": null, "route_short_name_unique": "31" }, "geometry": { "type": "LineString", "coordinates": [ [ -9.3809, 38.72569 ], [ -9.380362297549516, 38.725005651604725 ], [ -9.38035, 38.72499 ], [ -9.3801, 38.72464 ], [ -9.37946, 38.72382 ], [ -9.380159308696921, 38.724723274132998 ], [ -9.38018, 38.72475 ], [ -9.38042, 38.72509 ] ] } },
{ "type": "Feature", "properties": { "services_sum": 1.1432200698634487, "total_departures_sum": 75, "route_short_name_sum": null, "services_unique": null, "total_departures_unique": null, "route_short_name_unique": "31" }, "geometry": { "type": "LineString", "coordinates": [ [ -9.37905, 38.72345 ], [ -9.37917, 38.72351 ], [ -9.379075384025862, 38.723462692031568 ], [ -9.37905, 38.72345 ] ] } },
{ "type": "Feature", "properties": { "services_sum": 1.1432200698634487, "total_departures_sum": 75, "route_short_name_sum": null, "services_unique": null, "total_departures_unique": null, "route_short_name_unique": "31" }, "geometry": { "type": "LineString", "coordinates": [ [ -9.37905, 38.72345 ], [ -9.379009630489163, 38.723429815444888 ], [ -9.37837, 38.72311 ] ] } },
{ "type": "Feature", "properties": { "services_sum": 1.1432200698634487, "total_departures_sum": 75, "route_short_name_sum": null, "services_unique": null, "total_departures_unique": null, "route_short_name_unique": "31" }, "geometry": { "type": "LineString", "coordinates": [ [ -9.37775, 38.72169 ], [ -9.37755, 38.72146 ], [ -9.37747, 38.72141 ], [ -9.37745, 38.72133 ], [ -9.377384251102288, 38.721085789863643 ], [ -9.37738, 38.72107 ], [ -9.37732, 38.72092 ], [ -9.37642, 38.71982 ], [ -9.377308878551688, 38.720904236945962 ], [ -9.37733, 38.72093 ], [ -9.37755, 38.72119 ] ] } },
{ "type": "Feature", "properties": { "services_sum": 1.1432200698634487, "total_departures_sum": 75, "route_short_name_sum": null, "services_unique": null, "total_departures_unique": null, "route_short_name_unique": "31" }, "geometry": { "type": "LineString", "coordinates": [ [ -9.37361, 38.7096 ], [ -9.37362, 38.70956 ], [ -9.37358, 38.7095 ], [ -9.37355, 38.70948 ], [ -9.37348, 38.70946 ], [ -9.37343, 38.70946 ], [ -9.37336, 38.7095 ], [ -9.37316, 38.70968 ], [ -9.37256, 38.71024 ], [ -9.37311, 38.70973 ], [ -9.373130852769362, 38.709709147241725 ], [ -9.37314, 38.7097 ], [ -9.37323, 38.70966 ], [ -9.37336, 38.70965 ], [ -9.37342, 38.70971 ], [ -9.37352, 38.70993 ], [ -9.37366, 38.71017 ], [ -9.373531700968204, 38.709935102906449 ], [ -9.37353, 38.70993 ] ] } },
{ "type": "Feature", "properties": { "services_sum": 1.1432200698634487, "total_departures_sum": 75, "route_short_name_sum": null, "services_unique": null, "total_departures_unique": null, "route_short_name_unique": "31" }, "geometry": { "type": "LineString", "coordinates": [ [ -9.37288, 38.71219 ], [ -9.372878513254525, 38.712191339542954 ], [ -9.37187, 38.7131 ] ] } },
{ "type": "Feature", "properties": { "services_sum": 1.1432200698634487, "total_departures_sum": 75, "route_short_name_sum": null, "services_unique": null, "total_departures_unique": null, "route_short_name_unique": "31" }, "geometry": { "type": "LineString", "coordinates": [ [ -9.37288, 38.71219 ], [ -9.37332, 38.71171 ], [ -9.37304, 38.71201 ], [ -9.373033589642464, 38.712017211652224 ], [ -9.37288, 38.71219 ] ] } },
{ "type": "Feature", "properties": { "services_sum": 1.1432200698634487, "total_departures_sum": 75, "route_short_name_sum": null, "services_unique": null, "total_departures_unique": null, "route_short_name_unique": "31" }, "geometry": { "type": "LineString", "coordinates": [ [ -9.37187, 38.7131 ], [ -9.37178, 38.7131 ], [ -9.371773845250093, 38.71310000001386 ], [ -9.37174, 38.7131 ], [ -9.371, 38.71308 ] ] } },
{ "type": "Feature", "properties": { "services_sum": 1.1432200698634487, "total_departures_sum": 75, "route_short_name_sum": null, "services_unique": null, "total_departures_unique": null, "route_short_name_unique": "31" }, "geometry": { "type": "LineString", "coordinates": [ [ -9.37187, 38.7131 ], [ -9.371772460605003, 38.713412618305163 ], [ -9.37165, 38.71378 ] ] } },
{ "type": "Feature", "properties": { "services_sum": 1.1432200698634487, "total_departures_sum": 75, "route_short_name_sum": null, "services_unique": null, "total_departures_unique": null, "route_short_name_unique": "31" }, "geometry": { "type": "LineString", "coordinates": [ [ -9.35552, 38.70328 ], [ -9.355052222725298, 38.702305464382412 ], [ -9.35504, 38.70228 ], [ -9.35493, 38.7021 ], [ -9.35503, 38.70227 ] ] } },
{ "type": "Feature", "properties": { "services_sum": 1.1432200698634487, "total_departures_sum": 75, "route_short_name_sum": null, "services_unique": null, "total_departures_unique": null, "route_short_name_unique": "31" }, "geometry": { "type": "LineString", "coordinates": [ [ -9.35549, 38.70398 ], [ -9.355495019382305, 38.703950720402389 ], [ -9.35555, 38.70363 ], [ -9.35549, 38.70399 ], [ -9.355484921562887, 38.704015709873218 ], [ -9.35533, 38.7048 ], [ -9.355185581974537, 38.705782043097891 ], [ -9.35518, 38.70582 ] ] } },
{ "type": "Feature", "properties": { "services_sum": 1.1432200698634487, "total_departures_sum": 75, "route_short_name_sum": null, "services_unique": null, "total_departures_unique": null, "route_short_name_unique": "31" }, "geometry": { "type": "LineString", "coordinates": [ [ -9.35525, 38.70117 ], [ -9.355042022066552, 38.700650055395542 ], [ -9.35503, 38.70062 ] ] } },
{ "type": "Feature", "properties": { "services_sum": 1.1432200698634487, "total_departures_sum": 75, "route_short_name_sum": null, "services_unique": null, "total_departures_unique": null, "route_short_name_unique": "31" }, "geometry": { "type": "LineString", "coordinates": [ [ -9.35512, 38.70084 ], [ -9.355119482074977, 38.700838756993107 ], [ -9.35482, 38.70012 ] ] } },
{ "type": "Feature", "properties": { "services_sum": 1.1432200698634487, "total_departures_sum": 75, "route_short_name_sum": null, "services_unique": null, "total_departures_unique": null, "route_short_name_unique": "31" }, "geometry": { "type": "LineString", "coordinates": [ [ -9.35507, 38.7064 ], [ -9.355065753752138, 38.706422080563179 ], [ -9.35502, 38.70666 ] ] } },
{ "type": "Feature", "properties": { "services_sum": 1.1432200698634487, "total_departures_sum": 75, "route_short_name_sum": null, "services_unique": null, "total_departures_unique": null, "route_short_name_unique": "31" }, "geometry": { "type": "LineString", "coordinates": [ [ -9.35489, 38.70697 ], [ -9.354758730312643, 38.707215036880029 ], [ -9.35474, 38.70725 ] ] } },
{ "type": "Feature", "properties": { "services_sum": 1.1432200698634487, "total_departures_sum": 75, "route_short_name_sum": null, "services_unique": null, "total_departures_unique": null, "route_short_name_unique": "31" }, "geometry": { "type": "LineString", "coordinates": [ [ -9.35458, 38.70754 ], [ -9.35435, 38.70789 ], [ -9.354337267445317, 38.707909629463636 ], [ -9.35411, 38.70826 ] ] } },
{ "type": "Feature", "properties": { "services_sum": 1.1432200698634487, "total_departures_sum": 75, "route_short_name_sum": null, "services_unique": null, "total_departures_unique": null, "route_short_name_unique": "31" }, "geometry": { "type": "LineString", "coordinates": [ [ -9.35452, 38.69954 ], [ -9.354532589549109, 38.699568776168121 ], [ -9.35459, 38.6997 ], [ -9.354503322241211, 38.699497751919296 ], [ -9.3545, 38.69949 ], [ -9.35416, 38.69874 ] ] } },
{ "type": "Feature", "properties": { "services_sum": 1.1432200698634487, "total_departures_sum": 75, "route_short_name_sum": null, "services_unique": null, "total_departures_unique": null, "route_short_name_unique": "31" }, "geometry": { "type": "LineString", "coordinates": [ [ -9.35416, 38.7083 ], [ -9.35417, 38.70834 ], [ -9.35458, 38.70861 ], [ -9.3543, 38.70843 ], [ -9.35411, 38.70842 ], [ -9.35403, 38.70844 ] ] } },
{ "type": "Feature", "properties": { "services_sum": 1.1432200698634487, "total_departures_sum": 75, "route_short_name_sum": null, "services_unique": null, "total_departures_unique": null, "route_short_name_unique": "31" }, "geometry": { "type": "LineString", "coordinates": [ [ -9.35399, 38.70825 ], [ -9.35393, 38.70829 ] ] } },
{ "type": "Feature", "properties": { "services_sum": 1.1432200698634487, "total_departures_sum": 75, "route_short_name_sum": null, "services_unique": null, "total_departures_unique": null, "route_short_name_unique": "31" }, "geometry": { "type": "LineString", "coordinates": [ [ -9.35303, 38.69794 ], [ -9.35304, 38.69792 ], [ -9.35302, 38.69785 ] ] } },
{ "type": "Feature", "properties": { "services_sum": 1.1432200698634487, "total_departures_sum": 75, "route_short_name_sum": null, "services_unique": null, "total_departures_unique": null, "route_short_name_unique": "31" }, "geometry": { "type": "LineString", "coordinates": [ [ -9.34236, 38.69547 ], [ -9.34343, 38.696 ], [ -9.343456787889298, 38.696013784273454 ], [ -9.34345, 38.69602 ], [ -9.34444, 38.69653 ], [ -9.34545, 38.69702 ], [ -9.346748343010878, 38.697469426426842 ], [ -9.34675, 38.69747 ], [ -9.34848, 38.69799 ], [ -9.34649, 38.69738 ], [ -9.34647742866289, 38.697375665076834 ], [ -9.3462, 38.69728 ], [ -9.34536, 38.69696 ], [ -9.34446, 38.69653 ], [ -9.34345, 38.69601 ], [ -9.343442684990917, 38.696006376111455 ], [ -9.34236, 38.69547 ] ] } },
{ "type": "Feature", "properties": { "services_sum": 1.1432200698634487, "total_departures_sum": 75, "route_short_name_sum": null, "services_unique": null, "total_departures_unique": null, "route_short_name_unique": "31" }, "geometry": { "type": "LineString", "coordinates": [ [ -9.34236, 38.69547 ], [ -9.34182, 38.69528 ], [ -9.34166, 38.69513 ] ] } },
{ "type": "Feature", "properties": { "services_sum": 1.1432200698634487, "total_departures_sum": 75, "route_short_name_sum": null, "services_unique": null, "total_departures_unique": null, "route_short_name_unique": "31" }, "geometry": { "type": "LineString", "coordinates": [ [ -9.34236, 38.69547 ], [ -9.34201, 38.69535 ], [ -9.34181, 38.69537 ] ] } },
{ "type": "Feature", "properties": { "services_sum": 1.1432200698634487, "total_departures_sum": 75, "route_short_name_sum": null, "services_unique": null, "total_departures_unique": null, "route_short_name_unique": "31" }, "geometry": { "type": "LineString", "coordinates": [ [ -9.34175, 38.69541 ], [ -9.3417, 38.69542 ], [ -9.34162, 38.6954 ], [ -9.34159, 38.69537 ] ] } },
{ "type": "Feature", "properties": { "services_sum": 1.1432200698634487, "total_departures_sum": 75, "route_short_name_sum": null, "services_unique": null, "total_departures_unique": null, "route_short_name_unique": "31" }, "geometry": { "type": "LineString", "coordinates": [ [ -9.3415, 38.69517 ], [ -9.3414, 38.69486 ], [ -9.33984, 38.6949 ], [ -9.338799457694781, 38.69481247788358 ], [ -9.33877, 38.69481 ], [ -9.33832, 38.69477 ], [ -9.33815, 38.69474 ], [ -9.33744, 38.69456 ], [ -9.33701, 38.69445 ], [ -9.336139792277477, 38.694156671654895 ], [ -9.33612, 38.69415 ], [ -9.33571, 38.69401 ], [ -9.3356, 38.69398 ], [ -9.33591, 38.6931 ] ] } },
{ "type": "Feature", "properties": { "services_sum": 1.1432200698634487, "total_departures_sum": 75, "route_short_name_sum": null, "services_unique": null, "total_departures_unique": null, "route_short_name_unique": "31" }, "geometry": { "type": "LineString", "coordinates": [ [ -9.33949, 38.69488 ], [ -9.339472402862761, 38.694878179695095 ], [ -9.33833, 38.69476 ] ] } },
{ "type": "Feature", "properties": { "services_sum": 1.1432200698634487, "total_departures_sum": 75, "route_short_name_sum": null, "services_unique": null, "total_departures_unique": null, "route_short_name_unique": "31" }, "geometry": { "type": "LineString", "coordinates": [ [ -9.33747, 38.68749 ], [ -9.33708, 38.68746 ], [ -9.337078172452918, 38.687463398498544 ], [ -9.336860775947573, 38.687544808961327 ], [ -9.336329698562624, 38.687580400866231 ], [ -9.335868358612062, 38.687551089887002 ] ] } },
{ "type": "Feature", "properties": { "services_sum": 1.1432200698634487, "total_departures_sum": 75, "route_short_name_sum": null, "services_unique": null, "total_departures_unique": null, "route_short_name_unique": "31" }, "geometry": { "type": "LineString", "coordinates": [ [ -9.33673, 38.69074 ], [ -9.33672, 38.69096 ], [ -9.336719872936335, 38.690962617511495 ], [ -9.33667, 38.69199 ], [ -9.336719257710037, 38.690985142928064 ], [ -9.33672, 38.69097 ] ] } },
{ "type": "Feature", "properties": { "services_sum": 1.1432200698634487, "total_departures_sum": 75, "route_short_name_sum": null, "services_unique": null, "total_departures_unique": null, "route_short_name_unique": "31" }, "geometry": { "type": "LineString", "coordinates": [ [ -9.33596, 38.69311 ], [ -9.33588, 38.69333 ], [ -9.33587510351269, 38.693336390677743 ], [ -9.33587, 38.69335 ] ] } },
{ "type": "Feature", "properties": { "services_sum": 1.1432200698634487, "total_departures_sum": 75, "route_short_name_sum": null, "services_unique": null, "total_departures_unique": null, "route_short_name_unique": "31" }, "geometry": { "type": "LineString", "coordinates": [ [ -9.335865676403047, 38.68754690260328 ], [ -9.335460662841799, 38.687507123395676 ], [ -9.335390925407411, 38.687444314075506 ], [ -9.335307966604345, 38.687271569548493 ], [ -9.333, 38.68701 ] ] } },
{ "type": "Feature", "properties": { "services_sum": 1.1432200698634487, "total_departures_sum": 75, "route_short_name_sum": null, "services_unique": null, "total_departures_unique": null, "route_short_name_unique": "31" }, "geometry": { "type": "LineString", "coordinates": [ [ -9.33434, 38.69039 ], [ -9.333939682562532, 38.690494845084245 ], [ -9.33363, 38.69059 ] ] } },
{ "type": "Feature", "properties": { "services_sum": 1.1432200698634487, "total_departures_sum": 75, "route_short_name_sum": null, "services_unique": null, "total_departures_unique": null, "route_short_name_unique": "31" }, "geometry": { "type": "LineString", "coordinates": [ [ -9.33434, 38.69039 ], [ -9.33529610747285, 38.690242148389956 ], [ -9.33574, 38.6902 ], [ -9.335324495462196, 38.690238651611288 ], [ -9.33531, 38.69024 ], [ -9.33434, 38.69039 ] ] } },
{ "type": "Feature", "properties": { "services_sum": 1.1432200698634487, "total_departures_sum": 75, "route_short_name_sum": null, "services_unique": null, "total_departures_unique": null, "route_short_name_unique": "31" }, "geometry": { "type": "LineString", "coordinates": [ [ -9.33136, 38.68611 ], [ -9.33136, 38.688658572415022 ], [ -9.33136, 38.68866 ], [ -9.33138, 38.68914 ] ] } },
{ "type": "Feature", "properties": { "services_sum": 1.1432200698634487, "total_departures_sum": 75, "route_short_name_sum": null, "services_unique": null, "total_departures_unique": null, "route_short_name_unique": "31" }, "geometry": { "type": "LineString", "coordinates": [ [ -9.33127, 38.68908 ], [ -9.331260094067584, 38.688782822027513 ], [ -9.33126, 38.68878 ], [ -9.33126, 38.68621 ] ] } },
{ "type": "Feature", "properties": { "services_sum": 1.1432200698634487, "total_departures_sum": 75, "route_short_name_sum": null, "services_unique": null, "total_departures_unique": null, "route_short_name_unique": "31" }, "geometry": { "type": "LineString", "coordinates": [ [ -9.40881, 38.73191 ], [ -9.40859, 38.73157 ], [ -9.408587165011888, 38.731570903337513 ], [ -9.40858, 38.73156 ], [ -9.408581898012295, 38.73156288829545 ], [ -9.40881, 38.73191 ] ] } },
{ "type": "Feature", "properties": { "services_sum": 1.1432200698634487, "total_departures_sum": 75, "route_short_name_sum": null, "services_unique": null, "total_departures_unique": null, "route_short_name_unique": "31" }, "geometry": { "type": "LineString", "coordinates": [ [ -9.3841, 38.72898 ], [ -9.38357, 38.72818 ], [ -9.383549111697377, 38.728152427577633 ], [ -9.38332, 38.72785 ], [ -9.38355, 38.72815 ], [ -9.383561744349443, 38.728167723519412 ], [ -9.3841, 38.72898 ] ] } },
{ "type": "Feature", "properties": { "services_sum": 1.1432200698634487, "total_departures_sum": 75, "route_short_name_sum": null, "services_unique": null, "total_departures_unique": null, "route_short_name_unique": "31" }, "geometry": { "type": "LineString", "coordinates": [ [ -9.3841, 38.7291 ], [ -9.38392, 38.72938 ], [ -9.383905598002954, 38.729401603091134 ], [ -9.38372, 38.72968 ], [ -9.38399, 38.72928 ], [ -9.38400920688386, 38.729248570626481 ], [ -9.3841, 38.7291 ] ] } },
{ "type": "Feature", "properties": { "services_sum": 1.1432200698634487, "total_departures_sum": 75, "route_short_name_sum": null, "services_unique": null, "total_departures_unique": null, "route_short_name_unique": "31" }, "geometry": { "type": "LineString", "coordinates": [ [ -9.38297, 38.72747 ], [ -9.3824963670129, 38.726919039358108 ], [ -9.38248, 38.7269 ], [ -9.3822, 38.72659 ], [ -9.382425578124732, 38.726842647619875 ], [ -9.38245, 38.72687 ], [ -9.38297, 38.72747 ] ] } },
{ "type": "Feature", "properties": { "services_sum": 1.1432200698634487, "total_departures_sum": 75, "route_short_name_sum": null, "services_unique": null, "total_departures_unique": null, "route_short_name_unique": "31" }, "geometry": { "type": "LineString", "coordinates": [ [ -9.37279, 38.71559 ], [ -9.37219, 38.71453 ], [ -9.37217500178024, 38.71450416984586 ], [ -9.37201, 38.71422 ], [ -9.37209, 38.71436 ], [ -9.372100102658806, 38.714377752145502 ], [ -9.37279, 38.71559 ] ] } },
{ "type": "Feature", "properties": { "services_sum": 1.1432200698634487, "total_departures_sum": 75, "route_short_name_sum": null, "services_unique": null, "total_departures_unique": null, "route_short_name_unique": "31" }, "geometry": { "type": "LineString", "coordinates": [ [ -9.36739, 38.71232 ], [ -9.367229747411475, 38.712150844552696 ], [ -9.36721, 38.71213 ], [ -9.36676, 38.71166 ], [ -9.366945403353972, 38.711854232174545 ], [ -9.36697, 38.71188 ], [ -9.36739, 38.71232 ] ] } },
{ "type": "Feature", "properties": { "services_sum": 1.1432200698634487, "total_departures_sum": 75, "route_short_name_sum": null, "services_unique": null, "total_departures_unique": null, "route_short_name_unique": "31" }, "geometry": { "type": "LineString", "coordinates": [ [ -9.36419, 38.71105 ], [ -9.363910005387622, 38.711077096289692 ], [ -9.36388, 38.71108 ], [ -9.36348, 38.71113 ], [ -9.363868282321624, 38.71108485096488 ], [ -9.36391, 38.71108 ], [ -9.36419, 38.71105 ] ] } },
{ "type": "Feature", "properties": { "services_sum": 1.1432200698634487, "total_departures_sum": 75, "route_short_name_sum": null, "services_unique": null, "total_departures_unique": null, "route_short_name_unique": "31" }, "geometry": { "type": "LineString", "coordinates": [ [ -9.36229, 38.71083 ], [ -9.36226, 38.71078 ], [ -9.36219, 38.71078 ], [ -9.36217, 38.71079 ], [ -9.36214, 38.71086 ], [ -9.3622, 38.71089 ], [ -9.36226, 38.71088 ], [ -9.36229, 38.71083 ] ] } },
{ "type": "Feature", "properties": { "services_sum": 1.1432200698634487, "total_departures_sum": 75, "route_short_name_sum": null, "services_unique": null, "total_departures_unique": null, "route_short_name_unique": "31" }, "geometry": { "type": "LineString", "coordinates": [ [ -9.35882, 38.70955 ], [ -9.357881501119211, 38.709433897177902 ], [ -9.35785, 38.70943 ], [ -9.35773, 38.70942 ], [ -9.358095498135762, 38.709464573016035 ], [ -9.35814, 38.70947 ], [ -9.35882, 38.70955 ] ] } },
{ "type": "Feature", "properties": { "services_sum": 1.1432200698634487, "total_departures_sum": 75, "route_short_name_sum": null, "services_unique": null, "total_departures_unique": null, "route_short_name_unique": "31" }, "geometry": { "type": "LineString", "coordinates": [ [ -9.35224, 38.69817 ], [ -9.35163, 38.69836 ], [ -9.351609490418978, 38.698366400313091 ], [ -9.35022, 38.6988 ], [ -9.351308659953105, 38.69846410748147 ], [ -9.35224, 38.69817 ] ] } },
{ "type": "Feature", "properties": { "services_sum": 1.1432200698634487, "total_departures_sum": 75, "route_short_name_sum": null, "services_unique": null, "total_departures_unique": null, "route_short_name_unique": "31" }, "geometry": { "type": "LineString", "coordinates": [ [ -9.34996, 38.69862 ], [ -9.3494, 38.6987 ], [ -9.34932, 38.6987 ], [ -9.34913, 38.69863 ], [ -9.34895, 38.6985 ], [ -9.34886, 38.69819 ], [ -9.34879, 38.69812 ], [ -9.3487, 38.69807 ], [ -9.34883, 38.69814 ], [ -9.34885, 38.69819 ], [ -9.34932, 38.69804 ], [ -9.34945, 38.69814 ], [ -9.34996, 38.69862 ] ] } },
{ "type": "Feature", "properties": { "services_sum": 2.0005557099194222, "total_departures_sum": 28, "route_short_name_sum": null, "services_unique": null, "total_departures_unique": null, "route_short_name_unique": "20, 22" }, "geometry": { "type": "LineString", "coordinates": [ [ -9.41838, 38.72872 ], [ -9.41837, 38.72882 ], [ -9.41834, 38.72887 ], [ -9.41827, 38.72891 ], [ -9.41818, 38.72894 ], [ -9.41802, 38.72892 ], [ -9.41794, 38.72887 ], [ -9.41787, 38.72874 ], [ -9.4179, 38.72866 ], [ -9.41798, 38.72858 ], [ -9.418, 38.72847 ], [ -9.41794, 38.72818 ], [ -9.41789, 38.72809 ], [ -9.41782, 38.72804 ], [ -9.41769, 38.72803 ], [ -9.41668, 38.72822 ] ] } },
{ "type": "Feature", "properties": { "services_sum": 2.0005557099194222, "total_departures_sum": 28, "route_short_name_sum": null, "services_unique": null, "total_departures_unique": null, "route_short_name_unique": "20, 22" }, "geometry": { "type": "LineString", "coordinates": [ [ -9.41459, 38.72911 ], [ -9.41447, 38.72914 ], [ -9.41435, 38.72912 ], [ -9.41424, 38.72907 ] ] } },
{ "type": "Feature", "properties": { "services_sum": 2.0005557099194222, "total_departures_sum": 28, "route_short_name_sum": null, "services_unique": null, "total_departures_unique": null, "route_short_name_unique": "20, 22" }, "geometry": { "type": "LineString", "coordinates": [ [ -9.41211, 38.72904 ], [ -9.41153, 38.72897 ], [ -9.41136, 38.72898 ], [ -9.4112, 38.72902 ], [ -9.41108, 38.7292 ] ] } },
{ "type": "Feature", "properties": { "services_sum": 1.0002778549597111, "total_departures_sum": 21, "route_short_name_sum": null, "services_unique": null, "total_departures_unique": null, "route_short_name_unique": "20" }, "geometry": { "type": "LineString", "coordinates": [ [ -9.41838, 38.72872 ], [ -9.418350805297971, 38.728672558670333 ], [ -9.41837, 38.72866 ], [ -9.41832, 38.7286 ], [ -9.41816, 38.7285 ], [ -9.41809, 38.72844 ], [ -9.41803, 38.72819 ], [ -9.41802, 38.72808 ], [ -9.41803, 38.72799 ], [ -9.41808, 38.72795 ], [ -9.41813, 38.72786 ], [ -9.41802, 38.72757 ], [ -9.41791, 38.72747 ], [ -9.41778, 38.72745 ], [ -9.41764, 38.72749 ], [ -9.41692, 38.72787 ] ] } },
{ "type": "Feature", "properties": { "services_sum": 1.0002778549597111, "total_departures_sum": 21, "route_short_name_sum": null, "services_unique": null, "total_departures_unique": null, "route_short_name_unique": "20" }, "geometry": { "type": "LineString", "coordinates": [ [ -9.41543, 38.7285 ], [ -9.41486, 38.7287 ], [ -9.41446, 38.7287 ] ] } },
{ "type": "Feature", "properties": { "services_sum": 1.0002778549597111, "total_departures_sum": 21, "route_short_name_sum": null, "services_unique": null, "total_departures_unique": null, "route_short_name_unique": "20" }, "geometry": { "type": "LineString", "coordinates": [ [ -9.41205, 38.72627 ], [ -9.41193, 38.72621 ], [ -9.411927311706171, 38.726208655853085 ], [ -9.41189, 38.72619 ], [ -9.4118, 38.72609 ], [ -9.41125, 38.72534 ] ] } },
{ "type": "Feature", "properties": { "services_sum": 1.0002778549597111, "total_departures_sum": 21, "route_short_name_sum": null, "services_unique": null, "total_departures_unique": null, "route_short_name_unique": "20" }, "geometry": { "type": "LineString", "coordinates": [ [ -9.41197, 38.72895 ], [ -9.41173, 38.72893 ], [ -9.41156, 38.72889 ], [ -9.41141, 38.72882 ], [ -9.41138, 38.72878 ], [ -9.41123, 38.72862 ] ] } },
{ "type": "Feature", "properties": { "services_sum": 1.0002778549597111, "total_departures_sum": 21, "route_short_name_sum": null, "services_unique": null, "total_departures_unique": null, "route_short_name_unique": "20" }, "geometry": { "type": "LineString", "coordinates": [ [ -9.41125, 38.7219 ], [ -9.41157, 38.72101 ], [ -9.41155, 38.72076 ], [ -9.4112, 38.72024 ], [ -9.41104, 38.72009 ], [ -9.41038, 38.71982 ], [ -9.40999, 38.71954 ], [ -9.40971, 38.71921 ], [ -9.40963, 38.7191 ] ] } },
{ "type": "Feature", "properties": { "services_sum": 1.0002778549597111, "total_departures_sum": 21, "route_short_name_sum": null, "services_unique": null, "total_departures_unique": null, "route_short_name_unique": "20" }, "geometry": { "type": "LineString", "coordinates": [ [ -9.41121, 38.72215 ], [ -9.41121, 38.722476606478708 ], [ -9.41115, 38.72312 ] ] } },
{ "type": "Feature", "properties": { "services_sum": 1.0002778549597111, "total_departures_sum": 21, "route_short_name_sum": null, "services_unique": null, "total_departures_unique": null, "route_short_name_unique": "20" }, "geometry": { "type": "LineString", "coordinates": [ [ -9.41108, 38.7292 ], [ -9.411033854188259, 38.729689145884919 ], [ -9.41103, 38.72973 ] ] } },
{ "type": "Feature", "properties": { "services_sum": 1.0002778549597111, "total_departures_sum": 21, "route_short_name_sum": null, "services_unique": null, "total_departures_unique": null, "route_short_name_unique": "20" }, "geometry": { "type": "LineString", "coordinates": [ [ -9.41043, 38.73184 ], [ -9.410164688715399, 38.732484327743833 ], [ -9.41015, 38.73252 ] ] } },
{ "type": "Feature", "properties": { "services_sum": 1.0002778549597111, "total_departures_sum": 21, "route_short_name_sum": null, "services_unique": null, "total_departures_unique": null, "route_short_name_unique": "20" }, "geometry": { "type": "LineString", "coordinates": [ [ -9.41013, 38.7176 ], [ -9.40999, 38.71752 ], [ -9.40965, 38.71724 ], [ -9.4095, 38.71718 ], [ -9.4093, 38.71715 ], [ -9.40929, 38.71703 ], [ -9.409288660382966, 38.716965699620133 ], [ -9.40926, 38.71559 ], [ -9.40922, 38.71529 ], [ -9.409211520793335, 38.715227254141901 ], [ -9.40917, 38.71492 ], [ -9.40912, 38.71467 ], [ -9.40909, 38.71435 ], [ -9.40891, 38.71346 ], [ -9.40878, 38.71314 ], [ -9.40869, 38.71296 ], [ -9.4085, 38.71279 ], [ -9.40869, 38.71258 ], [ -9.408727724235456, 38.712540796727794 ], [ -9.4092, 38.71205 ] ] } },
{ "type": "Feature", "properties": { "services_sum": 1.0002778549597111, "total_departures_sum": 21, "route_short_name_sum": null, "services_unique": null, "total_departures_unique": null, "route_short_name_unique": "20" }, "geometry": { "type": "LineString", "coordinates": [ [ -9.40995, 38.71032 ], [ -9.41007, 38.70973 ], [ -9.410078766421844, 38.709679593202196 ], [ -9.41008, 38.70967 ], [ -9.41011, 38.7095 ], [ -9.40895, 38.70899 ], [ -9.40887, 38.7088 ], [ -9.4088, 38.70854 ], [ -9.40855, 38.70788 ], [ -9.40848, 38.7078 ], [ -9.40844, 38.70774 ], [ -9.4083906723595, 38.707562420494199 ], [ -9.40839, 38.70756 ], [ -9.40846, 38.70734 ], [ -9.40873, 38.70687 ], [ -9.40892, 38.70643 ], [ -9.40886, 38.70608 ], [ -9.4088, 38.70593 ], [ -9.40864, 38.70586 ], [ -9.4084, 38.70579 ], [ -9.40804, 38.70562 ], [ -9.40781, 38.70562 ], [ -9.40716, 38.70552 ] ] } },
{ "type": "Feature", "properties": { "services_sum": 1.0002778549597111, "total_departures_sum": 21, "route_short_name_sum": null, "services_unique": null, "total_departures_unique": null, "route_short_name_unique": "20" }, "geometry": { "type": "LineString", "coordinates": [ [ -9.40961, 38.71901 ], [ -9.409596109528829, 38.718954438134681 ], [ -9.40959, 38.71893 ] ] } },
{ "type": "Feature", "properties": { "services_sum": 1.0002778549597111, "total_departures_sum": 21, "route_short_name_sum": null, "services_unique": null, "total_departures_unique": null, "route_short_name_unique": "20" }, "geometry": { "type": "LineString", "coordinates": [ [ -9.40917, 38.70438 ], [ -9.40912, 38.70428 ], [ -9.40902, 38.70413 ], [ -9.40891, 38.70405 ], [ -9.40871, 38.70399 ], [ -9.40851, 38.70397 ], [ -9.40834, 38.70408 ], [ -9.408334316702174, 38.70408361664407 ], [ -9.40823, 38.70415 ], [ -9.40787, 38.70428 ], [ -9.40711, 38.70439 ], [ -9.40647, 38.70477 ], [ -9.40639, 38.70479 ], [ -9.4063, 38.7048 ], [ -9.40614, 38.70477 ], [ -9.40606, 38.70469 ], [ -9.40602, 38.70457 ], [ -9.40596, 38.70448 ], [ -9.40585, 38.70447 ], [ -9.40518, 38.70446 ], [ -9.40358, 38.70451 ], [ -9.40331, 38.7045 ], [ -9.40307, 38.70445 ], [ -9.4028, 38.70436 ], [ -9.40259, 38.70426 ], [ -9.40195, 38.70377 ], [ -9.40178, 38.70369 ], [ -9.40137, 38.70356 ], [ -9.40119, 38.70354 ], [ -9.40096, 38.70355 ], [ -9.39988, 38.7036 ], [ -9.39821, 38.70347 ] ] } },
{ "type": "Feature", "properties": { "services_sum": 1.0002778549597111, "total_departures_sum": 21, "route_short_name_sum": null, "services_unique": null, "total_departures_unique": null, "route_short_name_unique": "20" }, "geometry": { "type": "LineString", "coordinates": [ [ -9.40851, 38.70502 ], [ -9.40836, 38.70501 ], [ -9.408352727043262, 38.705008996833556 ], [ -9.40807, 38.70497 ] ] } },
{ "type": "Feature", "properties": { "services_sum": 1.0002778549597111, "total_departures_sum": 21, "route_short_name_sum": null, "services_unique": null, "total_departures_unique": null, "route_short_name_unique": "20" }, "geometry": { "type": "LineString", "coordinates": [ [ -9.40837, 38.73475 ], [ -9.407574027821763, 38.735315811855365 ], [ -9.40754, 38.73534 ] ] } },
{ "type": "Feature", "properties": { "services_sum": 1.0002778549597111, "total_departures_sum": 21, "route_short_name_sum": null, "services_unique": null, "total_departures_unique": null, "route_short_name_unique": "20" }, "geometry": { "type": "LineString", "coordinates": [ [ -9.40482, 38.73733 ], [ -9.404250619363363, 38.737747546005728 ], [ -9.40422, 38.73777 ] ] } },
{ "type": "Feature", "properties": { "services_sum": 1.0002778549597111, "total_departures_sum": 21, "route_short_name_sum": null, "services_unique": null, "total_departures_unique": null, "route_short_name_unique": "20" }, "geometry": { "type": "LineString", "coordinates": [ [ -9.39872, 38.74102 ], [ -9.398673515036881, 38.74102664071399 ], [ -9.39865, 38.74103 ] ] } },
{ "type": "Feature", "properties": { "services_sum": 1.0002778549597111, "total_departures_sum": 21, "route_short_name_sum": null, "services_unique": null, "total_departures_unique": null, "route_short_name_unique": "20" }, "geometry": { "type": "LineString", "coordinates": [ [ -9.39351, 38.74179 ], [ -9.393382434115669, 38.742054944549082 ], [ -9.39338, 38.74206 ], [ -9.39311, 38.74262 ] ] } },
{ "type": "Feature", "properties": { "services_sum": 1.0002778549597111, "total_departures_sum": 21, "route_short_name_sum": null, "services_unique": null, "total_departures_unique": null, "route_short_name_unique": "20" }, "geometry": { "type": "LineString", "coordinates": [ [ -9.39248, 38.74347 ], [ -9.392170828211663, 38.744257889420467 ], [ -9.39217, 38.74426 ], [ -9.39194, 38.74484 ], [ -9.38985, 38.74896 ], [ -9.38849, 38.7513 ], [ -9.38831, 38.75156 ], [ -9.38781, 38.75203 ], [ -9.38779, 38.75208 ], [ -9.38781, 38.75219 ], [ -9.38786, 38.75226 ], [ -9.38799, 38.7523 ], [ -9.38817, 38.75228 ], [ -9.38824, 38.75225 ], [ -9.38847, 38.75219 ], [ -9.3887, 38.7522 ], [ -9.38884, 38.75224 ], [ -9.38896, 38.7523 ], [ -9.38915, 38.75248 ], [ -9.38918, 38.75253 ], [ -9.38921, 38.75266 ], [ -9.38919, 38.75284 ], [ -9.38936, 38.7532 ], [ -9.38938, 38.75332 ], [ -9.38869, 38.75542 ], [ -9.38863, 38.75565 ], [ -9.38862, 38.75577 ], [ -9.38865, 38.75589 ], [ -9.38863, 38.75594 ], [ -9.38858, 38.75598 ], [ -9.38853, 38.756 ], [ -9.38846, 38.75601 ], [ -9.38839, 38.75599 ], [ -9.38834, 38.75596 ], [ -9.38824, 38.75592 ], [ -9.387954734484945, 38.755920000005759 ], [ -9.38686, 38.75595 ], [ -9.38665, 38.756 ], [ -9.3865, 38.75609 ], [ -9.38642, 38.75617 ], [ -9.38627, 38.75637 ], [ -9.38612, 38.75649 ], [ -9.38591, 38.75658 ], [ -9.38462, 38.75706 ], [ -9.384616339602932, 38.757061187155806 ] ] } },
{ "type": "Feature", "properties": { "services_sum": 3.0008335648791333, "total_departures_sum": 94, "route_short_name_sum": null, "services_unique": null, "total_departures_unique": null, "route_short_name_unique": "11, 13, 6" }, "geometry": { "type": "LineString", "coordinates": [ [ -9.41832, 38.70736 ], [ -9.41833, 38.70724 ], [ -9.41829, 38.70692 ] ] } },
{ "type": "Feature", "properties": { "services_sum": 3.0008335648791333, "total_departures_sum": 94, "route_short_name_sum": null, "services_unique": null, "total_departures_unique": null, "route_short_name_unique": "11, 13, 6" }, "geometry": { "type": "LineString", "coordinates": [ [ -9.41819, 38.70347 ], [ -9.41803, 38.7034 ], [ -9.41798, 38.70337 ], [ -9.41791, 38.70336 ], [ -9.41784, 38.70338 ] ] } },
{ "type": "Feature", "properties": { "services_sum": 3.0008335648791333, "total_departures_sum": 94, "route_short_name_sum": null, "services_unique": null, "total_departures_unique": null, "route_short_name_unique": "11, 13, 6" }, "geometry": { "type": "LineString", "coordinates": [ [ -9.41783, 38.70361 ], [ -9.41777, 38.70463 ], [ -9.41779, 38.7049 ] ] } },
{ "type": "Feature", "properties": { "services_sum": 3.0008335648791333, "total_departures_sum": 94, "route_short_name_sum": null, "services_unique": null, "total_departures_unique": null, "route_short_name_unique": "11, 13, 6" }, "geometry": { "type": "LineString", "coordinates": [ [ -9.41712, 38.72327 ], [ -9.41711, 38.72373 ], [ -9.41709, 38.7238 ], [ -9.41701, 38.72393 ], [ -9.41682, 38.72416 ], [ -9.41672, 38.72427 ], [ -9.41659, 38.72436 ] ] } },
{ "type": "Feature", "properties": { "services_sum": 3.0008335648791333, "total_departures_sum": 94, "route_short_name_sum": null, "services_unique": null, "total_departures_unique": null, "route_short_name_unique": "11, 13, 6" }, "geometry": { "type": "LineString", "coordinates": [ [ -9.4171, 38.72295 ], [ -9.41709, 38.72279 ], [ -9.41711, 38.72257 ], [ -9.41728, 38.72186 ], [ -9.41722, 38.72175 ], [ -9.41706, 38.72164 ], [ -9.41698, 38.72163 ], [ -9.41692, 38.7216 ], [ -9.41687, 38.72155 ], [ -9.41684, 38.72144 ], [ -9.41686, 38.72138 ] ] } },
{ "type": "Feature", "properties": { "services_sum": 3.0008335648791333, "total_departures_sum": 94, "route_short_name_sum": null, "services_unique": null, "total_departures_unique": null, "route_short_name_unique": "11, 13, 6" }, "geometry": { "type": "LineString", "coordinates": [ [ -9.41643, 38.72443 ], [ -9.41543, 38.72465 ], [ -9.41509, 38.72476 ] ] } },
{ "type": "Feature", "properties": { "services_sum": 3.0008335648791333, "total_departures_sum": 94, "route_short_name_sum": null, "services_unique": null, "total_departures_unique": null, "route_short_name_unique": "11, 13, 6" }, "geometry": { "type": "LineString", "coordinates": [ [ -9.41316, 38.72265 ], [ -9.41302, 38.72309 ] ] } },
{ "type": "Feature", "properties": { "services_sum": 3.0008335648791333, "total_departures_sum": 94, "route_short_name_sum": null, "services_unique": null, "total_departures_unique": null, "route_short_name_unique": "11, 13, 6" }, "geometry": { "type": "LineString", "coordinates": [ [ -9.41204, 38.72664 ], [ -9.41199, 38.72638 ] ] } },
{ "type": "Feature", "properties": { "services_sum": 3.0008335648791333, "total_departures_sum": 94, "route_short_name_sum": null, "services_unique": null, "total_departures_unique": null, "route_short_name_unique": "11, 13, 6" }, "geometry": { "type": "LineString", "coordinates": [ [ -9.41195, 38.72681 ], [ -9.41126, 38.72777 ], [ -9.41117, 38.72801 ], [ -9.41112, 38.72851 ], [ -9.41103, 38.72869 ], [ -9.41094, 38.72877 ], [ -9.41092, 38.72887 ], [ -9.41095, 38.72893 ], [ -9.41099, 38.72898 ], [ -9.41108, 38.7292 ] ] } },
{ "type": "Feature", "properties": { "services_sum": 3.0008335648791333, "total_departures_sum": 94, "route_short_name_sum": null, "services_unique": null, "total_departures_unique": null, "route_short_name_unique": "11, 13, 6" }, "geometry": { "type": "LineString", "coordinates": [ [ -9.41189, 38.72619 ], [ -9.41125, 38.72534 ] ] } },
{ "type": "Feature", "properties": { "services_sum": 3.0008335648791333, "total_departures_sum": 94, "route_short_name_sum": null, "services_unique": null, "total_departures_unique": null, "route_short_name_unique": "11, 13, 6" }, "geometry": { "type": "LineString", "coordinates": [ [ -9.41121, 38.72215 ], [ -9.41122, 38.72249 ], [ -9.41116, 38.72297 ] ] } },
{ "type": "Feature", "properties": { "services_sum": 2.0005557099194222, "total_departures_sum": 91, "route_short_name_sum": null, "services_unique": null, "total_departures_unique": null, "route_short_name_unique": "11, 6" }, "geometry": { "type": "LineString", "coordinates": [ [ -9.41832, 38.70736 ], [ -9.4183, 38.70739 ], [ -9.41823, 38.70774 ] ] } },
{ "type": "Feature", "properties": { "services_sum": 2.0005557099194222, "total_departures_sum": 91, "route_short_name_sum": null, "services_unique": null, "total_departures_unique": null, "route_short_name_unique": "11, 6" }, "geometry": { "type": "LineString", "coordinates": [ [ -9.41811, 38.71671 ], [ -9.41808, 38.71689 ], [ -9.41802, 38.71701 ], [ -9.41783, 38.7172 ], [ -9.41748, 38.71745 ], [ -9.41729, 38.71766 ], [ -9.41714, 38.71789 ], [ -9.41704, 38.71821 ], [ -9.41702, 38.71839 ], [ -9.41704, 38.71885 ], [ -9.41703, 38.71911 ], [ -9.41693, 38.71944 ], [ -9.41666, 38.71994 ], [ -9.41656, 38.72015 ], [ -9.41653, 38.72038 ], [ -9.41656, 38.72067 ], [ -9.41667, 38.72092 ], [ -9.41684, 38.72125 ], [ -9.41686, 38.72138 ] ] } },
{ "type": "Feature", "properties": { "services_sum": 2.0005557099194222, "total_departures_sum": 91, "route_short_name_sum": null, "services_unique": null, "total_departures_unique": null, "route_short_name_unique": "11, 6" }, "geometry": { "type": "LineString", "coordinates": [ [ -9.4181, 38.71633 ], [ -9.41809, 38.71581 ] ] } },
{ "type": "Feature", "properties": { "services_sum": 2.0005557099194222, "total_departures_sum": 91, "route_short_name_sum": null, "services_unique": null, "total_departures_unique": null, "route_short_name_unique": "11, 6" }, "geometry": { "type": "LineString", "coordinates": [ [ -9.41771, 38.71509 ], [ -9.41765, 38.71512 ], [ -9.41757, 38.71514 ], [ -9.41749, 38.71513 ], [ -9.41742, 38.71511 ], [ -9.41736, 38.71507 ], [ -9.41732, 38.71502 ], [ -9.41731, 38.71496 ] ] } },
{ "type": "Feature", "properties": { "services_sum": 2.0005557099194222, "total_departures_sum": 91, "route_short_name_sum": null, "services_unique": null, "total_departures_unique": null, "route_short_name_unique": "11, 6" }, "geometry": { "type": "LineString", "coordinates": [ [ -9.40932, 38.73273 ], [ -9.40927, 38.73262 ] ] } },
{ "type": "Feature", "properties": { "services_sum": 2.0005557099194222, "total_departures_sum": 91, "route_short_name_sum": null, "services_unique": null, "total_departures_unique": null, "route_short_name_unique": "11, 6" }, "geometry": { "type": "LineString", "coordinates": [ [ -9.39899, 38.70353 ], [ -9.39821, 38.70347 ] ] } },
{ "type": "Feature", "properties": { "services_sum": 2.0005557099194222, "total_departures_sum": 91, "route_short_name_sum": null, "services_unique": null, "total_departures_unique": null, "route_short_name_unique": "11, 6" }, "geometry": { "type": "LineString", "coordinates": [ [ -9.39843, 38.72318 ], [ -9.39807, 38.72278 ] ] } },
{ "type": "Feature", "properties": { "services_sum": 2.0005557099194222, "total_departures_sum": 91, "route_short_name_sum": null, "services_unique": null, "total_departures_unique": null, "route_short_name_unique": "11, 6" }, "geometry": { "type": "LineString", "coordinates": [ [ -9.39777, 38.72975 ], [ -9.39761, 38.73061 ], [ -9.39767, 38.73078 ], [ -9.39772, 38.73082 ], [ -9.39778, 38.73093 ], [ -9.39777, 38.73101 ], [ -9.39773, 38.73105 ], [ -9.39762, 38.7311 ], [ -9.39753, 38.73121 ], [ -9.39746, 38.7314 ] ] } },
{ "type": "Feature", "properties": { "services_sum": 2.0005557099194222, "total_departures_sum": 91, "route_short_name_sum": null, "services_unique": null, "total_departures_unique": null, "route_short_name_unique": "11, 6" }, "geometry": { "type": "LineString", "coordinates": [ [ -9.39733, 38.73209 ], [ -9.39733, 38.7322 ] ] } },
{ "type": "Feature", "properties": { "services_sum": 2.0005557099194222, "total_departures_sum": 91, "route_short_name_sum": null, "services_unique": null, "total_departures_unique": null, "route_short_name_unique": "11, 6" }, "geometry": { "type": "LineString", "coordinates": [ [ -9.39581, 38.70982 ], [ -9.39574, 38.7089 ] ] } },
{ "type": "Feature", "properties": { "services_sum": 2.0005557099194222, "total_departures_sum": 91, "route_short_name_sum": null, "services_unique": null, "total_departures_unique": null, "route_short_name_unique": "11, 6" }, "geometry": { "type": "LineString", "coordinates": [ [ -9.39577, 38.71012 ], [ -9.39561, 38.71134 ] ] } },
{ "type": "Feature", "properties": { "services_sum": 2.0005557099194222, "total_departures_sum": 91, "route_short_name_sum": null, "services_unique": null, "total_departures_unique": null, "route_short_name_unique": "11, 6" }, "geometry": { "type": "LineString", "coordinates": [ [ -9.39474, 38.71316 ], [ -9.39439, 38.71322 ], [ -9.39412, 38.71329 ], [ -9.39387, 38.71341 ], [ -9.39383, 38.71346 ], [ -9.39377, 38.71368 ], [ -9.39377, 38.71387 ], [ -9.39386, 38.71431 ], [ -9.39398, 38.7147 ] ] } },
{ "type": "Feature", "properties": { "services_sum": 2.0005557099194222, "total_departures_sum": 91, "route_short_name_sum": null, "services_unique": null, "total_departures_unique": null, "route_short_name_unique": "11, 6" }, "geometry": { "type": "LineString", "coordinates": [ [ -9.39417, 38.71835 ], [ -9.39416, 38.71805 ] ] } },
{ "type": "Feature", "properties": { "services_sum": 2.0005557099194222, "total_departures_sum": 104, "route_short_name_sum": null, "services_unique": null, "total_departures_unique": null, "route_short_name_unique": "6, 13" }, "geometry": { "type": "LineString", "coordinates": [ [ -9.41822, 38.72009 ], [ -9.41823, 38.72013 ], [ -9.41821, 38.7202 ], [ -9.41814, 38.72024 ], [ -9.41803, 38.72035 ] ] } },
{ "type": "Feature", "properties": { "services_sum": 2.0005557099194222, "total_departures_sum": 104, "route_short_name_sum": null, "services_unique": null, "total_departures_unique": null, "route_short_name_unique": "6, 13" }, "geometry": { "type": "LineString", "coordinates": [ [ -9.41756, 38.72124 ], [ -9.41738, 38.7214 ], [ -9.4173, 38.72151 ], [ -9.41728, 38.72188 ], [ -9.41711, 38.72257 ] ] } },
{ "type": "Feature", "properties": { "services_sum": 2.0005557099194222, "total_departures_sum": 104, "route_short_name_sum": null, "services_unique": null, "total_departures_unique": null, "route_short_name_unique": "6, 13" }, "geometry": { "type": "LineString", "coordinates": [ [ -9.41709, 38.72287 ], [ -9.41712, 38.72327 ], [ -9.41719, 38.72371 ], [ -9.41723, 38.72379 ], [ -9.41729, 38.72386 ], [ -9.41735, 38.7239 ], [ -9.4174, 38.72396 ], [ -9.41741, 38.72403 ], [ -9.4174, 38.72407 ], [ -9.41736, 38.72413 ], [ -9.41729, 38.72417 ], [ -9.41721, 38.72419 ], [ -9.41713, 38.72418 ], [ -9.41704, 38.72414 ], [ -9.41693, 38.72412 ], [ -9.41685, 38.72415 ], [ -9.41659, 38.72436 ] ] } },
{ "type": "Feature", "properties": { "services_sum": 2.0005557099194222, "total_departures_sum": 104, "route_short_name_sum": null, "services_unique": null, "total_departures_unique": null, "route_short_name_unique": "6, 13" }, "geometry": { "type": "LineString", "coordinates": [ [ -9.41536, 38.72467 ], [ -9.41436, 38.725 ] ] } },
{ "type": "Feature", "properties": { "services_sum": 2.0005557099194222, "total_departures_sum": 104, "route_short_name_sum": null, "services_unique": null, "total_departures_unique": null, "route_short_name_unique": "6, 13" }, "geometry": { "type": "LineString", "coordinates": [ [ -9.41319, 38.72238 ], [ -9.41318, 38.7226 ], [ -9.41315, 38.72269 ] ] } },
{ "type": "Feature", "properties": { "services_sum": 2.0005557099194222, "total_departures_sum": 104, "route_short_name_sum": null, "services_unique": null, "total_departures_unique": null, "route_short_name_unique": "6, 13" }, "geometry": { "type": "LineString", "coordinates": [ [ -9.41123, 38.72862 ], [ -9.41135, 38.72874 ], [ -9.41139, 38.72884 ], [ -9.41138, 38.7289 ], [ -9.41133, 38.72898 ], [ -9.41123, 38.72902 ] ] } },
{ "type": "Feature", "properties": { "services_sum": 2.0005557099194222, "total_departures_sum": 73, "route_short_name_sum": null, "services_unique": null, "total_departures_unique": null, "route_short_name_unique": "6, 13" }, "geometry": { "type": "LineString", "coordinates": [ [ -9.41822, 38.72009 ], [ -9.41819, 38.72007 ], [ -9.41811, 38.72004 ] ] } },
{ "type": "Feature", "properties": { "services_sum": 2.0005557099194222, "total_departures_sum": 73, "route_short_name_sum": null, "services_unique": null, "total_departures_unique": null, "route_short_name_unique": "6, 13" }, "geometry": { "type": "LineString", "coordinates": [ [ -9.3969, 38.73309 ], [ -9.3967, 38.73313 ], [ -9.39614, 38.73308 ], [ -9.39583, 38.73309 ], [ -9.39547, 38.73317 ] ] } },
{ "type": "Feature", "properties": { "services_sum": 2.0005557099194222, "total_departures_sum": 73, "route_short_name_sum": null, "services_unique": null, "total_departures_unique": null, "route_short_name_unique": "6, 13" }, "geometry": { "type": "LineString", "coordinates": [ [ -9.39059, 38.7347 ], [ -9.39044, 38.73476 ] ] } },
{ "type": "Feature", "properties": { "services_sum": 2.0005557099194222, "total_departures_sum": 73, "route_short_name_sum": null, "services_unique": null, "total_departures_unique": null, "route_short_name_unique": "6, 13" }, "geometry": { "type": "LineString", "coordinates": [ [ -9.38917, 38.735 ], [ -9.38904, 38.73495 ], [ -9.38891, 38.73488 ], [ -9.38877, 38.73472 ] ] } },
{ "type": "Feature", "properties": { "services_sum": 2.0005557099194222, "total_departures_sum": 73, "route_short_name_sum": null, "services_unique": null, "total_departures_unique": null, "route_short_name_unique": "6, 13" }, "geometry": { "type": "LineString", "coordinates": [ [ -9.38845, 38.73466 ], [ -9.38834, 38.73469 ], [ -9.38827, 38.73474 ] ] } },
{ "type": "Feature", "properties": { "services_sum": 3.0008335648791333, "total_departures_sum": 161, "route_short_name_sum": null, "services_unique": null, "total_departures_unique": null, "route_short_name_unique": "6, 11" }, "geometry": { "type": "LineString", "coordinates": [ [ -9.41809, 38.71581 ], [ -9.41804, 38.71562 ], [ -9.41796, 38.71544 ], [ -9.41771, 38.71509 ] ] } },
{ "type": "Feature", "properties": { "services_sum": 3.0008335648791333, "total_departures_sum": 161, "route_short_name_sum": null, "services_unique": null, "total_departures_unique": null, "route_short_name_unique": "6, 11" }, "geometry": { "type": "LineString", "coordinates": [ [ -9.39874, 38.72428 ], [ -9.39875, 38.72389 ], [ -9.39864, 38.72352 ], [ -9.39843, 38.72318 ] ] } },
{ "type": "Feature", "properties": { "services_sum": 3.0008335648791333, "total_departures_sum": 161, "route_short_name_sum": null, "services_unique": null, "total_departures_unique": null, "route_short_name_unique": "6, 11" }, "geometry": { "type": "LineString", "coordinates": [ [ -9.39746, 38.7314 ], [ -9.39733, 38.73209 ] ] } },
{ "type": "Feature", "properties": { "services_sum": 3.0008335648791333, "total_departures_sum": 161, "route_short_name_sum": null, "services_unique": null, "total_departures_unique": null, "route_short_name_unique": "6, 11" }, "geometry": { "type": "LineString", "coordinates": [ [ -9.39452, 38.719 ], [ -9.39427, 38.71865 ], [ -9.39417, 38.71835 ] ] } },
{ "type": "Feature", "properties": { "services_sum": 3.0008335648791333, "total_departures_sum": 161, "route_short_name_sum": null, "services_unique": null, "total_departures_unique": null, "route_short_name_unique": "6, 11" }, "geometry": { "type": "LineString", "coordinates": [ [ -9.39427, 38.71643 ], [ -9.39416, 38.71545 ], [ -9.39398, 38.7147 ] ] } },
{ "type": "Feature", "properties": { "services_sum": 3.0008335648791333, "total_departures_sum": 161, "route_short_name_sum": null, "services_unique": null, "total_departures_unique": null, "route_short_name_unique": "6, 11" }, "geometry": { "type": "LineString", "coordinates": [ [ -9.39421, 38.71767 ], [ -9.39416, 38.71805 ] ] } },
{ "type": "Feature", "properties": { "services_sum": 3.0008335648791333, "total_departures_sum": 122, "route_short_name_sum": null, "services_unique": null, "total_departures_unique": null, "route_short_name_unique": "6, 11, 12" }, "geometry": { "type": "LineString", "coordinates": [ [ -9.41802, 38.70998 ], [ -9.41799, 38.70935 ] ] } },
{ "type": "Feature", "properties": { "services_sum": 3.0008335648791333, "total_departures_sum": 122, "route_short_name_sum": null, "services_unique": null, "total_departures_unique": null, "route_short_name_unique": "6, 11, 12" }, "geometry": { "type": "LineString", "coordinates": [ [ -9.41793, 38.71084 ], [ -9.41785, 38.71082 ], [ -9.4178, 38.71077 ], [ -9.41778, 38.71071 ] ] } },
{ "type": "Feature", "properties": { "services_sum": 2.0005557099194222, "total_departures_sum": 65, "route_short_name_sum": null, "services_unique": null, "total_departures_unique": null, "route_short_name_unique": "13, 12" }, "geometry": { "type": "LineString", "coordinates": [ [ -9.41799, 38.70337 ], [ -9.41789, 38.70286 ] ] } },
{ "type": "Feature", "properties": { "services_sum": 2.0005557099194222, "total_departures_sum": 65, "route_short_name_sum": null, "services_unique": null, "total_departures_unique": null, "route_short_name_unique": "13, 12" }, "geometry": { "type": "LineString", "coordinates": [ [ -9.41795, 38.70154 ], [ -9.41773, 38.70152 ], [ -9.41768, 38.70157 ], [ -9.41769, 38.70168 ], [ -9.41769, 38.70187 ], [ -9.41786, 38.70254 ] ] } },
{ "type": "Feature", "properties": { "services_sum": 2.0005557099194222, "total_departures_sum": 73, "route_short_name_sum": null, "services_unique": null, "total_departures_unique": null, "route_short_name_unique": "13, 6" }, "geometry": { "type": "LineString", "coordinates": [ [ -9.41784, 38.70338 ], [ -9.41778, 38.70344 ], [ -9.41783, 38.70361 ] ] } },
{ "type": "Feature", "properties": { "services_sum": 2.0005557099194222, "total_departures_sum": 73, "route_short_name_sum": null, "services_unique": null, "total_departures_unique": null, "route_short_name_unique": "13, 6" }, "geometry": { "type": "LineString", "coordinates": [ [ -9.41782, 38.70511 ], [ -9.41779, 38.7049 ] ] } },
{ "type": "Feature", "properties": { "services_sum": 2.0005557099194222, "total_departures_sum": 73, "route_short_name_sum": null, "services_unique": null, "total_departures_unique": null, "route_short_name_unique": "13, 6" }, "geometry": { "type": "LineString", "coordinates": [ [ -9.411, 38.73022 ], [ -9.40898, 38.73073 ], [ -9.40854, 38.7308 ], [ -9.40833, 38.73086 ], [ -9.40801, 38.73103 ] ] } },
{ "type": "Feature", "properties": { "services_sum": 2.1434979248231598, "total_departures_sum": 96, "route_short_name_sum": null, "services_unique": null, "total_departures_unique": null, "route_short_name_unique": "31, 20" }, "geometry": { "type": "LineString", "coordinates": [ [ -9.41692, 38.72787 ], [ -9.41627, 38.72816 ], [ -9.41543, 38.7285 ] ] } },
{ "type": "Feature", "properties": { "services_sum": 2.1434979248231598, "total_departures_sum": 96, "route_short_name_sum": null, "services_unique": null, "total_departures_unique": null, "route_short_name_unique": "31, 20" }, "geometry": { "type": "LineString", "coordinates": [ [ -9.41446, 38.7287 ], [ -9.4143, 38.72873 ], [ -9.41409, 38.72888 ], [ -9.41396, 38.72892 ], [ -9.41369, 38.72895 ], [ -9.41331, 38.72898 ], [ -9.41284, 38.72899 ], [ -9.41197, 38.72895 ] ] } },
{ "type": "Feature", "properties": { "services_sum": 3.1437757797828709, "total_departures_sum": 103, "route_short_name_sum": null, "services_unique": null, "total_departures_unique": null, "route_short_name_unique": "31, 20, 22" }, "geometry": { "type": "LineString", "coordinates": [ [ -9.41668, 38.72822 ], [ -9.4163, 38.72833 ], [ -9.41543, 38.72863 ], [ -9.41487, 38.72885 ], [ -9.41478, 38.72893 ], [ -9.41466, 38.72907 ], [ -9.41459, 38.72911 ] ] } },
{ "type": "Feature", "properties": { "services_sum": 3.1437757797828709, "total_departures_sum": 103, "route_short_name_sum": null, "services_unique": null, "total_departures_unique": null, "route_short_name_unique": "31, 20, 22" }, "geometry": { "type": "LineString", "coordinates": [ [ -9.41424, 38.72907 ], [ -9.41409, 38.72902 ], [ -9.41396, 38.72901 ], [ -9.41292, 38.72906 ], [ -9.41211, 38.72904 ] ] } },
{ "type": "Feature", "properties": { "services_sum": 5.0013892747985551, "total_departures_sum": 198, "route_short_name_sum": null, "services_unique": null, "total_departures_unique": null, "route_short_name_unique": "6, 11, 13" }, "geometry": { "type": "LineString", "coordinates": [ [ -9.41659, 38.72436 ], [ -9.41643, 38.72443 ] ] } },
{ "type": "Feature", "properties": { "services_sum": 5.0013892747985551, "total_departures_sum": 198, "route_short_name_sum": null, "services_unique": null, "total_departures_unique": null, "route_short_name_unique": "6, 11, 13" }, "geometry": { "type": "LineString", "coordinates": [ [ -9.41436, 38.725 ], [ -9.4141, 38.72511 ], [ -9.41399, 38.72505 ], [ -9.41363, 38.72467 ], [ -9.41338, 38.72434 ], [ -9.41304, 38.72351 ], [ -9.41299, 38.72332 ], [ -9.41302, 38.72309 ] ] } },
{ "type": "Feature", "properties": { "services_sum": 5.0013892747985551, "total_departures_sum": 198, "route_short_name_sum": null, "services_unique": null, "total_departures_unique": null, "route_short_name_unique": "6, 11, 13" }, "geometry": { "type": "LineString", "coordinates": [ [ -9.41319, 38.72238 ], [ -9.41314, 38.72205 ], [ -9.41259, 38.72208 ], [ -9.41227, 38.72207 ], [ -9.41138, 38.72191 ], [ -9.41125, 38.7219 ] ] } },
{ "type": "Feature", "properties": { "services_sum": 3.0008335648791333, "total_departures_sum": 171, "route_short_name_sum": null, "services_unique": null, "total_departures_unique": null, "route_short_name_unique": "6, 12" }, "geometry": { "type": "LineString", "coordinates": [ [ -9.41542, 38.71029 ], [ -9.4151, 38.71098 ] ] } },
{ "type": "Feature", "properties": { "services_sum": 3.0008335648791333, "total_departures_sum": 171, "route_short_name_sum": null, "services_unique": null, "total_departures_unique": null, "route_short_name_unique": "6, 12" }, "geometry": { "type": "LineString", "coordinates": [ [ -9.41436, 38.71237 ], [ -9.41423, 38.71262 ], [ -9.41404, 38.71316 ] ] } },
{ "type": "Feature", "properties": { "services_sum": 3.0008335648791333, "total_departures_sum": 171, "route_short_name_sum": null, "services_unique": null, "total_departures_unique": null, "route_short_name_unique": "6, 12" }, "geometry": { "type": "LineString", "coordinates": [ [ -9.41386, 38.71439 ], [ -9.41375, 38.7146 ] ] } },
{ "type": "Feature", "properties": { "services_sum": 3.0008335648791333, "total_departures_sum": 125, "route_short_name_sum": null, "services_unique": null, "total_departures_unique": null, "route_short_name_unique": "20, 6, 13" }, "geometry": { "type": "LineString", "coordinates": [ [ -9.41205, 38.72627 ], [ -9.41219, 38.72631 ], [ -9.41223, 38.72638 ], [ -9.4122, 38.72646 ], [ -9.41204, 38.72664 ] ] } },
{ "type": "Feature", "properties": { "services_sum": 3.0008335648791333, "total_departures_sum": 125, "route_short_name_sum": null, "services_unique": null, "total_departures_unique": null, "route_short_name_unique": "20, 6, 13" }, "geometry": { "type": "LineString", "coordinates": [ [ -9.41195, 38.72681 ], [ -9.41133, 38.72767 ], [ -9.41121, 38.72787 ], [ -9.41117, 38.72801 ], [ -9.41113, 38.72845 ], [ -9.41123, 38.72862 ] ] } },
{ "type": "Feature", "properties": { "services_sum": 6.0016671297582667, "total_departures_sum": 219, "route_short_name_sum": null, "services_unique": null, "total_departures_unique": null, "route_short_name_unique": "20, 6, 11, 13" }, "geometry": { "type": "LineString", "coordinates": [ [ -9.41204, 38.72664 ], [ -9.41195, 38.72681 ] ] } },
{ "type": "Feature", "properties": { "services_sum": 6.0016671297582667, "total_departures_sum": 219, "route_short_name_sum": null, "services_unique": null, "total_departures_unique": null, "route_short_name_unique": "20, 6, 11, 13" }, "geometry": { "type": "LineString", "coordinates": [ [ -9.41125, 38.7219 ], [ -9.41121, 38.72215 ] ] } },
{ "type": "Feature", "properties": { "services_sum": 6.0016671297582667, "total_departures_sum": 219, "route_short_name_sum": null, "services_unique": null, "total_departures_unique": null, "route_short_name_unique": "20, 6, 11, 13" }, "geometry": { "type": "LineString", "coordinates": [ [ -9.41115, 38.72312 ], [ -9.4113, 38.72372 ], [ -9.41127, 38.72451 ], [ -9.41118, 38.72486 ], [ -9.41117, 38.72511 ], [ -9.41125, 38.72534 ] ] } },
{ "type": "Feature", "properties": { "services_sum": 3.1437757797828709, "total_departures_sum": 179, "route_short_name_sum": null, "services_unique": null, "total_departures_unique": null, "route_short_name_unique": "31, 6, 13" }, "geometry": { "type": "LineString", "coordinates": [ [ -9.41123, 38.72902 ], [ -9.41114, 38.72911 ], [ -9.41108, 38.7292 ] ] } },
{ "type": "Feature", "properties": { "services_sum": 3.1437757797828709, "total_departures_sum": 179, "route_short_name_sum": null, "services_unique": null, "total_departures_unique": null, "route_short_name_unique": "31, 6, 13" }, "geometry": { "type": "LineString", "coordinates": [ [ -9.38863, 38.73522 ], [ -9.38847, 38.73523 ], [ -9.38835, 38.73521 ] ] } },
{ "type": "Feature", "properties": { "services_sum": 2.1434979248231598, "total_departures_sum": 145, "route_short_name_sum": null, "services_unique": null, "total_departures_unique": null, "route_short_name_unique": "31, 6" }, "geometry": { "type": "LineString", "coordinates": [ [ -9.41102, 38.73007 ], [ -9.41098, 38.73032 ], [ -9.41075, 38.73091 ], [ -9.41043, 38.73184 ] ] } },
{ "type": "Feature", "properties": { "services_sum": 2.1434979248231598, "total_departures_sum": 145, "route_short_name_sum": null, "services_unique": null, "total_departures_unique": null, "route_short_name_unique": "31, 6" }, "geometry": { "type": "LineString", "coordinates": [ [ -9.38978, 38.73757 ], [ -9.38998, 38.738 ], [ -9.38969, 38.73733 ] ] } },
{ "type": "Feature", "properties": { "services_sum": 2.1434979248231598, "total_departures_sum": 145, "route_short_name_sum": null, "services_unique": null, "total_departures_unique": null, "route_short_name_unique": "31, 6" }, "geometry": { "type": "LineString", "coordinates": [ [ -9.38959, 38.73707 ], [ -9.38942, 38.7367 ] ] } },
{ "type": "Feature", "properties": { "services_sum": 2.1434979248231598, "total_departures_sum": 145, "route_short_name_sum": null, "services_unique": null, "total_departures_unique": null, "route_short_name_unique": "31, 6" }, "geometry": { "type": "LineString", "coordinates": [ [ -9.38835, 38.73521 ], [ -9.38817, 38.73509 ] ] } },
{ "type": "Feature", "properties": { "services_sum": 3.1437757797828709, "total_departures_sum": 99, "route_short_name_sum": null, "services_unique": null, "total_departures_unique": null, "route_short_name_unique": "31, 11, 13" }, "geometry": { "type": "LineString", "coordinates": [ [ -9.41017, 38.73247 ], [ -9.40907, 38.73198 ], [ -9.40893, 38.73193 ], [ -9.40881, 38.73191 ], [ -9.40864, 38.73164 ] ] } },
{ "type": "Feature", "properties": { "services_sum": 3.1437757797828709, "total_departures_sum": 99, "route_short_name_sum": null, "services_unique": null, "total_departures_unique": null, "route_short_name_unique": "31, 11, 13" }, "geometry": { "type": "LineString", "coordinates": [ [ -9.40513, 38.73079 ], [ -9.40495, 38.73061 ], [ -9.40493, 38.73058 ], [ -9.40485, 38.73056 ], [ -9.4048, 38.73057 ], [ -9.40478, 38.73059 ], [ -9.40476, 38.73065 ], [ -9.40477, 38.73068 ] ] } },
{ "type": "Feature", "properties": { "services_sum": 3.1437757797828709, "total_departures_sum": 99, "route_short_name_sum": null, "services_unique": null, "total_departures_unique": null, "route_short_name_unique": "31, 11, 13" }, "geometry": { "type": "LineString", "coordinates": [ [ -9.40396, 38.73079 ], [ -9.40334, 38.73122 ], [ -9.40311, 38.73134 ] ] } },
{ "type": "Feature", "properties": { "services_sum": 3.1437757797828709, "total_departures_sum": 99, "route_short_name_sum": null, "services_unique": null, "total_departures_unique": null, "route_short_name_unique": "31, 11, 13" }, "geometry": { "type": "LineString", "coordinates": [ [ -9.40189, 38.73185 ], [ -9.40035, 38.7321 ] ] } },
{ "type": "Feature", "properties": { "services_sum": 3.1437757797828709, "total_departures_sum": 99, "route_short_name_sum": null, "services_unique": null, "total_departures_unique": null, "route_short_name_unique": "31, 11, 13" }, "geometry": { "type": "LineString", "coordinates": [ [ -9.39788, 38.73311 ], [ -9.39778, 38.73313 ] ] } },
{ "type": "Feature", "properties": { "services_sum": 2.1434979248231598, "total_departures_sum": 78, "route_short_name_sum": null, "services_unique": null, "total_departures_unique": null, "route_short_name_unique": "31, 13" }, "geometry": { "type": "LineString", "coordinates": [ [ -9.41015, 38.73252 ], [ -9.41008, 38.73269 ] ] } },
{ "type": "Feature", "properties": { "services_sum": 2.1434979248231598, "total_departures_sum": 78, "route_short_name_sum": null, "services_unique": null, "total_departures_unique": null, "route_short_name_unique": "31, 13" }, "geometry": { "type": "LineString", "coordinates": [ [ -9.40941, 38.73291 ], [ -9.40927, 38.73262 ] ] } },
{ "type": "Feature", "properties": { "services_sum": 2.1434979248231598, "total_departures_sum": 78, "route_short_name_sum": null, "services_unique": null, "total_departures_unique": null, "route_short_name_unique": "31, 13" }, "geometry": { "type": "LineString", "coordinates": [ [ -9.3809, 38.72569 ], [ -9.38042, 38.72509 ] ] } },
{ "type": "Feature", "properties": { "services_sum": 2.1434979248231598, "total_departures_sum": 78, "route_short_name_sum": null, "services_unique": null, "total_departures_unique": null, "route_short_name_unique": "31, 13" }, "geometry": { "type": "LineString", "coordinates": [ [ -9.37905, 38.72345 ], [ -9.37837, 38.72311 ] ] } },
{ "type": "Feature", "properties": { "services_sum": 2.1434979248231598, "total_departures_sum": 78, "route_short_name_sum": null, "services_unique": null, "total_departures_unique": null, "route_short_name_unique": "31, 13" }, "geometry": { "type": "LineString", "coordinates": [ [ -9.37775, 38.72169 ], [ -9.37772, 38.72142 ], [ -9.37775, 38.72135 ], [ -9.37774, 38.72131 ], [ -9.37769, 38.72126 ], [ -9.37755, 38.72119 ] ] } },
{ "type": "Feature", "properties": { "services_sum": 2.1434979248231598, "total_departures_sum": 78, "route_short_name_sum": null, "services_unique": null, "total_departures_unique": null, "route_short_name_unique": "31, 13" }, "geometry": { "type": "LineString", "coordinates": [ [ -9.37288, 38.71219 ], [ -9.37187, 38.7131 ] ] } },
{ "type": "Feature", "properties": { "services_sum": 2.1434979248231598, "total_departures_sum": 78, "route_short_name_sum": null, "services_unique": null, "total_departures_unique": null, "route_short_name_unique": "31, 13" }, "geometry": { "type": "LineString", "coordinates": [ [ -9.371, 38.71308 ], [ -9.3709, 38.71312 ], [ -9.37083, 38.71321 ], [ -9.37165, 38.71378 ] ] } },
{ "type": "Feature", "properties": { "services_sum": 3.0008335648791333, "total_departures_sum": 98, "route_short_name_sum": null, "services_unique": null, "total_departures_unique": null, "route_short_name_unique": "20, 22, 6" }, "geometry": { "type": "LineString", "coordinates": [ [ -9.41015, 38.73252 ], [ -9.40999, 38.73289 ], [ -9.40967, 38.73353 ] ] } },
{ "type": "Feature", "properties": { "services_sum": 3.0008335648791333, "total_departures_sum": 98, "route_short_name_sum": null, "services_unique": null, "total_departures_unique": null, "route_short_name_unique": "20, 22, 6" }, "geometry": { "type": "LineString", "coordinates": [ [ -9.40961, 38.7337 ], [ -9.40837, 38.73475 ] ] } },
{ "type": "Feature", "properties": { "services_sum": 3.0008335648791333, "total_departures_sum": 98, "route_short_name_sum": null, "services_unique": null, "total_departures_unique": null, "route_short_name_unique": "20, 22, 6" }, "geometry": { "type": "LineString", "coordinates": [ [ -9.40754, 38.73534 ], [ -9.40559, 38.73675 ], [ -9.40555, 38.73686 ], [ -9.40547, 38.73689 ], [ -9.4054, 38.73689 ] ] } },
{ "type": "Feature", "properties": { "services_sum": 3.0008335648791333, "total_departures_sum": 98, "route_short_name_sum": null, "services_unique": null, "total_departures_unique": null, "route_short_name_unique": "20, 22, 6" }, "geometry": { "type": "LineString", "coordinates": [ [ -9.40422, 38.73777 ], [ -9.404, 38.73796 ], [ -9.40396, 38.73803 ], [ -9.40399, 38.73817 ], [ -9.40397, 38.73824 ], [ -9.40396, 38.73836 ], [ -9.40414, 38.73882 ], [ -9.40416, 38.73893 ], [ -9.40414, 38.73899 ], [ -9.40409, 38.73906 ], [ -9.40403, 38.73911 ], [ -9.40392, 38.73916 ], [ -9.40367, 38.73922 ], [ -9.40357, 38.73922 ], [ -9.40314, 38.73912 ], [ -9.40298, 38.73912 ], [ -9.40076, 38.73971 ], [ -9.4003, 38.73986 ], [ -9.40022, 38.73995 ], [ -9.4002, 38.74001 ], [ -9.40021, 38.7401 ], [ -9.4003, 38.74033 ], [ -9.4003, 38.74045 ], [ -9.40024, 38.74054 ], [ -9.40018, 38.74058 ], [ -9.40008, 38.74062 ], [ -9.3995, 38.74079 ], [ -9.39899, 38.74091 ], [ -9.39877, 38.74099 ], [ -9.39872, 38.74102 ] ] } },
{ "type": "Feature", "properties": { "services_sum": 3.0008335648791333, "total_departures_sum": 98, "route_short_name_sum": null, "services_unique": null, "total_departures_unique": null, "route_short_name_unique": "20, 22, 6" }, "geometry": { "type": "LineString", "coordinates": [ [ -9.39816, 38.74101 ], [ -9.39783, 38.74099 ], [ -9.39727, 38.74088 ] ] } },
{ "type": "Feature", "properties": { "services_sum": 3.0008335648791333, "total_departures_sum": 98, "route_short_name_sum": null, "services_unique": null, "total_departures_unique": null, "route_short_name_unique": "20, 22, 6" }, "geometry": { "type": "LineString", "coordinates": [ [ -9.39504, 38.74212 ], [ -9.39512, 38.74221 ], [ -9.39513, 38.7423 ], [ -9.39506, 38.7424 ], [ -9.39497, 38.74245 ], [ -9.39486, 38.74245 ], [ -9.3948, 38.74244 ], [ -9.39471, 38.74239 ] ] } },
{ "type": "Feature", "properties": { "services_sum": 2.0005557099194222, "total_departures_sum": 52, "route_short_name_sum": null, "services_unique": null, "total_departures_unique": null, "route_short_name_unique": "20, 12" }, "geometry": { "type": "LineString", "coordinates": [ [ -9.41013, 38.7176 ], [ -9.40994, 38.71777 ], [ -9.40976, 38.7182 ], [ -9.40966, 38.71868 ], [ -9.4096, 38.71882 ], [ -9.40959, 38.71893 ] ] } },
{ "type": "Feature", "properties": { "services_sum": 2.0005557099194222, "total_departures_sum": 52, "route_short_name_sum": null, "services_unique": null, "total_departures_unique": null, "route_short_name_unique": "20, 12" }, "geometry": { "type": "LineString", "coordinates": [ [ -9.40995, 38.71032 ], [ -9.40982, 38.7107 ], [ -9.40931, 38.71141 ], [ -9.40917, 38.71155 ], [ -9.40924, 38.71181 ], [ -9.40925, 38.71194 ], [ -9.4092, 38.71205 ] ] } },
{ "type": "Feature", "properties": { "services_sum": 2.0005557099194222, "total_departures_sum": 52, "route_short_name_sum": null, "services_unique": null, "total_departures_unique": null, "route_short_name_unique": "20, 12" }, "geometry": { "type": "LineString", "coordinates": [ [ -9.40963, 38.7191 ], [ -9.40961, 38.71901 ] ] } },
{ "type": "Feature", "properties": { "services_sum": 2.0005557099194222, "total_departures_sum": 52, "route_short_name_sum": null, "services_unique": null, "total_departures_unique": null, "route_short_name_unique": "20, 12" }, "geometry": { "type": "LineString", "coordinates": [ [ -9.40917, 38.70438 ], [ -9.40914, 38.7046 ], [ -9.4088, 38.70495 ], [ -9.40851, 38.70502 ] ] } },
{ "type": "Feature", "properties": { "services_sum": 2.0005557099194222, "total_departures_sum": 52, "route_short_name_sum": null, "services_unique": null, "total_departures_unique": null, "route_short_name_unique": "20, 12" }, "geometry": { "type": "LineString", "coordinates": [ [ -9.40807, 38.70497 ], [ -9.40773, 38.70504 ], [ -9.40716, 38.70552 ] ] } },
{ "type": "Feature", "properties": { "services_sum": 4.0011114198388444, "total_departures_sum": 168, "route_short_name_sum": null, "services_unique": null, "total_departures_unique": null, "route_short_name_unique": "20, 22, 6" }, "geometry": { "type": "LineString", "coordinates": [ [ -9.40967, 38.73353 ], [ -9.40961, 38.7337 ] ] } },
{ "type": "Feature", "properties": { "services_sum": 4.0011114198388444, "total_departures_sum": 168, "route_short_name_sum": null, "services_unique": null, "total_departures_unique": null, "route_short_name_unique": "20, 22, 6" }, "geometry": { "type": "LineString", "coordinates": [ [ -9.4054, 38.73689 ], [ -9.40482, 38.73733 ] ] } },
{ "type": "Feature", "properties": { "services_sum": 2.1434979248231598, "total_departures_sum": 109, "route_short_name_sum": null, "services_unique": null, "total_departures_unique": null, "route_short_name_unique": "31, 13" }, "geometry": { "type": "LineString", "coordinates": [ [ -9.40941, 38.73291 ], [ -9.40932, 38.73273 ], [ -9.409319667035435, 38.732729267477957 ], [ -9.40927, 38.73262 ] ] } },
{ "type": "Feature", "properties": { "services_sum": 2.1434979248231598, "total_departures_sum": 109, "route_short_name_sum": null, "services_unique": null, "total_departures_unique": null, "route_short_name_unique": "31, 13" }, "geometry": { "type": "LineString", "coordinates": [ [ -9.40267, 38.73155 ], [ -9.40223, 38.73173 ] ] } },
{ "type": "Feature", "properties": { "services_sum": 2.1434979248231598, "total_departures_sum": 109, "route_short_name_sum": null, "services_unique": null, "total_departures_unique": null, "route_short_name_unique": "31, 13" }, "geometry": { "type": "LineString", "coordinates": [ [ -9.40103, 38.732 ], [ -9.39985, 38.73218 ] ] } },
{ "type": "Feature", "properties": { "services_sum": 5.2872737046060312, "total_departures_sum": 208, "route_short_name_sum": null, "services_unique": null, "total_departures_unique": null, "route_short_name_unique": "31, 11, 13" }, "geometry": { "type": "LineString", "coordinates": [ [ -9.40801, 38.73103 ], [ -9.40697, 38.73147 ], [ -9.40676, 38.7315 ], [ -9.4065, 38.7315 ], [ -9.40621, 38.73144 ], [ -9.40601, 38.73136 ] ] } },
{ "type": "Feature", "properties": { "services_sum": 5.2872737046060312, "total_departures_sum": 208, "route_short_name_sum": null, "services_unique": null, "total_departures_unique": null, "route_short_name_unique": "31, 11, 13" }, "geometry": { "type": "LineString", "coordinates": [ [ -9.40223, 38.73173 ], [ -9.40189, 38.73185 ] ] } },
{ "type": "Feature", "properties": { "services_sum": 5.2872737046060312, "total_departures_sum": 208, "route_short_name_sum": null, "services_unique": null, "total_departures_unique": null, "route_short_name_unique": "31, 11, 13" }, "geometry": { "type": "LineString", "coordinates": [ [ -9.39985, 38.73218 ], [ -9.3996, 38.73223 ], [ -9.39938, 38.73229 ], [ -9.39917, 38.73238 ], [ -9.39898, 38.73248 ] ] } },
{ "type": "Feature", "properties": { "services_sum": 4.1440536347425816, "total_departures_sum": 133, "route_short_name_sum": null, "services_unique": null, "total_departures_unique": null, "route_short_name_unique": "31, 11, 13" }, "geometry": { "type": "LineString", "coordinates": [ [ -9.40601, 38.73136 ], [ -9.40573, 38.73118 ], [ -9.4053, 38.73088 ], [ -9.40513, 38.73079 ] ] } },
{ "type": "Feature", "properties": { "services_sum": 4.1440536347425816, "total_departures_sum": 133, "route_short_name_sum": null, "services_unique": null, "total_departures_unique": null, "route_short_name_unique": "31, 11, 13" }, "geometry": { "type": "LineString", "coordinates": [ [ -9.40477, 38.73068 ], [ -9.4043, 38.73067 ], [ -9.40408, 38.73073 ], [ -9.40396, 38.73079 ] ] } },
{ "type": "Feature", "properties": { "services_sum": 4.1440536347425816, "total_departures_sum": 133, "route_short_name_sum": null, "services_unique": null, "total_departures_unique": null, "route_short_name_unique": "31, 11, 13" }, "geometry": { "type": "LineString", "coordinates": [ [ -9.39898, 38.73248 ], [ -9.39837, 38.73284 ], [ -9.39788, 38.73311 ] ] } },
{ "type": "Feature", "properties": { "services_sum": 4.0011114198388444, "total_departures_sum": 118, "route_short_name_sum": null, "services_unique": null, "total_departures_unique": null, "route_short_name_unique": "19, 11, 13, 6" }, "geometry": { "type": "LineString", "coordinates": [ [ -9.39924, 38.7038 ], [ -9.39926, 38.70368 ], [ -9.39913, 38.70358 ], [ -9.39899, 38.70353 ] ] } },
{ "type": "Feature", "properties": { "services_sum": 4.0011114198388444, "total_departures_sum": 118, "route_short_name_sum": null, "services_unique": null, "total_departures_unique": null, "route_short_name_unique": "19, 11, 13, 6" }, "geometry": { "type": "LineString", "coordinates": [ [ -9.39828, 38.70678 ], [ -9.39832, 38.70732 ], [ -9.39826, 38.70752 ], [ -9.39817, 38.70771 ], [ -9.39798, 38.70795 ], [ -9.39778, 38.70813 ] ] } },
{ "type": "Feature", "properties": { "services_sum": 4.0011114198388444, "total_departures_sum": 118, "route_short_name_sum": null, "services_unique": null, "total_departures_unique": null, "route_short_name_unique": "19, 11, 13, 6" }, "geometry": { "type": "LineString", "coordinates": [ [ -9.39635, 38.70784 ], [ -9.39635, 38.70721 ], [ -9.3962, 38.70705 ], [ -9.3955, 38.70693 ] ] } },
{ "type": "Feature", "properties": { "services_sum": 2.0005557099194222, "total_departures_sum": 27, "route_short_name_sum": null, "services_unique": null, "total_departures_unique": null, "route_short_name_unique": "19, 13" }, "geometry": { "type": "LineString", "coordinates": [ [ -9.39924, 38.7038 ], [ -9.39904, 38.70436 ] ] } },
{ "type": "Feature", "properties": { "services_sum": 2.0005557099194222, "total_departures_sum": 27, "route_short_name_sum": null, "services_unique": null, "total_departures_unique": null, "route_short_name_unique": "19, 13" }, "geometry": { "type": "LineString", "coordinates": [ [ -9.39778, 38.70813 ], [ -9.39706, 38.70798 ] ] } },
{ "type": "Feature", "properties": { "services_sum": 2.0005557099194222, "total_departures_sum": 27, "route_short_name_sum": null, "services_unique": null, "total_departures_unique": null, "route_short_name_unique": "19, 13" }, "geometry": { "type": "LineString", "coordinates": [ [ -9.3955, 38.70693 ], [ -9.39537, 38.70551 ] ] } },
{ "type": "Feature", "properties": { "services_sum": 2.0005557099194222, "total_departures_sum": 27, "route_short_name_sum": null, "services_unique": null, "total_departures_unique": null, "route_short_name_unique": "19, 13" }, "geometry": { "type": "LineString", "coordinates": [ [ -9.39424, 38.70449 ], [ -9.39373, 38.70447 ] ] } },
{ "type": "Feature", "properties": { "services_sum": 2.0005557099194222, "total_departures_sum": 27, "route_short_name_sum": null, "services_unique": null, "total_departures_unique": null, "route_short_name_unique": "19, 13" }, "geometry": { "type": "LineString", "coordinates": [ [ -9.39325, 38.70446 ], [ -9.39325, 38.7037 ], [ -9.39304, 38.70361 ], [ -9.39278, 38.70342 ], [ -9.39269, 38.70337 ], [ -9.39255, 38.70336 ], [ -9.3922, 38.70349 ], [ -9.392, 38.70351 ], [ -9.3913, 38.70341 ] ] } },
{ "type": "Feature", "properties": { "services_sum": 2.0005557099194222, "total_departures_sum": 27, "route_short_name_sum": null, "services_unique": null, "total_departures_unique": null, "route_short_name_unique": "19, 13" }, "geometry": { "type": "LineString", "coordinates": [ [ -9.39099, 38.70337 ], [ -9.39029, 38.70403 ], [ -9.38994, 38.70395 ], [ -9.38901, 38.70401 ] ] } },
{ "type": "Feature", "properties": { "services_sum": 2.0005557099194222, "total_departures_sum": 27, "route_short_name_sum": null, "services_unique": null, "total_departures_unique": null, "route_short_name_unique": "19, 13" }, "geometry": { "type": "LineString", "coordinates": [ [ -9.38493, 38.70112 ], [ -9.38484, 38.70101 ], [ -9.38471, 38.70092 ], [ -9.38366, 38.70043 ], [ -9.3834, 38.70028 ], [ -9.38316, 38.7001 ], [ -9.38288, 38.69979 ], [ -9.38241, 38.69914 ], [ -9.38207, 38.69909 ], [ -9.38154, 38.69903 ] ] } },
{ "type": "Feature", "properties": { "services_sum": 2.0005557099194222, "total_departures_sum": 27, "route_short_name_sum": null, "services_unique": null, "total_departures_unique": null, "route_short_name_unique": "19, 13" }, "geometry": { "type": "LineString", "coordinates": [ [ -9.38489, 38.70156 ], [ -9.38476, 38.703 ], [ -9.38472, 38.70311 ], [ -9.38471, 38.70324 ], [ -9.38467, 38.70332 ] ] } },
{ "type": "Feature", "properties": { "services_sum": 2.0005557099194222, "total_departures_sum": 27, "route_short_name_sum": null, "services_unique": null, "total_departures_unique": null, "route_short_name_unique": "19, 13" }, "geometry": { "type": "LineString", "coordinates": [ [ -9.38092, 38.69897 ], [ -9.38083, 38.69899 ], [ -9.38059, 38.69918 ], [ -9.37987, 38.69995 ], [ -9.38001, 38.70021 ], [ -9.38025, 38.70068 ], [ -9.38038, 38.70095 ], [ -9.38038, 38.70118 ], [ -9.3803, 38.70159 ], [ -9.37958, 38.70152 ], [ -9.37949, 38.70154 ], [ -9.37953, 38.7016 ], [ -9.37943, 38.70224 ] ] } },
{ "type": "Feature", "properties": { "services_sum": 2.0005557099194222, "total_departures_sum": 27, "route_short_name_sum": null, "services_unique": null, "total_departures_unique": null, "route_short_name_unique": "19, 13" }, "geometry": { "type": "LineString", "coordinates": [ [ -9.37474, 38.70911 ], [ -9.37386, 38.7094 ], [ -9.37361, 38.7096 ] ] } },
{ "type": "Feature", "properties": { "services_sum": 2.0005557099194222, "total_departures_sum": 27, "route_short_name_sum": null, "services_unique": null, "total_departures_unique": null, "route_short_name_unique": "19, 13" }, "geometry": { "type": "LineString", "coordinates": [ [ -9.37354, 38.70996 ], [ -9.37353, 38.70993 ] ] } },
{ "type": "Feature", "properties": { "services_sum": 3.0008335648791333, "total_departures_sum": 115, "route_short_name_sum": null, "services_unique": null, "total_departures_unique": null, "route_short_name_unique": "19, 11, 6" }, "geometry": { "type": "LineString", "coordinates": [ [ -9.39904, 38.70436 ], [ -9.39828, 38.70678 ] ] } },
{ "type": "Feature", "properties": { "services_sum": 3.0008335648791333, "total_departures_sum": 115, "route_short_name_sum": null, "services_unique": null, "total_departures_unique": null, "route_short_name_unique": "19, 11, 6" }, "geometry": { "type": "LineString", "coordinates": [ [ -9.39706, 38.70798 ], [ -9.39635, 38.70784 ] ] } },
{ "type": "Feature", "properties": { "services_sum": 1.0002778549597111, "total_departures_sum": 24, "route_short_name_sum": null, "services_unique": null, "total_departures_unique": null, "route_short_name_unique": "19" }, "geometry": { "type": "LineString", "coordinates": [ [ -9.39899, 38.70353 ], [ -9.39821, 38.70348 ], [ -9.39809, 38.70347 ], [ -9.3973, 38.7034 ], [ -9.39695, 38.7034 ] ] } },
{ "type": "Feature", "properties": { "services_sum": 1.0002778549597111, "total_departures_sum": 24, "route_short_name_sum": null, "services_unique": null, "total_departures_unique": null, "route_short_name_unique": "19" }, "geometry": { "type": "LineString", "coordinates": [ [ -9.39426, 38.70432 ], [ -9.39418, 38.7051 ] ] } },
{ "type": "Feature", "properties": { "services_sum": 1.0002778549597111, "total_departures_sum": 24, "route_short_name_sum": null, "services_unique": null, "total_departures_unique": null, "route_short_name_unique": "19" }, "geometry": { "type": "LineString", "coordinates": [ [ -9.39398, 38.70769 ], [ -9.39388, 38.70914 ] ] } },
{ "type": "Feature", "properties": { "services_sum": 1.0002778549597111, "total_departures_sum": 24, "route_short_name_sum": null, "services_unique": null, "total_departures_unique": null, "route_short_name_unique": "19" }, "geometry": { "type": "LineString", "coordinates": [ [ -9.39373, 38.70447 ], [ -9.39325, 38.70446 ] ] } },
{ "type": "Feature", "properties": { "services_sum": 1.0002778549597111, "total_departures_sum": 24, "route_short_name_sum": null, "services_unique": null, "total_departures_unique": null, "route_short_name_unique": "19" }, "geometry": { "type": "LineString", "coordinates": [ [ -9.39367, 38.71229 ], [ -9.3936, 38.7127 ] ] } },
{ "type": "Feature", "properties": { "services_sum": 1.0002778549597111, "total_departures_sum": 24, "route_short_name_sum": null, "services_unique": null, "total_departures_unique": null, "route_short_name_unique": "19" }, "geometry": { "type": "LineString", "coordinates": [ [ -9.39348, 38.7132 ], [ -9.39343, 38.71326 ], [ -9.39325, 38.71331 ], [ -9.393, 38.71336 ], [ -9.39198, 38.7134 ], [ -9.39172, 38.71345 ], [ -9.39159, 38.7135 ], [ -9.39146, 38.71357 ], [ -9.39104, 38.71386 ], [ -9.38959, 38.71485 ], [ -9.38929, 38.71504 ], [ -9.38901, 38.71512 ], [ -9.38894, 38.71508 ], [ -9.38879, 38.71503 ], [ -9.38865, 38.71503 ], [ -9.38858, 38.71503 ], [ -9.3884, 38.71513 ], [ -9.38833, 38.71523 ], [ -9.3883, 38.71533 ], [ -9.38823, 38.71543 ], [ -9.38818, 38.71547 ], [ -9.38804, 38.71556 ], [ -9.38798, 38.71562 ], [ -9.38795, 38.71572 ], [ -9.38796, 38.71601 ], [ -9.38798, 38.71645 ], [ -9.38796, 38.7165 ], [ -9.38791, 38.71653 ], [ -9.38735, 38.71663 ], [ -9.38632, 38.71687 ], [ -9.386, 38.7169 ], [ -9.38557, 38.71686 ], [ -9.3844, 38.71667 ], [ -9.38323, 38.71682 ], [ -9.38285, 38.71671 ], [ -9.38257, 38.71651 ], [ -9.38235, 38.71611 ], [ -9.38228, 38.71598 ], [ -9.38177, 38.7156 ], [ -9.38133, 38.71526 ], [ -9.3815, 38.71435 ], [ -9.3815, 38.71406 ], [ -9.38141, 38.71372 ], [ -9.38121, 38.71342 ], [ -9.38123, 38.71341 ], [ -9.38099, 38.71306 ], [ -9.38077, 38.71314 ], [ -9.37944, 38.71345 ], [ -9.37952, 38.7132 ], [ -9.37948, 38.71297 ], [ -9.37937, 38.71265 ], [ -9.37905, 38.71205 ], [ -9.37875, 38.71121 ], [ -9.37865, 38.71106 ], [ -9.37851, 38.71094 ], [ -9.37846, 38.71093 ], [ -9.37838, 38.71094 ], [ -9.37829, 38.71098 ], [ -9.37821, 38.71104 ], [ -9.37801, 38.71129 ], [ -9.37804, 38.71139 ], [ -9.37797, 38.71146 ], [ -9.37786, 38.71146 ], [ -9.377851538465979, 38.711460137585924 ], [ -9.3754, 38.7115 ], [ -9.37514, 38.71156 ], [ -9.37493, 38.71147 ], [ -9.37491, 38.7113 ], [ -9.37491, 38.71085 ], [ -9.3743, 38.71092 ], [ -9.37394, 38.71099 ], [ -9.37394, 38.71074 ], [ -9.37366, 38.71017 ], [ -9.37354, 38.70996 ] ] } },
{ "type": "Feature", "properties": { "services_sum": 1.0002778549597111, "total_departures_sum": 24, "route_short_name_sum": null, "services_unique": null, "total_departures_unique": null, "route_short_name_unique": "19" }, "geometry": { "type": "LineString", "coordinates": [ [ -9.3913, 38.70341 ], [ -9.39099, 38.70337 ] ] } },
{ "type": "Feature", "properties": { "services_sum": 1.0002778549597111, "total_departures_sum": 24, "route_short_name_sum": null, "services_unique": null, "total_departures_unique": null, "route_short_name_unique": "19" }, "geometry": { "type": "LineString", "coordinates": [ [ -9.38901, 38.70401 ], [ -9.38936, 38.70502 ], [ -9.38933, 38.70513 ], [ -9.3893, 38.70523 ], [ -9.38863, 38.70662 ], [ -9.38834, 38.70713 ], [ -9.3878, 38.7082 ], [ -9.38732, 38.70925 ], [ -9.38709, 38.70941 ], [ -9.38691, 38.70943 ], [ -9.38659, 38.70941 ], [ -9.38651, 38.70948 ], [ -9.38644, 38.7095 ], [ -9.38636, 38.7095 ], [ -9.38625, 38.70947 ], [ -9.3862, 38.70942 ], [ -9.38592, 38.70927 ], [ -9.38564, 38.70882 ], [ -9.38563, 38.70866 ], [ -9.38567, 38.70858 ], [ -9.38587, 38.70821 ], [ -9.38606, 38.7079 ], [ -9.38607, 38.70769 ], [ -9.38598, 38.70737 ], [ -9.38612, 38.70705 ], [ -9.38609, 38.70697 ], [ -9.38509, 38.70664 ], [ -9.38455, 38.70646 ], [ -9.384598124752708, 38.706257876038627 ], [ -9.3846, 38.70625 ], [ -9.38476, 38.70558 ], [ -9.38503, 38.70524 ], [ -9.38518, 38.70497 ], [ -9.38517, 38.70497 ], [ -9.38536, 38.70462 ], [ -9.38535, 38.70445 ], [ -9.38522, 38.7044 ], [ -9.38434, 38.70395 ], [ -9.38366, 38.70364 ], [ -9.38325, 38.70375 ], [ -9.38314, 38.70374 ], [ -9.38307, 38.70367 ], [ -9.38306, 38.70358 ], [ -9.38314, 38.7035 ], [ -9.38356, 38.70339 ], [ -9.38368, 38.70343 ], [ -9.38374, 38.7035 ], [ -9.38467, 38.70332 ] ] } },
{ "type": "Feature", "properties": { "services_sum": 1.0002778549597111, "total_departures_sum": 24, "route_short_name_sum": null, "services_unique": null, "total_departures_unique": null, "route_short_name_unique": "19" }, "geometry": { "type": "LineString", "coordinates": [ [ -9.38632, 38.71972 ], [ -9.38767, 38.72034 ], [ -9.3877, 38.72035 ], [ -9.38777, 38.72036 ], [ -9.38784, 38.72034 ], [ -9.38787, 38.72028 ], [ -9.38785, 38.72022 ], [ -9.38779, 38.72019 ], [ -9.38771, 38.72019 ], [ -9.38768, 38.7202 ], [ -9.38745, 38.72016 ], [ -9.38719, 38.72011 ], [ -9.38632, 38.71972 ] ] } },
{ "type": "Feature", "properties": { "services_sum": 1.0002778549597111, "total_departures_sum": 24, "route_short_name_sum": null, "services_unique": null, "total_departures_unique": null, "route_short_name_unique": "19" }, "geometry": { "type": "LineString", "coordinates": [ [ -9.38632, 38.71972 ], [ -9.3862, 38.71964 ], [ -9.38592, 38.71946 ], [ -9.38585, 38.71941 ], [ -9.38577, 38.7194 ], [ -9.38524, 38.71977 ], [ -9.38544, 38.71963 ], [ -9.38554, 38.71957 ], [ -9.38574, 38.71953 ], [ -9.3859, 38.71955 ], [ -9.38632, 38.71972 ] ] } },
{ "type": "Feature", "properties": { "services_sum": 1.0002778549597111, "total_departures_sum": 24, "route_short_name_sum": null, "services_unique": null, "total_departures_unique": null, "route_short_name_unique": "19" }, "geometry": { "type": "LineString", "coordinates": [ [ -9.38493, 38.70112 ], [ -9.38489, 38.70156 ] ] } },
{ "type": "Feature", "properties": { "services_sum": 1.0002778549597111, "total_departures_sum": 24, "route_short_name_sum": null, "services_unique": null, "total_departures_unique": null, "route_short_name_unique": "19" }, "geometry": { "type": "LineString", "coordinates": [ [ -9.38154, 38.69903 ], [ -9.38092, 38.69897 ] ] } },
{ "type": "Feature", "properties": { "services_sum": 1.0002778549597111, "total_departures_sum": 24, "route_short_name_sum": null, "services_unique": null, "total_departures_unique": null, "route_short_name_unique": "19" }, "geometry": { "type": "LineString", "coordinates": [ [ -9.37943, 38.70224 ], [ -9.37916, 38.70424 ], [ -9.3784, 38.70434 ], [ -9.37816, 38.70435 ], [ -9.37772, 38.70433 ], [ -9.37769, 38.70487 ], [ -9.3777, 38.70499 ], [ -9.37783, 38.70509 ], [ -9.37797, 38.70512 ], [ -9.37796, 38.70538 ], [ -9.37801, 38.70567 ], [ -9.37805, 38.70598 ], [ -9.37683, 38.70582 ], [ -9.37612, 38.70568 ], [ -9.37556, 38.70555 ], [ -9.37537, 38.70549 ], [ -9.37528, 38.70544 ], [ -9.37396, 38.70537 ], [ -9.37384, 38.70541 ], [ -9.37381, 38.70553 ], [ -9.3738, 38.70582 ], [ -9.37365, 38.70593 ], [ -9.37345, 38.7062 ], [ -9.37327, 38.70632 ], [ -9.37323, 38.70646 ], [ -9.37322, 38.70655 ], [ -9.37319, 38.70708 ], [ -9.37477, 38.70721 ], [ -9.37502, 38.70718 ], [ -9.3756, 38.70722 ], [ -9.37549, 38.70757 ], [ -9.37514, 38.70862 ], [ -9.37516, 38.70873 ], [ -9.3752, 38.70883 ], [ -9.37518, 38.70891 ], [ -9.37501, 38.70899 ], [ -9.37474, 38.70911 ] ] } },
{ "type": "Feature", "properties": { "services_sum": 1.0002778549597111, "total_departures_sum": 24, "route_short_name_sum": null, "services_unique": null, "total_departures_unique": null, "route_short_name_unique": "19" }, "geometry": { "type": "LineString", "coordinates": [ [ -9.38507, 38.71992 ], [ -9.38496, 38.72011 ], [ -9.38488, 38.72033 ], [ -9.38481, 38.72062 ], [ -9.38476, 38.72056 ], [ -9.38466, 38.72052 ], [ -9.38429, 38.72051 ], [ -9.38397, 38.72059 ], [ -9.38422, 38.72052 ], [ -9.38452, 38.72047 ], [ -9.38476, 38.72046 ], [ -9.38485, 38.72043 ], [ -9.38495, 38.72013 ], [ -9.38507, 38.71992 ] ] } },
{ "type": "Feature", "properties": { "services_sum": 1.0002778549597111, "total_departures_sum": 24, "route_short_name_sum": null, "services_unique": null, "total_departures_unique": null, "route_short_name_unique": "19" }, "geometry": { "type": "LineString", "coordinates": [ [ -9.38347, 38.72045 ], [ -9.38292, 38.72024 ], [ -9.3825, 38.72009 ], [ -9.38272, 38.72017 ], [ -9.38347, 38.72045 ] ] } },
{ "type": "Feature", "properties": { "services_sum": 1.0002778549597111, "total_departures_sum": 24, "route_short_name_sum": null, "services_unique": null, "total_departures_unique": null, "route_short_name_unique": "19" }, "geometry": { "type": "LineString", "coordinates": [ [ -9.38265, 38.7197 ], [ -9.38214, 38.71889 ], [ -9.38188, 38.71848 ], [ -9.382, 38.71867 ], [ -9.38265, 38.7197 ] ] } },
{ "type": "Feature", "properties": { "services_sum": 1.0002778549597111, "total_departures_sum": 24, "route_short_name_sum": null, "services_unique": null, "total_departures_unique": null, "route_short_name_unique": "19" }, "geometry": { "type": "LineString", "coordinates": [ [ -9.38216, 38.71615 ], [ -9.38198, 38.71621 ], [ -9.38168, 38.71633 ], [ -9.38199, 38.71621 ], [ -9.38216, 38.71615 ] ] } },
{ "type": "Feature", "properties": { "services_sum": 2.0005557099194222, "total_departures_sum": 91, "route_short_name_sum": null, "services_unique": null, "total_departures_unique": null, "route_short_name_unique": "20, 6" }, "geometry": { "type": "LineString", "coordinates": [ [ -9.39865, 38.74103 ], [ -9.39849, 38.74104 ], [ -9.39816, 38.74101 ] ] } },
{ "type": "Feature", "properties": { "services_sum": 2.0005557099194222, "total_departures_sum": 91, "route_short_name_sum": null, "services_unique": null, "total_departures_unique": null, "route_short_name_unique": "20, 6" }, "geometry": { "type": "LineString", "coordinates": [ [ -9.39727, 38.74088 ], [ -9.39696, 38.74086 ], [ -9.39683, 38.74086 ], [ -9.39661, 38.74089 ], [ -9.39631, 38.74097 ], [ -9.39587, 38.74118 ], [ -9.39568, 38.74129 ], [ -9.39557, 38.74138 ], [ -9.39508, 38.74187 ], [ -9.39504, 38.74196 ], [ -9.39504, 38.74212 ] ] } },
{ "type": "Feature", "properties": { "services_sum": 2.0005557099194222, "total_departures_sum": 91, "route_short_name_sum": null, "services_unique": null, "total_departures_unique": null, "route_short_name_unique": "20, 6" }, "geometry": { "type": "LineString", "coordinates": [ [ -9.39471, 38.74239 ], [ -9.39468, 38.74236 ], [ -9.39466, 38.74228 ], [ -9.39466, 38.74223 ], [ -9.39465, 38.74218 ], [ -9.39467, 38.7421 ], [ -9.3946, 38.74193 ], [ -9.39434, 38.74158 ], [ -9.39426, 38.74151 ], [ -9.39404, 38.74142 ], [ -9.3938, 38.74146 ], [ -9.39373, 38.7415 ], [ -9.39367, 38.7416 ], [ -9.39351, 38.74179 ] ] } },
{ "type": "Feature", "properties": { "services_sum": 2.0005557099194222, "total_departures_sum": 91, "route_short_name_sum": null, "services_unique": null, "total_departures_unique": null, "route_short_name_unique": "20, 6" }, "geometry": { "type": "LineString", "coordinates": [ [ -9.39275, 38.74303 ], [ -9.39259, 38.74327 ], [ -9.39248, 38.74347 ] ] } },
{ "type": "Feature", "properties": { "services_sum": 2.0005557099194222, "total_departures_sum": 104, "route_short_name_sum": null, "services_unique": null, "total_departures_unique": null, "route_short_name_unique": "13, 6" }, "geometry": { "type": "LineString", "coordinates": [ [ -9.39709, 38.73327 ], [ -9.39702, 38.73325 ], [ -9.39696, 38.73321 ], [ -9.39674, 38.73317 ], [ -9.39658, 38.73312 ], [ -9.39631, 38.73308 ], [ -9.396, 38.73306 ], [ -9.39581, 38.73308 ] ] } },
{ "type": "Feature", "properties": { "services_sum": 2.0005557099194222, "total_departures_sum": 104, "route_short_name_sum": null, "services_unique": null, "total_departures_unique": null, "route_short_name_unique": "13, 6" }, "geometry": { "type": "LineString", "coordinates": [ [ -9.39059, 38.7347 ], [ -9.39028, 38.73482 ] ] } },
{ "type": "Feature", "properties": { "services_sum": 2.0005557099194222, "total_departures_sum": 104, "route_short_name_sum": null, "services_unique": null, "total_departures_unique": null, "route_short_name_unique": "13, 6" }, "geometry": { "type": "LineString", "coordinates": [ [ -9.38917, 38.735 ], [ -9.38903, 38.73501 ], [ -9.38888, 38.73506 ], [ -9.38882, 38.73515 ] ] } },
{ "type": "Feature", "properties": { "services_sum": 4.0011114198388444, "total_departures_sum": 177, "route_short_name_sum": null, "services_unique": null, "total_departures_unique": null, "route_short_name_unique": "6, 13" }, "geometry": { "type": "LineString", "coordinates": [ [ -9.39522, 38.73325 ], [ -9.39514, 38.73332 ], [ -9.39509, 38.73346 ], [ -9.39502, 38.73357 ], [ -9.39487, 38.73365 ], [ -9.39379, 38.73406 ], [ -9.39359, 38.73412 ], [ -9.39338, 38.73414 ], [ -9.39307, 38.73412 ] ] } },
{ "type": "Feature", "properties": { "services_sum": 4.0011114198388444, "total_departures_sum": 177, "route_short_name_sum": null, "services_unique": null, "total_departures_unique": null, "route_short_name_unique": "6, 13" }, "geometry": { "type": "LineString", "coordinates": [ [ -9.39211, 38.73403 ], [ -9.39192, 38.73404 ], [ -9.39164, 38.73411 ], [ -9.39138, 38.73423 ], [ -9.39059, 38.7347 ] ] } },
{ "type": "Feature", "properties": { "services_sum": 4.0011114198388444, "total_departures_sum": 177, "route_short_name_sum": null, "services_unique": null, "total_departures_unique": null, "route_short_name_unique": "6, 13" }, "geometry": { "type": "LineString", "coordinates": [ [ -9.38952, 38.73504 ], [ -9.38917, 38.735 ] ] } },
{ "type": "Feature", "properties": { "services_sum": 1.8423746161719547, "total_departures_sum": 67, "route_short_name_sum": null, "services_unique": null, "total_departures_unique": null, "route_short_name_unique": "22" }, "geometry": { "type": "LineString", "coordinates": [ [ -9.39501, 38.73763 ], [ -9.39499, 38.73778 ] ] } },
{ "type": "Feature", "properties": { "services_sum": 1.8423746161719547, "total_departures_sum": 67, "route_short_name_sum": null, "services_unique": null, "total_departures_unique": null, "route_short_name_unique": "22" }, "geometry": { "type": "LineString", "coordinates": [ [ -9.3923, 38.73947 ], [ -9.39208, 38.73962 ], [ -9.392074277007518, 38.739623433800425 ], [ -9.391978881094817, 38.739680621613992 ], [ -9.39189, 38.73973 ], [ -9.39169, 38.7398 ], [ -9.391687890473913, 38.739800493718874 ], [ -9.39122, 38.73991 ] ] } },
{ "type": "Feature", "properties": { "services_sum": 1.8423746161719547, "total_departures_sum": 67, "route_short_name_sum": null, "services_unique": null, "total_departures_unique": null, "route_short_name_unique": "22" }, "geometry": { "type": "LineString", "coordinates": [ [ -9.39024, 38.74039 ], [ -9.389351606330912, 38.74037 ], [ -9.38901, 38.74037 ] ] } },
{ "type": "Feature", "properties": { "services_sum": 1.8423746161719547, "total_departures_sum": 67, "route_short_name_sum": null, "services_unique": null, "total_departures_unique": null, "route_short_name_unique": "22" }, "geometry": { "type": "LineString", "coordinates": [ [ -9.38851, 38.74051 ], [ -9.388061673194676, 38.740754163425379 ], [ -9.38771, 38.74093 ] ] } },
{ "type": "Feature", "properties": { "services_sum": 1.8423746161719547, "total_departures_sum": 67, "route_short_name_sum": null, "services_unique": null, "total_departures_unique": null, "route_short_name_unique": "22" }, "geometry": { "type": "LineString", "coordinates": [ [ -9.38517, 38.74133 ], [ -9.3848, 38.74159 ], [ -9.384794891722267, 38.741593746079062 ], [ -9.38481, 38.74159 ], [ -9.38455, 38.74176 ], [ -9.38446, 38.74179 ], [ -9.38436, 38.7418 ], [ -9.38424, 38.7418 ], [ -9.38408, 38.74175 ], [ -9.38375, 38.74157 ], [ -9.38363, 38.74153 ], [ -9.38333, 38.74155 ], [ -9.38309, 38.74159 ], [ -9.3829, 38.74165 ], [ -9.38268, 38.74175 ], [ -9.38235, 38.74201 ], [ -9.38203, 38.74232 ], [ -9.38179, 38.74252 ], [ -9.381784103227515, 38.742524717417986 ], [ -9.38169, 38.7426 ], [ -9.38155, 38.74282 ], [ -9.38145, 38.74274 ], [ -9.38137, 38.74256 ], [ -9.38134, 38.74215 ], [ -9.3813, 38.7419 ], [ -9.38123, 38.74174 ], [ -9.38091, 38.74131 ], [ -9.3806994186804, 38.741078119349815 ], [ -9.38014, 38.74045 ], [ -9.37986, 38.74023 ], [ -9.37946, 38.74009 ], [ -9.37887, 38.7399 ], [ -9.37856, 38.73977 ], [ -9.378545601197299, 38.739764109642103 ], [ -9.3779, 38.7395 ], [ -9.37774, 38.73948 ], [ -9.37708, 38.73957 ], [ -9.37685, 38.73956 ], [ -9.37667, 38.73954 ], [ -9.37612, 38.73938 ], [ -9.37605, 38.73874 ], [ -9.376048696655898, 38.738726705982899 ], [ -9.376, 38.73823 ], [ -9.37356, 38.73857 ] ] } },
{ "type": "Feature", "properties": { "services_sum": 1.8423746161719547, "total_departures_sum": 67, "route_short_name_sum": null, "services_unique": null, "total_departures_unique": null, "route_short_name_unique": "22" }, "geometry": { "type": "LineString", "coordinates": [ [ -9.37109, 38.73811 ], [ -9.371079841959011, 38.738107712208453 ], [ -9.36998, 38.73786 ] ] } },
{ "type": "Feature", "properties": { "services_sum": 1.8423746161719547, "total_departures_sum": 67, "route_short_name_sum": null, "services_unique": null, "total_departures_unique": null, "route_short_name_unique": "22" }, "geometry": { "type": "LineString", "coordinates": [ [ -9.36845, 38.73682 ], [ -9.36842, 38.73664 ], [ -9.36838, 38.73657 ], [ -9.36834, 38.73655 ], [ -9.36827, 38.7364 ] ] } },
{ "type": "Feature", "properties": { "services_sum": 1.8423746161719547, "total_departures_sum": 67, "route_short_name_sum": null, "services_unique": null, "total_departures_unique": null, "route_short_name_unique": "22" }, "geometry": { "type": "LineString", "coordinates": [ [ -9.36842, 38.73619 ], [ -9.36848, 38.73606 ], [ -9.36855, 38.73584 ], [ -9.36855, 38.73558 ], [ -9.36854, 38.73552 ], [ -9.368537152835753, 38.735508611354163 ], [ -9.36852, 38.73544 ], [ -9.36846, 38.73546 ], [ -9.36832, 38.73558 ] ] } },
{ "type": "Feature", "properties": { "services_sum": 1.8423746161719547, "total_departures_sum": 67, "route_short_name_sum": null, "services_unique": null, "total_departures_unique": null, "route_short_name_unique": "22" }, "geometry": { "type": "LineString", "coordinates": [ [ -9.36807, 38.73586 ], [ -9.368, 38.73589 ], [ -9.36794, 38.7359 ], [ -9.36781, 38.73598 ], [ -9.36769, 38.73601 ], [ -9.3676, 38.73599 ], [ -9.36752, 38.73594 ], [ -9.36646, 38.73567 ], [ -9.36635, 38.73563 ], [ -9.36626, 38.73542 ], [ -9.36618, 38.73517 ], [ -9.366176509300393, 38.735158946176746 ], [ -9.36606, 38.73479 ], [ -9.36603, 38.73458 ], [ -9.36603, 38.73411 ], [ -9.36602, 38.73395 ], [ -9.36586, 38.73313 ], [ -9.365858188358064, 38.73312094180843 ], [ -9.36583, 38.73298 ], [ -9.36578, 38.73291 ], [ -9.36542, 38.73261 ], [ -9.36532, 38.73245 ], [ -9.36516, 38.73216 ], [ -9.36512, 38.73193 ], [ -9.36499, 38.73165 ], [ -9.36473, 38.73124 ], [ -9.364724889651567, 38.731232391339233 ], [ -9.36428, 38.73057 ], [ -9.36342, 38.72955 ], [ -9.363412533567219, 38.729542533597552 ], [ -9.36319, 38.72932 ], [ -9.36281, 38.72914 ], [ -9.36244, 38.72901 ], [ -9.36203, 38.72888 ], [ -9.36186, 38.72885 ], [ -9.36135, 38.72881 ], [ -9.36118, 38.72875 ], [ -9.3611, 38.7287 ], [ -9.36104, 38.72863 ], [ -9.36095, 38.72858 ], [ -9.3608, 38.72858 ], [ -9.3606, 38.72855 ], [ -9.3604, 38.72859 ], [ -9.360388197701607, 38.728594425866902 ], [ -9.36032, 38.72862 ], [ -9.36053, 38.72871 ], [ -9.36064, 38.72879 ], [ -9.36069, 38.72887 ], [ -9.36072, 38.72907 ], [ -9.36071, 38.72915 ], [ -9.36061, 38.72944 ], [ -9.35996, 38.73109 ], [ -9.3596, 38.73193 ], [ -9.35947, 38.73211 ], [ -9.35906, 38.73248 ], [ -9.35886, 38.73259 ], [ -9.35832, 38.73277 ], [ -9.35788, 38.73283 ], [ -9.35749, 38.73281 ], [ -9.35722, 38.73277 ], [ -9.3572, 38.73271 ], [ -9.35713, 38.73267 ], [ -9.35706, 38.73268 ], [ -9.35702, 38.7327 ], [ -9.35665, 38.73251 ], [ -9.35641, 38.73235 ], [ -9.3562, 38.73215 ], [ -9.35589, 38.73171 ], [ -9.35575, 38.73104 ], [ -9.35548, 38.72859 ], [ -9.35539, 38.7282 ], [ -9.35509, 38.72766 ], [ -9.355083596333586, 38.727648910843499 ], [ -9.35468, 38.72695 ], [ -9.35369, 38.72581 ], [ -9.35322, 38.72529 ], [ -9.353215296954462, 38.725284896587553 ], [ -9.35052, 38.72236 ], [ -9.350515747049641, 38.722355377268165 ], [ -9.35006, 38.72186 ], [ -9.34953, 38.72123 ], [ -9.34817, 38.7193 ], [ -9.3476, 38.71885 ], [ -9.347589702780814, 38.718842683597899 ], [ -9.34759, 38.71884 ], [ -9.34735, 38.71864 ], [ -9.3473, 38.71851 ], [ -9.34731, 38.71842 ], [ -9.34736, 38.71834 ], [ -9.34773, 38.71796 ], [ -9.34794, 38.71731 ], [ -9.34802, 38.71715 ], [ -9.34824, 38.71688 ], [ -9.34853, 38.71668 ], [ -9.34864, 38.71662 ], [ -9.34876, 38.71639 ], [ -9.348942084620196, 38.715894006736413 ], [ -9.34902, 38.71567 ], [ -9.34904, 38.7155 ], [ -9.3489, 38.7154 ], [ -9.34883, 38.71533 ], [ -9.34882, 38.71526 ], [ -9.34883, 38.71506 ], [ -9.34884, 38.715 ], [ -9.3488, 38.71494 ], [ -9.34873, 38.71491 ], [ -9.34865, 38.71492 ], [ -9.3486, 38.71494 ], [ -9.34857, 38.71502 ], [ -9.348575891006085, 38.715034727515217 ], [ -9.348392510157931, 38.715072502031582 ], [ -9.34818, 38.71503 ], [ -9.34792, 38.71496 ], [ -9.34779, 38.71479 ], [ -9.34762, 38.7145 ], [ -9.34738, 38.71438 ], [ -9.34721, 38.71434 ], [ -9.34714, 38.71435 ], [ -9.347121458691024, 38.714355297557049 ], [ -9.34672, 38.71447 ], [ -9.34671, 38.7146 ], [ -9.34672, 38.71482 ], [ -9.34669, 38.71488 ], [ -9.34656, 38.71495 ], [ -9.34595, 38.71503 ], [ -9.34533, 38.71506 ], [ -9.34517, 38.71508 ], [ -9.34444, 38.71514 ], [ -9.34432, 38.71512 ], [ -9.34426, 38.7151 ], [ -9.34416, 38.71505 ], [ -9.34398, 38.71506 ], [ -9.34386, 38.71504 ], [ -9.34355, 38.71484 ], [ -9.343519492771833, 38.714817119715597 ], [ -9.34315, 38.71454 ], [ -9.34286, 38.71438 ], [ -9.3426, 38.71427 ], [ -9.34218, 38.71403 ], [ -9.3421, 38.71396 ], [ -9.3419, 38.71389 ], [ -9.34181, 38.71374 ], [ -9.3417, 38.71368 ], [ -9.34158, 38.7137 ], [ -9.34145, 38.71366 ], [ -9.34128, 38.71357 ], [ -9.341242961916027, 38.713548466361061 ], [ -9.34085, 38.71332 ], [ -9.3401, 38.71296 ], [ -9.3393, 38.71252 ], [ -9.33917, 38.71247 ], [ -9.33913, 38.71243 ], [ -9.33908, 38.71233 ], [ -9.339067325011611, 38.712299580121773 ], [ -9.33898, 38.71209 ] ] } },
{ "type": "Feature", "properties": { "services_sum": 1.8423746161719547, "total_departures_sum": 67, "route_short_name_sum": null, "services_unique": null, "total_departures_unique": null, "route_short_name_unique": "22" }, "geometry": { "type": "LineString", "coordinates": [ [ -9.34171, 38.6961 ], [ -9.34163, 38.69579 ], [ -9.341619653338091, 38.695758960040735 ], [ -9.3416, 38.6957 ] ] } },
{ "type": "Feature", "properties": { "services_sum": 1.8423746161719547, "total_departures_sum": 67, "route_short_name_sum": null, "services_unique": null, "total_departures_unique": null, "route_short_name_unique": "22" }, "geometry": { "type": "LineString", "coordinates": [ [ -9.34131, 38.69882 ], [ -9.341308436502821, 38.698784039662527 ], [ -9.3413, 38.69859 ] ] } },
{ "type": "Feature", "properties": { "services_sum": 1.8423746161719547, "total_departures_sum": 67, "route_short_name_sum": null, "services_unique": null, "total_departures_unique": null, "route_short_name_unique": "22" }, "geometry": { "type": "LineString", "coordinates": [ [ -9.34086, 38.70202 ], [ -9.340807419484191, 38.702079153111939 ], [ -9.34078, 38.70211 ] ] } },
{ "type": "Feature", "properties": { "services_sum": 1.8423746161719547, "total_departures_sum": 67, "route_short_name_sum": null, "services_unique": null, "total_departures_unique": null, "route_short_name_unique": "22" }, "geometry": { "type": "LineString", "coordinates": [ [ -9.33949, 38.69488 ], [ -9.33833, 38.69476 ] ] } },
{ "type": "Feature", "properties": { "services_sum": 1.8423746161719547, "total_departures_sum": 67, "route_short_name_sum": null, "services_unique": null, "total_departures_unique": null, "route_short_name_unique": "22" }, "geometry": { "type": "LineString", "coordinates": [ [ -9.33871, 38.70728 ], [ -9.33871, 38.70996450022281 ], [ -9.33871, 38.71 ] ] } },
{ "type": "Feature", "properties": { "services_sum": 1.8423746161719547, "total_departures_sum": 67, "route_short_name_sum": null, "services_unique": null, "total_departures_unique": null, "route_short_name_unique": "22" }, "geometry": { "type": "LineString", "coordinates": [ [ -9.33673, 38.69074 ], [ -9.336720174882979, 38.690956152586054 ], [ -9.33672, 38.69096 ], [ -9.33667, 38.69199 ] ] } },
{ "type": "Feature", "properties": { "services_sum": 1.8423746161719547, "total_departures_sum": 67, "route_short_name_sum": null, "services_unique": null, "total_departures_unique": null, "route_short_name_unique": "22" }, "geometry": { "type": "LineString", "coordinates": [ [ -9.336391389369966, 38.687580400866231 ], [ -9.335476756095888, 38.687505029752558 ], [ -9.335404336452486, 38.687450595010006 ], [ -9.335327195585227, 38.687279675024897 ], [ -9.333, 38.68701 ] ] } },
{ "type": "Feature", "properties": { "services_sum": 1.8423746161719547, "total_departures_sum": 67, "route_short_name_sum": null, "services_unique": null, "total_departures_unique": null, "route_short_name_unique": "22" }, "geometry": { "type": "LineString", "coordinates": [ [ -9.33596, 38.69311 ], [ -9.335870117275453, 38.693349687266554 ], [ -9.33587, 38.69335 ] ] } },
{ "type": "Feature", "properties": { "services_sum": 1.8423746161719547, "total_departures_sum": 67, "route_short_name_sum": null, "services_unique": null, "total_departures_unique": null, "route_short_name_unique": "22" }, "geometry": { "type": "LineString", "coordinates": [ [ -9.33531, 38.69024 ], [ -9.335294920757157, 38.690242331907811 ], [ -9.3353, 38.69024 ] ] } },
{ "type": "Feature", "properties": { "services_sum": 1.8423746161719547, "total_departures_sum": 67, "route_short_name_sum": null, "services_unique": null, "total_departures_unique": null, "route_short_name_unique": "22" }, "geometry": { "type": "LineString", "coordinates": [ [ -9.33392, 38.6905 ], [ -9.33391413592696, 38.690501819884737 ], [ -9.33363, 38.69059 ] ] } },
{ "type": "Feature", "properties": { "services_sum": 1.8423746161719547, "total_departures_sum": 67, "route_short_name_sum": null, "services_unique": null, "total_departures_unique": null, "route_short_name_unique": "22" }, "geometry": { "type": "LineString", "coordinates": [ [ -9.33183, 38.69091 ], [ -9.331480592845587, 38.689682083428778 ], [ -9.33148, 38.68968 ], [ -9.33138, 38.68914 ], [ -9.33136, 38.68861 ], [ -9.33136, 38.68611 ] ] } },
{ "type": "Feature", "properties": { "services_sum": 2.9855946860354035, "total_departures_sum": 142, "route_short_name_sum": null, "services_unique": null, "total_departures_unique": null, "route_short_name_unique": "22, 31" }, "geometry": { "type": "LineString", "coordinates": [ [ -9.39499, 38.73778 ], [ -9.39488, 38.73796 ] ] } },
{ "type": "Feature", "properties": { "services_sum": 2.9855946860354035, "total_departures_sum": 142, "route_short_name_sum": null, "services_unique": null, "total_departures_unique": null, "route_short_name_unique": "22, 31" }, "geometry": { "type": "LineString", "coordinates": [ [ -9.34153, 38.69493 ], [ -9.34147, 38.69486 ], [ -9.33984, 38.6949 ], [ -9.33949, 38.69488 ] ] } },
{ "type": "Feature", "properties": { "services_sum": 2.9855946860354035, "total_departures_sum": 142, "route_short_name_sum": null, "services_unique": null, "total_departures_unique": null, "route_short_name_unique": "22, 31" }, "geometry": { "type": "LineString", "coordinates": [ [ -9.33833, 38.69476 ], [ -9.33808, 38.69471 ], [ -9.33701, 38.69445 ], [ -9.33565, 38.69398 ], [ -9.33587, 38.69335 ] ] } },
{ "type": "Feature", "properties": { "services_sum": 2.0005557099194222, "total_departures_sum": 94, "route_short_name_sum": null, "services_unique": null, "total_departures_unique": null, "route_short_name_unique": "19, 6" }, "geometry": { "type": "LineString", "coordinates": [ [ -9.39428, 38.70384 ], [ -9.39426, 38.70432 ] ] } },
{ "type": "Feature", "properties": { "services_sum": 2.0005557099194222, "total_departures_sum": 94, "route_short_name_sum": null, "services_unique": null, "total_departures_unique": null, "route_short_name_unique": "19, 6" }, "geometry": { "type": "LineString", "coordinates": [ [ -9.39418, 38.7051 ], [ -9.39412, 38.70573 ], [ -9.39398, 38.70769 ] ] } },
{ "type": "Feature", "properties": { "services_sum": 2.0005557099194222, "total_departures_sum": 94, "route_short_name_sum": null, "services_unique": null, "total_departures_unique": null, "route_short_name_unique": "19, 6" }, "geometry": { "type": "LineString", "coordinates": [ [ -9.39388, 38.70914 ], [ -9.39374, 38.71045 ], [ -9.39369, 38.71137 ], [ -9.39367, 38.71229 ] ] } },
{ "type": "Feature", "properties": { "services_sum": 2.0005557099194222, "total_departures_sum": 94, "route_short_name_sum": null, "services_unique": null, "total_departures_unique": null, "route_short_name_unique": "19, 6" }, "geometry": { "type": "LineString", "coordinates": [ [ -9.3936, 38.7127 ], [ -9.39355, 38.713 ], [ -9.39348, 38.7132 ] ] } },
{ "type": "Feature", "properties": { "services_sum": 3.842930326091377, "total_departures_sum": 207, "route_short_name_sum": null, "services_unique": null, "total_departures_unique": null, "route_short_name_unique": "22, 6" }, "geometry": { "type": "LineString", "coordinates": [ [ -9.39122, 38.73991 ], [ -9.39109, 38.73995 ], [ -9.39096, 38.74004 ], [ -9.39071, 38.74026 ], [ -9.39054, 38.74034 ], [ -9.39024, 38.74039 ] ] } },
{ "type": "Feature", "properties": { "services_sum": 3.842930326091377, "total_departures_sum": 207, "route_short_name_sum": null, "services_unique": null, "total_departures_unique": null, "route_short_name_unique": "22, 6" }, "geometry": { "type": "LineString", "coordinates": [ [ -9.38901, 38.74037 ], [ -9.38877, 38.74041 ] ] } },
{ "type": "Feature", "properties": { "services_sum": 3.842930326091377, "total_departures_sum": 207, "route_short_name_sum": null, "services_unique": null, "total_departures_unique": null, "route_short_name_unique": "22, 6" }, "geometry": { "type": "LineString", "coordinates": [ [ -9.38771, 38.74093 ], [ -9.38738, 38.74108 ], [ -9.38722, 38.74113 ], [ -9.38704, 38.74116 ], [ -9.38684, 38.74116 ], [ -9.38624, 38.74107 ], [ -9.38601, 38.74105 ], [ -9.38572, 38.74108 ], [ -9.38557, 38.74113 ], [ -9.38532, 38.74124 ], [ -9.38517, 38.74133 ] ] } },
{ "type": "Feature", "properties": { "services_sum": 4.2869958496463196, "total_departures_sum": 290, "route_short_name_sum": null, "services_unique": null, "total_departures_unique": null, "route_short_name_unique": "31, 6" }, "geometry": { "type": "LineString", "coordinates": [ [ -9.39074, 38.73873 ], [ -9.39058, 38.7386 ], [ -9.39019, 38.73824 ], [ -9.38998, 38.738 ] ] } },
{ "type": "Feature", "properties": { "services_sum": 4.2869958496463196, "total_departures_sum": 290, "route_short_name_sum": null, "services_unique": null, "total_departures_unique": null, "route_short_name_unique": "31, 6" }, "geometry": { "type": "LineString", "coordinates": [ [ -9.38942, 38.7367 ], [ -9.38924, 38.7362 ] ] } },
{ "type": "Feature", "properties": { "services_sum": 3.1437757797828709, "total_departures_sum": 148, "route_short_name_sum": null, "services_unique": null, "total_departures_unique": null, "route_short_name_unique": "31, 6, 13" }, "geometry": { "type": "LineString", "coordinates": [ [ -9.38877, 38.73472 ], [ -9.38866, 38.73467 ], [ -9.38856, 38.73466 ], [ -9.38845, 38.73466 ] ] } },
{ "type": "Feature", "properties": { "services_sum": 3.1437757797828709, "total_departures_sum": 148, "route_short_name_sum": null, "services_unique": null, "total_departures_unique": null, "route_short_name_unique": "31, 6, 13" }, "geometry": { "type": "LineString", "coordinates": [ [ -9.38827, 38.73474 ], [ -9.38821, 38.73482 ], [ -9.38817, 38.73491 ], [ -9.38817, 38.73509 ] ] } },
{ "type": "Feature", "properties": { "services_sum": 2.2864401397268974, "total_departures_sum": 150, "route_short_name_sum": null, "services_unique": null, "total_departures_unique": null, "route_short_name_unique": "31" }, "geometry": { "type": "LineString", "coordinates": [ [ -9.3882, 38.7345 ], [ -9.388, 38.7343 ], [ -9.38714, 38.73328 ], [ -9.38706, 38.73321 ], [ -9.38688, 38.73312 ], [ -9.38677, 38.73308 ] ] } },
{ "type": "Feature", "properties": { "services_sum": 2.2864401397268974, "total_departures_sum": 150, "route_short_name_sum": null, "services_unique": null, "total_departures_unique": null, "route_short_name_unique": "31" }, "geometry": { "type": "LineString", "coordinates": [ [ -9.38489, 38.73154 ], [ -9.38433, 38.73094 ], [ -9.38388, 38.73055 ], [ -9.38379, 38.73042 ], [ -9.38364, 38.72997 ], [ -9.38365, 38.72986 ], [ -9.38367, 38.72978 ] ] } },
{ "type": "Feature", "properties": { "services_sum": 2.2864401397268974, "total_departures_sum": 150, "route_short_name_sum": null, "services_unique": null, "total_departures_unique": null, "route_short_name_unique": "31" }, "geometry": { "type": "LineString", "coordinates": [ [ -9.37393, 38.71075 ], [ -9.37392, 38.71092 ], [ -9.37388, 38.71104 ], [ -9.37332, 38.71171 ] ] } },
{ "type": "Feature", "properties": { "services_sum": 2.2864401397268974, "total_departures_sum": 150, "route_short_name_sum": null, "services_unique": null, "total_departures_unique": null, "route_short_name_unique": "31" }, "geometry": { "type": "LineString", "coordinates": [ [ -9.37256, 38.71024 ], [ -9.37227, 38.71038 ], [ -9.36913, 38.71155 ], [ -9.36835, 38.7118 ], [ -9.36799, 38.71194 ], [ -9.36757, 38.71222 ], [ -9.36739, 38.71232 ] ] } },
{ "type": "Feature", "properties": { "services_sum": 2.2864401397268974, "total_departures_sum": 150, "route_short_name_sum": null, "services_unique": null, "total_departures_unique": null, "route_short_name_unique": "31" }, "geometry": { "type": "LineString", "coordinates": [ [ -9.36676, 38.71166 ], [ -9.36657, 38.71143 ], [ -9.36641, 38.71145 ], [ -9.36617, 38.71144 ], [ -9.36482, 38.71122 ], [ -9.36451, 38.71111 ], [ -9.36419, 38.71105 ] ] } },
{ "type": "Feature", "properties": { "services_sum": 2.2864401397268974, "total_departures_sum": 150, "route_short_name_sum": null, "services_unique": null, "total_departures_unique": null, "route_short_name_unique": "31" }, "geometry": { "type": "LineString", "coordinates": [ [ -9.36348, 38.71113 ], [ -9.36237, 38.71083 ], [ -9.36229, 38.71083 ] ] } },
{ "type": "Feature", "properties": { "services_sum": 2.2864401397268974, "total_departures_sum": 150, "route_short_name_sum": null, "services_unique": null, "total_departures_unique": null, "route_short_name_unique": "31" }, "geometry": { "type": "LineString", "coordinates": [ [ -9.36217, 38.71079 ], [ -9.36185, 38.71055 ], [ -9.36002, 38.70985 ], [ -9.35961, 38.70974 ], [ -9.35882, 38.70955 ] ] } },
{ "type": "Feature", "properties": { "services_sum": 2.2864401397268974, "total_departures_sum": 150, "route_short_name_sum": null, "services_unique": null, "total_departures_unique": null, "route_short_name_unique": "31" }, "geometry": { "type": "LineString", "coordinates": [ [ -9.35773, 38.70942 ], [ -9.35686, 38.70939 ], [ -9.35652, 38.70927 ], [ -9.35643, 38.70919 ], [ -9.35623, 38.70909 ], [ -9.35581, 38.70897 ], [ -9.35488, 38.70875 ], [ -9.35458, 38.70861 ] ] } },
{ "type": "Feature", "properties": { "services_sum": 2.2864401397268974, "total_departures_sum": 150, "route_short_name_sum": null, "services_unique": null, "total_departures_unique": null, "route_short_name_unique": "31" }, "geometry": { "type": "LineString", "coordinates": [ [ -9.35293, 38.69793 ], [ -9.35224, 38.69817 ] ] } },
{ "type": "Feature", "properties": { "services_sum": 2.2864401397268974, "total_departures_sum": 150, "route_short_name_sum": null, "services_unique": null, "total_departures_unique": null, "route_short_name_unique": "31" }, "geometry": { "type": "LineString", "coordinates": [ [ -9.35022, 38.6988 ], [ -9.35009, 38.69869 ], [ -9.34996, 38.69862 ] ] } },
{ "type": "Feature", "properties": { "services_sum": 2.2864401397268974, "total_departures_sum": 150, "route_short_name_sum": null, "services_unique": null, "total_departures_unique": null, "route_short_name_unique": "31" }, "geometry": { "type": "LineString", "coordinates": [ [ -9.3487, 38.69807 ], [ -9.34848, 38.69799 ] ] } },
{ "type": "Feature", "properties": { "services_sum": 2.2864401397268974, "total_departures_sum": 150, "route_short_name_sum": null, "services_unique": null, "total_departures_unique": null, "route_short_name_unique": "31" }, "geometry": { "type": "LineString", "coordinates": [ [ -9.33392, 38.6905 ], [ -9.333912769735534, 38.690502243886634 ] ] } },
{ "type": "Feature", "properties": { "services_sum": 2.0005557099194222, "total_departures_sum": 48, "route_short_name_sum": null, "services_unique": null, "total_departures_unique": null, "route_short_name_unique": "19" }, "geometry": { "type": "LineString", "coordinates": [ [ -9.38524, 38.71977 ], [ -9.38507, 38.71992 ] ] } },
{ "type": "Feature", "properties": { "services_sum": 2.0005557099194222, "total_departures_sum": 48, "route_short_name_sum": null, "services_unique": null, "total_departures_unique": null, "route_short_name_unique": "19" }, "geometry": { "type": "LineString", "coordinates": [ [ -9.38397, 38.72059 ], [ -9.38347, 38.72045 ] ] } },
{ "type": "Feature", "properties": { "services_sum": 2.0005557099194222, "total_departures_sum": 48, "route_short_name_sum": null, "services_unique": null, "total_departures_unique": null, "route_short_name_unique": "19" }, "geometry": { "type": "LineString", "coordinates": [ [ -9.38265, 38.7197 ], [ -9.38267, 38.7198 ], [ -9.3825, 38.72009 ] ] } },
{ "type": "Feature", "properties": { "services_sum": 2.0005557099194222, "total_departures_sum": 48, "route_short_name_sum": null, "services_unique": null, "total_departures_unique": null, "route_short_name_unique": "19" }, "geometry": { "type": "LineString", "coordinates": [ [ -9.38235, 38.71611 ], [ -9.38216, 38.71615 ] ] } },
{ "type": "Feature", "properties": { "services_sum": 2.0005557099194222, "total_departures_sum": 48, "route_short_name_sum": null, "services_unique": null, "total_departures_unique": null, "route_short_name_unique": "19" }, "geometry": { "type": "LineString", "coordinates": [ [ -9.38188, 38.71848 ], [ -9.38185, 38.71836 ], [ -9.38213, 38.71833 ], [ -9.38243, 38.71837 ], [ -9.38232, 38.71795 ], [ -9.38217, 38.71705 ], [ -9.38196, 38.71691 ], [ -9.38152, 38.71673 ], [ -9.38168, 38.71633 ] ] } },
{ "type": "Feature", "properties": { "services_sum": 3.2867179946866085, "total_departures_sum": 153, "route_short_name_sum": null, "services_unique": null, "total_departures_unique": null, "route_short_name_unique": "31, 13" }, "geometry": { "type": "LineString", "coordinates": [ [ -9.3841, 38.72898 ], [ -9.3841, 38.7291 ] ] } },
{ "type": "Feature", "properties": { "services_sum": 3.2867179946866085, "total_departures_sum": 153, "route_short_name_sum": null, "services_unique": null, "total_departures_unique": null, "route_short_name_unique": "31, 13" }, "geometry": { "type": "LineString", "coordinates": [ [ -9.38372, 38.72968 ], [ -9.38367, 38.72978 ] ] } },
{ "type": "Feature", "properties": { "services_sum": 3.2867179946866085, "total_departures_sum": 153, "route_short_name_sum": null, "services_unique": null, "total_departures_unique": null, "route_short_name_unique": "31, 13" }, "geometry": { "type": "LineString", "coordinates": [ [ -9.38332, 38.72785 ], [ -9.38297, 38.72747 ] ] } },
{ "type": "Feature", "properties": { "services_sum": 3.2867179946866085, "total_departures_sum": 153, "route_short_name_sum": null, "services_unique": null, "total_departures_unique": null, "route_short_name_unique": "31, 13" }, "geometry": { "type": "LineString", "coordinates": [ [ -9.3822, 38.72659 ], [ -9.3819, 38.72629 ], [ -9.38138, 38.72605 ], [ -9.3812, 38.72599 ], [ -9.3809, 38.72569 ] ] } },
{ "type": "Feature", "properties": { "services_sum": 3.2867179946866085, "total_departures_sum": 153, "route_short_name_sum": null, "services_unique": null, "total_departures_unique": null, "route_short_name_unique": "31, 13" }, "geometry": { "type": "LineString", "coordinates": [ [ -9.37946, 38.72382 ], [ -9.37917, 38.72351 ] ] } },
{ "type": "Feature", "properties": { "services_sum": 3.2867179946866085, "total_departures_sum": 153, "route_short_name_sum": null, "services_unique": null, "total_departures_unique": null, "route_short_name_unique": "31, 13" }, "geometry": { "type": "LineString", "coordinates": [ [ -9.37837, 38.72311 ], [ -9.3781, 38.72242 ], [ -9.37775, 38.72169 ] ] } },
{ "type": "Feature", "properties": { "services_sum": 3.2867179946866085, "total_departures_sum": 153, "route_short_name_sum": null, "services_unique": null, "total_departures_unique": null, "route_short_name_unique": "31, 13" }, "geometry": { "type": "LineString", "coordinates": [ [ -9.37642, 38.71982 ], [ -9.37634, 38.71977 ], [ -9.37473, 38.71891 ], [ -9.37395, 38.71851 ], [ -9.37374, 38.71838 ], [ -9.37357, 38.71824 ], [ -9.37346, 38.71813 ], [ -9.37334, 38.71795 ], [ -9.37323, 38.71772 ], [ -9.37317, 38.7175 ], [ -9.37317, 38.71734 ], [ -9.3732, 38.7172 ], [ -9.37328, 38.71699 ], [ -9.37331, 38.71677 ], [ -9.37324, 38.71641 ], [ -9.37316, 38.71622 ], [ -9.37298, 38.71588 ], [ -9.37279, 38.71559 ] ] } },
{ "type": "Feature", "properties": { "services_sum": 3.2867179946866085, "total_departures_sum": 153, "route_short_name_sum": null, "services_unique": null, "total_departures_unique": null, "route_short_name_unique": "31, 13" }, "geometry": { "type": "LineString", "coordinates": [ [ -9.37393, 38.71075 ], [ -9.37391, 38.7107 ], [ -9.37366, 38.71017 ] ] } },
{ "type": "Feature", "properties": { "services_sum": 3.2867179946866085, "total_departures_sum": 153, "route_short_name_sum": null, "services_unique": null, "total_departures_unique": null, "route_short_name_unique": "31, 13" }, "geometry": { "type": "LineString", "coordinates": [ [ -9.37201, 38.71422 ], [ -9.37183, 38.71397 ], [ -9.37165, 38.71378 ] ] } },
{ "type": "Feature", "properties": { "services_sum": 2.8426524711316659, "total_departures_sum": 70, "route_short_name_sum": null, "services_unique": null, "total_departures_unique": null, "route_short_name_unique": "22, 13" }, "geometry": { "type": "LineString", "coordinates": [ [ -9.37187, 38.73829 ], [ -9.37109, 38.73811 ] ] } },
{ "type": "Feature", "properties": { "services_sum": 2.8426524711316659, "total_departures_sum": 70, "route_short_name_sum": null, "services_unique": null, "total_departures_unique": null, "route_short_name_unique": "22, 13" }, "geometry": { "type": "LineString", "coordinates": [ [ -9.36914, 38.73738 ], [ -9.36869, 38.73707 ], [ -9.36849, 38.7369 ], [ -9.36844, 38.73685 ], [ -9.36845, 38.73682 ] ] } },
{ "type": "Feature", "properties": { "services_sum": 2.8426524711316659, "total_departures_sum": 70, "route_short_name_sum": null, "services_unique": null, "total_departures_unique": null, "route_short_name_unique": "22, 13" }, "geometry": { "type": "LineString", "coordinates": [ [ -9.36842, 38.73619 ], [ -9.36828, 38.73637 ], [ -9.36827, 38.7364 ] ] } },
{ "type": "Feature", "properties": { "services_sum": 2.8426524711316659, "total_departures_sum": 101, "route_short_name_sum": null, "services_unique": null, "total_departures_unique": null, "route_short_name_unique": "22, 13" }, "geometry": { "type": "LineString", "coordinates": [ [ -9.36998, 38.73786 ], [ -9.36973, 38.73774 ], [ -9.36914, 38.73738 ] ] } },
{ "type": "Feature", "properties": { "services_sum": 2.8426524711316659, "total_departures_sum": 101, "route_short_name_sum": null, "services_unique": null, "total_departures_unique": null, "route_short_name_unique": "22, 13" }, "geometry": { "type": "LineString", "coordinates": [ [ -9.36832, 38.73558 ], [ -9.36807, 38.73586 ] ] } },
{ "type": "Feature", "properties": { "services_sum": 1.0002778549597111, "total_departures_sum": 50, "route_short_name_sum": null, "services_unique": null, "total_departures_unique": null, "route_short_name_unique": "30" }, "geometry": { "type": "LineString", "coordinates": [ [ -9.359211623668672, 38.692041810610149 ], [ -9.359105715257856, 38.691935913784398 ], [ -9.3593, 38.69102 ], [ -9.35922, 38.69146 ], [ -9.35907, 38.6921 ], [ -9.35898, 38.69215 ], [ -9.35893, 38.69214 ], [ -9.35886, 38.69216 ], [ -9.35883, 38.69218 ], [ -9.35881, 38.69224 ], [ -9.35882, 38.69227 ], [ -9.35887, 38.69232 ], [ -9.35892, 38.69233 ], [ -9.359203577041628, 38.692370490985958 ], [ -9.359270632267, 38.6922710496303 ], [ -9.359298795461656, 38.692130784746283 ], [ -9.359206259250643, 38.692038670344495 ] ] } },
{ "type": "Feature", "properties": { "services_sum": 1.0002778549597111, "total_departures_sum": 50, "route_short_name_sum": null, "services_unique": null, "total_departures_unique": null, "route_short_name_unique": "30" }, "geometry": { "type": "LineString", "coordinates": [ [ -9.35552, 38.70328 ], [ -9.355030685791332, 38.702301371582664 ], [ -9.35503, 38.7023 ], [ -9.35497, 38.70216 ], [ -9.35497, 38.70201 ], [ -9.35522, 38.70132 ], [ -9.35525, 38.70117 ], [ -9.35504, 38.70065 ], [ -9.355043885401169, 38.700654713765232 ], [ -9.35503, 38.70062 ] ] } },
{ "type": "Feature", "properties": { "services_sum": 1.0002778549597111, "total_departures_sum": 50, "route_short_name_sum": null, "services_unique": null, "total_departures_unique": null, "route_short_name_unique": "30" }, "geometry": { "type": "LineString", "coordinates": [ [ -9.35549, 38.70398 ], [ -9.355493012249182, 38.703962428628856 ], [ -9.35555, 38.70363 ], [ -9.355483918767774, 38.704020786577615 ], [ -9.35533, 38.7048 ], [ -9.355183894233098, 38.705793519585299 ], [ -9.35518, 38.70582 ] ] } },
{ "type": "Feature", "properties": { "services_sum": 1.0002778549597111, "total_departures_sum": 50, "route_short_name_sum": null, "services_unique": null, "total_departures_unique": null, "route_short_name_unique": "30" }, "geometry": { "type": "LineString", "coordinates": [ [ -9.35512, 38.70084 ], [ -9.35510592706933, 38.700806225307616 ], [ -9.35482, 38.70012 ] ] } },
{ "type": "Feature", "properties": { "services_sum": 1.0002778549597111, "total_departures_sum": 50, "route_short_name_sum": null, "services_unique": null, "total_departures_unique": null, "route_short_name_unique": "30" }, "geometry": { "type": "LineString", "coordinates": [ [ -9.35507, 38.7064 ], [ -9.355064776873384, 38.706427160347836 ], [ -9.35502, 38.70666 ] ] } },
{ "type": "Feature", "properties": { "services_sum": 1.0002778549597111, "total_departures_sum": 50, "route_short_name_sum": null, "services_unique": null, "total_departures_unique": null, "route_short_name_unique": "30" }, "geometry": { "type": "LineString", "coordinates": [ [ -9.35503, 38.70227 ], [ -9.355011712258763, 38.702238910906644 ], [ -9.35493, 38.7021 ] ] } },
{ "type": "Feature", "properties": { "services_sum": 1.0002778549597111, "total_departures_sum": 50, "route_short_name_sum": null, "services_unique": null, "total_departures_unique": null, "route_short_name_unique": "30" }, "geometry": { "type": "LineString", "coordinates": [ [ -9.35489, 38.70697 ], [ -9.354753020659835, 38.707225694862814 ], [ -9.35474, 38.70725 ] ] } },
{ "type": "Feature", "properties": { "services_sum": 1.0002778549597111, "total_departures_sum": 50, "route_short_name_sum": null, "services_unique": null, "total_departures_unique": null, "route_short_name_unique": "30" }, "geometry": { "type": "LineString", "coordinates": [ [ -9.35452, 38.69954 ], [ -9.354534610046356, 38.699573394454234 ], [ -9.35459, 38.6997 ], [ -9.3545, 38.69949 ], [ -9.354488873465018, 38.699465456437366 ], [ -9.35449, 38.69946 ], [ -9.35416, 38.69874 ] ] } },
{ "type": "Feature", "properties": { "services_sum": 1.0002778549597111, "total_departures_sum": 50, "route_short_name_sum": null, "services_unique": null, "total_departures_unique": null, "route_short_name_unique": "30" }, "geometry": { "type": "LineString", "coordinates": [ [ -9.35416, 38.7083 ], [ -9.35416, 38.70837 ], [ -9.35414, 38.7084 ], [ -9.35408, 38.70844 ], [ -9.35403, 38.70844 ] ] } },
{ "type": "Feature", "properties": { "services_sum": 1.0002778549597111, "total_departures_sum": 50, "route_short_name_sum": null, "services_unique": null, "total_departures_unique": null, "route_short_name_unique": "30" }, "geometry": { "type": "LineString", "coordinates": [ [ -9.35393, 38.70829 ], [ -9.35388, 38.70816 ], [ -9.35373, 38.70802 ], [ -9.35329898598148, 38.707851342420554 ], [ -9.35327, 38.70784 ], [ -9.35287, 38.70768 ], [ -9.353692373585233, 38.708008949581682 ], [ -9.35372, 38.70802 ], [ -9.35399, 38.70825 ] ] } },
{ "type": "Feature", "properties": { "services_sum": 1.0002778549597111, "total_departures_sum": 50, "route_short_name_sum": null, "services_unique": null, "total_departures_unique": null, "route_short_name_unique": "30" }, "geometry": { "type": "LineString", "coordinates": [ [ -9.35369, 38.69827 ], [ -9.35328, 38.69807 ], [ -9.35312, 38.69792 ], [ -9.35309, 38.69784 ], [ -9.3531, 38.69772 ], [ -9.35320830498406, 38.697454160493677 ], [ -9.35321, 38.69745 ], [ -9.35327, 38.69732 ], [ -9.35313, 38.69767 ], [ -9.35302, 38.69785 ] ] } },
{ "type": "Feature", "properties": { "services_sum": 1.0002778549597111, "total_departures_sum": 50, "route_short_name_sum": null, "services_unique": null, "total_departures_unique": null, "route_short_name_unique": "30" }, "geometry": { "type": "LineString", "coordinates": [ [ -9.35137, 38.69546 ], [ -9.35135, 38.6955 ], [ -9.35131, 38.69554 ], [ -9.35039, 38.69584 ], [ -9.35076, 38.69659 ], [ -9.35115, 38.69735 ], [ -9.352446876676884, 38.697150480529835 ], [ -9.35245, 38.69715 ], [ -9.35296, 38.69707 ], [ -9.352906119040053, 38.69654978440466 ], [ -9.3529, 38.69655 ], [ -9.35277, 38.69549 ], [ -9.35271, 38.69542 ], [ -9.35249, 38.69539 ], [ -9.35206, 38.69541 ], [ -9.35156, 38.69546 ], [ -9.35137, 38.69546 ] ] } },
{ "type": "Feature", "properties": { "services_sum": 1.0002778549597111, "total_departures_sum": 50, "route_short_name_sum": null, "services_unique": null, "total_departures_unique": null, "route_short_name_unique": "30" }, "geometry": { "type": "LineString", "coordinates": [ [ -9.35137, 38.69546 ], [ -9.351282210350135, 38.695274666294729 ], [ -9.35128, 38.69527 ], [ -9.35106, 38.69488 ], [ -9.35126, 38.69523 ], [ -9.351261790342965, 38.695233743444383 ], [ -9.35137, 38.69546 ] ] } },
{ "type": "Feature", "properties": { "services_sum": 1.0002778549597111, "total_departures_sum": 50, "route_short_name_sum": null, "services_unique": null, "total_departures_unique": null, "route_short_name_unique": "30" }, "geometry": { "type": "LineString", "coordinates": [ [ -9.3488, 38.69167 ], [ -9.34873, 38.69183 ], [ -9.34871, 38.69192 ], [ -9.34866, 38.69197 ], [ -9.34857, 38.69207 ], [ -9.34852, 38.69217 ], [ -9.34845, 38.69187 ], [ -9.34849, 38.69182 ], [ -9.34857, 38.69179 ], [ -9.34866, 38.69176 ], [ -9.3488, 38.69167 ] ] } },
{ "type": "Feature", "properties": { "services_sum": 1.0002778549597111, "total_departures_sum": 50, "route_short_name_sum": null, "services_unique": null, "total_departures_unique": null, "route_short_name_unique": "30" }, "geometry": { "type": "LineString", "coordinates": [ [ -9.3488, 38.69167 ], [ -9.349133960116475, 38.691290000996268 ], [ -9.3502, 38.69032 ], [ -9.35031, 38.69024 ], [ -9.349481439503885, 38.690979786303224 ], [ -9.34948, 38.69097 ], [ -9.34911, 38.69131 ], [ -9.3488, 38.69167 ] ] } },
{ "type": "Feature", "properties": { "services_sum": 1.0002778549597111, "total_departures_sum": 50, "route_short_name_sum": null, "services_unique": null, "total_departures_unique": null, "route_short_name_unique": "30" }, "geometry": { "type": "LineString", "coordinates": [ [ -9.34458, 38.71392 ], [ -9.344571207246256, 38.71370018124928 ], [ -9.34457, 38.71367 ], [ -9.34457, 38.7136 ], [ -9.34452, 38.71338 ], [ -9.34446, 38.71293 ], [ -9.34443, 38.71222 ], [ -9.34443, 38.71182 ], [ -9.34448, 38.71156 ], [ -9.34473, 38.71086 ], [ -9.3447, 38.7108 ], [ -9.34475, 38.71069 ] ] } },
{ "type": "Feature", "properties": { "services_sum": 1.0002778549597111, "total_departures_sum": 50, "route_short_name_sum": null, "services_unique": null, "total_departures_unique": null, "route_short_name_unique": "30" }, "geometry": { "type": "LineString", "coordinates": [ [ -9.34458, 38.71392 ], [ -9.34513, 38.71402 ], [ -9.345150373007657, 38.71402190999622 ], [ -9.34545, 38.71405 ], [ -9.34586, 38.71403 ], [ -9.3461, 38.71383 ], [ -9.346, 38.71341 ], [ -9.34592, 38.71324 ], [ -9.34586, 38.71315 ], [ -9.345850807901249, 38.71313451864355 ], [ -9.34567, 38.71283 ], [ -9.34525, 38.71202 ], [ -9.34522, 38.71186 ], [ -9.34517, 38.71133 ], [ -9.34511, 38.71106 ], [ -9.34502, 38.71092 ], [ -9.34486, 38.7108 ], [ -9.34485, 38.71079 ], [ -9.34479, 38.71075 ], [ -9.34472, 38.71077 ], [ -9.34475, 38.71069 ] ] } },
{ "type": "Feature", "properties": { "services_sum": 1.0002778549597111, "total_departures_sum": 50, "route_short_name_sum": null, "services_unique": null, "total_departures_unique": null, "route_short_name_unique": "30" }, "geometry": { "type": "LineString", "coordinates": [ [ -9.34475, 38.71069 ], [ -9.344783997324013, 38.710494515482154 ], [ -9.34479, 38.71046 ], [ -9.34503, 38.70921 ], [ -9.344795150059971, 38.710413606392159 ], [ -9.34479, 38.71044 ], [ -9.34475, 38.71069 ] ] } },
{ "type": "Feature", "properties": { "services_sum": 1.0002778549597111, "total_departures_sum": 50, "route_short_name_sum": null, "services_unique": null, "total_departures_unique": null, "route_short_name_unique": "30" }, "geometry": { "type": "LineString", "coordinates": [ [ -9.34458, 38.71392 ], [ -9.344364094887542, 38.71449901834886 ], [ -9.34436, 38.71451 ], [ -9.3442, 38.71494 ] ] } },
{ "type": "Feature", "properties": { "services_sum": 1.0002778549597111, "total_departures_sum": 50, "route_short_name_sum": null, "services_unique": null, "total_departures_unique": null, "route_short_name_unique": "30" }, "geometry": { "type": "LineString", "coordinates": [ [ -9.34458, 38.71392 ], [ -9.3442, 38.71494 ] ] } },
{ "type": "Feature", "properties": { "services_sum": 1.0002778549597111, "total_departures_sum": 50, "route_short_name_sum": null, "services_unique": null, "total_departures_unique": null, "route_short_name_unique": "30" }, "geometry": { "type": "LineString", "coordinates": [ [ -9.3442, 38.71494 ], [ -9.34412, 38.71505 ], [ -9.34405, 38.71507 ], [ -9.34402, 38.71513 ], [ -9.34406, 38.71528 ], [ -9.34407, 38.71534 ] ] } },
{ "type": "Feature", "properties": { "services_sum": 1.0002778549597111, "total_departures_sum": 50, "route_short_name_sum": null, "services_unique": null, "total_departures_unique": null, "route_short_name_unique": "30" }, "geometry": { "type": "LineString", "coordinates": [ [ -9.3442, 38.71494 ], [ -9.34423, 38.71507 ], [ -9.34427, 38.71512 ], [ -9.34425, 38.71521 ], [ -9.34419, 38.71524 ], [ -9.34407, 38.71534 ] ] } },
{ "type": "Feature", "properties": { "services_sum": 1.0002778549597111, "total_departures_sum": 50, "route_short_name_sum": null, "services_unique": null, "total_departures_unique": null, "route_short_name_unique": "30" }, "geometry": { "type": "LineString", "coordinates": [ [ -9.34407, 38.71534 ], [ -9.34398, 38.71558 ], [ -9.343970324059569, 38.715607922397197 ], [ -9.34363, 38.71659 ] ] } },
{ "type": "Feature", "properties": { "services_sum": 1.0002778549597111, "total_departures_sum": 50, "route_short_name_sum": null, "services_unique": null, "total_departures_unique": null, "route_short_name_unique": "30" }, "geometry": { "type": "LineString", "coordinates": [ [ -9.34407, 38.71534 ], [ -9.34363, 38.71659 ] ] } },
{ "type": "Feature", "properties": { "services_sum": 1.0002778549597111, "total_departures_sum": 50, "route_short_name_sum": null, "services_unique": null, "total_departures_unique": null, "route_short_name_unique": "30" }, "geometry": { "type": "LineString", "coordinates": [ [ -9.34363, 38.71659 ], [ -9.34349, 38.71672 ], [ -9.34341, 38.71672 ], [ -9.34326, 38.71678 ], [ -9.34321, 38.71683 ], [ -9.34316, 38.71693 ], [ -9.34315, 38.71708 ], [ -9.34323, 38.71696 ], [ -9.34331, 38.71691 ], [ -9.34348, 38.71686 ], [ -9.34353, 38.71681 ], [ -9.34361, 38.71671 ], [ -9.34363, 38.71659 ] ] } },
{ "type": "Feature", "properties": { "services_sum": 1.0002778549597111, "total_departures_sum": 50, "route_short_name_sum": null, "services_unique": null, "total_departures_unique": null, "route_short_name_unique": "30" }, "geometry": { "type": "LineString", "coordinates": [ [ -9.34353, 38.72178 ], [ -9.343370769344856, 38.721939230686452 ], [ -9.34336, 38.72195 ], [ -9.34311, 38.72219 ], [ -9.34353, 38.72178 ] ] } },
{ "type": "Feature", "properties": { "services_sum": 1.0002778549597111, "total_departures_sum": 50, "route_short_name_sum": null, "services_unique": null, "total_departures_unique": null, "route_short_name_unique": "30" }, "geometry": { "type": "LineString", "coordinates": [ [ -9.34353, 38.72178 ], [ -9.34405, 38.72118 ], [ -9.34366, 38.72163 ], [ -9.343637329307045, 38.72165615854756 ], [ -9.34353, 38.72178 ] ] } },
{ "type": "Feature", "properties": { "services_sum": 1.0002778549597111, "total_departures_sum": 50, "route_short_name_sum": null, "services_unique": null, "total_departures_unique": null, "route_short_name_unique": "30" }, "geometry": { "type": "LineString", "coordinates": [ [ -9.34129, 38.7229 ], [ -9.3413, 38.72292 ], [ -9.34125, 38.72297 ], [ -9.34118, 38.72296 ], [ -9.34115, 38.72292 ] ] } },
{ "type": "Feature", "properties": { "services_sum": 1.0002778549597111, "total_departures_sum": 50, "route_short_name_sum": null, "services_unique": null, "total_departures_unique": null, "route_short_name_unique": "30" }, "geometry": { "type": "LineString", "coordinates": [ [ -9.34129, 38.7229 ], [ -9.341777670770842, 38.722789584079145 ], [ -9.34182, 38.72278 ], [ -9.34223, 38.72267 ], [ -9.34195, 38.72275 ], [ -9.341435437750095, 38.722864347231443 ], [ -9.34141, 38.72287 ], [ -9.34129, 38.7229 ] ] } },
{ "type": "Feature", "properties": { "services_sum": 1.0002778549597111, "total_departures_sum": 50, "route_short_name_sum": null, "services_unique": null, "total_departures_unique": null, "route_short_name_unique": "30" }, "geometry": { "type": "LineString", "coordinates": [ [ -9.34129, 38.7229 ], [ -9.34128, 38.72287 ], [ -9.34122, 38.72286 ], [ -9.34117, 38.72288 ], [ -9.34115, 38.72292 ] ] } },
{ "type": "Feature", "properties": { "services_sum": 1.0002778549597111, "total_departures_sum": 50, "route_short_name_sum": null, "services_unique": null, "total_departures_unique": null, "route_short_name_unique": "30" }, "geometry": { "type": "LineString", "coordinates": [ [ -9.34115, 38.72292 ], [ -9.33646, 38.72379 ] ] } },
{ "type": "Feature", "properties": { "services_sum": 1.0002778549597111, "total_departures_sum": 50, "route_short_name_sum": null, "services_unique": null, "total_departures_unique": null, "route_short_name_unique": "30" }, "geometry": { "type": "LineString", "coordinates": [ [ -9.34115, 38.72292 ], [ -9.3366204420857, 38.723768045208601 ] ] } },
{ "type": "Feature", "properties": { "services_sum": 1.0002778549597111, "total_departures_sum": 50, "route_short_name_sum": null, "services_unique": null, "total_departures_unique": null, "route_short_name_unique": "30" }, "geometry": { "type": "LineString", "coordinates": [ [ -9.35691, 38.69073 ], [ -9.35635, 38.69067 ], [ -9.35632, 38.69048 ], [ -9.356221342981188, 38.690450402895088 ], [ -9.35622, 38.69045 ], [ -9.3561, 38.69041 ], [ -9.356000859006132, 38.690419914099387 ], [ -9.355870083856011, 38.690479884198844 ], [ -9.35587, 38.69048 ], [ -9.35549, 38.69029 ], [ -9.35593, 38.69052 ], [ -9.35615, 38.69061 ], [ -9.356217511204681, 38.690628623860533 ], [ -9.35622, 38.69063 ], [ -9.35644, 38.69069 ], [ -9.35691, 38.69073 ] ] } },
{ "type": "Feature", "properties": { "services_sum": 1.0002778549597111, "total_departures_sum": 50, "route_short_name_sum": null, "services_unique": null, "total_departures_unique": null, "route_short_name_unique": "30" }, "geometry": { "type": "LineString", "coordinates": [ [ -9.35454, 38.69016 ], [ -9.354262028016652, 38.690167942142146 ], [ -9.35419, 38.69017 ], [ -9.35391, 38.69019 ], [ -9.35334, 38.69025 ], [ -9.35265, 38.69052 ], [ -9.35255, 38.69058 ], [ -9.35252, 38.69062 ], [ -9.35248, 38.69062 ], [ -9.35214, 38.69043 ], [ -9.35201, 38.69038 ], [ -9.351864963457093, 38.690352374036728 ], [ -9.3518, 38.69034 ], [ -9.35057, 38.69015 ], [ -9.35042, 38.69019 ], [ -9.35081, 38.6901 ], [ -9.35092, 38.69004 ], [ -9.35096, 38.6899 ], [ -9.35102, 38.68945 ], [ -9.35097, 38.68898 ], [ -9.35104, 38.6889 ], [ -9.35109, 38.68886 ], [ -9.3521, 38.68909 ], [ -9.3522, 38.68907 ], [ -9.35245, 38.68923 ], [ -9.35329, 38.68957 ], [ -9.35352, 38.68965 ], [ -9.353533141406052, 38.689655099705028 ], [ -9.35419, 38.68991 ], [ -9.35435, 38.69 ], [ -9.35454, 38.69016 ] ] } },
{ "type": "Feature", "properties": { "services_sum": 1.0002778549597111, "total_departures_sum": 50, "route_short_name_sum": null, "services_unique": null, "total_departures_unique": null, "route_short_name_unique": "30" }, "geometry": { "type": "LineString", "coordinates": [ [ -9.35232, 38.707 ], [ -9.35231, 38.7072 ], [ -9.35224, 38.70717 ], [ -9.35181, 38.70739 ], [ -9.35142, 38.70742 ], [ -9.350868231231416, 38.707362920540895 ], [ -9.35084, 38.70736 ], [ -9.35029, 38.70733 ], [ -9.35019, 38.70705 ], [ -9.35013, 38.70697 ], [ -9.35001, 38.70675 ], [ -9.34995, 38.70669 ], [ -9.35037, 38.70677 ], [ -9.350965430169451, 38.706836158998925 ], [ -9.351, 38.70684 ], [ -9.35143, 38.70688 ], [ -9.35172, 38.70688 ], [ -9.35188, 38.70684 ], [ -9.35203, 38.70682 ], [ -9.35212, 38.70684 ], [ -9.35223, 38.7069 ], [ -9.35232, 38.707 ] ] } },
{ "type": "Feature", "properties": { "services_sum": 1.0002778549597111, "total_departures_sum": 50, "route_short_name_sum": null, "services_unique": null, "total_departures_unique": null, "route_short_name_unique": "30" }, "geometry": { "type": "LineString", "coordinates": [ [ -9.34991, 38.69325 ], [ -9.34988, 38.69332 ], [ -9.34984, 38.69336 ], [ -9.34974, 38.69337 ], [ -9.34963, 38.69333 ], [ -9.3496, 38.6933 ], [ -9.34959, 38.69322 ], [ -9.34938, 38.69307 ], [ -9.34957, 38.69311 ], [ -9.34968, 38.69316 ], [ -9.34981, 38.69317 ], [ -9.3499, 38.69322 ], [ -9.34991, 38.69325 ] ] } },
{ "type": "Feature", "properties": { "services_sum": 1.0002778549597111, "total_departures_sum": 50, "route_short_name_sum": null, "services_unique": null, "total_departures_unique": null, "route_short_name_unique": "30" }, "geometry": { "type": "LineString", "coordinates": [ [ -9.34851, 38.69257 ], [ -9.3485, 38.69251 ], [ -9.34849, 38.69236 ], [ -9.34851, 38.69257 ] ] } },
{ "type": "Feature", "properties": { "services_sum": 1.0002778549597111, "total_departures_sum": 50, "route_short_name_sum": null, "services_unique": null, "total_departures_unique": null, "route_short_name_unique": "30" }, "geometry": { "type": "LineString", "coordinates": [ [ -9.34692, 38.7063 ], [ -9.34623, 38.70674 ], [ -9.346205242784963, 38.706755679636785 ], [ -9.34593, 38.70693 ], [ -9.34567, 38.70697 ], [ -9.34558, 38.70697 ], [ -9.34553, 38.70698 ], [ -9.34546, 38.70703 ], [ -9.34542, 38.70713 ], [ -9.3453, 38.70731 ], [ -9.34559, 38.70727 ], [ -9.34571, 38.70725 ], [ -9.34579, 38.70717 ], [ -9.3458, 38.70708 ], [ -9.34586, 38.70699 ], [ -9.34602, 38.70687 ], [ -9.346046710322957, 38.706853083692323 ], [ -9.34692, 38.7063 ] ] } },
{ "type": "Feature", "properties": { "services_sum": 1.0002778549597111, "total_departures_sum": 50, "route_short_name_sum": null, "services_unique": null, "total_departures_unique": null, "route_short_name_unique": "30" }, "geometry": { "type": "LineString", "coordinates": [ [ -9.34459, 38.70741 ], [ -9.34452, 38.70746 ], [ -9.34446, 38.7075 ], [ -9.3444, 38.70759 ], [ -9.34449, 38.70776 ], [ -9.34437, 38.7077 ], [ -9.34413, 38.70763 ], [ -9.34409, 38.7076 ], [ -9.34404, 38.70752 ], [ -9.34404, 38.70747 ], [ -9.3441, 38.70739 ], [ -9.34416, 38.70736 ], [ -9.34422, 38.70735 ], [ -9.34435, 38.70738 ], [ -9.34459, 38.70741 ] ] } },
{ "type": "Feature", "properties": { "services_sum": 1.0002778549597111, "total_departures_sum": 50, "route_short_name_sum": null, "services_unique": null, "total_departures_unique": null, "route_short_name_unique": "30" }, "geometry": { "type": "LineString", "coordinates": [ [ -9.34371, 38.72107 ], [ -9.343096957274179, 38.72003853174278 ], [ -9.34308, 38.72001 ], [ -9.34299, 38.71985 ], [ -9.34278, 38.71948 ], [ -9.343189335552324, 38.720201210467067 ], [ -9.3432, 38.72022 ], [ -9.34371, 38.72107 ] ] } },
{ "type": "Feature", "properties": { "services_sum": 1.0002778549597111, "total_departures_sum": 50, "route_short_name_sum": null, "services_unique": null, "total_departures_unique": null, "route_short_name_unique": "30" }, "geometry": { "type": "LineString", "coordinates": [ [ -9.3429, 38.71735 ], [ -9.34278, 38.71738 ], [ -9.342742094440069, 38.717392996261815 ], [ -9.34243, 38.7175 ], [ -9.34265, 38.71742 ], [ -9.342668946115937, 38.717414695110982 ], [ -9.3429, 38.71735 ] ] } },
{ "type": "Feature", "properties": { "services_sum": 1.0002778549597111, "total_departures_sum": 50, "route_short_name_sum": null, "services_unique": null, "total_departures_unique": null, "route_short_name_unique": "30" }, "geometry": { "type": "LineString", "coordinates": [ [ -9.34254, 38.71896 ], [ -9.342350301406221, 38.718643835843118 ], [ -9.34233, 38.71861 ], [ -9.34192, 38.71793 ], [ -9.34227957705551, 38.718532534688663 ], [ -9.34229, 38.71855 ], [ -9.34254, 38.71896 ] ] } },
{ "type": "Feature", "properties": { "services_sum": 2.0005557099194222, "total_departures_sum": 100, "route_short_name_sum": null, "services_unique": null, "total_departures_unique": null, "route_short_name_unique": "30" }, "geometry": { "type": "LineString", "coordinates": [ [ -9.3593, 38.69102 ], [ -9.35871, 38.69098 ], [ -9.35857, 38.69095 ], [ -9.35804, 38.69078 ], [ -9.35763, 38.69068 ], [ -9.35751, 38.69067 ], [ -9.35691, 38.69073 ] ] } },
{ "type": "Feature", "properties": { "services_sum": 2.0005557099194222, "total_departures_sum": 100, "route_short_name_sum": null, "services_unique": null, "total_departures_unique": null, "route_short_name_unique": "30" }, "geometry": { "type": "LineString", "coordinates": [ [ -9.35549, 38.69029 ], [ -9.35511, 38.69025 ], [ -9.35454, 38.69016 ] ] } },
{ "type": "Feature", "properties": { "services_sum": 2.0005557099194222, "total_departures_sum": 100, "route_short_name_sum": null, "services_unique": null, "total_departures_unique": null, "route_short_name_unique": "30" }, "geometry": { "type": "LineString", "coordinates": [ [ -9.35327, 38.69732 ], [ -9.35296, 38.69707 ] ] } },
{ "type": "Feature", "properties": { "services_sum": 2.0005557099194222, "total_departures_sum": 100, "route_short_name_sum": null, "services_unique": null, "total_departures_unique": null, "route_short_name_unique": "30" }, "geometry": { "type": "LineString", "coordinates": [ [ -9.35287, 38.70768 ], [ -9.35261, 38.70752 ], [ -9.35231, 38.7072 ] ] } },
{ "type": "Feature", "properties": { "services_sum": 2.0005557099194222, "total_departures_sum": 100, "route_short_name_sum": null, "services_unique": null, "total_departures_unique": null, "route_short_name_unique": "30" }, "geometry": { "type": "LineString", "coordinates": [ [ -9.35106, 38.69488 ], [ -9.35037, 38.69411 ], [ -9.35022, 38.69393 ], [ -9.35003, 38.69375 ], [ -9.34991, 38.69348 ], [ -9.34984, 38.69336 ] ] } },
{ "type": "Feature", "properties": { "services_sum": 2.0005557099194222, "total_departures_sum": 100, "route_short_name_sum": null, "services_unique": null, "total_departures_unique": null, "route_short_name_unique": "30" }, "geometry": { "type": "LineString", "coordinates": [ [ -9.35042, 38.69019 ], [ -9.35031, 38.69024 ] ] } },
{ "type": "Feature", "properties": { "services_sum": 2.0005557099194222, "total_departures_sum": 100, "route_short_name_sum": null, "services_unique": null, "total_departures_unique": null, "route_short_name_unique": "30" }, "geometry": { "type": "LineString", "coordinates": [ [ -9.34995, 38.70669 ], [ -9.34892, 38.70644 ], [ -9.34822, 38.70625 ], [ -9.34746, 38.70621 ], [ -9.34707, 38.70623 ], [ -9.34692, 38.7063 ] ] } },
{ "type": "Feature", "properties": { "services_sum": 2.0005557099194222, "total_departures_sum": 100, "route_short_name_sum": null, "services_unique": null, "total_departures_unique": null, "route_short_name_unique": "30" }, "geometry": { "type": "LineString", "coordinates": [ [ -9.34938, 38.69307 ], [ -9.34892, 38.69293 ], [ -9.34879, 38.69288 ], [ -9.34863, 38.69274 ], [ -9.34851, 38.69257 ] ] } },
{ "type": "Feature", "properties": { "services_sum": 2.0005557099194222, "total_departures_sum": 100, "route_short_name_sum": null, "services_unique": null, "total_departures_unique": null, "route_short_name_unique": "30" }, "geometry": { "type": "LineString", "coordinates": [ [ -9.34852, 38.69217 ], [ -9.34849, 38.69236 ] ] } },
{ "type": "Feature", "properties": { "services_sum": 2.0005557099194222, "total_departures_sum": 100, "route_short_name_sum": null, "services_unique": null, "total_departures_unique": null, "route_short_name_unique": "30" }, "geometry": { "type": "LineString", "coordinates": [ [ -9.3453, 38.70731 ], [ -9.34515, 38.70735 ], [ -9.34476, 38.70736 ], [ -9.34459, 38.70741 ] ] } },
{ "type": "Feature", "properties": { "services_sum": 2.0005557099194222, "total_departures_sum": 100, "route_short_name_sum": null, "services_unique": null, "total_departures_unique": null, "route_short_name_unique": "30" }, "geometry": { "type": "LineString", "coordinates": [ [ -9.34503, 38.70921 ], [ -9.34504, 38.70902 ], [ -9.34501, 38.70868 ], [ -9.34485, 38.70829 ], [ -9.34449, 38.70776 ] ] } },
{ "type": "Feature", "properties": { "services_sum": 2.0005557099194222, "total_departures_sum": 100, "route_short_name_sum": null, "services_unique": null, "total_departures_unique": null, "route_short_name_unique": "30" }, "geometry": { "type": "LineString", "coordinates": [ [ -9.34405, 38.72118 ], [ -9.34371, 38.72107 ] ] } },
{ "type": "Feature", "properties": { "services_sum": 2.0005557099194222, "total_departures_sum": 100, "route_short_name_sum": null, "services_unique": null, "total_departures_unique": null, "route_short_name_unique": "30" }, "geometry": { "type": "LineString", "coordinates": [ [ -9.34315, 38.71708 ], [ -9.3429, 38.71735 ] ] } },
{ "type": "Feature", "properties": { "services_sum": 2.0005557099194222, "total_departures_sum": 100, "route_short_name_sum": null, "services_unique": null, "total_departures_unique": null, "route_short_name_unique": "30" }, "geometry": { "type": "LineString", "coordinates": [ [ -9.34311, 38.72219 ], [ -9.34281, 38.72239 ], [ -9.34254, 38.72254 ], [ -9.34223, 38.72267 ] ] } },
{ "type": "Feature", "properties": { "services_sum": 2.0005557099194222, "total_departures_sum": 100, "route_short_name_sum": null, "services_unique": null, "total_departures_unique": null, "route_short_name_unique": "30" }, "geometry": { "type": "LineString", "coordinates": [ [ -9.34278, 38.71948 ], [ -9.34254, 38.71896 ] ] } },
{ "type": "Feature", "properties": { "services_sum": 2.0005557099194222, "total_departures_sum": 100, "route_short_name_sum": null, "services_unique": null, "total_departures_unique": null, "route_short_name_unique": "30" }, "geometry": { "type": "LineString", "coordinates": [ [ -9.34243, 38.7175 ], [ -9.34219, 38.71768 ], [ -9.34192, 38.71793 ] ] } },
{ "type": "Feature", "properties": { "services_sum": 2.1434979248231598, "total_departures_sum": 125, "route_short_name_sum": null, "services_unique": null, "total_departures_unique": null, "route_short_name_unique": "31, 30" }, "geometry": { "type": "LineString", "coordinates": [ [ -9.35552, 38.70328 ], [ -9.35547, 38.70329 ], [ -9.35541, 38.70334 ], [ -9.3554, 38.70338 ], [ -9.3554, 38.70342 ], [ -9.35546, 38.70347 ], [ -9.35555, 38.70349 ], [ -9.35563, 38.70346 ], [ -9.35566, 38.70343 ], [ -9.35566, 38.70336 ], [ -9.35561, 38.7033 ], [ -9.35552, 38.70328 ] ] } },
{ "type": "Feature", "properties": { "services_sum": 2.1434979248231598, "total_departures_sum": 125, "route_short_name_sum": null, "services_unique": null, "total_departures_unique": null, "route_short_name_unique": "31, 30" }, "geometry": { "type": "LineString", "coordinates": [ [ -9.35552, 38.70328 ], [ -9.35503, 38.70227 ] ] } },
{ "type": "Feature", "properties": { "services_sum": 2.1434979248231598, "total_departures_sum": 125, "route_short_name_sum": null, "services_unique": null, "total_departures_unique": null, "route_short_name_unique": "31, 30" }, "geometry": { "type": "LineString", "coordinates": [ [ -9.35549, 38.70398 ], [ -9.35533, 38.7048 ], [ -9.35519, 38.70575 ], [ -9.35507, 38.7064 ] ] } },
{ "type": "Feature", "properties": { "services_sum": 2.1434979248231598, "total_departures_sum": 125, "route_short_name_sum": null, "services_unique": null, "total_departures_unique": null, "route_short_name_unique": "31, 30" }, "geometry": { "type": "LineString", "coordinates": [ [ -9.35525, 38.70117 ], [ -9.35512, 38.70084 ] ] } },
{ "type": "Feature", "properties": { "services_sum": 2.1434979248231598, "total_departures_sum": 125, "route_short_name_sum": null, "services_unique": null, "total_departures_unique": null, "route_short_name_unique": "31, 30" }, "geometry": { "type": "LineString", "coordinates": [ [ -9.35518, 38.70582 ], [ -9.35502, 38.70666 ] ] } },
{ "type": "Feature", "properties": { "services_sum": 2.1434979248231598, "total_departures_sum": 125, "route_short_name_sum": null, "services_unique": null, "total_departures_unique": null, "route_short_name_unique": "31, 30" }, "geometry": { "type": "LineString", "coordinates": [ [ -9.35503, 38.70062 ], [ -9.35482, 38.70012 ] ] } },
{ "type": "Feature", "properties": { "services_sum": 2.1434979248231598, "total_departures_sum": 125, "route_short_name_sum": null, "services_unique": null, "total_departures_unique": null, "route_short_name_unique": "31, 30" }, "geometry": { "type": "LineString", "coordinates": [ [ -9.35489, 38.70697 ], [ -9.35458, 38.70754 ], [ -9.35474, 38.70725 ] ] } },
{ "type": "Feature", "properties": { "services_sum": 2.1434979248231598, "total_departures_sum": 125, "route_short_name_sum": null, "services_unique": null, "total_departures_unique": null, "route_short_name_unique": "31, 30" }, "geometry": { "type": "LineString", "coordinates": [ [ -9.35452, 38.69954 ], [ -9.35416, 38.69874 ] ] } },
{ "type": "Feature", "properties": { "services_sum": 2.1434979248231598, "total_departures_sum": 125, "route_short_name_sum": null, "services_unique": null, "total_departures_unique": null, "route_short_name_unique": "31, 30" }, "geometry": { "type": "LineString", "coordinates": [ [ -9.35416, 38.7083 ], [ -9.35411, 38.70826 ], [ -9.35403, 38.70824 ], [ -9.35399, 38.70825 ] ] } },
{ "type": "Feature", "properties": { "services_sum": 2.1434979248231598, "total_departures_sum": 125, "route_short_name_sum": null, "services_unique": null, "total_departures_unique": null, "route_short_name_unique": "31, 30" }, "geometry": { "type": "LineString", "coordinates": [ [ -9.35403, 38.70844 ], [ -9.35396, 38.70842 ], [ -9.35391, 38.70836 ], [ -9.35393, 38.70829 ] ] } },
{ "type": "Feature", "properties": { "services_sum": 2.1434979248231598, "total_departures_sum": 125, "route_short_name_sum": null, "services_unique": null, "total_departures_unique": null, "route_short_name_unique": "31, 30" }, "geometry": { "type": "LineString", "coordinates": [ [ -9.35302, 38.69785 ], [ -9.353, 38.69785 ], [ -9.35293, 38.69786 ], [ -9.35293, 38.69793 ], [ -9.35299, 38.69795 ], [ -9.35303, 38.69794 ] ] } },
{ "type": "Feature", "properties": { "services_sum": 4.2869958496463196, "total_departures_sum": 250, "route_short_name_sum": null, "services_unique": null, "total_departures_unique": null, "route_short_name_unique": "31, 30" }, "geometry": { "type": "LineString", "coordinates": [ [ -9.35555, 38.70349 ], [ -9.35555, 38.70363 ] ] } },
{ "type": "Feature", "properties": { "services_sum": 4.2869958496463196, "total_departures_sum": 250, "route_short_name_sum": null, "services_unique": null, "total_departures_unique": null, "route_short_name_unique": "31, 30" }, "geometry": { "type": "LineString", "coordinates": [ [ -9.35502, 38.70666 ], [ -9.35489, 38.70697 ] ] } },
{ "type": "Feature", "properties": { "services_sum": 4.2869958496463196, "total_departures_sum": 250, "route_short_name_sum": null, "services_unique": null, "total_departures_unique": null, "route_short_name_unique": "31, 30" }, "geometry": { "type": "LineString", "coordinates": [ [ -9.35482, 38.70012 ], [ -9.35459, 38.6997 ] ] } },
{ "type": "Feature", "properties": { "services_sum": 4.2869958496463196, "total_departures_sum": 250, "route_short_name_sum": null, "services_unique": null, "total_departures_unique": null, "route_short_name_unique": "31, 30" }, "geometry": { "type": "LineString", "coordinates": [ [ -9.35416, 38.69874 ], [ -9.35399, 38.69852 ], [ -9.35384, 38.69837 ], [ -9.35369, 38.69827 ] ] } },
{ "type": "Feature", "properties": { "services_sum": 3.2867179946866085, "total_departures_sum": 200, "route_short_name_sum": null, "services_unique": null, "total_departures_unique": null, "route_short_name_unique": "31, 30" }, "geometry": { "type": "LineString", "coordinates": [ [ -9.35525, 38.70117 ], [ -9.35523, 38.70129 ], [ -9.35513, 38.70159 ], [ -9.35493, 38.7021 ] ] } },
{ "type": "Feature", "properties": { "services_sum": 3.2867179946866085, "total_departures_sum": 200, "route_short_name_sum": null, "services_unique": null, "total_departures_unique": null, "route_short_name_unique": "31, 30" }, "geometry": { "type": "LineString", "coordinates": [ [ -9.35369, 38.69827 ], [ -9.35303, 38.69794 ] ] } },
{ "type": "Feature", "properties": { "services_sum": 2.8426524711316659, "total_departures_sum": 104, "route_short_name_sum": null, "services_unique": null, "total_departures_unique": null, "route_short_name_unique": "22, 35" }, "geometry": { "type": "LineString", "coordinates": [ [ -9.34181, 38.69537 ], [ -9.34183, 38.69534 ], [ -9.34182, 38.69526 ], [ -9.34166, 38.69513 ] ] } },
{ "type": "Feature", "properties": { "services_sum": 2.8426524711316659, "total_departures_sum": 104, "route_short_name_sum": null, "services_unique": null, "total_departures_unique": null, "route_short_name_unique": "22, 35" }, "geometry": { "type": "LineString", "coordinates": [ [ -9.34175, 38.69541 ], [ -9.34168, 38.6955 ], [ -9.3416, 38.6957 ] ] } },
{ "type": "Feature", "properties": { "services_sum": 2.8426524711316659, "total_departures_sum": 104, "route_short_name_sum": null, "services_unique": null, "total_departures_unique": null, "route_short_name_unique": "22, 35" }, "geometry": { "type": "LineString", "coordinates": [ [ -9.34175, 38.69696 ], [ -9.34141, 38.69832 ], [ -9.3413, 38.69859 ] ] } },
{ "type": "Feature", "properties": { "services_sum": 2.8426524711316659, "total_departures_sum": 104, "route_short_name_sum": null, "services_unique": null, "total_departures_unique": null, "route_short_name_unique": "22, 35" }, "geometry": { "type": "LineString", "coordinates": [ [ -9.34131, 38.69882 ], [ -9.34072, 38.70169 ], [ -9.34083, 38.70184 ], [ -9.34086, 38.70184 ], [ -9.34094, 38.70188 ], [ -9.34095, 38.70191 ], [ -9.34095, 38.70197 ], [ -9.34092, 38.702 ], [ -9.34086, 38.70202 ] ] } },
{ "type": "Feature", "properties": { "services_sum": 2.8426524711316659, "total_departures_sum": 104, "route_short_name_sum": null, "services_unique": null, "total_departures_unique": null, "route_short_name_unique": "22, 35" }, "geometry": { "type": "LineString", "coordinates": [ [ -9.34078, 38.70211 ], [ -9.34076, 38.70213 ], [ -9.34076, 38.70219 ], [ -9.34081, 38.70262 ], [ -9.34095, 38.70307 ], [ -9.34093, 38.70332 ], [ -9.34063, 38.70396 ], [ -9.34058, 38.70409 ], [ -9.34057, 38.7042 ], [ -9.3406, 38.70425 ], [ -9.34061, 38.70432 ], [ -9.34055, 38.70442 ], [ -9.34048, 38.70446 ], [ -9.3404, 38.70447 ], [ -9.34006, 38.70497 ], [ -9.33979, 38.70531 ], [ -9.33912, 38.70601 ], [ -9.33893, 38.70623 ], [ -9.33886, 38.70639 ], [ -9.3388, 38.70651 ], [ -9.33875, 38.70675 ], [ -9.33871, 38.70728 ] ] } },
{ "type": "Feature", "properties": { "services_sum": 2.8426524711316659, "total_departures_sum": 104, "route_short_name_sum": null, "services_unique": null, "total_departures_unique": null, "route_short_name_unique": "22, 35" }, "geometry": { "type": "LineString", "coordinates": [ [ -9.33898, 38.71209 ], [ -9.3388, 38.71151 ], [ -9.33876, 38.71129 ], [ -9.33873, 38.71071 ], [ -9.33871, 38.71 ] ] } },
{ "type": "Feature", "properties": { "services_sum": 2.8426524711316659, "total_departures_sum": 104, "route_short_name_sum": null, "services_unique": null, "total_departures_unique": null, "route_short_name_unique": "22, 35" }, "geometry": { "type": "LineString", "coordinates": [ [ -9.33574, 38.6902 ], [ -9.33531, 38.69024 ] ] } },
{ "type": "Feature", "properties": { "services_sum": 1.0002778549597111, "total_departures_sum": 37, "route_short_name_sum": null, "services_unique": null, "total_departures_unique": null, "route_short_name_unique": "35" }, "geometry": { "type": "LineString", "coordinates": [ [ -9.34175, 38.69696 ], [ -9.34147, 38.69806 ], [ -9.341466543243769, 38.698074979329142 ], [ -9.34141, 38.69832 ], [ -9.34124, 38.69844 ], [ -9.3412, 38.69842 ], [ -9.3411, 38.69842 ], [ -9.34106, 38.69843 ], [ -9.34099, 38.6985 ], [ -9.34098, 38.69855 ], [ -9.34103, 38.69863 ], [ -9.34124, 38.69872 ], [ -9.3413, 38.69877 ], [ -9.34131, 38.69882 ] ] } },
{ "type": "Feature", "properties": { "services_sum": 1.0002778549597111, "total_departures_sum": 37, "route_short_name_sum": null, "services_unique": null, "total_departures_unique": null, "route_short_name_unique": "35" }, "geometry": { "type": "LineString", "coordinates": [ [ -9.34171, 38.74437 ], [ -9.34127, 38.74168 ], [ -9.341269816827865, 38.741678789048962 ], [ -9.34109, 38.74049 ], [ -9.34132, 38.742 ], [ -9.341324304098372, 38.742026303630595 ], [ -9.34168, 38.7442 ] ] } },
{ "type": "Feature", "properties": { "services_sum": 1.0002778549597111, "total_departures_sum": 37, "route_short_name_sum": null, "services_unique": null, "total_departures_unique": null, "route_short_name_unique": "35" }, "geometry": { "type": "LineString", "coordinates": [ [ -9.3416, 38.6957 ], [ -9.34163, 38.69579 ], [ -9.341630467222053, 38.695791810493432 ], [ -9.34171, 38.6961 ], [ -9.341623201942539, 38.695791384734875 ], [ -9.34162, 38.69578 ], [ -9.34158, 38.69564 ], [ -9.34157, 38.69547 ], [ -9.34159, 38.69537 ] ] } },
{ "type": "Feature", "properties": { "services_sum": 1.0002778549597111, "total_departures_sum": 37, "route_short_name_sum": null, "services_unique": null, "total_departures_unique": null, "route_short_name_unique": "35" }, "geometry": { "type": "LineString", "coordinates": [ [ -9.34159, 38.69099 ], [ -9.34164, 38.69159 ], [ -9.34144, 38.69201 ], [ -9.341435571638556, 38.692021316959902 ], [ -9.34135, 38.69224 ], [ -9.34119, 38.69297 ], [ -9.34114, 38.69345 ], [ -9.34118, 38.69414 ], [ -9.3415, 38.69517 ] ] } },
{ "type": "Feature", "properties": { "services_sum": 1.0002778549597111, "total_departures_sum": 37, "route_short_name_sum": null, "services_unique": null, "total_departures_unique": null, "route_short_name_unique": "35" }, "geometry": { "type": "LineString", "coordinates": [ [ -9.34159, 38.69099 ], [ -9.341679862313468, 38.691938546661504 ], [ -9.34168, 38.69194 ], [ -9.34168, 38.69233 ], [ -9.34161, 38.69356 ], [ -9.34166, 38.69399 ], [ -9.34167, 38.69429 ], [ -9.34164, 38.69456 ], [ -9.34153, 38.69493 ] ] } },
{ "type": "Feature", "properties": { "services_sum": 1.0002778549597111, "total_departures_sum": 37, "route_short_name_sum": null, "services_unique": null, "total_departures_unique": null, "route_short_name_unique": "35" }, "geometry": { "type": "LineString", "coordinates": [ [ -9.34159, 38.69099 ], [ -9.341444087149576, 38.690620354168288 ], [ -9.34125, 38.69016 ], [ -9.34159, 38.69099 ] ] } },
{ "type": "Feature", "properties": { "services_sum": 1.0002778549597111, "total_departures_sum": 37, "route_short_name_sum": null, "services_unique": null, "total_departures_unique": null, "route_short_name_unique": "35" }, "geometry": { "type": "LineString", "coordinates": [ [ -9.33898, 38.71209 ], [ -9.33908, 38.71233 ], [ -9.339081019744066, 38.712331761381229 ], [ -9.33919, 38.71252 ], [ -9.33918, 38.71258 ], [ -9.33915, 38.71262 ], [ -9.33908, 38.71267 ], [ -9.33907, 38.7128 ], [ -9.33909, 38.71294 ], [ -9.339061626004066, 38.712890345522645 ], [ -9.33905, 38.71287 ], [ -9.33893, 38.71267 ], [ -9.33885, 38.71262 ], [ -9.33882, 38.71253 ], [ -9.33867, 38.71251 ], [ -9.33852, 38.71243 ], [ -9.33835, 38.71215 ], [ -9.33829, 38.71189 ], [ -9.338261935179448, 38.711412898270417 ], [ -9.33826, 38.71138 ], [ -9.33823, 38.71101 ], [ -9.33822, 38.71097 ], [ -9.33823, 38.71092 ], [ -9.33829, 38.71088 ], [ -9.33832, 38.71087 ], [ -9.3384, 38.71088 ], [ -9.33846, 38.71092 ], [ -9.33864, 38.71082 ], [ -9.338620792246978, 38.710493468260189 ], [ -9.33862, 38.71048 ], [ -9.3386, 38.70999 ], [ -9.33859, 38.7078 ], [ -9.33852, 38.70756 ], [ -9.33843, 38.70729 ], [ -9.33833, 38.70712 ], [ -9.338, 38.70667 ], [ -9.33794, 38.70655 ], [ -9.33792, 38.70646 ], [ -9.33793, 38.70636 ], [ -9.33797, 38.70626 ], [ -9.33803, 38.70616 ], [ -9.3382, 38.70603 ], [ -9.33916, 38.70563 ], [ -9.33948, 38.70544 ], [ -9.33982, 38.70514 ], [ -9.33999, 38.70492 ], [ -9.3402, 38.70454 ], [ -9.34024, 38.70441 ], [ -9.34019, 38.70433 ], [ -9.3402, 38.70424 ], [ -9.34028, 38.70417 ], [ -9.34039, 38.70414 ], [ -9.34047, 38.70405 ], [ -9.34093, 38.70322 ], [ -9.34095, 38.70307 ], [ -9.340854381774417, 38.702773583558788 ], [ -9.34085, 38.70276 ], [ -9.34081, 38.70262 ], [ -9.34074, 38.70199 ], [ -9.34072, 38.70192 ], [ -9.34073, 38.70189 ], [ -9.34069, 38.70178 ], [ -9.341128169409824, 38.699698695559825 ], [ -9.34113, 38.69969 ], [ -9.34131, 38.69882 ] ] } },
{ "type": "Feature", "properties": { "services_sum": 1.0002778549597111, "total_departures_sum": 37, "route_short_name_sum": null, "services_unique": null, "total_departures_unique": null, "route_short_name_unique": "35" }, "geometry": { "type": "LineString", "coordinates": [ [ -9.34131, 38.69882 ], [ -9.341309910443192, 38.698817940199987 ], [ -9.3413, 38.69859 ] ] } },
{ "type": "Feature", "properties": { "services_sum": 1.0002778549597111, "total_departures_sum": 37, "route_short_name_sum": null, "services_unique": null, "total_departures_unique": null, "route_short_name_unique": "35" }, "geometry": { "type": "LineString", "coordinates": [ [ -9.34086, 38.70202 ], [ -9.340782645527039, 38.702107023786581 ], [ -9.34078, 38.70211 ] ] } },
{ "type": "Feature", "properties": { "services_sum": 1.0002778549597111, "total_departures_sum": 37, "route_short_name_sum": null, "services_unique": null, "total_departures_unique": null, "route_short_name_unique": "35" }, "geometry": { "type": "LineString", "coordinates": [ [ -9.33959, 38.73868 ], [ -9.33969, 38.73869 ], [ -9.33977, 38.73874 ], [ -9.33979, 38.73882 ], [ -9.33977, 38.73886 ], [ -9.3397, 38.73892 ], [ -9.3396, 38.73894 ], [ -9.3395, 38.7389 ], [ -9.33947, 38.73887 ], [ -9.33945, 38.73879 ], [ -9.3395, 38.73872 ] ] } },
{ "type": "Feature", "properties": { "services_sum": 1.0002778549597111, "total_departures_sum": 37, "route_short_name_sum": null, "services_unique": null, "total_departures_unique": null, "route_short_name_unique": "35" }, "geometry": { "type": "LineString", "coordinates": [ [ -9.33953, 38.73726 ], [ -9.339258911444963, 38.737007607291439 ], [ -9.33924, 38.73699 ] ] } },
{ "type": "Feature", "properties": { "services_sum": 1.0002778549597111, "total_departures_sum": 37, "route_short_name_sum": null, "services_unique": null, "total_departures_unique": null, "route_short_name_unique": "35" }, "geometry": { "type": "LineString", "coordinates": [ [ -9.33938, 38.72044 ], [ -9.33931, 38.72049 ], [ -9.33931, 38.72052 ], [ -9.33934, 38.72056 ], [ -9.33942, 38.72056 ], [ -9.33947, 38.72051 ], [ -9.33945, 38.72047 ], [ -9.33938, 38.72044 ] ] } },
{ "type": "Feature", "properties": { "services_sum": 1.0002778549597111, "total_departures_sum": 37, "route_short_name_sum": null, "services_unique": null, "total_departures_unique": null, "route_short_name_unique": "35" }, "geometry": { "type": "LineString", "coordinates": [ [ -9.33938, 38.72044 ], [ -9.339409241586919, 38.719796685238109 ], [ -9.33941, 38.71978 ], [ -9.33951, 38.71754 ], [ -9.33943, 38.71934 ], [ -9.339429881674096, 38.719342603209881 ], [ -9.33938, 38.72044 ] ] } },
{ "type": "Feature", "properties": { "services_sum": 1.0002778549597111, "total_departures_sum": 37, "route_short_name_sum": null, "services_unique": null, "total_departures_unique": null, "route_short_name_unique": "35" }, "geometry": { "type": "LineString", "coordinates": [ [ -9.3388, 38.73431 ], [ -9.338484508855807, 38.733784181623847 ], [ -9.33847, 38.73376 ], [ -9.336746179410937, 38.730837431851562 ], [ -9.33527, 38.72834 ] ] } },
{ "type": "Feature", "properties": { "services_sum": 1.0002778549597111, "total_departures_sum": 37, "route_short_name_sum": null, "services_unique": null, "total_departures_unique": null, "route_short_name_unique": "35" }, "geometry": { "type": "LineString", "coordinates": [ [ -9.33871, 38.70728 ], [ -9.33871, 38.709998420271354 ], [ -9.33871, 38.71 ] ] } },
{ "type": "Feature", "properties": { "services_sum": 1.0002778549597111, "total_departures_sum": 37, "route_short_name_sum": null, "services_unique": null, "total_departures_unique": null, "route_short_name_unique": "35" }, "geometry": { "type": "LineString", "coordinates": [ [ -9.33747, 38.68749 ], [ -9.337075509000556, 38.687461822071469 ], [ -9.336848706007006, 38.687545855782304 ], [ -9.336624741554262, 38.687568885840115 ] ] } },
{ "type": "Feature", "properties": { "services_sum": 1.0002778549597111, "total_departures_sum": 37, "route_short_name_sum": null, "services_unique": null, "total_departures_unique": null, "route_short_name_unique": "35" }, "geometry": { "type": "LineString", "coordinates": [ [ -9.33735, 38.69031 ], [ -9.33714, 38.69037 ], [ -9.33694, 38.69046 ], [ -9.33689, 38.69052 ], [ -9.33684, 38.69053 ], [ -9.33676, 38.69052 ], [ -9.33672, 38.69049 ] ] } },
{ "type": "Feature", "properties": { "services_sum": 1.0002778549597111, "total_departures_sum": 37, "route_short_name_sum": null, "services_unique": null, "total_departures_unique": null, "route_short_name_unique": "35" }, "geometry": { "type": "LineString", "coordinates": [ [ -9.33735, 38.69031 ], [ -9.339834485046151, 38.690260110800466 ], [ -9.33984, 38.69026 ], [ -9.34111, 38.6902 ], [ -9.33953, 38.69027 ], [ -9.33937, 38.69034 ], [ -9.33925, 38.69035 ], [ -9.339239895342125, 38.69035 ], [ -9.33919, 38.69035 ], [ -9.33906, 38.69028 ], [ -9.33735, 38.69031 ] ] } },
{ "type": "Feature", "properties": { "services_sum": 1.0002778549597111, "total_departures_sum": 37, "route_short_name_sum": null, "services_unique": null, "total_departures_unique": null, "route_short_name_unique": "35" }, "geometry": { "type": "LineString", "coordinates": [ [ -9.33735, 38.69031 ], [ -9.33728, 38.6903 ], [ -9.33688, 38.69033 ], [ -9.33683, 38.69034 ], [ -9.33652, 38.69029 ] ] } },
{ "type": "Feature", "properties": { "services_sum": 1.0002778549597111, "total_departures_sum": 37, "route_short_name_sum": null, "services_unique": null, "total_departures_unique": null, "route_short_name_unique": "35" }, "geometry": { "type": "LineString", "coordinates": [ [ -9.33735, 38.72235 ], [ -9.33621, 38.72329 ], [ -9.336198826054138, 38.723299311638549 ], [ -9.33609, 38.72339 ], [ -9.33603, 38.72354 ], [ -9.33603, 38.72372 ], [ -9.33606, 38.72377 ], [ -9.33605, 38.72387 ], [ -9.33597, 38.72394 ], [ -9.33591, 38.72397 ], [ -9.33583, 38.72397 ], [ -9.33576, 38.72395 ], [ -9.33551, 38.72396 ], [ -9.3354, 38.72399 ], [ -9.33565, 38.72378 ], [ -9.33567, 38.72372 ], [ -9.33572, 38.72368 ], [ -9.33583, 38.72364 ], [ -9.33588, 38.72356 ], [ -9.336154459290738, 38.723340432660059 ], [ -9.33618, 38.72332 ], [ -9.33735, 38.72235 ] ] } },
{ "type": "Feature", "properties": { "services_sum": 1.0002778549597111, "total_departures_sum": 37, "route_short_name_sum": null, "services_unique": null, "total_departures_unique": null, "route_short_name_unique": "35" }, "geometry": { "type": "LineString", "coordinates": [ [ -9.33735, 38.72235 ], [ -9.338184566480413, 38.721634657368433 ], [ -9.33819, 38.72163 ], [ -9.33922, 38.72074 ], [ -9.33831, 38.72152 ], [ -9.338280138405981, 38.721545818245332 ], [ -9.33735, 38.72235 ] ] } },
{ "type": "Feature", "properties": { "services_sum": 1.0002778549597111, "total_departures_sum": 37, "route_short_name_sum": null, "services_unique": null, "total_departures_unique": null, "route_short_name_unique": "35" }, "geometry": { "type": "LineString", "coordinates": [ [ -9.336630105972292, 38.687563651736717 ], [ -9.336314946413042, 38.687580400866231 ], [ -9.335457980632784, 38.687508170217235 ], [ -9.335396289825441, 38.687461063232938 ], [ -9.335322626392692, 38.687273230991174 ] ] } },
{ "type": "Feature", "properties": { "services_sum": 1.0002778549597111, "total_departures_sum": 37, "route_short_name_sum": null, "services_unique": null, "total_departures_unique": null, "route_short_name_unique": "35" }, "geometry": { "type": "LineString", "coordinates": [ [ -9.33574, 38.6902 ], [ -9.33532, 38.69024 ], [ -9.335313644070098, 38.690239661023547 ], [ -9.33434, 38.69039 ], [ -9.335297417383636, 38.690241945820745 ], [ -9.33531, 38.69024 ] ] } },
{ "type": "Feature", "properties": { "services_sum": 1.0002778549597111, "total_departures_sum": 37, "route_short_name_sum": null, "services_unique": null, "total_departures_unique": null, "route_short_name_unique": "35" }, "geometry": { "type": "LineString", "coordinates": [ [ -9.33489, 38.72765 ], [ -9.334784106219857, 38.72750559939071 ], [ -9.33478, 38.7275 ] ] } },
{ "type": "Feature", "properties": { "services_sum": 1.0002778549597111, "total_departures_sum": 37, "route_short_name_sum": null, "services_unique": null, "total_departures_unique": null, "route_short_name_unique": "35" }, "geometry": { "type": "LineString", "coordinates": [ [ -9.33419, 38.72408 ], [ -9.33512, 38.72403 ], [ -9.33457, 38.72406 ], [ -9.33437, 38.72415 ], [ -9.33431, 38.72419 ], [ -9.33429, 38.72426 ], [ -9.33426, 38.72429 ] ] } },
{ "type": "Feature", "properties": { "services_sum": 1.0002778549597111, "total_departures_sum": 37, "route_short_name_sum": null, "services_unique": null, "total_departures_unique": null, "route_short_name_unique": "35" }, "geometry": { "type": "LineString", "coordinates": [ [ -9.33406, 38.7241 ], [ -9.33401, 38.72416 ], [ -9.334, 38.72422 ], [ -9.33401, 38.72426 ] ] } },
{ "type": "Feature", "properties": { "services_sum": 1.0002778549597111, "total_departures_sum": 37, "route_short_name_sum": null, "services_unique": null, "total_departures_unique": null, "route_short_name_unique": "35" }, "geometry": { "type": "LineString", "coordinates": [ [ -9.33402, 38.72475 ], [ -9.334009957342113, 38.724780128209005 ], [ -9.33383, 38.72532 ] ] } },
{ "type": "Feature", "properties": { "services_sum": 1.0002778549597111, "total_departures_sum": 37, "route_short_name_sum": null, "services_unique": null, "total_departures_unique": null, "route_short_name_unique": "35" }, "geometry": { "type": "LineString", "coordinates": [ [ -9.33138, 38.68914 ], [ -9.331370237116365, 38.688827587723715 ], [ -9.33137, 38.68882 ], [ -9.33136, 38.68611 ] ] } },
{ "type": "Feature", "properties": { "services_sum": 1.0002778549597111, "total_departures_sum": 37, "route_short_name_sum": null, "services_unique": null, "total_departures_unique": null, "route_short_name_unique": "35" }, "geometry": { "type": "LineString", "coordinates": [ [ -9.33127, 38.68908 ], [ -9.33125016537738, 38.688574217123168 ], [ -9.33125, 38.68857 ], [ -9.33126, 38.68621 ] ] } },
{ "type": "Feature", "properties": { "services_sum": 1.0002778549597111, "total_departures_sum": 37, "route_short_name_sum": null, "services_unique": null, "total_departures_unique": null, "route_short_name_unique": "35" }, "geometry": { "type": "LineString", "coordinates": [ [ -9.33972, 38.73856 ], [ -9.339711378499098, 38.738413434532809 ], [ -9.33971, 38.73839 ], [ -9.33965, 38.7375 ], [ -9.3397, 38.73826 ], [ -9.339700118430654, 38.738261776467212 ], [ -9.33972, 38.73856 ] ] } },
{ "type": "Feature", "properties": { "services_sum": 1.0002778549597111, "total_departures_sum": 37, "route_short_name_sum": null, "services_unique": null, "total_departures_unique": null, "route_short_name_unique": "35" }, "geometry": { "type": "LineString", "coordinates": [ [ -9.33956, 38.71608 ], [ -9.33908, 38.71559 ], [ -9.33904, 38.71553 ], [ -9.33956, 38.71608 ] ] } },
{ "type": "Feature", "properties": { "services_sum": 1.0002778549597111, "total_departures_sum": 37, "route_short_name_sum": null, "services_unique": null, "total_departures_unique": null, "route_short_name_unique": "35" }, "geometry": { "type": "LineString", "coordinates": [ [ -9.33925, 38.71407 ], [ -9.33911, 38.71482 ], [ -9.339109739071796, 38.714821080992721 ], [ -9.33904, 38.71511 ], [ -9.33925, 38.71407 ] ] } },
{ "type": "Feature", "properties": { "services_sum": 1.1889035667107002, "total_departures_sum": 83, "route_short_name_sum": null, "services_unique": null, "total_departures_unique": null, "route_short_name_unique": "36" }, "geometry": { "type": "LineString", "coordinates": [ [ -9.34174, 38.74437 ], [ -9.341310494935204, 38.741683096222552 ], [ -9.34131, 38.74168 ], [ -9.34119, 38.74088 ], [ -9.34115, 38.74069 ], [ -9.34136, 38.74199 ], [ -9.34171, 38.7442 ] ] } },
{ "type": "Feature", "properties": { "services_sum": 1.1889035667107002, "total_departures_sum": 83, "route_short_name_sum": null, "services_unique": null, "total_departures_unique": null, "route_short_name_unique": "36" }, "geometry": { "type": "LineString", "coordinates": [ [ -9.34109, 38.74049 ], [ -9.34104, 38.74042 ], [ -9.34048, 38.73983 ], [ -9.34098, 38.74036 ] ] } },
{ "type": "Feature", "properties": { "services_sum": 1.1889035667107002, "total_departures_sum": 83, "route_short_name_sum": null, "services_unique": null, "total_departures_unique": null, "route_short_name_unique": "36" }, "geometry": { "type": "LineString", "coordinates": [ [ -9.33971, 38.73852 ], [ -9.33964, 38.73865 ], [ -9.33959, 38.73868 ] ] } },
{ "type": "Feature", "properties": { "services_sum": 1.1889035667107002, "total_departures_sum": 83, "route_short_name_sum": null, "services_unique": null, "total_departures_unique": null, "route_short_name_unique": "36" }, "geometry": { "type": "LineString", "coordinates": [ [ -9.33971, 38.73852 ], [ -9.33978, 38.73878 ], [ -9.33979, 38.73882 ], [ -9.33976, 38.73888 ], [ -9.33978, 38.73907 ], [ -9.33968, 38.73898 ], [ -9.3396, 38.73894 ], [ -9.33954, 38.73892 ], [ -9.33947, 38.73887 ], [ -9.33945, 38.73883 ], [ -9.33947, 38.73875 ], [ -9.3395, 38.73872 ] ] } },
{ "type": "Feature", "properties": { "services_sum": 1.1889035667107002, "total_departures_sum": 83, "route_short_name_sum": null, "services_unique": null, "total_departures_unique": null, "route_short_name_unique": "36" }, "geometry": { "type": "LineString", "coordinates": [ [ -9.33971, 38.73852 ], [ -9.339700271121307, 38.738276778032649 ], [ -9.3397, 38.73827 ], [ -9.33967, 38.73768 ], [ -9.33971, 38.73839 ], [ -9.33971, 38.738398034585416 ], [ -9.33971, 38.73852 ] ] } },
{ "type": "Feature", "properties": { "services_sum": 1.1889035667107002, "total_departures_sum": 83, "route_short_name_sum": null, "services_unique": null, "total_departures_unique": null, "route_short_name_unique": "36" }, "geometry": { "type": "LineString", "coordinates": [ [ -9.33953, 38.73726 ], [ -9.33926, 38.73701 ], [ -9.339263422172005, 38.737011806952175 ], [ -9.33924, 38.73699 ] ] } },
{ "type": "Feature", "properties": { "services_sum": 1.1889035667107002, "total_departures_sum": 83, "route_short_name_sum": null, "services_unique": null, "total_departures_unique": null, "route_short_name_unique": "36" }, "geometry": { "type": "LineString", "coordinates": [ [ -9.3388, 38.73431 ], [ -9.338487486131781, 38.733789143788755 ], [ -9.33847, 38.73376 ], [ -9.336749114992454, 38.730842409065886 ], [ -9.33527, 38.72834 ] ] } },
{ "type": "Feature", "properties": { "services_sum": 1.1889035667107002, "total_departures_sum": 83, "route_short_name_sum": null, "services_unique": null, "total_departures_unique": null, "route_short_name_unique": "36" }, "geometry": { "type": "LineString", "coordinates": [ [ -9.33747, 38.68749 ], [ -9.337071232457678, 38.68746082188715 ], [ -9.336854070425035, 38.68754690260328 ], [ -9.336624741554262, 38.687568885840115 ] ] } },
{ "type": "Feature", "properties": { "services_sum": 1.1889035667107002, "total_departures_sum": 83, "route_short_name_sum": null, "services_unique": null, "total_departures_unique": null, "route_short_name_unique": "36" }, "geometry": { "type": "LineString", "coordinates": [ [ -9.33673, 38.69074 ], [ -9.33672, 38.69095 ], [ -9.336719644875586, 38.690957386587797 ], [ -9.33667, 38.69199 ], [ -9.336719583327259, 38.690978500244185 ], [ -9.33672, 38.69097 ] ] } },
{ "type": "Feature", "properties": { "services_sum": 1.1889035667107002, "total_departures_sum": 83, "route_short_name_sum": null, "services_unique": null, "total_departures_unique": null, "route_short_name_unique": "36" }, "geometry": { "type": "LineString", "coordinates": [ [ -9.336626082658769, 38.687568885840115 ], [ -9.336318969726564, 38.687578307225245 ], [ -9.335462003946306, 38.687510263860254 ], [ -9.335397630929949, 38.687458969588469 ], [ -9.335322626392692, 38.687273230991174 ] ] } },
{ "type": "Feature", "properties": { "services_sum": 1.1889035667107002, "total_departures_sum": 83, "route_short_name_sum": null, "services_unique": null, "total_departures_unique": null, "route_short_name_unique": "36" }, "geometry": { "type": "LineString", "coordinates": [ [ -9.33596, 38.69311 ], [ -9.33565, 38.69398 ], [ -9.33561, 38.69396 ] ] } },
{ "type": "Feature", "properties": { "services_sum": 1.1889035667107002, "total_departures_sum": 83, "route_short_name_sum": null, "services_unique": null, "total_departures_unique": null, "route_short_name_unique": "36" }, "geometry": { "type": "LineString", "coordinates": [ [ -9.33591, 38.6931 ], [ -9.33561, 38.69396 ] ] } },
{ "type": "Feature", "properties": { "services_sum": 1.1889035667107002, "total_departures_sum": 83, "route_short_name_sum": null, "services_unique": null, "total_departures_unique": null, "route_short_name_unique": "36" }, "geometry": { "type": "LineString", "coordinates": [ [ -9.33561, 38.69396 ], [ -9.33551, 38.69396 ], [ -9.33506, 38.69398 ], [ -9.335052567336213, 38.693980371633195 ], [ -9.33446, 38.69401 ], [ -9.334660303923526, 38.694000461726255 ], [ -9.33467, 38.694 ], [ -9.33561, 38.69396 ] ] } },
{ "type": "Feature", "properties": { "services_sum": 1.1889035667107002, "total_departures_sum": 83, "route_short_name_sum": null, "services_unique": null, "total_departures_unique": null, "route_short_name_unique": "36" }, "geometry": { "type": "LineString", "coordinates": [ [ -9.3353, 38.69024 ], [ -9.33574, 38.6902 ], [ -9.335316038676151, 38.690239438273899 ], [ -9.33434, 38.69039 ], [ -9.33391, 38.69051 ], [ -9.333908110836726, 38.690510539760936 ], [ -9.33363, 38.69059 ] ] } },
{ "type": "Feature", "properties": { "services_sum": 1.1889035667107002, "total_departures_sum": 83, "route_short_name_sum": null, "services_unique": null, "total_departures_unique": null, "route_short_name_unique": "36" }, "geometry": { "type": "LineString", "coordinates": [ [ -9.33489, 38.72765 ], [ -9.334783856176401, 38.727505258422362 ], [ -9.33478, 38.7275 ] ] } },
{ "type": "Feature", "properties": { "services_sum": 1.1889035667107002, "total_departures_sum": 83, "route_short_name_sum": null, "services_unique": null, "total_departures_unique": null, "route_short_name_unique": "36" }, "geometry": { "type": "LineString", "coordinates": [ [ -9.33426, 38.72429 ], [ -9.3343, 38.72423 ], [ -9.3343, 38.72416 ], [ -9.33424, 38.7241 ], [ -9.33419, 38.72408 ] ] } },
{ "type": "Feature", "properties": { "services_sum": 1.1889035667107002, "total_departures_sum": 83, "route_short_name_sum": null, "services_unique": null, "total_departures_unique": null, "route_short_name_unique": "36" }, "geometry": { "type": "LineString", "coordinates": [ [ -9.33406, 38.7241 ], [ -9.33403, 38.72413 ], [ -9.33382, 38.72417 ], [ -9.33401, 38.72426 ] ] } },
{ "type": "Feature", "properties": { "services_sum": 1.1889035667107002, "total_departures_sum": 83, "route_short_name_sum": null, "services_unique": null, "total_departures_unique": null, "route_short_name_unique": "36" }, "geometry": { "type": "LineString", "coordinates": [ [ -9.33402, 38.72475 ], [ -9.334008189885608, 38.72478543061721 ], [ -9.33401, 38.72478 ], [ -9.33383, 38.72532 ] ] } },
{ "type": "Feature", "properties": { "services_sum": 1.1889035667107002, "total_departures_sum": 83, "route_short_name_sum": null, "services_unique": null, "total_departures_unique": null, "route_short_name_unique": "36" }, "geometry": { "type": "LineString", "coordinates": [ [ -9.33176, 38.69541 ], [ -9.33195, 38.6956 ], [ -9.33198, 38.69569 ], [ -9.33194, 38.69578 ], [ -9.33187, 38.69586 ], [ -9.33177, 38.69596 ], [ -9.33164, 38.69604 ], [ -9.33151, 38.69607 ], [ -9.3314, 38.69607 ], [ -9.33051, 38.69586 ], [ -9.33018, 38.69584 ], [ -9.33009, 38.69581 ], [ -9.33005, 38.69579 ], [ -9.32995, 38.69579 ], [ -9.32987, 38.69582 ], [ -9.32983, 38.69586 ], [ -9.32981, 38.69594 ], [ -9.32974, 38.69607 ], [ -9.32967, 38.69628 ], [ -9.32974, 38.69619 ], [ -9.32983, 38.69612 ], [ -9.32999, 38.69606 ], [ -9.33004, 38.69606 ], [ -9.33013, 38.69601 ], [ -9.3303, 38.69596 ], [ -9.33048, 38.69596 ], [ -9.33065, 38.69599 ], [ -9.33125, 38.69614 ], [ -9.3315, 38.69621 ], [ -9.33155, 38.69624 ], [ -9.33167, 38.69638 ], [ -9.33175, 38.69653 ], [ -9.33188, 38.6967 ], [ -9.33207, 38.69683 ], [ -9.33218, 38.69688 ], [ -9.33236, 38.69693 ], [ -9.33261, 38.69694 ], [ -9.33279, 38.69692 ], [ -9.33302, 38.69683 ], [ -9.33312, 38.69677 ], [ -9.3332, 38.69671 ], [ -9.3333, 38.69659 ], [ -9.33337, 38.69646 ], [ -9.3334, 38.69632 ], [ -9.3334, 38.69623 ], [ -9.33335, 38.69605 ], [ -9.33324, 38.69589 ], [ -9.33316, 38.69582 ], [ -9.33303, 38.69573 ], [ -9.33293, 38.69568 ], [ -9.33277, 38.69563 ], [ -9.33265, 38.69561 ], [ -9.33254, 38.69561 ], [ -9.3323, 38.69564 ], [ -9.33208, 38.69561 ], [ -9.33188, 38.69552 ], [ -9.33176, 38.69541 ] ] } },
{ "type": "Feature", "properties": { "services_sum": 1.1889035667107002, "total_departures_sum": 83, "route_short_name_sum": null, "services_unique": null, "total_departures_unique": null, "route_short_name_unique": "36" }, "geometry": { "type": "LineString", "coordinates": [ [ -9.33176, 38.69541 ], [ -9.33171, 38.69534 ], [ -9.33168, 38.69528 ], [ -9.33176, 38.69541 ] ] } },
{ "type": "Feature", "properties": { "services_sum": 1.1889035667107002, "total_departures_sum": 83, "route_short_name_sum": null, "services_unique": null, "total_departures_unique": null, "route_short_name_unique": "36" }, "geometry": { "type": "LineString", "coordinates": [ [ -9.33138, 38.68914 ], [ -9.331360397119793, 38.68865972943491 ], [ -9.33136, 38.68865 ], [ -9.33136, 38.68611 ] ] } },
{ "type": "Feature", "properties": { "services_sum": 1.1889035667107002, "total_departures_sum": 83, "route_short_name_sum": null, "services_unique": null, "total_departures_unique": null, "route_short_name_unique": "36" }, "geometry": { "type": "LineString", "coordinates": [ [ -9.33132, 38.72487 ], [ -9.331290941065557, 38.724870000006298 ], [ -9.33124, 38.72487 ], [ -9.33084, 38.72486 ], [ -9.33132, 38.72487 ] ] } },
{ "type": "Feature", "properties": { "services_sum": 1.1889035667107002, "total_departures_sum": 83, "route_short_name_sum": null, "services_unique": null, "total_departures_unique": null, "route_short_name_unique": "36" }, "geometry": { "type": "LineString", "coordinates": [ [ -9.33132, 38.72487 ], [ -9.33158, 38.72482 ], [ -9.331423695999698, 38.724847583068936 ], [ -9.33141, 38.72485 ], [ -9.33132, 38.72487 ] ] } },
{ "type": "Feature", "properties": { "services_sum": 1.1889035667107002, "total_departures_sum": 83, "route_short_name_sum": null, "services_unique": null, "total_departures_unique": null, "route_short_name_unique": "36" }, "geometry": { "type": "LineString", "coordinates": [ [ -9.33127, 38.68908 ], [ -9.33126, 38.6888 ], [ -9.33126, 38.68621 ] ] } },
{ "type": "Feature", "properties": { "services_sum": 1.1889035667107002, "total_departures_sum": 83, "route_short_name_sum": null, "services_unique": null, "total_departures_unique": null, "route_short_name_unique": "36" }, "geometry": { "type": "LineString", "coordinates": [ [ -9.33036, 38.72377 ], [ -9.33026, 38.72434 ] ] } },
{ "type": "Feature", "properties": { "services_sum": 1.1889035667107002, "total_departures_sum": 83, "route_short_name_sum": null, "services_unique": null, "total_departures_unique": null, "route_short_name_unique": "36" }, "geometry": { "type": "LineString", "coordinates": [ [ -9.33036, 38.72377 ], [ -9.33031, 38.7241 ], [ -9.330304008952126, 38.724128757115949 ], [ -9.33026, 38.72434 ] ] } },
{ "type": "Feature", "properties": { "services_sum": 1.1889035667107002, "total_departures_sum": 83, "route_short_name_sum": null, "services_unique": null, "total_departures_unique": null, "route_short_name_unique": "36" }, "geometry": { "type": "LineString", "coordinates": [ [ -9.33036, 38.72377 ], [ -9.33038, 38.72341 ], [ -9.33037, 38.72356 ], [ -9.330369584259877, 38.723568730567166 ], [ -9.33036, 38.72377 ] ] } },
{ "type": "Feature", "properties": { "services_sum": 1.1889035667107002, "total_departures_sum": 83, "route_short_name_sum": null, "services_unique": null, "total_departures_unique": null, "route_short_name_unique": "36" }, "geometry": { "type": "LineString", "coordinates": [ [ -9.33026, 38.72434 ], [ -9.33022, 38.72441 ], [ -9.33015, 38.72448 ], [ -9.33015, 38.72454 ], [ -9.33017, 38.72459 ], [ -9.33035, 38.72465 ], [ -9.3303, 38.72457 ], [ -9.33026, 38.72434 ] ] } },
{ "type": "Feature", "properties": { "services_sum": 1.1889035667107002, "total_departures_sum": 83, "route_short_name_sum": null, "services_unique": null, "total_departures_unique": null, "route_short_name_unique": "36" }, "geometry": { "type": "LineString", "coordinates": [ [ -9.32983, 38.71141 ], [ -9.32966, 38.71181 ] ] } },
{ "type": "Feature", "properties": { "services_sum": 1.1889035667107002, "total_departures_sum": 83, "route_short_name_sum": null, "services_unique": null, "total_departures_unique": null, "route_short_name_unique": "36" }, "geometry": { "type": "LineString", "coordinates": [ [ -9.32983, 38.71141 ], [ -9.32968, 38.71177 ], [ -9.329662831654895, 38.711804336693142 ], [ -9.32966, 38.71181 ] ] } },
{ "type": "Feature", "properties": { "services_sum": 1.1889035667107002, "total_departures_sum": 83, "route_short_name_sum": null, "services_unique": null, "total_departures_unique": null, "route_short_name_unique": "36" }, "geometry": { "type": "LineString", "coordinates": [ [ -9.32967, 38.71037 ], [ -9.32999, 38.71077 ], [ -9.33006, 38.71077 ], [ -9.33017, 38.71081 ], [ -9.33026, 38.71091 ], [ -9.33028, 38.71099 ], [ -9.33027, 38.71104 ], [ -9.33022, 38.71113 ], [ -9.33014, 38.71118 ], [ -9.33001, 38.71121 ], [ -9.32991, 38.7113 ], [ -9.32983, 38.71141 ] ] } },
{ "type": "Feature", "properties": { "services_sum": 1.1889035667107002, "total_departures_sum": 83, "route_short_name_sum": null, "services_unique": null, "total_departures_unique": null, "route_short_name_unique": "36" }, "geometry": { "type": "LineString", "coordinates": [ [ -9.32983, 38.71141 ], [ -9.32984, 38.71128 ], [ -9.32982, 38.71116 ], [ -9.32974, 38.71107 ], [ -9.32972, 38.71099 ], [ -9.32974, 38.71091 ], [ -9.32983, 38.71081 ], [ -9.32981, 38.71056 ], [ -9.329798642958545, 38.710541071606713 ], [ -9.32978, 38.71051 ], [ -9.32967, 38.71037 ] ] } },
{ "type": "Feature", "properties": { "services_sum": 1.1889035667107002, "total_departures_sum": 83, "route_short_name_sum": null, "services_unique": null, "total_departures_unique": null, "route_short_name_unique": "36" }, "geometry": { "type": "LineString", "coordinates": [ [ -9.32967, 38.71037 ], [ -9.329352258985297, 38.710061887568727 ], [ -9.32934, 38.71005 ], [ -9.32798, 38.70877 ] ] } },
{ "type": "Feature", "properties": { "services_sum": 1.1889035667107002, "total_departures_sum": 83, "route_short_name_sum": null, "services_unique": null, "total_departures_unique": null, "route_short_name_unique": "36" }, "geometry": { "type": "LineString", "coordinates": [ [ -9.32967, 38.71037 ], [ -9.32798, 38.70877 ] ] } },
{ "type": "Feature", "properties": { "services_sum": 1.1889035667107002, "total_departures_sum": 83, "route_short_name_sum": null, "services_unique": null, "total_departures_unique": null, "route_short_name_unique": "36" }, "geometry": { "type": "LineString", "coordinates": [ [ -9.32966, 38.71181 ], [ -9.32956, 38.71193 ], [ -9.329549995004813, 38.711942863600846 ], [ -9.32942, 38.71211 ], [ -9.32966, 38.71181 ] ] } },
{ "type": "Feature", "properties": { "services_sum": 1.1889035667107002, "total_departures_sum": 83, "route_short_name_sum": null, "services_unique": null, "total_departures_unique": null, "route_short_name_unique": "36" }, "geometry": { "type": "LineString", "coordinates": [ [ -9.32798, 38.70877 ], [ -9.327810258111938, 38.708515387230122 ], [ -9.3278, 38.7085 ], [ -9.3277, 38.70836 ], [ -9.32778, 38.70848 ], [ -9.327801949855701, 38.708511827422342 ], [ -9.32798, 38.70877 ] ] } },
{ "type": "Feature", "properties": { "services_sum": 1.1889035667107002, "total_departures_sum": 83, "route_short_name_sum": null, "services_unique": null, "total_departures_unique": null, "route_short_name_unique": "36" }, "geometry": { "type": "LineString", "coordinates": [ [ -9.32782, 38.69792 ], [ -9.32745, 38.69797 ], [ -9.32716, 38.69803 ], [ -9.32687, 38.69815 ], [ -9.326853100095008, 38.698158656101548 ], [ -9.32646, 38.69836 ], [ -9.32612, 38.6986 ], [ -9.32585, 38.69886 ], [ -9.32561, 38.69918 ], [ -9.32541, 38.69972 ], [ -9.325406848588182, 38.699734239956321 ], [ -9.3254, 38.69973 ], [ -9.32534, 38.70008 ], [ -9.32608, 38.70007 ], [ -9.32637, 38.70003 ], [ -9.32659, 38.69998 ], [ -9.32621, 38.70006 ], [ -9.32616, 38.70003 ], [ -9.32609, 38.6999 ], [ -9.32607, 38.69982 ], [ -9.326197473885927, 38.699515683756658 ], [ -9.3262, 38.69951 ], [ -9.32631, 38.69931 ], [ -9.3265, 38.69909 ], [ -9.32674, 38.69888 ], [ -9.32704, 38.6987 ], [ -9.32737, 38.69857 ], [ -9.32776, 38.69848 ], [ -9.32782, 38.69792 ] ] } },
{ "type": "Feature", "properties": { "services_sum": 1.1889035667107002, "total_departures_sum": 83, "route_short_name_sum": null, "services_unique": null, "total_departures_unique": null, "route_short_name_unique": "36" }, "geometry": { "type": "LineString", "coordinates": [ [ -9.32782, 38.69792 ], [ -9.32931005946676, 38.697790861512878 ], [ -9.32932, 38.69779 ], [ -9.32949, 38.69778 ], [ -9.32972, 38.6978 ], [ -9.32979, 38.69784 ], [ -9.32989, 38.69783 ], [ -9.32993, 38.69781 ], [ -9.32996, 38.69774 ], [ -9.32993, 38.69767 ], [ -9.32981, 38.69759 ], [ -9.32973, 38.69748 ], [ -9.32967, 38.69736 ], [ -9.32966, 38.69722 ], [ -9.32965, 38.69681 ], [ -9.32966, 38.69728 ], [ -9.32973, 38.69762 ], [ -9.32972, 38.69767 ], [ -9.3297, 38.6977 ], [ -9.32949, 38.69777 ], [ -9.32879, 38.69783 ], [ -9.328776578043486, 38.697831245392393 ], [ -9.32782, 38.69792 ] ] } },
{ "type": "Feature", "properties": { "services_sum": 1.1889035667107002, "total_departures_sum": 83, "route_short_name_sum": null, "services_unique": null, "total_departures_unique": null, "route_short_name_unique": "36" }, "geometry": { "type": "LineString", "coordinates": [ [ -9.32764, 38.70039 ], [ -9.32745, 38.7011 ], [ -9.327448875165466, 38.701105091356311 ], [ -9.32707, 38.70282 ], [ -9.327067880220451, 38.702829496612388 ], [ -9.32683, 38.7039 ], [ -9.326797612486558, 38.704087162540326 ], [ -9.32679, 38.70411 ], [ -9.32673, 38.70414 ], [ -9.32665, 38.70412 ], [ -9.32651, 38.70402 ], [ -9.32665, 38.70403 ], [ -9.32682, 38.70394 ], [ -9.3269, 38.70359 ], [ -9.32699, 38.70314 ], [ -9.32713, 38.7026 ], [ -9.32742, 38.7012 ], [ -9.32764, 38.70039 ] ] } },
{ "type": "Feature", "properties": { "services_sum": 1.1889035667107002, "total_departures_sum": 83, "route_short_name_sum": null, "services_unique": null, "total_departures_unique": null, "route_short_name_unique": "36" }, "geometry": { "type": "LineString", "coordinates": [ [ -9.32764, 38.70039 ], [ -9.32766, 38.70027 ], [ -9.3276, 38.70018 ], [ -9.32746, 38.70008 ], [ -9.32711, 38.69989 ], [ -9.32704, 38.69987 ], [ -9.32691, 38.69988 ], [ -9.32681, 38.6999 ], [ -9.3272, 38.69971 ], [ -9.32739, 38.69962 ], [ -9.32749, 38.69961 ], [ -9.32764, 38.69966 ], [ -9.32769, 38.69969 ], [ -9.32769, 38.6999 ], [ -9.327689193895988, 38.699907899819316 ], [ -9.32764, 38.70039 ] ] } },
{ "type": "Feature", "properties": { "services_sum": 1.1889035667107002, "total_departures_sum": 83, "route_short_name_sum": null, "services_unique": null, "total_departures_unique": null, "route_short_name_unique": "36" }, "geometry": { "type": "LineString", "coordinates": [ [ -9.3238, 38.71804 ], [ -9.32368, 38.71817 ], [ -9.323654870594623, 38.718198270655506 ], [ -9.32352, 38.71835 ], [ -9.3238, 38.71804 ] ] } },
{ "type": "Feature", "properties": { "services_sum": 1.1889035667107002, "total_departures_sum": 83, "route_short_name_sum": null, "services_unique": null, "total_departures_unique": null, "route_short_name_unique": "36" }, "geometry": { "type": "LineString", "coordinates": [ [ -9.3238, 38.71804 ], [ -9.32425, 38.71761 ], [ -9.32403, 38.71781 ], [ -9.324016927255965, 38.717823072795795 ], [ -9.3238, 38.71804 ] ] } },
{ "type": "Feature", "properties": { "services_sum": 1.1889035667107002, "total_departures_sum": 83, "route_short_name_sum": null, "services_unique": null, "total_departures_unique": null, "route_short_name_unique": "36" }, "geometry": { "type": "LineString", "coordinates": [ [ -9.32373, 38.70445 ], [ -9.32421, 38.70514 ], [ -9.32462, 38.70568 ], [ -9.324216399488979, 38.705151475708192 ], [ -9.3242, 38.70513 ], [ -9.32373, 38.70445 ] ] } },
{ "type": "Feature", "properties": { "services_sum": 1.1889035667107002, "total_departures_sum": 83, "route_short_name_sum": null, "services_unique": null, "total_departures_unique": null, "route_short_name_unique": "36" }, "geometry": { "type": "LineString", "coordinates": [ [ -9.32373, 38.70445 ], [ -9.32341, 38.70393 ], [ -9.32337, 38.70378 ], [ -9.32327, 38.70377 ], [ -9.32321, 38.70371 ], [ -9.32323, 38.70364 ], [ -9.32328, 38.70361 ], [ -9.32337, 38.70361 ], [ -9.32342, 38.70363 ], [ -9.3234830159822, 38.703622123007015 ], [ -9.32422, 38.70347 ], [ -9.32359, 38.70359 ], [ -9.32349, 38.70365 ], [ -9.32341, 38.70373 ], [ -9.3234, 38.7039 ], [ -9.32359, 38.70423 ], [ -9.32358645740592, 38.704229901390171 ], [ -9.32373, 38.70445 ] ] } },
{ "type": "Feature", "properties": { "services_sum": 1.1889035667107002, "total_departures_sum": 83, "route_short_name_sum": null, "services_unique": null, "total_departures_unique": null, "route_short_name_unique": "36" }, "geometry": { "type": "LineString", "coordinates": [ [ -9.33314, 38.72419 ], [ -9.333, 38.72422 ], [ -9.33272, 38.72429 ], [ -9.33314, 38.72419 ] ] } },
{ "type": "Feature", "properties": { "services_sum": 1.1889035667107002, "total_departures_sum": 83, "route_short_name_sum": null, "services_unique": null, "total_departures_unique": null, "route_short_name_unique": "36" }, "geometry": { "type": "LineString", "coordinates": [ [ -9.32908, 38.72194 ], [ -9.32874810697534, 38.721530014567875 ], [ -9.32874, 38.72152 ], [ -9.32806, 38.72065 ], [ -9.32863, 38.72139 ], [ -9.328652748547919, 38.721417804025364 ], [ -9.32908, 38.72194 ] ] } },
{ "type": "Feature", "properties": { "services_sum": 1.1889035667107002, "total_departures_sum": 83, "route_short_name_sum": null, "services_unique": null, "total_departures_unique": null, "route_short_name_unique": "36" }, "geometry": { "type": "LineString", "coordinates": [ [ -9.32859, 38.71271 ], [ -9.3282, 38.71311 ], [ -9.328174094354738, 38.713140223382034 ], [ -9.32796, 38.71339 ], [ -9.328097260785096, 38.713234437815764 ], [ -9.32811, 38.71322 ], [ -9.32859, 38.71271 ] ] } },
{ "type": "Feature", "properties": { "services_sum": 1.1889035667107002, "total_departures_sum": 83, "route_short_name_sum": null, "services_unique": null, "total_departures_unique": null, "route_short_name_unique": "36" }, "geometry": { "type": "LineString", "coordinates": [ [ -9.32736, 38.71954 ], [ -9.326709968450004, 38.718928205924414 ], [ -9.32668, 38.7189 ], [ -9.32656, 38.71878 ], [ -9.32618, 38.71846 ], [ -9.3266, 38.71882 ], [ -9.326607148603864, 38.718827148631625 ], [ -9.32682, 38.71904 ], [ -9.32736, 38.71954 ] ] } },
{ "type": "Feature", "properties": { "services_sum": 1.1889035667107002, "total_departures_sum": 83, "route_short_name_sum": null, "services_unique": null, "total_departures_unique": null, "route_short_name_unique": "36" }, "geometry": { "type": "LineString", "coordinates": [ [ -9.32717, 38.70728 ], [ -9.32715, 38.7072 ], [ -9.3271, 38.70716 ], [ -9.32702, 38.70715 ], [ -9.32696, 38.70718 ], [ -9.32693, 38.7072 ], [ -9.32691, 38.70724 ], [ -9.32692, 38.7073 ], [ -9.32695, 38.70733 ], [ -9.32698, 38.70735 ], [ -9.3271, 38.70735 ], [ -9.32717, 38.70728 ] ] } },
{ "type": "Feature", "properties": { "services_sum": 1.1889035667107002, "total_departures_sum": 83, "route_short_name_sum": null, "services_unique": null, "total_departures_unique": null, "route_short_name_unique": "36" }, "geometry": { "type": "LineString", "coordinates": [ [ -9.32707, 38.71415 ], [ -9.32674, 38.71479 ], [ -9.32668, 38.71488 ], [ -9.32665847127222, 38.714911314818174 ], [ -9.32624, 38.71552 ], [ -9.326730856377477, 38.714793532717977 ], [ -9.32674, 38.71478 ], [ -9.32707, 38.71415 ] ] } },
{ "type": "Feature", "properties": { "services_sum": 1.1889035667107002, "total_departures_sum": 83, "route_short_name_sum": null, "services_unique": null, "total_departures_unique": null, "route_short_name_unique": "36" }, "geometry": { "type": "LineString", "coordinates": [ [ -9.32615, 38.70657 ], [ -9.325369368756075, 38.706107403917542 ], [ -9.32534, 38.70609 ], [ -9.32481, 38.70584 ], [ -9.3252, 38.70602 ], [ -9.325212167225599, 38.706027044285321 ], [ -9.32615, 38.70657 ] ] } },
{ "type": "Feature", "properties": { "services_sum": 1.1889035667107002, "total_departures_sum": 83, "route_short_name_sum": null, "services_unique": null, "total_departures_unique": null, "route_short_name_unique": "36" }, "geometry": { "type": "LineString", "coordinates": [ [ -9.32584, 38.70373 ], [ -9.325763390923685, 38.70370127159638 ], [ -9.32576, 38.7037 ], [ -9.32529, 38.70358 ], [ -9.325577938905489, 38.703649502494429 ], [ -9.32558, 38.70365 ], [ -9.32584, 38.70373 ] ] } },
{ "type": "Feature", "properties": { "services_sum": 1.1889035667107002, "total_departures_sum": 83, "route_short_name_sum": null, "services_unique": null, "total_departures_unique": null, "route_short_name_unique": "36" }, "geometry": { "type": "LineString", "coordinates": [ [ -9.32584, 38.71651 ], [ -9.32547, 38.71687 ], [ -9.32538, 38.71694 ], [ -9.325346551273556, 38.716965484817067 ], [ -9.32517, 38.7171 ], [ -9.325440081973213, 38.716887792769889 ], [ -9.32545, 38.71688 ], [ -9.32584, 38.71651 ] ] } },
{ "type": "Feature", "properties": { "services_sum": 1.1889035667107002, "total_departures_sum": 83, "route_short_name_sum": null, "services_unique": null, "total_departures_unique": null, "route_short_name_unique": "36" }, "geometry": { "type": "LineString", "coordinates": [ [ -9.32482, 38.70348 ], [ -9.32463, 38.70336 ], [ -9.32452, 38.70326 ], [ -9.32443, 38.70336 ], [ -9.32431, 38.70344 ], [ -9.32482, 38.70348 ] ] } },
{ "type": "Feature", "properties": { "services_sum": 3.9858725409951146, "total_departures_sum": 179, "route_short_name_sum": null, "services_unique": null, "total_departures_unique": null, "route_short_name_unique": "22, 31, 35" }, "geometry": { "type": "LineString", "coordinates": [ [ -9.34166, 38.69513 ], [ -9.34156, 38.695 ], [ -9.34153, 38.69493 ] ] } },
{ "type": "Feature", "properties": { "services_sum": 3.9858725409951146, "total_departures_sum": 179, "route_short_name_sum": null, "services_unique": null, "total_departures_unique": null, "route_short_name_unique": "22, 31, 35" }, "geometry": { "type": "LineString", "coordinates": [ [ -9.33434, 38.69039 ], [ -9.33392, 38.6905 ] ] } },
{ "type": "Feature", "properties": { "services_sum": 2.1434979248231598, "total_departures_sum": 112, "route_short_name_sum": null, "services_unique": null, "total_departures_unique": null, "route_short_name_unique": "31, 35" }, "geometry": { "type": "LineString", "coordinates": [ [ -9.34159, 38.69537 ], [ -9.34157, 38.6953 ], [ -9.3415, 38.69517 ] ] } },
{ "type": "Feature", "properties": { "services_sum": 2.1434979248231598, "total_departures_sum": 112, "route_short_name_sum": null, "services_unique": null, "total_departures_unique": null, "route_short_name_unique": "31, 35" }, "geometry": { "type": "LineString", "coordinates": [ [ -9.33392, 38.6905 ], [ -9.33363, 38.69059 ] ] } },
{ "type": "Feature", "properties": { "services_sum": 2.0005557099194222, "total_departures_sum": 74, "route_short_name_sum": null, "services_unique": null, "total_departures_unique": null, "route_short_name_unique": "35" }, "geometry": { "type": "LineString", "coordinates": [ [ -9.34125, 38.69016 ], [ -9.34111, 38.6902 ] ] } },
{ "type": "Feature", "properties": { "services_sum": 2.0005557099194222, "total_departures_sum": 74, "route_short_name_sum": null, "services_unique": null, "total_departures_unique": null, "route_short_name_unique": "35" }, "geometry": { "type": "LineString", "coordinates": [ [ -9.34098, 38.74036 ], [ -9.33989, 38.73924 ], [ -9.3397, 38.73892 ] ] } },
{ "type": "Feature", "properties": { "services_sum": 2.0005557099194222, "total_departures_sum": 74, "route_short_name_sum": null, "services_unique": null, "total_departures_unique": null, "route_short_name_unique": "35" }, "geometry": { "type": "LineString", "coordinates": [ [ -9.33972, 38.73856 ], [ -9.33969, 38.73869 ] ] } },
{ "type": "Feature", "properties": { "services_sum": 2.0005557099194222, "total_departures_sum": 74, "route_short_name_sum": null, "services_unique": null, "total_departures_unique": null, "route_short_name_unique": "35" }, "geometry": { "type": "LineString", "coordinates": [ [ -9.33965, 38.7375 ], [ -9.3396, 38.73736 ], [ -9.33953, 38.73726 ] ] } },
{ "type": "Feature", "properties": { "services_sum": 2.0005557099194222, "total_departures_sum": 74, "route_short_name_sum": null, "services_unique": null, "total_departures_unique": null, "route_short_name_unique": "35" }, "geometry": { "type": "LineString", "coordinates": [ [ -9.33956, 38.71608 ], [ -9.33962, 38.71617 ], [ -9.33964, 38.71626 ], [ -9.33963, 38.71657 ], [ -9.33951, 38.71754 ] ] } },
{ "type": "Feature", "properties": { "services_sum": 2.0005557099194222, "total_departures_sum": 74, "route_short_name_sum": null, "services_unique": null, "total_departures_unique": null, "route_short_name_unique": "35" }, "geometry": { "type": "LineString", "coordinates": [ [ -9.33934, 38.72056 ], [ -9.33922, 38.72074 ] ] } },
{ "type": "Feature", "properties": { "services_sum": 2.0005557099194222, "total_departures_sum": 74, "route_short_name_sum": null, "services_unique": null, "total_departures_unique": null, "route_short_name_unique": "35" }, "geometry": { "type": "LineString", "coordinates": [ [ -9.33925, 38.71407 ], [ -9.33926, 38.71379 ], [ -9.33919, 38.71325 ], [ -9.33909, 38.71294 ] ] } },
{ "type": "Feature", "properties": { "services_sum": 2.0005557099194222, "total_departures_sum": 74, "route_short_name_sum": null, "services_unique": null, "total_departures_unique": null, "route_short_name_unique": "35" }, "geometry": { "type": "LineString", "coordinates": [ [ -9.33904, 38.71511 ], [ -9.339, 38.71542 ], [ -9.33904, 38.71553 ] ] } },
{ "type": "Feature", "properties": { "services_sum": 2.0005557099194222, "total_departures_sum": 74, "route_short_name_sum": null, "services_unique": null, "total_departures_unique": null, "route_short_name_unique": "35" }, "geometry": { "type": "LineString", "coordinates": [ [ -9.3354, 38.72399 ], [ -9.33512, 38.72403 ] ] } },
{ "type": "Feature", "properties": { "services_sum": 2.0005557099194222, "total_departures_sum": 74, "route_short_name_sum": null, "services_unique": null, "total_departures_unique": null, "route_short_name_unique": "35" }, "geometry": { "type": "LineString", "coordinates": [ [ -9.33392, 38.6905 ], [ -9.333914010623278, 38.690501858781623 ] ] } },
{ "type": "Feature", "properties": { "services_sum": 2.3778071334214004, "total_departures_sum": 166, "route_short_name_sum": null, "services_unique": null, "total_departures_unique": null, "route_short_name_unique": "36" }, "geometry": { "type": "LineString", "coordinates": [ [ -9.34115, 38.74069 ], [ -9.34109, 38.74049 ] ] } },
{ "type": "Feature", "properties": { "services_sum": 2.3778071334214004, "total_departures_sum": 166, "route_short_name_sum": null, "services_unique": null, "total_departures_unique": null, "route_short_name_unique": "36" }, "geometry": { "type": "LineString", "coordinates": [ [ -9.34048, 38.73983 ], [ -9.33988, 38.73926 ], [ -9.33978, 38.73907 ] ] } },
{ "type": "Feature", "properties": { "services_sum": 2.3778071334214004, "total_departures_sum": 166, "route_short_name_sum": null, "services_unique": null, "total_departures_unique": null, "route_short_name_unique": "36" }, "geometry": { "type": "LineString", "coordinates": [ [ -9.33967, 38.73768 ], [ -9.33962, 38.73742 ], [ -9.33953, 38.73726 ] ] } },
{ "type": "Feature", "properties": { "services_sum": 2.3778071334214004, "total_departures_sum": 166, "route_short_name_sum": null, "services_unique": null, "total_departures_unique": null, "route_short_name_unique": "36" }, "geometry": { "type": "LineString", "coordinates": [ [ -9.3353, 38.69024 ], [ -9.335291409107583, 38.690241342326942 ] ] } },
{ "type": "Feature", "properties": { "services_sum": 2.3778071334214004, "total_departures_sum": 166, "route_short_name_sum": null, "services_unique": null, "total_departures_unique": null, "route_short_name_unique": "36" }, "geometry": { "type": "LineString", "coordinates": [ [ -9.33446, 38.69401 ], [ -9.3337, 38.69409 ], [ -9.33321, 38.69419 ], [ -9.33197, 38.69456 ], [ -9.33183, 38.69467 ], [ -9.33177, 38.6948 ], [ -9.33167, 38.6951 ], [ -9.33168, 38.69528 ] ] } },
{ "type": "Feature", "properties": { "services_sum": 2.3778071334214004, "total_departures_sum": 166, "route_short_name_sum": null, "services_unique": null, "total_departures_unique": null, "route_short_name_unique": "36" }, "geometry": { "type": "LineString", "coordinates": [ [ -9.33382, 38.72417 ], [ -9.33314, 38.72419 ] ] } },
{ "type": "Feature", "properties": { "services_sum": 2.3778071334214004, "total_departures_sum": 166, "route_short_name_sum": null, "services_unique": null, "total_departures_unique": null, "route_short_name_unique": "36" }, "geometry": { "type": "LineString", "coordinates": [ [ -9.33272, 38.72429 ], [ -9.33248, 38.72437 ], [ -9.33205, 38.7246 ], [ -9.33158, 38.72482 ] ] } },
{ "type": "Feature", "properties": { "services_sum": 2.3778071334214004, "total_departures_sum": 166, "route_short_name_sum": null, "services_unique": null, "total_departures_unique": null, "route_short_name_unique": "36" }, "geometry": { "type": "LineString", "coordinates": [ [ -9.33126031334354, 38.688808773619108 ], [ -9.33126, 38.6888 ] ] } },
{ "type": "Feature", "properties": { "services_sum": 2.3778071334214004, "total_departures_sum": 166, "route_short_name_sum": null, "services_unique": null, "total_departures_unique": null, "route_short_name_unique": "36" }, "geometry": { "type": "LineString", "coordinates": [ [ -9.33084, 38.72486 ], [ -9.33063, 38.7248 ], [ -9.33035, 38.72465 ] ] } },
{ "type": "Feature", "properties": { "services_sum": 2.3778071334214004, "total_departures_sum": 166, "route_short_name_sum": null, "services_unique": null, "total_departures_unique": null, "route_short_name_unique": "36" }, "geometry": { "type": "LineString", "coordinates": [ [ -9.33038, 38.72341 ], [ -9.33034, 38.72321 ], [ -9.33026, 38.72301 ], [ -9.33014, 38.72282 ], [ -9.32998, 38.72264 ], [ -9.32988, 38.72258 ], [ -9.32924, 38.72208 ], [ -9.32908, 38.72194 ] ] } },
{ "type": "Feature", "properties": { "services_sum": 2.3778071334214004, "total_departures_sum": 166, "route_short_name_sum": null, "services_unique": null, "total_departures_unique": null, "route_short_name_unique": "36" }, "geometry": { "type": "LineString", "coordinates": [ [ -9.32967, 38.69628 ], [ -9.32965, 38.69681 ] ] } },
{ "type": "Feature", "properties": { "services_sum": 2.3778071334214004, "total_departures_sum": 166, "route_short_name_sum": null, "services_unique": null, "total_departures_unique": null, "route_short_name_unique": "36" }, "geometry": { "type": "LineString", "coordinates": [ [ -9.32942, 38.71211 ], [ -9.32893, 38.71245 ], [ -9.32859, 38.71271 ] ] } },
{ "type": "Feature", "properties": { "services_sum": 2.3778071334214004, "total_departures_sum": 166, "route_short_name_sum": null, "services_unique": null, "total_departures_unique": null, "route_short_name_unique": "36" }, "geometry": { "type": "LineString", "coordinates": [ [ -9.32806, 38.72065 ], [ -9.3277, 38.71999 ], [ -9.32754, 38.71974 ], [ -9.32736, 38.71954 ] ] } },
{ "type": "Feature", "properties": { "services_sum": 2.3778071334214004, "total_departures_sum": 166, "route_short_name_sum": null, "services_unique": null, "total_departures_unique": null, "route_short_name_unique": "36" }, "geometry": { "type": "LineString", "coordinates": [ [ -9.32796, 38.71339 ], [ -9.32755, 38.71365 ], [ -9.32727, 38.71387 ], [ -9.32707, 38.71415 ] ] } },
{ "type": "Feature", "properties": { "services_sum": 2.3778071334214004, "total_departures_sum": 166, "route_short_name_sum": null, "services_unique": null, "total_departures_unique": null, "route_short_name_unique": "36" }, "geometry": { "type": "LineString", "coordinates": [ [ -9.3277, 38.70836 ], [ -9.3273, 38.70758 ], [ -9.3271, 38.70735 ] ] } },
{ "type": "Feature", "properties": { "services_sum": 2.3778071334214004, "total_departures_sum": 166, "route_short_name_sum": null, "services_unique": null, "total_departures_unique": null, "route_short_name_unique": "36" }, "geometry": { "type": "LineString", "coordinates": [ [ -9.32742, 38.7012 ], [ -9.327418846706896, 38.70120576646552 ] ] } },
{ "type": "Feature", "properties": { "services_sum": 2.3778071334214004, "total_departures_sum": 166, "route_short_name_sum": null, "services_unique": null, "total_departures_unique": null, "route_short_name_unique": "36" }, "geometry": { "type": "LineString", "coordinates": [ [ -9.32693, 38.7072 ], [ -9.32615, 38.70657 ] ] } },
{ "type": "Feature", "properties": { "services_sum": 2.3778071334214004, "total_departures_sum": 166, "route_short_name_sum": null, "services_unique": null, "total_departures_unique": null, "route_short_name_unique": "36" }, "geometry": { "type": "LineString", "coordinates": [ [ -9.3269, 38.70359 ], [ -9.326898168800346, 38.703598011498485 ] ] } },
{ "type": "Feature", "properties": { "services_sum": 2.3778071334214004, "total_departures_sum": 166, "route_short_name_sum": null, "services_unique": null, "total_departures_unique": null, "route_short_name_unique": "36" }, "geometry": { "type": "LineString", "coordinates": [ [ -9.32681, 38.6999 ], [ -9.32659, 38.69998 ] ] } },
{ "type": "Feature", "properties": { "services_sum": 2.3778071334214004, "total_departures_sum": 166, "route_short_name_sum": null, "services_unique": null, "total_departures_unique": null, "route_short_name_unique": "36" }, "geometry": { "type": "LineString", "coordinates": [ [ -9.32651, 38.70402 ], [ -9.32584, 38.70373 ] ] } },
{ "type": "Feature", "properties": { "services_sum": 2.3778071334214004, "total_departures_sum": 166, "route_short_name_sum": null, "services_unique": null, "total_departures_unique": null, "route_short_name_unique": "36" }, "geometry": { "type": "LineString", "coordinates": [ [ -9.32624, 38.71552 ], [ -9.32619, 38.71585 ], [ -9.32612, 38.71611 ], [ -9.32584, 38.71651 ] ] } },
{ "type": "Feature", "properties": { "services_sum": 2.3778071334214004, "total_departures_sum": 166, "route_short_name_sum": null, "services_unique": null, "total_departures_unique": null, "route_short_name_unique": "36" }, "geometry": { "type": "LineString", "coordinates": [ [ -9.32618, 38.71846 ], [ -9.32597, 38.71836 ], [ -9.32575, 38.71831 ], [ -9.32551, 38.71829 ], [ -9.32525, 38.71832 ], [ -9.32499, 38.71838 ], [ -9.32392, 38.71871 ], [ -9.32376, 38.71871 ], [ -9.32365, 38.71867 ], [ -9.32355, 38.71857 ], [ -9.32352, 38.71846 ], [ -9.32352, 38.71835 ] ] } },
{ "type": "Feature", "properties": { "services_sum": 2.3778071334214004, "total_departures_sum": 166, "route_short_name_sum": null, "services_unique": null, "total_departures_unique": null, "route_short_name_unique": "36" }, "geometry": { "type": "LineString", "coordinates": [ [ -9.32529, 38.70358 ], [ -9.32482, 38.70348 ] ] } },
{ "type": "Feature", "properties": { "services_sum": 2.3778071334214004, "total_departures_sum": 166, "route_short_name_sum": null, "services_unique": null, "total_departures_unique": null, "route_short_name_unique": "36" }, "geometry": { "type": "LineString", "coordinates": [ [ -9.32517, 38.7171 ], [ -9.32469, 38.71738 ], [ -9.32425, 38.71761 ] ] } },
{ "type": "Feature", "properties": { "services_sum": 2.3778071334214004, "total_departures_sum": 166, "route_short_name_sum": null, "services_unique": null, "total_departures_unique": null, "route_short_name_unique": "36" }, "geometry": { "type": "LineString", "coordinates": [ [ -9.32481, 38.70584 ], [ -9.32462, 38.70568 ] ] } },
{ "type": "Feature", "properties": { "services_sum": 2.3778071334214004, "total_departures_sum": 166, "route_short_name_sum": null, "services_unique": null, "total_departures_unique": null, "route_short_name_unique": "36" }, "geometry": { "type": "LineString", "coordinates": [ [ -9.32431, 38.70344 ], [ -9.32422, 38.70347 ] ] } },
{ "type": "Feature", "properties": { "services_sum": 2.1891814216704111, "total_departures_sum": 120, "route_short_name_sum": null, "services_unique": null, "total_departures_unique": null, "route_short_name_unique": "36, 35" }, "geometry": { "type": "LineString", "coordinates": [ [ -9.33959, 38.73868 ], [ -9.3395, 38.73872 ] ] } },
{ "type": "Feature", "properties": { "services_sum": 2.1891814216704111, "total_departures_sum": 120, "route_short_name_sum": null, "services_unique": null, "total_departures_unique": null, "route_short_name_unique": "36, 35" }, "geometry": { "type": "LineString", "coordinates": [ [ -9.33924, 38.73699 ], [ -9.3392, 38.73695 ] ] } },
{ "type": "Feature", "properties": { "services_sum": 2.1891814216704111, "total_departures_sum": 120, "route_short_name_sum": null, "services_unique": null, "total_departures_unique": null, "route_short_name_unique": "36, 35" }, "geometry": { "type": "LineString", "coordinates": [ [ -9.33893, 38.73457 ], [ -9.3388, 38.73431 ] ] } },
{ "type": "Feature", "properties": { "services_sum": 2.1891814216704111, "total_departures_sum": 120, "route_short_name_sum": null, "services_unique": null, "total_departures_unique": null, "route_short_name_unique": "36, 35" }, "geometry": { "type": "LineString", "coordinates": [ [ -9.33527, 38.72834 ], [ -9.33522, 38.72805 ], [ -9.33514, 38.72799 ], [ -9.33509, 38.72792 ], [ -9.33509, 38.72784 ], [ -9.33494, 38.72769 ], [ -9.33489, 38.72765 ] ] } },
{ "type": "Feature", "properties": { "services_sum": 2.1891814216704111, "total_departures_sum": 120, "route_short_name_sum": null, "services_unique": null, "total_departures_unique": null, "route_short_name_unique": "36, 35" }, "geometry": { "type": "LineString", "coordinates": [ [ -9.33478, 38.7275 ], [ -9.33385, 38.72592 ], [ -9.3338, 38.72575 ], [ -9.33376, 38.72559 ], [ -9.33383, 38.72532 ] ] } },
{ "type": "Feature", "properties": { "services_sum": 2.1891814216704111, "total_departures_sum": 120, "route_short_name_sum": null, "services_unique": null, "total_departures_unique": null, "route_short_name_unique": "36, 35" }, "geometry": { "type": "LineString", "coordinates": [ [ -9.33434, 38.69039 ], [ -9.33363, 38.69059 ] ] } },
{ "type": "Feature", "properties": { "services_sum": 2.1891814216704111, "total_departures_sum": 120, "route_short_name_sum": null, "services_unique": null, "total_departures_unique": null, "route_short_name_unique": "36, 35" }, "geometry": { "type": "LineString", "coordinates": [ [ -9.33402, 38.72475 ], [ -9.33414, 38.72432 ], [ -9.33409, 38.72431 ], [ -9.33401, 38.72426 ] ] } },
{ "type": "Feature", "properties": { "services_sum": 2.1891814216704111, "total_departures_sum": 120, "route_short_name_sum": null, "services_unique": null, "total_departures_unique": null, "route_short_name_unique": "35, 36" }, "geometry": { "type": "LineString", "coordinates": [ [ -9.33953, 38.73726 ], [ -9.339294608270473, 38.737044224265318 ], [ -9.33929, 38.73704 ], [ -9.3392, 38.73695 ] ] } },
{ "type": "Feature", "properties": { "services_sum": 2.1891814216704111, "total_departures_sum": 120, "route_short_name_sum": null, "services_unique": null, "total_departures_unique": null, "route_short_name_unique": "35, 36" }, "geometry": { "type": "LineString", "coordinates": [ [ -9.33893, 38.73457 ], [ -9.338661411862743, 38.734092509996607 ], [ -9.33866, 38.73409 ], [ -9.336504235344242, 38.730437176961388 ], [ -9.3365, 38.73043 ], [ -9.33539, 38.72854 ], [ -9.33526, 38.72819 ], [ -9.33525, 38.72804 ], [ -9.33534, 38.72802 ], [ -9.3354, 38.72797 ], [ -9.33543, 38.72791 ], [ -9.33542, 38.72784 ], [ -9.33538, 38.72778 ], [ -9.3353, 38.72775 ], [ -9.33521, 38.72774 ], [ -9.33513, 38.72776 ], [ -9.33495, 38.72771 ], [ -9.33464515236566, 38.727267479293495 ], [ -9.33464, 38.72726 ], [ -9.33385, 38.72592 ], [ -9.33376, 38.72559 ], [ -9.333807454115325, 38.725400183566251 ], [ -9.33381, 38.72539 ], [ -9.33401, 38.72478 ], [ -9.33414, 38.72432 ], [ -9.33418, 38.72432 ], [ -9.33426, 38.72429 ] ] } },
{ "type": "Feature", "properties": { "services_sum": 2.1891814216704111, "total_departures_sum": 120, "route_short_name_sum": null, "services_unique": null, "total_departures_unique": null, "route_short_name_unique": "35, 36" }, "geometry": { "type": "LineString", "coordinates": [ [ -9.335322626392692, 38.687273230991174 ], [ -9.333, 38.68701 ] ] } },
{ "type": "Feature", "properties": { "services_sum": 2.1891814216704111, "total_departures_sum": 120, "route_short_name_sum": null, "services_unique": null, "total_departures_unique": null, "route_short_name_unique": "35, 36" }, "geometry": { "type": "LineString", "coordinates": [ [ -9.33419, 38.72408 ], [ -9.33415, 38.72408 ], [ -9.33406, 38.7241 ] ] } },
{ "type": "Feature", "properties": { "services_sum": 3.3324014915338598, "total_departures_sum": 195, "route_short_name_sum": null, "services_unique": null, "total_departures_unique": null, "route_short_name_unique": "31, 36, 35" }, "geometry": { "type": "LineString", "coordinates": [ [ -9.33747, 38.68749 ], [ -9.33776, 38.68746 ], [ -9.33784, 38.68747 ], [ -9.33792, 38.6875 ], [ -9.33797, 38.68749 ], [ -9.33801, 38.68748 ], [ -9.33807, 38.68742 ], [ -9.33808, 38.68735 ], [ -9.33805, 38.68731 ], [ -9.33796, 38.68727 ], [ -9.33787, 38.68728 ], [ -9.33771, 38.68736 ], [ -9.33761, 38.68739 ], [ -9.33284, 38.68687 ], [ -9.33281, 38.68684 ], [ -9.33273, 38.68681 ], [ -9.33264, 38.68682 ], [ -9.3326, 38.68684 ], [ -9.33245, 38.68681 ], [ -9.33234, 38.68675 ], [ -9.33225, 38.68667 ], [ -9.33217, 38.68656 ], [ -9.33206, 38.68619 ], [ -9.33197, 38.68605 ], [ -9.33184, 38.68594 ], [ -9.33153, 38.68576 ], [ -9.33151, 38.68572 ], [ -9.33143, 38.68567 ], [ -9.33139, 38.68565 ], [ -9.33124, 38.68565 ], [ -9.33115, 38.68569 ], [ -9.33109, 38.68575 ], [ -9.33107, 38.68582 ], [ -9.3311, 38.68591 ], [ -9.33118, 38.68598 ], [ -9.33122, 38.68606 ], [ -9.33126, 38.68621 ] ] } },
{ "type": "Feature", "properties": { "services_sum": 3.3324014915338598, "total_departures_sum": 195, "route_short_name_sum": null, "services_unique": null, "total_departures_unique": null, "route_short_name_unique": "31, 36, 35" }, "geometry": { "type": "LineString", "coordinates": [ [ -9.33672, 38.69049 ], [ -9.3367, 38.69042 ], [ -9.33652, 38.69029 ] ] } },
{ "type": "Feature", "properties": { "services_sum": 3.3324014915338598, "total_departures_sum": 195, "route_short_name_sum": null, "services_unique": null, "total_departures_unique": null, "route_short_name_unique": "31, 36, 35" }, "geometry": { "type": "LineString", "coordinates": [ [ -9.33363, 38.69059 ], [ -9.33362, 38.69064 ], [ -9.3336, 38.69066 ], [ -9.33355, 38.69067 ], [ -9.3335, 38.69065 ], [ -9.33299, 38.69079 ] ] } },
{ "type": "Feature", "properties": { "services_sum": 3.3324014915338598, "total_departures_sum": 195, "route_short_name_sum": null, "services_unique": null, "total_departures_unique": null, "route_short_name_unique": "31, 36, 35" }, "geometry": { "type": "LineString", "coordinates": [ [ -9.33284, 38.69087 ], [ -9.33219, 38.69131 ], [ -9.33206, 38.69143 ], [ -9.332, 38.69145 ], [ -9.3319, 38.69146 ], [ -9.33184, 38.69144 ], [ -9.33175, 38.69138 ], [ -9.33172, 38.69134 ], [ -9.33171, 38.69125 ], [ -9.33173, 38.69121 ], [ -9.33177, 38.69108 ], [ -9.33176, 38.69101 ], [ -9.33147, 38.69002 ], [ -9.33131, 38.68942 ], [ -9.33127, 38.68908 ] ] } },
{ "type": "Feature", "properties": { "services_sum": 4.1744982527461039, "total_departures_sum": 225, "route_short_name_sum": null, "services_unique": null, "total_departures_unique": null, "route_short_name_unique": "22, 31, 36" }, "geometry": { "type": "LineString", "coordinates": [ [ -9.33652, 38.69029 ], [ -9.33688, 38.69035 ], [ -9.33694, 38.69041 ], [ -9.33694, 38.69045 ], [ -9.33689, 38.69052 ], [ -9.33673, 38.69074 ] ] } },
{ "type": "Feature", "properties": { "services_sum": 4.1744982527461039, "total_departures_sum": 225, "route_short_name_sum": null, "services_unique": null, "total_departures_unique": null, "route_short_name_unique": "22, 31, 36" }, "geometry": { "type": "LineString", "coordinates": [ [ -9.33624, 38.69267 ], [ -9.33596, 38.69304 ], [ -9.33596, 38.69311 ] ] } },
{ "type": "Feature", "properties": { "services_sum": 2.3321236365741491, "total_departures_sum": 158, "route_short_name_sum": null, "services_unique": null, "total_departures_unique": null, "route_short_name_unique": "31, 36" }, "geometry": { "type": "LineString", "coordinates": [ [ -9.33672, 38.69049 ], [ -9.33672, 38.69097 ] ] } },
{ "type": "Feature", "properties": { "services_sum": 2.3321236365741491, "total_departures_sum": 158, "route_short_name_sum": null, "services_unique": null, "total_departures_unique": null, "route_short_name_unique": "31, 36" }, "geometry": { "type": "LineString", "coordinates": [ [ -9.33624, 38.69267 ], [ -9.33591, 38.6931 ] ] } },
{ "type": "Feature", "properties": { "services_sum": 8.5071775992396752, "total_departures_sum": 457, "route_short_name_sum": null, "services_unique": null, "total_departures_unique": null, "route_short_name_unique": "31, 22, 35, 36" }, "geometry": { "type": "LineString", "coordinates": [ [ -9.33652, 38.69029 ], [ -9.33605, 38.6902 ], [ -9.33574, 38.6902 ] ] } },
{ "type": "Feature", "properties": { "services_sum": 8.5071775992396752, "total_departures_sum": 457, "route_short_name_sum": null, "services_unique": null, "total_departures_unique": null, "route_short_name_unique": "31, 22, 35, 36" }, "geometry": { "type": "LineString", "coordinates": [ [ -9.33299, 38.69079 ], [ -9.33284, 38.69087 ] ] } },
{ "type": "Feature", "properties": { "services_sum": 5.1747761077058145, "total_departures_sum": 262, "route_short_name_sum": null, "services_unique": null, "total_departures_unique": null, "route_short_name_unique": "22, 31, 35, 36" }, "geometry": { "type": "LineString", "coordinates": [ [ -9.33363, 38.69059 ], [ -9.33358, 38.69056 ], [ -9.3335, 38.69057 ], [ -9.33344, 38.69062 ], [ -9.33313, 38.69072 ], [ -9.33301, 38.69077 ], [ -9.33299, 38.69079 ] ] } },
{ "type": "Feature", "properties": { "services_sum": 5.1747761077058145, "total_departures_sum": 262, "route_short_name_sum": null, "services_unique": null, "total_departures_unique": null, "route_short_name_unique": "22, 31, 35, 36" }, "geometry": { "type": "LineString", "coordinates": [ [ -9.333, 38.68701 ], [ -9.33282, 38.687 ], [ -9.33276, 38.68703 ], [ -9.33267, 38.68704 ], [ -9.33258, 38.68699 ], [ -9.3324, 38.68694 ], [ -9.3322, 38.68684 ], [ -9.33209, 38.68672 ], [ -9.33202, 38.68661 ], [ -9.33189, 38.68616 ], [ -9.33184, 38.68607 ], [ -9.33176, 38.686 ], [ -9.33168, 38.68596 ], [ -9.33149, 38.68594 ], [ -9.3314, 38.68599 ], [ -9.33136, 38.68611 ] ] } },
{ "type": "Feature", "properties": { "services_sum": 5.1747761077058145, "total_departures_sum": 262, "route_short_name_sum": null, "services_unique": null, "total_departures_unique": null, "route_short_name_unique": "22, 31, 35, 36" }, "geometry": { "type": "LineString", "coordinates": [ [ -9.33284, 38.69087 ], [ -9.33244, 38.69113 ], [ -9.33224, 38.69117 ], [ -9.33203, 38.69113 ], [ -9.33189, 38.69103 ], [ -9.33183, 38.69091 ] ] } }
]
}
