{
"type": "FeatureCollection",
"name": "MobiCascais_2300_shapes_aggregated",
"crs": { "type": "name", "properties": { "name": "urn:ogc:def:crs:OGC:1.3:CRS84" } },
"features": [
{ "type": "Feature", "properties": { "services_sum": 4.0011114198388444, "total_departures_sum": 188, "route_short_name_sum": null, "services_unique": null, "total_departures_unique": null, "route_short_name_unique": "2, 14" }, "geometry": { "type": "LineString", "coordinates": [ [ -9.44185, 38.70619 ], [ -9.44158, 38.70626 ], [ -9.44139, 38.70629 ] ] } },
{ "type": "Feature", "properties": { "services_sum": 2.026211169294279, "total_departures_sum": 44, "route_short_name_sum": null, "services_unique": null, "total_departures_unique": null, "route_short_name_unique": "14, 3" }, "geometry": { "type": "LineString", "coordinates": [ [ -9.44158, 38.70625 ], [ -9.44142, 38.70627 ] ] } },
{ "type": "Feature", "properties": { "services_sum": 2.0005557099194222, "total_departures_sum": 49, "route_short_name_sum": null, "services_unique": null, "total_departures_unique": null, "route_short_name_unique": "2, 14" }, "geometry": { "type": "LineString", "coordinates": [ [ -9.43731, 38.70022 ], [ -9.43718, 38.7002 ] ] } },
{ "type": "Feature", "properties": { "services_sum": 5.0270447341734128, "total_departures_sum": 402, "route_short_name_sum": null, "services_unique": null, "total_departures_unique": null, "route_short_name_unique": "2, 3, 14, 22" }, "geometry": { "type": "LineString", "coordinates": [ [ -9.43288, 38.70659 ], [ -9.43269, 38.70632 ] ] } },
{ "type": "Feature", "properties": { "services_sum": 4.0011114198388444, "total_departures_sum": 360, "route_short_name_sum": null, "services_unique": null, "total_departures_unique": null, "route_short_name_unique": "2, 14, 22" }, "geometry": { "type": "LineString", "coordinates": [ [ -9.43174, 38.7053 ], [ -9.43114, 38.70488 ] ] } },
{ "type": "Feature", "properties": { "services_sum": 5.0013892747985551, "total_departures_sum": 362, "route_short_name_sum": null, "services_unique": null, "total_departures_unique": null, "route_short_name_unique": "2, 14, 22" }, "geometry": { "type": "LineString", "coordinates": [ [ -9.42332, 38.7014 ], [ -9.42297, 38.70141 ], [ -9.42261, 38.7014 ] ] } },
{ "type": "Feature", "properties": { "services_sum": 2.0005557099194222, "total_departures_sum": 94, "route_short_name_sum": null, "services_unique": null, "total_departures_unique": null, "route_short_name_unique": "14, 6" }, "geometry": { "type": "LineString", "coordinates": [ [ -9.41896, 38.70349 ], [ -9.41895, 38.7035 ] ] } },
{ "type": "Feature", "properties": { "services_sum": 4.0011114198388444, "total_departures_sum": 271, "route_short_name_sum": null, "services_unique": null, "total_departures_unique": null, "route_short_name_unique": "6, 7, 11, 13" }, "geometry": { "type": "LineString", "coordinates": [ [ -9.4185, 38.70751 ], [ -9.41844, 38.70753 ] ] } },
{ "type": "Feature", "properties": { "services_sum": 5.0013892747985551, "total_departures_sum": 267, "route_short_name_sum": null, "services_unique": null, "total_departures_unique": null, "route_short_name_unique": "6, 7, 11" }, "geometry": { "type": "LineString", "coordinates": [ [ -9.41823, 38.70774 ], [ -9.41813, 38.70795 ] ] } },
{ "type": "Feature", "properties": { "services_sum": 3.0008335648791333, "total_departures_sum": 204, "route_short_name_sum": null, "services_unique": null, "total_departures_unique": null, "route_short_name_unique": "6, 11, 13" }, "geometry": { "type": "LineString", "coordinates": [ [ -9.41822, 38.72009 ], [ -9.41819, 38.72007 ], [ -9.41811, 38.72004 ] ] } },
{ "type": "Feature", "properties": { "services_sum": 5.0527001935482696, "total_departures_sum": 227, "route_short_name_sum": null, "services_unique": null, "total_departures_unique": null, "route_short_name_unique": "31, 3, 1" }, "geometry": { "type": "LineString", "coordinates": [ [ -9.41822, 38.72894 ], [ -9.41807, 38.72894 ], [ -9.41795, 38.72887 ], [ -9.4179, 38.72877 ] ] } },
{ "type": "Feature", "properties": { "services_sum": 6.0016671297582667, "total_departures_sum": 414, "route_short_name_sum": null, "services_unique": null, "total_departures_unique": null, "route_short_name_unique": "14, 7, 6, 13, 22" }, "geometry": { "type": "LineString", "coordinates": [ [ -9.41819, 38.70347 ], [ -9.41803, 38.7034 ] ] } },
{ "type": "Feature", "properties": { "services_sum": 3.0008335648791333, "total_departures_sum": 133, "route_short_name_sum": null, "services_unique": null, "total_departures_unique": null, "route_short_name_unique": "6, 11" }, "geometry": { "type": "LineString", "coordinates": [ [ -9.41809, 38.71581 ], [ -9.41804, 38.71562 ], [ -9.41796, 38.71544 ], [ -9.41771, 38.71509 ] ] } },
{ "type": "Feature", "properties": { "services_sum": 4.0011114198388444, "total_departures_sum": 322, "route_short_name_sum": null, "services_unique": null, "total_departures_unique": null, "route_short_name_unique": "13, 6, 11" }, "geometry": { "type": "LineString", "coordinates": [ [ -9.41803, 38.72035 ], [ -9.4179, 38.72078 ], [ -9.41783, 38.7209 ], [ -9.41768, 38.72104 ], [ -9.41756, 38.72124 ] ] } },
{ "type": "Feature", "properties": { "services_sum": 3.0008335648791333, "total_departures_sum": 227, "route_short_name_sum": null, "services_unique": null, "total_departures_unique": null, "route_short_name_unique": "6, 14, 22" }, "geometry": { "type": "LineString", "coordinates": [ [ -9.4178, 38.70155 ], [ -9.41771, 38.70156 ], [ -9.41769, 38.70186 ] ] } },
{ "type": "Feature", "properties": { "services_sum": 4.0011114198388444, "total_departures_sum": 228, "route_short_name_sum": null, "services_unique": null, "total_departures_unique": null, "route_short_name_unique": "6, 7" }, "geometry": { "type": "LineString", "coordinates": [ [ -9.41542, 38.71029 ], [ -9.4151, 38.71098 ] ] } },
{ "type": "Feature", "properties": { "services_sum": 4.0267668792137012, "total_departures_sum": 279, "route_short_name_sum": null, "services_unique": null, "total_departures_unique": null, "route_short_name_unique": "31, 3, 1, 22" }, "geometry": { "type": "LineString", "coordinates": [ [ -9.4143, 38.72873 ], [ -9.41409, 38.72888 ], [ -9.41396, 38.72892 ], [ -9.41369, 38.72895 ], [ -9.41331, 38.72898 ], [ -9.41284, 38.72899 ], [ -9.41197, 38.72895 ] ] } },
{ "type": "Feature", "properties": { "services_sum": 3.0008335648791333, "total_departures_sum": 204, "route_short_name_sum": null, "services_unique": null, "total_departures_unique": null, "route_short_name_unique": "13, 6, 1" }, "geometry": { "type": "LineString", "coordinates": [ [ -9.41219, 38.72631 ], [ -9.41205, 38.72627 ] ] } },
{ "type": "Feature", "properties": { "services_sum": 6.0016671297582667, "total_departures_sum": 408, "route_short_name_sum": null, "services_unique": null, "total_departures_unique": null, "route_short_name_unique": "13, 6, 11, 1" }, "geometry": { "type": "LineString", "coordinates": [ [ -9.4113, 38.72372 ], [ -9.41115, 38.72312 ] ] } },
{ "type": "Feature", "properties": { "services_sum": 4.0011114198388444, "total_departures_sum": 269, "route_short_name_sum": null, "services_unique": null, "total_departures_unique": null, "route_short_name_unique": "31, 13, 6, 11" }, "geometry": { "type": "LineString", "coordinates": [ [ -9.41123, 38.72902 ], [ -9.41114, 38.72911 ], [ -9.41108, 38.7292 ] ] } },
{ "type": "Feature", "properties": { "services_sum": 3.0008335648791333, "total_departures_sum": 290, "route_short_name_sum": null, "services_unique": null, "total_departures_unique": null, "route_short_name_unique": "13, 11, 22" }, "geometry": { "type": "LineString", "coordinates": [ [ -9.41098, 38.73022 ], [ -9.41094, 38.73036 ], [ -9.41043, 38.73184 ] ] } },
{ "type": "Feature", "properties": { "services_sum": 3.0008335648791333, "total_departures_sum": 145, "route_short_name_sum": null, "services_unique": null, "total_departures_unique": null, "route_short_name_unique": "7, 1" }, "geometry": { "type": "LineString", "coordinates": [ [ -9.40996, 38.72303 ], [ -9.40991, 38.72309 ], [ -9.40975, 38.72321 ], [ -9.40942, 38.72337 ], [ -9.40928, 38.7234 ], [ -9.40913, 38.72337 ] ] } },
{ "type": "Feature", "properties": { "services_sum": 3.0008335648791333, "total_departures_sum": 301, "route_short_name_sum": null, "services_unique": null, "total_departures_unique": null, "route_short_name_unique": "13, 31" }, "geometry": { "type": "LineString", "coordinates": [ [ -9.40986, 38.73314 ], [ -9.40975, 38.73309 ], [ -9.40955, 38.73296 ], [ -9.40941, 38.73291 ] ] } },
{ "type": "Feature", "properties": { "services_sum": 7.0019449847179782, "total_departures_sum": 585, "route_short_name_sum": null, "services_unique": null, "total_departures_unique": null, "route_short_name_unique": "31, 13, 11, 6, 22" }, "geometry": { "type": "LineString", "coordinates": [ [ -9.40927, 38.73262 ], [ -9.40919, 38.73243 ], [ -9.40905, 38.73221 ], [ -9.4089, 38.73208 ], [ -9.40884, 38.73199 ], [ -9.40881, 38.73191 ] ] } },
{ "type": "Feature", "properties": { "services_sum": 4.0011114198388444, "total_departures_sum": 381, "route_short_name_sum": null, "services_unique": null, "total_departures_unique": null, "route_short_name_unique": "31, 13, 22" }, "geometry": { "type": "LineString", "coordinates": [ [ -9.40858, 38.73156 ], [ -9.40847, 38.73143 ] ] } },
{ "type": "Feature", "properties": { "services_sum": 6.0016671297582667, "total_departures_sum": 538, "route_short_name_sum": null, "services_unique": null, "total_departures_unique": null, "route_short_name_unique": "13, 31, 11, 22" }, "geometry": { "type": "LineString", "coordinates": [ [ -9.40847, 38.73143 ], [ -9.40826, 38.73122 ], [ -9.40801, 38.73103 ] ] } },
{ "type": "Feature", "properties": { "services_sum": 5.0013892747985551, "total_departures_sum": 405, "route_short_name_sum": null, "services_unique": null, "total_departures_unique": null, "route_short_name_unique": "31, 13, 11" }, "geometry": { "type": "LineString", "coordinates": [ [ -9.40801, 38.73103 ], [ -9.40697, 38.73147 ], [ -9.40676, 38.7315 ], [ -9.4065, 38.7315 ], [ -9.40621, 38.73144 ], [ -9.40601, 38.73136 ] ] } },
{ "type": "Feature", "properties": { "services_sum": 2.0005557099194222, "total_departures_sum": 106, "route_short_name_sum": null, "services_unique": null, "total_departures_unique": null, "route_short_name_unique": "7, 1" }, "geometry": { "type": "LineString", "coordinates": [ [ -9.40675, 38.71942 ], [ -9.40676, 38.71924 ], [ -9.40674, 38.7192 ] ] } },
{ "type": "Feature", "properties": { "services_sum": 4.0011114198388444, "total_departures_sum": 212, "route_short_name_sum": null, "services_unique": null, "total_departures_unique": null, "route_short_name_unique": "7, 1" }, "geometry": { "type": "LineString", "coordinates": [ [ -9.40674, 38.7189 ], [ -9.40667, 38.71858 ] ] } },
{ "type": "Feature", "properties": { "services_sum": 3.0008335648791333, "total_departures_sum": 173, "route_short_name_sum": null, "services_unique": null, "total_departures_unique": null, "route_short_name_unique": "7, 1" }, "geometry": { "type": "LineString", "coordinates": [ [ -9.40462, 38.71056 ], [ -9.40459, 38.71046 ] ] } },
{ "type": "Feature", "properties": { "services_sum": 3.0264890242539906, "total_departures_sum": 222, "route_short_name_sum": null, "services_unique": null, "total_departures_unique": null, "route_short_name_unique": "3, 6, 22" }, "geometry": { "type": "LineString", "coordinates": [ [ -9.40377, 38.73803 ], [ -9.40372, 38.73805 ], [ -9.40368, 38.7381 ], [ -9.40365, 38.73822 ], [ -9.4036, 38.73831 ] ] } },
{ "type": "Feature", "properties": { "services_sum": 4.0267668792137012, "total_departures_sum": 264, "route_short_name_sum": null, "services_unique": null, "total_departures_unique": null, "route_short_name_unique": "31, 13, 3, 11" }, "geometry": { "type": "LineString", "coordinates": [ [ -9.40267, 38.73155 ], [ -9.40223, 38.73173 ] ] } },
{ "type": "Feature", "properties": { "services_sum": 3.0008335648791333, "total_departures_sum": 219, "route_short_name_sum": null, "services_unique": null, "total_departures_unique": null, "route_short_name_unique": "1, 6, 22" }, "geometry": { "type": "LineString", "coordinates": [ [ -9.40247, 38.73887 ], [ -9.40189, 38.73898 ] ] } },
{ "type": "Feature", "properties": { "services_sum": 3.0264890242539906, "total_departures_sum": 225, "route_short_name_sum": null, "services_unique": null, "total_departures_unique": null, "route_short_name_unique": "31, 3, 13" }, "geometry": { "type": "LineString", "coordinates": [ [ -9.40189, 38.73185 ], [ -9.40035, 38.7321 ] ] } },
{ "type": "Feature", "properties": { "services_sum": 3.0264890242539906, "total_departures_sum": 225, "route_short_name_sum": null, "services_unique": null, "total_departures_unique": null, "route_short_name_unique": "31, 13, 3" }, "geometry": { "type": "LineString", "coordinates": [ [ -9.40103, 38.732 ], [ -9.39985, 38.73218 ] ] } },
{ "type": "Feature", "properties": { "services_sum": 4.052422338588558, "total_departures_sum": 267, "route_short_name_sum": null, "services_unique": null, "total_departures_unique": null, "route_short_name_unique": "31, 3, 13" }, "geometry": { "type": "LineString", "coordinates": [ [ -9.39764, 38.73317 ], [ -9.39742, 38.73318 ] ] } },
{ "type": "Feature", "properties": { "services_sum": 2.026211169294279, "total_departures_sum": 160, "route_short_name_sum": null, "services_unique": null, "total_departures_unique": null, "route_short_name_unique": "3, 13" }, "geometry": { "type": "LineString", "coordinates": [ [ -9.39742, 38.73318 ], [ -9.39721, 38.73309 ], [ -9.39716, 38.73305 ], [ -9.39706, 38.73304 ] ] } },
{ "type": "Feature", "properties": { "services_sum": 3.0002778549597111, "total_departures_sum": 85, "route_short_name_sum": null, "services_unique": null, "total_departures_unique": null, "route_short_name_unique": "11, 29" }, "geometry": { "type": "LineString", "coordinates": [ [ -9.39728, 38.73218 ], [ -9.39714, 38.73277 ], [ -9.39706, 38.73299 ], [ -9.39702, 38.73306 ] ] } },
{ "type": "Feature", "properties": { "services_sum": 3.0264890242539906, "total_departures_sum": 146, "route_short_name_sum": null, "services_unique": null, "total_departures_unique": null, "route_short_name_unique": "31, 3, 1" }, "geometry": { "type": "LineString", "coordinates": [ [ -9.39719, 38.73323 ], [ -9.39716, 38.73325 ], [ -9.39703, 38.7334 ] ] } },
{ "type": "Feature", "properties": { "services_sum": 3.0008335648791333, "total_departures_sum": 204, "route_short_name_sum": null, "services_unique": null, "total_departures_unique": null, "route_short_name_unique": "13, 11, 6" }, "geometry": { "type": "LineString", "coordinates": [ [ -9.39709, 38.73327 ], [ -9.39702, 38.73325 ], [ -9.39696, 38.73321 ] ] } },
{ "type": "Feature", "properties": { "services_sum": 4.052422338588558, "total_departures_sum": 188, "route_short_name_sum": null, "services_unique": null, "total_departures_unique": null, "route_short_name_unique": "31, 3, 1" }, "geometry": { "type": "LineString", "coordinates": [ [ -9.39703, 38.7334 ], [ -9.39679, 38.73429 ] ] } },
{ "type": "Feature", "properties": { "services_sum": 4.0005557099194222, "total_departures_sum": 150, "route_short_name_sum": null, "services_unique": null, "total_departures_unique": null, "route_short_name_unique": "31, 11, 29" }, "geometry": { "type": "LineString", "coordinates": [ [ -9.39702, 38.73306 ], [ -9.39696, 38.7331 ], [ -9.39694, 38.73316 ] ] } },
{ "type": "Feature", "properties": { "services_sum": 3.0008335648791333, "total_departures_sum": 181, "route_short_name_sum": null, "services_unique": null, "total_departures_unique": null, "route_short_name_unique": "7, 6" }, "geometry": { "type": "LineString", "coordinates": [ [ -9.39564, 38.71299 ], [ -9.39536, 38.71247 ], [ -9.39561, 38.71134 ] ] } },
{ "type": "Feature", "properties": { "services_sum": 4.0005557099194222, "total_departures_sum": 244, "route_short_name_sum": null, "services_unique": null, "total_departures_unique": null, "route_short_name_unique": "31, 22, 29" }, "geometry": { "type": "LineString", "coordinates": [ [ -9.39537, 38.73716 ], [ -9.39529, 38.73716 ], [ -9.3952, 38.73718 ] ] } },
{ "type": "Feature", "properties": { "services_sum": 2.0005557099194222, "total_departures_sum": 185, "route_short_name_sum": null, "services_unique": null, "total_departures_unique": null, "route_short_name_unique": "7, 13" }, "geometry": { "type": "LineString", "coordinates": [ [ -9.39535, 38.70531 ], [ -9.39527, 38.70528 ], [ -9.39526, 38.70525 ], [ -9.39527, 38.70521 ], [ -9.39502, 38.7051 ], [ -9.39475, 38.70488 ], [ -9.39436, 38.70451 ], [ -9.39424, 38.70449 ] ] } },
{ "type": "Feature", "properties": { "services_sum": 4.052422338588558, "total_departures_sum": 350, "route_short_name_sum": null, "services_unique": null, "total_departures_unique": null, "route_short_name_unique": "3, 22" }, "geometry": { "type": "LineString", "coordinates": [ [ -9.3952, 38.73718 ], [ -9.39514, 38.73723 ] ] } },
{ "type": "Feature", "properties": { "services_sum": 3.0521444836288474, "total_departures_sum": 217, "route_short_name_sum": null, "services_unique": null, "total_departures_unique": null, "route_short_name_unique": "3, 22" }, "geometry": { "type": "LineString", "coordinates": [ [ -9.39514, 38.73723 ], [ -9.39511, 38.73727 ] ] } },
{ "type": "Feature", "properties": { "services_sum": 3.0008335648791333, "total_departures_sum": 263, "route_short_name_sum": null, "services_unique": null, "total_departures_unique": null, "route_short_name_unique": "31, 22" }, "geometry": { "type": "LineString", "coordinates": [ [ -9.39449, 38.73829 ], [ -9.39422, 38.73848 ], [ -9.39363, 38.73883 ] ] } },
{ "type": "Feature", "properties": { "services_sum": 6.334722608131889, "total_departures_sum": 442, "route_short_name_sum": null, "services_unique": null, "total_departures_unique": null, "route_short_name_unique": "23, 13, 6, 7, 11, 1" }, "geometry": { "type": "LineString", "coordinates": [ [ -9.39446, 38.70342 ], [ -9.39433, 38.70355 ] ] } },
{ "type": "Feature", "properties": { "services_sum": 3.0008335648791333, "total_departures_sum": 159, "route_short_name_sum": null, "services_unique": null, "total_departures_unique": null, "route_short_name_unique": "31, 6" }, "geometry": { "type": "LineString", "coordinates": [ [ -9.39218, 38.73955 ], [ -9.39174, 38.73917 ], [ -9.39151, 38.73902 ], [ -9.39131, 38.73895 ], [ -9.39105, 38.7389 ], [ -9.39074, 38.73873 ] ] } },
{ "type": "Feature", "properties": { "services_sum": 4.6672223765860892, "total_departures_sum": 342, "route_short_name_sum": null, "services_unique": null, "total_departures_unique": null, "route_short_name_unique": "23, 1" }, "geometry": { "type": "LineString", "coordinates": [ [ -9.39109, 38.70338 ], [ -9.39098, 38.70339 ], [ -9.39029, 38.704 ], [ -9.38987, 38.70393 ], [ -9.38915, 38.70398 ], [ -9.389, 38.704 ] ] } },
{ "type": "Feature", "properties": { "services_sum": 3.0008335648791333, "total_departures_sum": 230, "route_short_name_sum": null, "services_unique": null, "total_departures_unique": null, "route_short_name_unique": "31, 13, 6" }, "geometry": { "type": "LineString", "coordinates": [ [ -9.38863, 38.73522 ], [ -9.38847, 38.73523 ], [ -9.38835, 38.73521 ] ] } },
{ "type": "Feature", "properties": { "services_sum": 3.0008335648791333, "total_departures_sum": 227, "route_short_name_sum": null, "services_unique": null, "total_departures_unique": null, "route_short_name_unique": "6, 22" }, "geometry": { "type": "LineString", "coordinates": [ [ -9.38771, 38.74093 ], [ -9.38738, 38.74108 ], [ -9.38722, 38.74113 ], [ -9.38704, 38.74116 ], [ -9.38684, 38.74116 ], [ -9.38624, 38.74107 ], [ -9.38601, 38.74105 ], [ -9.38572, 38.74108 ], [ -9.38557, 38.74113 ], [ -9.38532, 38.74124 ], [ -9.38517, 38.74133 ] ] } },
{ "type": "Feature", "properties": { "services_sum": 3.0002778549597111, "total_departures_sum": 85, "route_short_name_sum": null, "services_unique": null, "total_departures_unique": null, "route_short_name_unique": "1, 29" }, "geometry": { "type": "LineString", "coordinates": [ [ -9.38559, 38.70452 ], [ -9.38535, 38.70445 ] ] } },
{ "type": "Feature", "properties": { "services_sum": 3.0002778549597111, "total_departures_sum": 164, "route_short_name_sum": null, "services_unique": null, "total_departures_unique": null, "route_short_name_unique": "29, 13" }, "geometry": { "type": "LineString", "coordinates": [ [ -9.38487, 38.70328 ], [ -9.38374, 38.7035 ], [ -9.38374, 38.70358 ], [ -9.38366, 38.70364 ] ] } },
{ "type": "Feature", "properties": { "services_sum": 3.0008335648791333, "total_departures_sum": 248, "route_short_name_sum": null, "services_unique": null, "total_departures_unique": null, "route_short_name_unique": "31, 13" }, "geometry": { "type": "LineString", "coordinates": [ [ -9.38372, 38.72968 ], [ -9.38367, 38.72978 ] ] } },
{ "type": "Feature", "properties": { "services_sum": 6.6677780865055105, "total_departures_sum": 630, "route_short_name_sum": null, "services_unique": null, "total_departures_unique": null, "route_short_name_unique": "31, 23, 13" }, "geometry": { "type": "LineString", "coordinates": [ [ -9.37393, 38.71075 ], [ -9.37391, 38.7107 ], [ -9.37366, 38.71017 ] ] } },
{ "type": "Feature", "properties": { "services_sum": 3.0008335648791333, "total_departures_sum": 384, "route_short_name_sum": null, "services_unique": null, "total_departures_unique": null, "route_short_name_unique": "13, 22" }, "geometry": { "type": "LineString", "coordinates": [ [ -9.36998, 38.73786 ], [ -9.36973, 38.73774 ], [ -9.36914, 38.73738 ] ] } },
{ "type": "Feature", "properties": { "services_sum": 3.3442793522458798, "total_departures_sum": 247, "route_short_name_sum": null, "services_unique": null, "total_departures_unique": null, "route_short_name_unique": "23, 31, 26" }, "geometry": { "type": "LineString", "coordinates": [ [ -9.36226, 38.71078 ], [ -9.36219, 38.71078 ] ] } },
{ "type": "Feature", "properties": { "services_sum": 3.3442793522458798, "total_departures_sum": 247, "route_short_name_sum": null, "services_unique": null, "total_departures_unique": null, "route_short_name_unique": "31, 26, 23" }, "geometry": { "type": "LineString", "coordinates": [ [ -9.36226, 38.71088 ], [ -9.3622, 38.71089 ] ] } },
{ "type": "Feature", "properties": { "services_sum": 3.021614182865382, "total_departures_sum": 150, "route_short_name_sum": null, "services_unique": null, "total_departures_unique": null, "route_short_name_unique": "26, 30" }, "geometry": { "type": "LineString", "coordinates": [ [ -9.3593, 38.69102 ], [ -9.35922, 38.69146 ] ] } },
{ "type": "Feature", "properties": { "services_sum": 3.0112238738722574, "total_departures_sum": 165, "route_short_name_sum": null, "services_unique": null, "total_departures_unique": null, "route_short_name_unique": "31, 30, 26" }, "geometry": { "type": "LineString", "coordinates": [ [ -9.35552, 38.70328 ], [ -9.35547, 38.70329 ], [ -9.35541, 38.70334 ] ] } },
{ "type": "Feature", "properties": { "services_sum": 4.011501728831969, "total_departures_sum": 230, "route_short_name_sum": null, "services_unique": null, "total_departures_unique": null, "route_short_name_unique": "31, 26, 30" }, "geometry": { "type": "LineString", "coordinates": [ [ -9.35525, 38.70117 ], [ -9.35523, 38.70129 ], [ -9.35513, 38.70159 ], [ -9.35493, 38.7021 ] ] } },
{ "type": "Feature", "properties": { "services_sum": 5.0117795837916796, "total_departures_sum": 280, "route_short_name_sum": null, "services_unique": null, "total_departures_unique": null, "route_short_name_unique": "31, 30, 26" }, "geometry": { "type": "LineString", "coordinates": [ [ -9.35502, 38.70666 ], [ -9.35489, 38.70697 ] ] } },
{ "type": "Feature", "properties": { "services_sum": 4.011501728831969, "total_departures_sum": 215, "route_short_name_sum": null, "services_unique": null, "total_departures_unique": null, "route_short_name_unique": "31, 30, 26" }, "geometry": { "type": "LineString", "coordinates": [ [ -9.35458, 38.70754 ], [ -9.35411, 38.70826 ] ] } },
{ "type": "Feature", "properties": { "services_sum": 3.0008335648791333, "total_departures_sum": 180, "route_short_name_sum": null, "services_unique": null, "total_departures_unique": null, "route_short_name_unique": "31, 30" }, "geometry": { "type": "LineString", "coordinates": [ [ -9.35369, 38.69827 ], [ -9.35303, 38.69794 ] ] } },
{ "type": "Feature", "properties": { "services_sum": 3.3546696612390043, "total_departures_sum": 232, "route_short_name_sum": null, "services_unique": null, "total_departures_unique": null, "route_short_name_unique": "23, 26" }, "geometry": { "type": "LineString", "coordinates": [ [ -9.34884, 38.71506 ], [ -9.34875, 38.71512 ], [ -9.34864, 38.7151 ] ] } },
{ "type": "Feature", "properties": { "services_sum": 3.0112238738722574, "total_departures_sum": 316, "route_short_name_sum": null, "services_unique": null, "total_departures_unique": null, "route_short_name_unique": "26, 22" }, "geometry": { "type": "LineString", "coordinates": [ [ -9.34792, 38.71496 ], [ -9.34779, 38.71479 ], [ -9.34762, 38.7145 ], [ -9.34738, 38.71438 ], [ -9.34721, 38.71434 ] ] } },
{ "type": "Feature", "properties": { "services_sum": 4.3445572072055914, "total_departures_sum": 448, "route_short_name_sum": null, "services_unique": null, "total_departures_unique": null, "route_short_name_unique": "23, 26, 22" }, "geometry": { "type": "LineString", "coordinates": [ [ -9.34735, 38.71864 ], [ -9.3473, 38.71851 ] ] } },
{ "type": "Feature", "properties": { "services_sum": 2.0109460189125468, "total_departures_sum": 183, "route_short_name_sum": null, "services_unique": null, "total_departures_unique": null, "route_short_name_unique": "26, 22" }, "geometry": { "type": "LineString", "coordinates": [ [ -9.34672, 38.71447 ], [ -9.3465, 38.71432 ], [ -9.34611, 38.71405 ], [ -9.34597, 38.71403 ], [ -9.34586, 38.71403 ] ] } },
{ "type": "Feature", "properties": { "services_sum": 2.0005557099194222, "total_departures_sum": 183, "route_short_name_sum": null, "services_unique": null, "total_departures_unique": null, "route_short_name_unique": "22, 30" }, "geometry": { "type": "LineString", "coordinates": [ [ -9.34513, 38.71402 ], [ -9.34458, 38.71392 ] ] } },
{ "type": "Feature", "properties": { "services_sum": 4.6672223765860892, "total_departures_sum": 364, "route_short_name_sum": null, "services_unique": null, "total_departures_unique": null, "route_short_name_unique": "23, 30" }, "geometry": { "type": "LineString", "coordinates": [ [ -9.34311, 38.72219 ], [ -9.34281, 38.72239 ], [ -9.34254, 38.72254 ], [ -9.34223, 38.72267 ] ] } },
{ "type": "Feature", "properties": { "services_sum": 4.4671538599708098, "total_departures_sum": 390, "route_short_name_sum": null, "services_unique": null, "total_departures_unique": null, "route_short_name_unique": "35, 22" }, "geometry": { "type": "LineString", "coordinates": [ [ -9.34175, 38.69696 ], [ -9.34171, 38.6961 ] ] } },
{ "type": "Feature", "properties": { "services_sum": 5.0013892747985551, "total_departures_sum": 422, "route_short_name_sum": null, "services_unique": null, "total_departures_unique": null, "route_short_name_unique": "31, 36, 22" }, "geometry": { "type": "LineString", "coordinates": [ [ -9.33667, 38.69199 ], [ -9.3366, 38.69214 ], [ -9.33624, 38.69267 ] ] } },
{ "type": "Feature", "properties": { "services_sum": 2.0005557099194222, "total_departures_sum": 159, "route_short_name_sum": null, "services_unique": null, "total_departures_unique": null, "route_short_name_unique": "36, 22" }, "geometry": { "type": "LineString", "coordinates": [ [ -9.33591, 38.6931 ], [ -9.33561, 38.69396 ] ] } },
{ "type": "Feature", "properties": { "services_sum": 5.1332648167180537, "total_departures_sum": 388, "route_short_name_sum": null, "services_unique": null, "total_departures_unique": null, "route_short_name_unique": "23, 35" }, "geometry": { "type": "LineString", "coordinates": [ [ -9.3354, 38.72399 ], [ -9.33512, 38.72403 ] ] } },
{ "type": "Feature", "properties": { "services_sum": 3.233854784945116, "total_departures_sum": 221, "route_short_name_sum": null, "services_unique": null, "total_departures_unique": null, "route_short_name_unique": "36, 35, 22" }, "geometry": { "type": "LineString", "coordinates": [ [ -9.33434, 38.69039 ], [ -9.33363, 38.69059 ] ] } },
{ "type": "Feature", "properties": { "services_sum": 3.5669102633187384, "total_departures_sum": 220, "route_short_name_sum": null, "services_unique": null, "total_departures_unique": null, "route_short_name_unique": "36, 35, 23" }, "geometry": { "type": "LineString", "coordinates": [ [ -9.33409, 38.72431 ], [ -9.33401, 38.72426 ] ] } },
{ "type": "Feature", "properties": { "services_sum": 2.3336111882930446, "total_departures_sum": 158, "route_short_name_sum": null, "services_unique": null, "total_departures_unique": null, "route_short_name_unique": "23, 36" }, "geometry": { "type": "LineString", "coordinates": [ [ -9.32443, 38.70336 ], [ -9.32431, 38.70344 ], [ -9.32422, 38.70347 ] ] } },
{ "type": "Feature", "properties": { "services_sum": 1.0002778549597111, "total_departures_sum": 47, "route_short_name_sum": null, "services_unique": null, "total_departures_unique": null, "route_short_name_unique": "2" }, "geometry": { "type": "LineString", "coordinates": [ [ -9.44855, 38.75287 ], [ -9.44855, 38.75289 ], [ -9.44826, 38.75297 ], [ -9.44811, 38.75292 ] ] } },
{ "type": "Feature", "properties": { "services_sum": 1.0002778549597111, "total_departures_sum": 47, "route_short_name_sum": null, "services_unique": null, "total_departures_unique": null, "route_short_name_unique": "2" }, "geometry": { "type": "LineString", "coordinates": [ [ -9.44748, 38.7519 ], [ -9.44699, 38.75178 ], [ -9.446987702147135, 38.751779526028301 ], [ -9.44476, 38.75132 ] ] } },
{ "type": "Feature", "properties": { "services_sum": 1.0002778549597111, "total_departures_sum": 47, "route_short_name_sum": null, "services_unique": null, "total_departures_unique": null, "route_short_name_unique": "2" }, "geometry": { "type": "LineString", "coordinates": [ [ -9.44491, 38.73026 ], [ -9.44498, 38.73041 ], [ -9.44508, 38.73049 ], [ -9.44514, 38.73052 ], [ -9.44517, 38.73058 ], [ -9.44515, 38.73062 ], [ -9.4451, 38.73065 ], [ -9.44503, 38.73064 ], [ -9.44498, 38.73058 ], [ -9.444678669005828, 38.730671312470378 ], [ -9.44465, 38.73068 ], [ -9.44436, 38.73077 ] ] } },
{ "type": "Feature", "properties": { "services_sum": 1.0002778549597111, "total_departures_sum": 47, "route_short_name_sum": null, "services_unique": null, "total_departures_unique": null, "route_short_name_unique": "2" }, "geometry": { "type": "LineString", "coordinates": [ [ -9.44478, 38.72979 ], [ -9.44432, 38.72888 ], [ -9.444308959955531, 38.728858110629041 ], [ -9.44374, 38.72773 ] ] } },
{ "type": "Feature", "properties": { "services_sum": 1.0002778549597111, "total_departures_sum": 47, "route_short_name_sum": null, "services_unique": null, "total_departures_unique": null, "route_short_name_unique": "2" }, "geometry": { "type": "LineString", "coordinates": [ [ -9.44455, 38.7513 ], [ -9.44354, 38.75129 ], [ -9.44353590324452, 38.751289980982776 ], [ -9.44139, 38.75128 ], [ -9.44138229219967, 38.751279893732899 ], [ -9.43994, 38.75126 ], [ -9.439913900793419, 38.751260000129399 ], [ -9.43875, 38.75126 ] ] } },
{ "type": "Feature", "properties": { "services_sum": 1.0002778549597111, "total_departures_sum": 47, "route_short_name_sum": null, "services_unique": null, "total_departures_unique": null, "route_short_name_unique": "2" }, "geometry": { "type": "LineString", "coordinates": [ [ -9.44361, 38.72661 ], [ -9.44345, 38.72596 ], [ -9.44346, 38.7257 ], [ -9.4435, 38.72564 ], [ -9.44352, 38.7256 ], [ -9.4435, 38.72551 ], [ -9.44339, 38.72544 ], [ -9.44331, 38.72535 ], [ -9.44324, 38.72518 ], [ -9.44311, 38.72473 ], [ -9.443102203165603, 38.724704010729148 ], [ -9.44296, 38.72423 ], [ -9.44248, 38.72341 ], [ -9.442464717136962, 38.723385984104823 ], [ -9.44241, 38.7233 ], [ -9.4423, 38.72301 ], [ -9.442, 38.72242 ], [ -9.44191, 38.72212 ], [ -9.44189, 38.72198 ], [ -9.44189, 38.72158 ], [ -9.44188, 38.72106 ], [ -9.44184, 38.72071 ], [ -9.44169, 38.72014 ], [ -9.44166, 38.7201 ], [ -9.44147, 38.71937 ], [ -9.441463567373731, 38.719346681818791 ], [ -9.44139, 38.71908 ], [ -9.44141, 38.71904 ], [ -9.44147, 38.719 ], [ -9.44148, 38.71892 ], [ -9.44145, 38.71888 ], [ -9.44136, 38.71886 ], [ -9.44133, 38.71883 ], [ -9.44099, 38.71755 ] ] } },
{ "type": "Feature", "properties": { "services_sum": 1.0002778549597111, "total_departures_sum": 47, "route_short_name_sum": null, "services_unique": null, "total_departures_unique": null, "route_short_name_unique": "2" }, "geometry": { "type": "LineString", "coordinates": [ [ -9.44299, 38.70573 ], [ -9.4429, 38.70575 ], [ -9.442850607068465, 38.705799392931539 ], [ -9.44285, 38.7058 ], [ -9.44263, 38.70593 ] ] } },
{ "type": "Feature", "properties": { "services_sum": 1.0002778549597111, "total_departures_sum": 47, "route_short_name_sum": null, "services_unique": null, "total_departures_unique": null, "route_short_name_unique": "2" }, "geometry": { "type": "LineString", "coordinates": [ [ -9.44263, 38.70593 ], [ -9.44221, 38.70605 ], [ -9.442206474035483, 38.706055117962713 ], [ -9.44185, 38.70619 ] ] } },
{ "type": "Feature", "properties": { "services_sum": 1.0002778549597111, "total_departures_sum": 47, "route_short_name_sum": null, "services_unique": null, "total_departures_unique": null, "route_short_name_unique": "2" }, "geometry": { "type": "LineString", "coordinates": [ [ -9.44263, 38.70593 ], [ -9.442143376884239, 38.706075541044541 ], [ -9.44213, 38.70608 ] ] } },
{ "type": "Feature", "properties": { "services_sum": 1.0002778549597111, "total_departures_sum": 47, "route_short_name_sum": null, "services_unique": null, "total_departures_unique": null, "route_short_name_unique": "2" }, "geometry": { "type": "LineString", "coordinates": [ [ -9.44217, 38.73135 ], [ -9.442028059659421, 38.731324951723309 ], [ -9.442, 38.73132 ], [ -9.44169, 38.73128 ] ] } },
{ "type": "Feature", "properties": { "services_sum": 1.0002778549597111, "total_departures_sum": 47, "route_short_name_sum": null, "services_unique": null, "total_departures_unique": null, "route_short_name_unique": "2" }, "geometry": { "type": "LineString", "coordinates": [ [ -9.44139, 38.70629 ], [ -9.440826560582176, 38.706251142149476 ], [ -9.44081, 38.70625 ] ] } },
{ "type": "Feature", "properties": { "services_sum": 1.0002778549597111, "total_departures_sum": 47, "route_short_name_sum": null, "services_unique": null, "total_departures_unique": null, "route_short_name_unique": "2" }, "geometry": { "type": "LineString", "coordinates": [ [ -9.44095, 38.73132 ], [ -9.440639280762962, 38.731274306036063 ], [ -9.44061, 38.73127 ], [ -9.43984, 38.73115 ] ] } },
{ "type": "Feature", "properties": { "services_sum": 1.0002778549597111, "total_departures_sum": 47, "route_short_name_sum": null, "services_unique": null, "total_departures_unique": null, "route_short_name_unique": "2" }, "geometry": { "type": "LineString", "coordinates": [ [ -9.44065, 38.71707 ], [ -9.44007, 38.71662 ], [ -9.440047185990295, 38.716600037761047 ], [ -9.43999, 38.71655 ], [ -9.43986, 38.71633 ], [ -9.43984, 38.71625 ], [ -9.43987, 38.71619 ], [ -9.43985, 38.71614 ], [ -9.43976, 38.71609 ], [ -9.43955, 38.71584 ], [ -9.43839, 38.71358 ], [ -9.438374592685886, 38.713551637223638 ], [ -9.43751, 38.71196 ] ] } },
{ "type": "Feature", "properties": { "services_sum": 1.0002778549597111, "total_departures_sum": 47, "route_short_name_sum": null, "services_unique": null, "total_departures_unique": null, "route_short_name_unique": "2" }, "geometry": { "type": "LineString", "coordinates": [ [ -9.44031, 38.70628 ], [ -9.43937, 38.70649 ], [ -9.439014421707135, 38.704889898134077 ], [ -9.43901, 38.70487 ], [ -9.4389, 38.70441 ], [ -9.43885, 38.70369 ] ] } },
{ "type": "Feature", "properties": { "services_sum": 1.0002778549597111, "total_departures_sum": 47, "route_short_name_sum": null, "services_unique": null, "total_departures_unique": null, "route_short_name_unique": "2" }, "geometry": { "type": "LineString", "coordinates": [ [ -9.4402, 38.7063 ], [ -9.440187848934309, 38.706302603840754 ], [ -9.4395, 38.70645 ] ] } },
{ "type": "Feature", "properties": { "services_sum": 1.0002778549597111, "total_departures_sum": 47, "route_short_name_sum": null, "services_unique": null, "total_departures_unique": null, "route_short_name_unique": "2" }, "geometry": { "type": "LineString", "coordinates": [ [ -9.43979, 38.73217 ], [ -9.4397, 38.73246 ], [ -9.439643948492826, 38.732693548001301 ], [ -9.43964, 38.73271 ], [ -9.43963, 38.73281 ] ] } },
{ "type": "Feature", "properties": { "services_sum": 1.0002778549597111, "total_departures_sum": 47, "route_short_name_sum": null, "services_unique": null, "total_departures_unique": null, "route_short_name_unique": "2" }, "geometry": { "type": "LineString", "coordinates": [ [ -9.43968, 38.73557 ], [ -9.43969, 38.73552 ], [ -9.43971, 38.73543 ], [ -9.43954, 38.7344 ], [ -9.439536844082028, 38.734378960599919 ], [ -9.43951, 38.7342 ] ] } },
{ "type": "Feature", "properties": { "services_sum": 1.0002778549597111, "total_departures_sum": 47, "route_short_name_sum": null, "services_unique": null, "total_departures_unique": null, "route_short_name_unique": "2" }, "geometry": { "type": "LineString", "coordinates": [ [ -9.43948, 38.73581 ], [ -9.439364983503367, 38.735900370141579 ], [ -9.43934, 38.73592 ], [ -9.43882, 38.73632 ] ] } },
{ "type": "Feature", "properties": { "services_sum": 1.0002778549597111, "total_departures_sum": 47, "route_short_name_sum": null, "services_unique": null, "total_departures_unique": null, "route_short_name_unique": "2" }, "geometry": { "type": "LineString", "coordinates": [ [ -9.4388, 38.70336 ], [ -9.43862, 38.70264 ], [ -9.438324432665157, 38.701349356326119 ], [ -9.43832, 38.70133 ], [ -9.43815, 38.70061 ], [ -9.43804, 38.70036 ], [ -9.43792, 38.70017 ], [ -9.43795, 38.70009 ], [ -9.43794, 38.70004 ], [ -9.43787, 38.69997 ], [ -9.43776, 38.69995 ], [ -9.43765, 38.69999 ], [ -9.43759, 38.70007 ], [ -9.43746, 38.70015 ], [ -9.43731, 38.70022 ] ] } },
{ "type": "Feature", "properties": { "services_sum": 1.0002778549597111, "total_departures_sum": 47, "route_short_name_sum": null, "services_unique": null, "total_departures_unique": null, "route_short_name_unique": "2" }, "geometry": { "type": "LineString", "coordinates": [ [ -9.43821, 38.75111 ], [ -9.4371, 38.7503 ], [ -9.437081948107183, 38.750286962705999 ], [ -9.4362, 38.74965 ], [ -9.43599, 38.74954 ], [ -9.43516, 38.74919 ] ] } },
{ "type": "Feature", "properties": { "services_sum": 1.0002778549597111, "total_departures_sum": 47, "route_short_name_sum": null, "services_unique": null, "total_departures_unique": null, "route_short_name_unique": "2" }, "geometry": { "type": "LineString", "coordinates": [ [ -9.43816, 38.73872 ], [ -9.437798073479364, 38.739005731548616 ], [ -9.43778, 38.73902 ], [ -9.43713, 38.73954 ] ] } },
{ "type": "Feature", "properties": { "services_sum": 1.0002778549597111, "total_departures_sum": 47, "route_short_name_sum": null, "services_unique": null, "total_departures_unique": null, "route_short_name_unique": "2" }, "geometry": { "type": "LineString", "coordinates": [ [ -9.43803, 38.70675 ], [ -9.43751, 38.70667 ], [ -9.437504488594191, 38.706669338637319 ], [ -9.43726, 38.70664 ] ] } },
{ "type": "Feature", "properties": { "services_sum": 1.0002778549597111, "total_departures_sum": 47, "route_short_name_sum": null, "services_unique": null, "total_departures_unique": null, "route_short_name_unique": "2" }, "geometry": { "type": "LineString", "coordinates": [ [ -9.4374, 38.71179 ], [ -9.43725, 38.71161 ], [ -9.437229301021221, 38.71158630916409 ], [ -9.43559, 38.70971 ], [ -9.435563892927094, 38.709680164070939 ], [ -9.43433, 38.70827 ], [ -9.434311545137737, 38.708246354859199 ], [ -9.43401, 38.70786 ], [ -9.43394, 38.70772 ] ] } },
{ "type": "Feature", "properties": { "services_sum": 1.0002778549597111, "total_departures_sum": 47, "route_short_name_sum": null, "services_unique": null, "total_departures_unique": null, "route_short_name_unique": "2" }, "geometry": { "type": "LineString", "coordinates": [ [ -9.43718, 38.7002 ], [ -9.436590368216788, 38.700013283303242 ], [ -9.43658, 38.70001 ], [ -9.43573, 38.69974 ], [ -9.4354, 38.69958 ] ] } },
{ "type": "Feature", "properties": { "services_sum": 1.0002778549597111, "total_departures_sum": 47, "route_short_name_sum": null, "services_unique": null, "total_departures_unique": null, "route_short_name_unique": "2" }, "geometry": { "type": "LineString", "coordinates": [ [ -9.43599, 38.74116 ], [ -9.435755561193258, 38.74237126766112 ], [ -9.43575, 38.7424 ], [ -9.43544, 38.74369 ], [ -9.435380245799502, 38.743843653717732 ], [ -9.43537, 38.74387 ], [ -9.43528, 38.74401 ] ] } },
{ "type": "Feature", "properties": { "services_sum": 1.0002778549597111, "total_departures_sum": 47, "route_short_name_sum": null, "services_unique": null, "total_departures_unique": null, "route_short_name_unique": "2" }, "geometry": { "type": "LineString", "coordinates": [ [ -9.43585, 38.70537 ], [ -9.43547, 38.7051 ], [ -9.435469418316961, 38.705099660688042 ], [ -9.43487, 38.70475 ], [ -9.43472, 38.70473 ], [ -9.43456, 38.70473 ], [ -9.43449, 38.70476 ], [ -9.43441, 38.70477 ], [ -9.43434, 38.70475 ], [ -9.43423, 38.70465 ], [ -9.43414, 38.70447 ], [ -9.43383, 38.70414 ] ] } },
{ "type": "Feature", "properties": { "services_sum": 1.0002778549597111, "total_departures_sum": 47, "route_short_name_sum": null, "services_unique": null, "total_departures_unique": null, "route_short_name_unique": "2" }, "geometry": { "type": "LineString", "coordinates": [ [ -9.43505, 38.69929 ], [ -9.43477, 38.69889 ], [ -9.43466, 38.69847 ], [ -9.43456, 38.69832 ], [ -9.433866957088895, 38.697310137636066 ], [ -9.43386, 38.6973 ], [ -9.43376, 38.69718 ], [ -9.43362, 38.69707 ], [ -9.43308, 38.69681 ], [ -9.43282, 38.69677 ], [ -9.43265, 38.69683 ], [ -9.43151, 38.69731 ], [ -9.43135, 38.69736 ], [ -9.43129, 38.69735 ], [ -9.4312, 38.69727 ], [ -9.430507759071316, 38.696241527951727 ], [ -9.43052, 38.69623 ], [ -9.43036, 38.69602 ], [ -9.43033, 38.69598 ], [ -9.43025, 38.69596 ], [ -9.43017, 38.69599 ], [ -9.43014, 38.69602 ], [ -9.43009, 38.6962 ], [ -9.43009, 38.69632 ], [ -9.43, 38.69656 ], [ -9.42987, 38.69685 ], [ -9.42965, 38.69721 ], [ -9.4295, 38.69741 ], [ -9.42935, 38.69758 ], [ -9.42903, 38.69789 ], [ -9.42823, 38.6985 ], [ -9.42779, 38.69879 ], [ -9.4273, 38.69919 ], [ -9.42674, 38.69959 ] ] } },
{ "type": "Feature", "properties": { "services_sum": 1.0002778549597111, "total_departures_sum": 47, "route_short_name_sum": null, "services_unique": null, "total_departures_unique": null, "route_short_name_unique": "2" }, "geometry": { "type": "LineString", "coordinates": [ [ -9.4337, 38.70404 ], [ -9.43346, 38.70371 ], [ -9.433457447298688, 38.703706579455023 ], [ -9.43246, 38.70237 ], [ -9.43052, 38.70161 ], [ -9.43024, 38.70172 ] ] } },
{ "type": "Feature", "properties": { "services_sum": 1.0002778549597111, "total_departures_sum": 47, "route_short_name_sum": null, "services_unique": null, "total_departures_unique": null, "route_short_name_unique": "2" }, "geometry": { "type": "LineString", "coordinates": [ [ -9.43331, 38.74463 ], [ -9.432830499851118, 38.744658205954124 ], [ -9.4328, 38.74466 ], [ -9.43261, 38.74467 ] ] } },
{ "type": "Feature", "properties": { "services_sum": 1.0002778549597111, "total_departures_sum": 47, "route_short_name_sum": null, "services_unique": null, "total_departures_unique": null, "route_short_name_unique": "2" }, "geometry": { "type": "LineString", "coordinates": [ [ -9.43219, 38.74858 ], [ -9.43204, 38.74875 ], [ -9.432027827385488, 38.748765215776992 ], [ -9.432, 38.7488 ] ] } },
{ "type": "Feature", "properties": { "services_sum": 1.0002778549597111, "total_departures_sum": 47, "route_short_name_sum": null, "services_unique": null, "total_departures_unique": null, "route_short_name_unique": "2" }, "geometry": { "type": "LineString", "coordinates": [ [ -9.43204, 38.7056 ], [ -9.432018961399255, 38.705578961506319 ], [ -9.43174, 38.7053 ] ] } },
{ "type": "Feature", "properties": { "services_sum": 1.0002778549597111, "total_departures_sum": 47, "route_short_name_sum": null, "services_unique": null, "total_departures_unique": null, "route_short_name_unique": "2" }, "geometry": { "type": "LineString", "coordinates": [ [ -9.43187, 38.74501 ], [ -9.430445096281742, 38.745992692610017 ], [ -9.43042, 38.74601 ], [ -9.43033, 38.74607 ], [ -9.43019, 38.74612 ], [ -9.43014, 38.74616 ] ] } },
{ "type": "Feature", "properties": { "services_sum": 1.0002778549597111, "total_departures_sum": 47, "route_short_name_sum": null, "services_unique": null, "total_departures_unique": null, "route_short_name_unique": "2" }, "geometry": { "type": "LineString", "coordinates": [ [ -9.43084, 38.70272 ], [ -9.430839222957378, 38.702718445916588 ], [ -9.4308, 38.70264 ] ] } },
{ "type": "Feature", "properties": { "services_sum": 1.0002778549597111, "total_departures_sum": 47, "route_short_name_sum": null, "services_unique": null, "total_departures_unique": null, "route_short_name_unique": "2" }, "geometry": { "type": "LineString", "coordinates": [ [ -9.4305, 38.74804 ], [ -9.4303, 38.74799 ], [ -9.43007, 38.74797 ], [ -9.430044074663423, 38.747966296402183 ], [ -9.42986, 38.74794 ] ] } },
{ "type": "Feature", "properties": { "services_sum": 1.0002778549597111, "total_departures_sum": 47, "route_short_name_sum": null, "services_unique": null, "total_departures_unique": null, "route_short_name_unique": "2" }, "geometry": { "type": "LineString", "coordinates": [ [ -9.42669, 38.69957 ], [ -9.42657, 38.69958 ], [ -9.42652, 38.6996 ], [ -9.42648, 38.69963 ] ] } },
{ "type": "Feature", "properties": { "services_sum": 1.0002778549597111, "total_departures_sum": 47, "route_short_name_sum": null, "services_unique": null, "total_departures_unique": null, "route_short_name_unique": "2" }, "geometry": { "type": "LineString", "coordinates": [ [ -9.4262, 38.69998 ], [ -9.425718136456204, 38.700341370252787 ], [ -9.42572, 38.70033 ], [ -9.42551, 38.70048 ] ] } },
{ "type": "Feature", "properties": { "services_sum": 1.0002778549597111, "total_departures_sum": 47, "route_short_name_sum": null, "services_unique": null, "total_departures_unique": null, "route_short_name_unique": "2" }, "geometry": { "type": "LineString", "coordinates": [ [ -9.41915, 38.70104 ], [ -9.418139904073634, 38.701227633893367 ], [ -9.41815, 38.70123 ], [ -9.41806, 38.70124 ] ] } },
{ "type": "Feature", "properties": { "services_sum": 1.0002778549597111, "total_departures_sum": 47, "route_short_name_sum": null, "services_unique": null, "total_departures_unique": null, "route_short_name_unique": "2" }, "geometry": { "type": "LineString", "coordinates": [ [ -9.418618530035021, 38.701898419930551 ], [ -9.418021067976953, 38.701564160228088 ], [ -9.4178, 38.70155 ] ] } },
{ "type": "Feature", "properties": { "services_sum": 1.0002778549597111, "total_departures_sum": 47, "route_short_name_sum": null, "services_unique": null, "total_departures_unique": null, "route_short_name_unique": "2" }, "geometry": { "type": "LineString", "coordinates": [ [ -9.41756, 38.70131 ], [ -9.41748, 38.70134 ], [ -9.41742, 38.70141 ], [ -9.41742, 38.701411740075194 ], [ -9.41742, 38.70151 ], [ -9.41746, 38.70156 ], [ -9.41754, 38.70159 ] ] } },
{ "type": "Feature", "properties": { "services_sum": 1.0259333143345681, "total_departures_sum": 42, "route_short_name_sum": null, "services_unique": null, "total_departures_unique": null, "route_short_name_unique": "3" }, "geometry": { "type": "LineString", "coordinates": [ [ -9.44854, 38.70946 ], [ -9.44798, 38.70988 ], [ -9.44776, 38.71006 ], [ -9.44783, 38.71 ], [ -9.44854, 38.70946 ] ] } },
{ "type": "Feature", "properties": { "services_sum": 1.0259333143345681, "total_departures_sum": 42, "route_short_name_sum": null, "services_unique": null, "total_departures_unique": null, "route_short_name_unique": "3" }, "geometry": { "type": "LineString", "coordinates": [ [ -9.44854, 38.70946 ], [ -9.4484, 38.70937 ], [ -9.44824, 38.70924 ], [ -9.448233331816395, 38.70923481364968 ], [ -9.44806, 38.7091 ], [ -9.448308944297333, 38.709299155441336 ], [ -9.44831, 38.7093 ], [ -9.44854, 38.70946 ] ] } },
{ "type": "Feature", "properties": { "services_sum": 1.0259333143345681, "total_departures_sum": 42, "route_short_name_sum": null, "services_unique": null, "total_departures_unique": null, "route_short_name_unique": "3" }, "geometry": { "type": "LineString", "coordinates": [ [ -9.44579, 38.71375 ], [ -9.44572, 38.71397 ], [ -9.445719924678425, 38.713970388199478 ], [ -9.44559, 38.71464 ] ] } },
{ "type": "Feature", "properties": { "services_sum": 1.0259333143345681, "total_departures_sum": 42, "route_short_name_sum": null, "services_unique": null, "total_departures_unique": null, "route_short_name_unique": "3" }, "geometry": { "type": "LineString", "coordinates": [ [ -9.44579, 38.71375 ], [ -9.445684063515179, 38.714115962475802 ], [ -9.44568, 38.71413 ], [ -9.44559, 38.71464 ] ] } },
{ "type": "Feature", "properties": { "services_sum": 1.0259333143345681, "total_departures_sum": 42, "route_short_name_sum": null, "services_unique": null, "total_departures_unique": null, "route_short_name_unique": "3" }, "geometry": { "type": "LineString", "coordinates": [ [ -9.44579, 38.71375 ], [ -9.44625, 38.71292 ], [ -9.44619, 38.71304 ], [ -9.44579, 38.71375 ] ] } },
{ "type": "Feature", "properties": { "services_sum": 1.0259333143345681, "total_departures_sum": 42, "route_short_name_sum": null, "services_unique": null, "total_departures_unique": null, "route_short_name_unique": "3" }, "geometry": { "type": "LineString", "coordinates": [ [ -9.44559, 38.71464 ], [ -9.4456, 38.71471 ], [ -9.44566, 38.71481 ], [ -9.44565, 38.71489 ], [ -9.44561, 38.71492 ], [ -9.44556, 38.71493 ], [ -9.44552, 38.71493 ], [ -9.44545, 38.71491 ], [ -9.44521, 38.71486 ], [ -9.44547, 38.71475 ], [ -9.44552, 38.71473 ], [ -9.44559, 38.71464 ] ] } },
{ "type": "Feature", "properties": { "services_sum": 1.0259333143345681, "total_departures_sum": 42, "route_short_name_sum": null, "services_unique": null, "total_departures_unique": null, "route_short_name_unique": "3" }, "geometry": { "type": "LineString", "coordinates": [ [ -9.44296, 38.70574 ], [ -9.443, 38.70574 ], [ -9.44308, 38.70576 ], [ -9.44313, 38.70582 ], [ -9.44367, 38.70655 ], [ -9.44383, 38.70666 ], [ -9.44426, 38.70686 ], [ -9.4444, 38.70694 ], [ -9.44444, 38.707 ], [ -9.44447, 38.70702 ], [ -9.44467, 38.70703 ], [ -9.445161270266148, 38.707265809759846 ], [ -9.44517, 38.70727 ], [ -9.44661, 38.70792 ], [ -9.4453, 38.70733 ], [ -9.44474, 38.70707 ], [ -9.44462, 38.70706 ], [ -9.44451, 38.70709 ], [ -9.44439, 38.70716 ], [ -9.44434, 38.70727 ], [ -9.44437, 38.70747 ], [ -9.44434, 38.70752 ], [ -9.44427, 38.70756 ], [ -9.44422, 38.70756 ], [ -9.44415, 38.70754 ], [ -9.44409, 38.70748 ], [ -9.44408, 38.70738 ], [ -9.44405, 38.7071 ], [ -9.44402, 38.70705 ], [ -9.44383, 38.70676 ], [ -9.44335, 38.70613 ], [ -9.44311, 38.70598 ], [ -9.44292, 38.70593 ], [ -9.44286, 38.70588 ], [ -9.44286, 38.70581 ], [ -9.44292, 38.70575 ], [ -9.44296, 38.70574 ] ] } },
{ "type": "Feature", "properties": { "services_sum": 1.0259333143345681, "total_departures_sum": 42, "route_short_name_sum": null, "services_unique": null, "total_departures_unique": null, "route_short_name_unique": "3" }, "geometry": { "type": "LineString", "coordinates": [ [ -9.44296, 38.70574 ], [ -9.44264, 38.70593 ], [ -9.44212, 38.70609 ], [ -9.442104658374719, 38.706094545710926 ], [ -9.44158, 38.70625 ] ] } },
{ "type": "Feature", "properties": { "services_sum": 1.0259333143345681, "total_departures_sum": 42, "route_short_name_sum": null, "services_unique": null, "total_departures_unique": null, "route_short_name_unique": "3" }, "geometry": { "type": "LineString", "coordinates": [ [ -9.44296, 38.70574 ], [ -9.44312, 38.70557 ], [ -9.44315, 38.70547 ], [ -9.44316, 38.70538 ], [ -9.44297, 38.70461 ], [ -9.442667493362883, 38.703653689022026 ], [ -9.44266, 38.70363 ], [ -9.44252, 38.70312 ], [ -9.442074456984816, 38.700723969485452 ], [ -9.44207, 38.7007 ], [ -9.44191, 38.6998 ], [ -9.44177, 38.69951 ], [ -9.4416, 38.69946 ], [ -9.441290875653753, 38.699496367612632 ], [ -9.44126, 38.6995 ], [ -9.43891, 38.69976 ], [ -9.43876, 38.69979 ], [ -9.438410531260475, 38.699891162061483 ], [ -9.43838, 38.6999 ], [ -9.43814, 38.69997 ], [ -9.43801, 38.70003 ], [ -9.43795, 38.70009 ], [ -9.43795, 38.70013 ], [ -9.43796, 38.7002 ], [ -9.43821, 38.70078 ], [ -9.43832450002799, 38.701304791982615 ], [ -9.43833, 38.70133 ], [ -9.43851, 38.7022 ], [ -9.4388, 38.70336 ] ] } },
{ "type": "Feature", "properties": { "services_sum": 1.0259333143345681, "total_departures_sum": 42, "route_short_name_sum": null, "services_unique": null, "total_departures_unique": null, "route_short_name_unique": "3" }, "geometry": { "type": "LineString", "coordinates": [ [ -9.44142, 38.70627 ], [ -9.44081, 38.70624 ], [ -9.440791498357568, 38.706240000012734 ], [ -9.44063, 38.70624 ] ] } },
{ "type": "Feature", "properties": { "services_sum": 1.0259333143345681, "total_departures_sum": 42, "route_short_name_sum": null, "services_unique": null, "total_departures_unique": null, "route_short_name_unique": "3" }, "geometry": { "type": "LineString", "coordinates": [ [ -9.44009, 38.71614 ], [ -9.43987, 38.71623 ], [ -9.4398, 38.71628 ], [ -9.43972, 38.71628 ], [ -9.43967, 38.71627 ], [ -9.43955, 38.71625 ], [ -9.43926, 38.71626 ] ] } },
{ "type": "Feature", "properties": { "services_sum": 1.0259333143345681, "total_departures_sum": 42, "route_short_name_sum": null, "services_unique": null, "total_departures_unique": null, "route_short_name_unique": "3" }, "geometry": { "type": "LineString", "coordinates": [ [ -9.44009, 38.71614 ], [ -9.44053, 38.7161 ], [ -9.440542767567234, 38.716098570102517 ], [ -9.44178, 38.71596 ], [ -9.440543111680835, 38.716089673792382 ], [ -9.44054, 38.71609 ], [ -9.44009, 38.71614 ] ] } },
{ "type": "Feature", "properties": { "services_sum": 1.0259333143345681, "total_departures_sum": 42, "route_short_name_sum": null, "services_unique": null, "total_departures_unique": null, "route_short_name_unique": "3" }, "geometry": { "type": "LineString", "coordinates": [ [ -9.44009, 38.71614 ], [ -9.43982, 38.71612 ], [ -9.43976, 38.7161 ], [ -9.43969, 38.71612 ], [ -9.43964, 38.71615 ], [ -9.43953, 38.71619 ], [ -9.43926, 38.71626 ] ] } },
{ "type": "Feature", "properties": { "services_sum": 1.0259333143345681, "total_departures_sum": 42, "route_short_name_sum": null, "services_unique": null, "total_departures_unique": null, "route_short_name_unique": "3" }, "geometry": { "type": "LineString", "coordinates": [ [ -9.43926, 38.71626 ], [ -9.43751, 38.71657 ], [ -9.436648772466594, 38.716599697533447 ], [ -9.43664, 38.7166 ], [ -9.43619, 38.71661 ] ] } },
{ "type": "Feature", "properties": { "services_sum": 1.0259333143345681, "total_departures_sum": 42, "route_short_name_sum": null, "services_unique": null, "total_departures_unique": null, "route_short_name_unique": "3" }, "geometry": { "type": "LineString", "coordinates": [ [ -9.43926, 38.71626 ], [ -9.43767, 38.71655 ], [ -9.43728, 38.71659 ], [ -9.436431901249376, 38.716599977639234 ], [ -9.43643, 38.7166 ], [ -9.43619, 38.71661 ] ] } },
{ "type": "Feature", "properties": { "services_sum": 1.0259333143345681, "total_departures_sum": 42, "route_short_name_sum": null, "services_unique": null, "total_departures_unique": null, "route_short_name_unique": "3" }, "geometry": { "type": "LineString", "coordinates": [ [ -9.43885, 38.70369 ], [ -9.43891, 38.7044 ], [ -9.438383449346746, 38.704541040446223 ], [ -9.43835, 38.70455 ], [ -9.43647, 38.70507 ], [ -9.43633, 38.70517 ], [ -9.4362, 38.7053 ], [ -9.43611, 38.70542 ], [ -9.43605, 38.70548 ], [ -9.43597, 38.70551 ] ] } },
{ "type": "Feature", "properties": { "services_sum": 1.0259333143345681, "total_departures_sum": 42, "route_short_name_sum": null, "services_unique": null, "total_departures_unique": null, "route_short_name_unique": "3" }, "geometry": { "type": "LineString", "coordinates": [ [ -9.43803, 38.70675 ], [ -9.4375, 38.70668 ], [ -9.437484550498576, 38.706676620444746 ], [ -9.43718, 38.70661 ], [ -9.43701, 38.70655 ], [ -9.43682, 38.70645 ] ] } },
{ "type": "Feature", "properties": { "services_sum": 1.0259333143345681, "total_departures_sum": 42, "route_short_name_sum": null, "services_unique": null, "total_departures_unique": null, "route_short_name_unique": "3" }, "geometry": { "type": "LineString", "coordinates": [ [ -9.43643, 38.70616 ], [ -9.43627, 38.70596 ], [ -9.43597, 38.70551 ] ] } },
{ "type": "Feature", "properties": { "services_sum": 1.0259333143345681, "total_departures_sum": 42, "route_short_name_sum": null, "services_unique": null, "total_departures_unique": null, "route_short_name_unique": "3" }, "geometry": { "type": "LineString", "coordinates": [ [ -9.43619, 38.71661 ], [ -9.43524, 38.71681 ], [ -9.43504, 38.71684 ], [ -9.43429, 38.71691 ], [ -9.4335, 38.71696 ], [ -9.43315, 38.717 ], [ -9.43299, 38.71704 ], [ -9.43264, 38.71715 ], [ -9.43234, 38.71731 ], [ -9.43185, 38.71765 ], [ -9.43127, 38.71809 ], [ -9.43119, 38.71816 ], [ -9.43093, 38.71843 ], [ -9.43085, 38.71854 ], [ -9.4308, 38.71861 ], [ -9.43072, 38.71868 ], [ -9.43068, 38.71869 ], [ -9.43065, 38.71873 ], [ -9.43067, 38.71882 ], [ -9.43058, 38.7192 ], [ -9.4305, 38.71987 ], [ -9.43046, 38.72 ], [ -9.43039, 38.72016 ], [ -9.43031, 38.72029 ], [ -9.43017, 38.72043 ], [ -9.43006, 38.72051 ], [ -9.42984, 38.72062 ], [ -9.42965, 38.72069 ], [ -9.42947, 38.72073 ], [ -9.42861, 38.7208 ], [ -9.42844, 38.72084 ], [ -9.42826, 38.7209 ], [ -9.42807, 38.72099 ], [ -9.42791, 38.72112 ], [ -9.42779, 38.72126 ], [ -9.42767, 38.72143 ], [ -9.42696, 38.72276 ], [ -9.42685, 38.72293 ], [ -9.42669, 38.72313 ], [ -9.42649, 38.72334 ], [ -9.42633, 38.72347 ], [ -9.42517, 38.72439 ], [ -9.42504, 38.72453 ], [ -9.42495, 38.72467 ], [ -9.4249, 38.72475 ], [ -9.42483, 38.72498 ], [ -9.42482, 38.72519 ], [ -9.42485, 38.72543 ], [ -9.42502, 38.72601 ] ] } },
{ "type": "Feature", "properties": { "services_sum": 1.0259333143345681, "total_departures_sum": 42, "route_short_name_sum": null, "services_unique": null, "total_departures_unique": null, "route_short_name_unique": "3" }, "geometry": { "type": "LineString", "coordinates": [ [ -9.43619, 38.71661 ], [ -9.43483, 38.71692 ], [ -9.43328, 38.71707 ] ] } },
{ "type": "Feature", "properties": { "services_sum": 1.0259333143345681, "total_departures_sum": 42, "route_short_name_sum": null, "services_unique": null, "total_departures_unique": null, "route_short_name_unique": "3" }, "geometry": { "type": "LineString", "coordinates": [ [ -9.43597, 38.70551 ], [ -9.43585, 38.70537 ], [ -9.43569, 38.70524 ], [ -9.435495291012831, 38.70511609432976 ], [ -9.43547, 38.7051 ], [ -9.43487, 38.70475 ] ] } },
{ "type": "Feature", "properties": { "services_sum": 1.0259333143345681, "total_departures_sum": 42, "route_short_name_sum": null, "services_unique": null, "total_departures_unique": null, "route_short_name_unique": "3" }, "geometry": { "type": "LineString", "coordinates": [ [ -9.43597, 38.70551 ], [ -9.43575, 38.70529 ], [ -9.435734869837738, 38.70527971152778 ], [ -9.4355, 38.70512 ] ] } },
{ "type": "Feature", "properties": { "services_sum": 1.0259333143345681, "total_departures_sum": 42, "route_short_name_sum": null, "services_unique": null, "total_departures_unique": null, "route_short_name_unique": "3" }, "geometry": { "type": "LineString", "coordinates": [ [ -9.43487, 38.70475 ], [ -9.43463, 38.70455 ], [ -9.43449, 38.70434 ], [ -9.43443, 38.7043 ], [ -9.43435, 38.70427 ] ] } },
{ "type": "Feature", "properties": { "services_sum": 1.0259333143345681, "total_departures_sum": 42, "route_short_name_sum": null, "services_unique": null, "total_departures_unique": null, "route_short_name_unique": "3" }, "geometry": { "type": "LineString", "coordinates": [ [ -9.43487, 38.70475 ], [ -9.43473, 38.70473 ], [ -9.43456, 38.70474 ], [ -9.43445, 38.70477 ], [ -9.4344, 38.70476 ], [ -9.43429, 38.70469 ], [ -9.43418, 38.70454 ], [ -9.43415, 38.70446 ] ] } },
{ "type": "Feature", "properties": { "services_sum": 1.0259333143345681, "total_departures_sum": 42, "route_short_name_sum": null, "services_unique": null, "total_departures_unique": null, "route_short_name_unique": "3" }, "geometry": { "type": "LineString", "coordinates": [ [ -9.43427, 38.70428 ], [ -9.43417, 38.70434 ], [ -9.43414, 38.7044 ], [ -9.43415, 38.70446 ] ] } },
{ "type": "Feature", "properties": { "services_sum": 1.0259333143345681, "total_departures_sum": 42, "route_short_name_sum": null, "services_unique": null, "total_departures_unique": null, "route_short_name_unique": "3" }, "geometry": { "type": "LineString", "coordinates": [ [ -9.43415, 38.70446 ], [ -9.43427, 38.70471 ], [ -9.43429, 38.70486 ], [ -9.43413, 38.70568 ], [ -9.43403, 38.70599 ], [ -9.43387, 38.70628 ], [ -9.43368, 38.7065 ], [ -9.43335, 38.70673 ], [ -9.43315, 38.70678 ], [ -9.4331, 38.70677 ], [ -9.43288, 38.70659 ] ] } },
{ "type": "Feature", "properties": { "services_sum": 1.0259333143345681, "total_departures_sum": 42, "route_short_name_sum": null, "services_unique": null, "total_departures_unique": null, "route_short_name_unique": "3" }, "geometry": { "type": "LineString", "coordinates": [ [ -9.43415, 38.70446 ], [ -9.43383, 38.70414 ] ] } },
{ "type": "Feature", "properties": { "services_sum": 1.0259333143345681, "total_departures_sum": 42, "route_short_name_sum": null, "services_unique": null, "total_departures_unique": null, "route_short_name_unique": "3" }, "geometry": { "type": "LineString", "coordinates": [ [ -9.4337, 38.70404 ], [ -9.433470141046582, 38.703723944010612 ], [ -9.43346, 38.70371 ], [ -9.43259, 38.70249 ], [ -9.43246, 38.70237 ], [ -9.43231, 38.70227 ], [ -9.431976728724923, 38.702131137028275 ], [ -9.43195, 38.70212 ], [ -9.43081, 38.70168 ], [ -9.43062, 38.70162 ], [ -9.4305, 38.7016 ], [ -9.43028, 38.70169 ], [ -9.43025, 38.70173 ], [ -9.43022, 38.70184 ] ] } },
{ "type": "Feature", "properties": { "services_sum": 1.0259333143345681, "total_departures_sum": 42, "route_short_name_sum": null, "services_unique": null, "total_departures_unique": null, "route_short_name_unique": "3" }, "geometry": { "type": "LineString", "coordinates": [ [ -9.43269, 38.70632 ], [ -9.43205, 38.7056 ], [ -9.432032964374395, 38.705582414933701 ], [ -9.43174, 38.70528 ], [ -9.43146, 38.7051 ], [ -9.43126, 38.70491 ], [ -9.43117, 38.70479 ] ] } },
{ "type": "Feature", "properties": { "services_sum": 1.0259333143345681, "total_departures_sum": 42, "route_short_name_sum": null, "services_unique": null, "total_departures_unique": null, "route_short_name_unique": "3" }, "geometry": { "type": "LineString", "coordinates": [ [ -9.43257, 38.71728 ], [ -9.4322, 38.7175 ], [ -9.4313, 38.7182 ], [ -9.43116, 38.71832 ], [ -9.43106, 38.71844 ], [ -9.43086, 38.71871 ], [ -9.4308, 38.71884 ], [ -9.43066, 38.7193 ], [ -9.43065, 38.71952 ], [ -9.43061, 38.71972 ], [ -9.43053, 38.72 ], [ -9.4304, 38.72027 ], [ -9.43019, 38.72049 ], [ -9.43006, 38.72057 ], [ -9.4299, 38.72066 ], [ -9.4295, 38.72077 ], [ -9.42874, 38.72084 ], [ -9.42849, 38.72088 ], [ -9.4283, 38.72094 ], [ -9.42817, 38.721 ], [ -9.42801, 38.72111 ], [ -9.42786, 38.72126 ], [ -9.42775, 38.72141 ], [ -9.42692, 38.72293 ], [ -9.42666, 38.72325 ], [ -9.42632, 38.72356 ], [ -9.42585, 38.72392 ], [ -9.4251, 38.72462 ], [ -9.42504, 38.72471 ], [ -9.42497, 38.72488 ], [ -9.42493, 38.7251 ], [ -9.42494, 38.72532 ], [ -9.425, 38.72559 ] ] } },
{ "type": "Feature", "properties": { "services_sum": 1.0259333143345681, "total_departures_sum": 42, "route_short_name_sum": null, "services_unique": null, "total_departures_unique": null, "route_short_name_unique": "3" }, "geometry": { "type": "LineString", "coordinates": [ [ -9.43114, 38.70454 ], [ -9.43113733175743, 38.704523657123403 ], [ -9.43106, 38.70405 ] ] } },
{ "type": "Feature", "properties": { "services_sum": 1.0259333143345681, "total_departures_sum": 42, "route_short_name_sum": null, "services_unique": null, "total_departures_unique": null, "route_short_name_unique": "3" }, "geometry": { "type": "LineString", "coordinates": [ [ -9.43084, 38.70272 ], [ -9.43083162853735, 38.70270325709064 ], [ -9.4308, 38.70264 ] ] } },
{ "type": "Feature", "properties": { "services_sum": 1.0259333143345681, "total_departures_sum": 42, "route_short_name_sum": null, "services_unique": null, "total_departures_unique": null, "route_short_name_unique": "3" }, "geometry": { "type": "LineString", "coordinates": [ [ -9.4248, 38.72717 ], [ -9.42447, 38.72747 ] ] } },
{ "type": "Feature", "properties": { "services_sum": 1.0259333143345681, "total_departures_sum": 42, "route_short_name_sum": null, "services_unique": null, "total_departures_unique": null, "route_short_name_unique": "3" }, "geometry": { "type": "LineString", "coordinates": [ [ -9.42412, 38.72768 ], [ -9.42368, 38.72784 ] ] } },
{ "type": "Feature", "properties": { "services_sum": 1.0259333143345681, "total_departures_sum": 42, "route_short_name_sum": null, "services_unique": null, "total_departures_unique": null, "route_short_name_unique": "3" }, "geometry": { "type": "LineString", "coordinates": [ [ -9.42016, 38.72748 ], [ -9.41894, 38.72738 ], [ -9.41857, 38.72738 ], [ -9.41818, 38.72741 ], [ -9.41798, 38.72745 ], [ -9.41785, 38.72745 ], [ -9.41778, 38.72745 ] ] } },
{ "type": "Feature", "properties": { "services_sum": 1.0259333143345681, "total_departures_sum": 42, "route_short_name_sum": null, "services_unique": null, "total_departures_unique": null, "route_short_name_unique": "3" }, "geometry": { "type": "LineString", "coordinates": [ [ -9.41832, 38.72784 ], [ -9.41818, 38.72789 ], [ -9.41803, 38.72799 ] ] } },
{ "type": "Feature", "properties": { "services_sum": 1.0259333143345681, "total_departures_sum": 42, "route_short_name_sum": null, "services_unique": null, "total_departures_unique": null, "route_short_name_unique": "3" }, "geometry": { "type": "LineString", "coordinates": [ [ -9.41808, 38.72795 ], [ -9.41812, 38.72785 ], [ -9.41811, 38.72779 ], [ -9.41802, 38.72758 ], [ -9.418, 38.72753 ], [ -9.41791, 38.72747 ] ] } },
{ "type": "Feature", "properties": { "services_sum": 1.0259333143345681, "total_departures_sum": 42, "route_short_name_sum": null, "services_unique": null, "total_departures_unique": null, "route_short_name_unique": "3" }, "geometry": { "type": "LineString", "coordinates": [ [ -9.41793, 38.72813 ], [ -9.41783, 38.72803 ], [ -9.41775, 38.728 ], [ -9.41769, 38.72796 ], [ -9.41757, 38.72766 ], [ -9.41757, 38.72761 ], [ -9.4176, 38.72753 ], [ -9.41764, 38.72749 ] ] } },
{ "type": "Feature", "properties": { "services_sum": 1.0259333143345681, "total_departures_sum": 42, "route_short_name_sum": null, "services_unique": null, "total_departures_unique": null, "route_short_name_unique": "3" }, "geometry": { "type": "LineString", "coordinates": [ [ -9.41138, 38.72878 ], [ -9.41131, 38.72871 ], [ -9.41119, 38.72866 ], [ -9.41109, 38.72867 ], [ -9.41094, 38.72872 ], [ -9.41079, 38.72871 ], [ -9.41014, 38.72856 ], [ -9.4098, 38.7285 ], [ -9.40937, 38.72849 ], [ -9.40914, 38.7285 ], [ -9.40843, 38.72862 ], [ -9.40741, 38.72883 ], [ -9.40585, 38.72911 ], [ -9.40537, 38.72914 ], [ -9.40516, 38.72912 ], [ -9.40502, 38.72908 ], [ -9.40492, 38.72902 ], [ -9.40477, 38.72897 ], [ -9.40466, 38.72898 ], [ -9.40457, 38.72903 ], [ -9.40452, 38.7291 ], [ -9.40451, 38.72918 ], [ -9.40461, 38.72932 ], [ -9.40469, 38.72956 ], [ -9.40467, 38.72986 ], [ -9.40468, 38.72963 ], [ -9.40471, 38.72951 ], [ -9.40483, 38.72934 ], [ -9.40488, 38.7293 ], [ -9.40492, 38.72928 ] ] } },
{ "type": "Feature", "properties": { "services_sum": 1.0259333143345681, "total_departures_sum": 42, "route_short_name_sum": null, "services_unique": null, "total_departures_unique": null, "route_short_name_unique": "3" }, "geometry": { "type": "LineString", "coordinates": [ [ -9.40486, 38.73072 ], [ -9.40489, 38.73071 ], [ -9.40496, 38.73067 ], [ -9.40496, 38.73062 ], [ -9.40492, 38.73058 ], [ -9.40482, 38.73048 ], [ -9.40482, 38.73054 ], [ -9.40478, 38.73061 ], [ -9.40466, 38.73067 ], [ -9.40432, 38.73069 ], [ -9.40421, 38.7307 ], [ -9.40411, 38.73074 ], [ -9.40335, 38.73122 ], [ -9.40311, 38.73134 ], [ -9.403078980399895, 38.731353747507356 ], [ -9.40223, 38.73173 ] ] } },
{ "type": "Feature", "properties": { "services_sum": 1.0259333143345681, "total_departures_sum": 42, "route_short_name_sum": null, "services_unique": null, "total_departures_unique": null, "route_short_name_unique": "3" }, "geometry": { "type": "LineString", "coordinates": [ [ -9.40402, 38.73079 ], [ -9.40333, 38.73124 ], [ -9.403328536180613, 38.731240687558625 ], [ -9.40267, 38.73155 ] ] } },
{ "type": "Feature", "properties": { "services_sum": 1.0259333143345681, "total_departures_sum": 42, "route_short_name_sum": null, "services_unique": null, "total_departures_unique": null, "route_short_name_unique": "3" }, "geometry": { "type": "LineString", "coordinates": [ [ -9.40399, 38.73817 ], [ -9.40398, 38.7381 ], [ -9.40393, 38.73805 ], [ -9.40382, 38.73802 ], [ -9.40377, 38.73803 ] ] } },
{ "type": "Feature", "properties": { "services_sum": 1.0259333143345681, "total_departures_sum": 42, "route_short_name_sum": null, "services_unique": null, "total_departures_unique": null, "route_short_name_unique": "3" }, "geometry": { "type": "LineString", "coordinates": [ [ -9.4036, 38.73831 ], [ -9.40345, 38.73844 ], [ -9.4033, 38.7386 ], [ -9.40315, 38.73867 ], [ -9.40247, 38.73887 ], [ -9.40234, 38.7389 ], [ -9.402327707265856, 38.738902185374961 ], [ -9.40189, 38.73898 ] ] } },
{ "type": "Feature", "properties": { "services_sum": 1.0259333143345681, "total_departures_sum": 42, "route_short_name_sum": null, "services_unique": null, "total_departures_unique": null, "route_short_name_unique": "3" }, "geometry": { "type": "LineString", "coordinates": [ [ -9.40189, 38.73185 ], [ -9.401030505742225, 38.731999911791185 ], [ -9.40103, 38.732 ] ] } },
{ "type": "Feature", "properties": { "services_sum": 1.0259333143345681, "total_departures_sum": 42, "route_short_name_sum": null, "services_unique": null, "total_departures_unique": null, "route_short_name_unique": "3" }, "geometry": { "type": "LineString", "coordinates": [ [ -9.40138, 38.73876 ], [ -9.40119, 38.73882 ], [ -9.40102, 38.73891 ] ] } },
{ "type": "Feature", "properties": { "services_sum": 1.0259333143345681, "total_departures_sum": 42, "route_short_name_sum": null, "services_unique": null, "total_departures_unique": null, "route_short_name_unique": "3" }, "geometry": { "type": "LineString", "coordinates": [ [ -9.40137, 38.73772 ], [ -9.4013, 38.73768 ], [ -9.40064, 38.73741 ] ] } },
{ "type": "Feature", "properties": { "services_sum": 1.0259333143345681, "total_departures_sum": 42, "route_short_name_sum": null, "services_unique": null, "total_departures_unique": null, "route_short_name_unique": "3" }, "geometry": { "type": "LineString", "coordinates": [ [ -9.40035, 38.7321 ], [ -9.400304460709004, 38.732107286382131 ], [ -9.39985, 38.73218 ] ] } },
{ "type": "Feature", "properties": { "services_sum": 1.0259333143345681, "total_departures_sum": 42, "route_short_name_sum": null, "services_unique": null, "total_departures_unique": null, "route_short_name_unique": "3" }, "geometry": { "type": "LineString", "coordinates": [ [ -9.39899, 38.74091 ], [ -9.3988, 38.74099 ], [ -9.39869, 38.74099 ], [ -9.39816, 38.74101 ] ] } },
{ "type": "Feature", "properties": { "services_sum": 1.0259333143345681, "total_departures_sum": 42, "route_short_name_sum": null, "services_unique": null, "total_departures_unique": null, "route_short_name_unique": "3" }, "geometry": { "type": "LineString", "coordinates": [ [ -9.3979, 38.73711 ], [ -9.39742, 38.73724 ] ] } },
{ "type": "Feature", "properties": { "services_sum": 1.0259333143345681, "total_departures_sum": 42, "route_short_name_sum": null, "services_unique": null, "total_departures_unique": null, "route_short_name_unique": "3" }, "geometry": { "type": "LineString", "coordinates": [ [ -9.3978, 38.73314 ], [ -9.397802191884775, 38.733139342435749 ], [ -9.3979, 38.73311 ], [ -9.39778, 38.73315 ], [ -9.397742400081118, 38.733155371434485 ], [ -9.39764, 38.73317 ] ] } },
{ "type": "Feature", "properties": { "services_sum": 1.0259333143345681, "total_departures_sum": 42, "route_short_name_sum": null, "services_unique": null, "total_departures_unique": null, "route_short_name_unique": "3" }, "geometry": { "type": "LineString", "coordinates": [ [ -9.39706, 38.73304 ], [ -9.39698, 38.73306 ], [ -9.39694, 38.73312 ], [ -9.39694, 38.73318 ], [ -9.39701, 38.73333 ], [ -9.39703, 38.7334 ] ] } },
{ "type": "Feature", "properties": { "services_sum": 1.0259333143345681, "total_departures_sum": 42, "route_short_name_sum": null, "services_unique": null, "total_departures_unique": null, "route_short_name_unique": "3" }, "geometry": { "type": "LineString", "coordinates": [ [ -9.39692, 38.73722 ], [ -9.39593, 38.73716 ], [ -9.39587, 38.73712 ], [ -9.39579, 38.73702 ], [ -9.39574, 38.73686 ], [ -9.39566, 38.73702 ] ] } },
{ "type": "Feature", "properties": { "services_sum": 1.0259333143345681, "total_departures_sum": 42, "route_short_name_sum": null, "services_unique": null, "total_departures_unique": null, "route_short_name_unique": "3" }, "geometry": { "type": "LineString", "coordinates": [ [ -9.39566, 38.73702 ], [ -9.39562, 38.73706 ], [ -9.39551, 38.73712 ], [ -9.39566, 38.73702 ] ] } },
{ "type": "Feature", "properties": { "services_sum": 1.0259333143345681, "total_departures_sum": 42, "route_short_name_sum": null, "services_unique": null, "total_departures_unique": null, "route_short_name_unique": "3" }, "geometry": { "type": "LineString", "coordinates": [ [ -9.39566, 38.73702 ], [ -9.39650817825895, 38.735114093675115 ], [ -9.39651, 38.73511 ], [ -9.39679, 38.73429 ], [ -9.39654, 38.73504 ], [ -9.396526877118557, 38.735069527338013 ], [ -9.39566, 38.73702 ] ] } },
{ "type": "Feature", "properties": { "services_sum": 1.0259333143345681, "total_departures_sum": 42, "route_short_name_sum": null, "services_unique": null, "total_departures_unique": null, "route_short_name_unique": "3" }, "geometry": { "type": "LineString", "coordinates": [ [ -9.3956, 38.73721 ], [ -9.3955, 38.73737 ], [ -9.395372086994517, 38.737655344416574 ], [ -9.39537, 38.73766 ], [ -9.39528, 38.73785 ], [ -9.3952, 38.7379 ] ] } },
{ "type": "Feature", "properties": { "services_sum": 1.0259333143345681, "total_departures_sum": 42, "route_short_name_sum": null, "services_unique": null, "total_departures_unique": null, "route_short_name_unique": "3" }, "geometry": { "type": "LineString", "coordinates": [ [ -9.39507, 38.7379 ], [ -9.39502, 38.73787 ], [ -9.395, 38.73783 ], [ -9.39499, 38.7378 ], [ -9.39503, 38.73766 ], [ -9.395022689470551, 38.737661069811615 ], [ -9.39503, 38.73763 ], [ -9.39511, 38.73727 ] ] } },
{ "type": "Feature", "properties": { "services_sum": 1.0259333143345681, "total_departures_sum": 42, "route_short_name_sum": null, "services_unique": null, "total_departures_unique": null, "route_short_name_unique": "3" }, "geometry": { "type": "LineString", "coordinates": [ [ -9.44832, 38.71128 ], [ -9.448003817255977, 38.711388687825398 ], [ -9.448, 38.71139 ], [ -9.44677, 38.71181 ], [ -9.44669, 38.71181 ], [ -9.44653, 38.71177 ], [ -9.44648, 38.71178 ], [ -9.44644, 38.71181 ], [ -9.44646, 38.71185 ], [ -9.44652, 38.71187 ], [ -9.44657, 38.71187 ], [ -9.4478, 38.71146 ], [ -9.447818272544378, 38.711453674942895 ], [ -9.44832, 38.71128 ] ] } },
{ "type": "Feature", "properties": { "services_sum": 1.0259333143345681, "total_departures_sum": 42, "route_short_name_sum": null, "services_unique": null, "total_departures_unique": null, "route_short_name_unique": "3" }, "geometry": { "type": "LineString", "coordinates": [ [ -9.4184, 38.72873 ], [ -9.418396109516134, 38.72871832855656 ], [ -9.41838, 38.72867 ], [ -9.418396800766638, 38.728720402306912 ], [ -9.4184, 38.72873 ] ] } },
{ "type": "Feature", "properties": { "services_sum": 1.0002778549597111, "total_departures_sum": 47, "route_short_name_sum": null, "services_unique": null, "total_departures_unique": null, "route_short_name_unique": "14" }, "geometry": { "type": "LineString", "coordinates": [ [ -9.44836, 38.75302 ], [ -9.44834, 38.75302 ], [ -9.44818, 38.75296 ], [ -9.44811, 38.75292 ] ] } },
{ "type": "Feature", "properties": { "services_sum": 1.0002778549597111, "total_departures_sum": 47, "route_short_name_sum": null, "services_unique": null, "total_departures_unique": null, "route_short_name_unique": "14" }, "geometry": { "type": "LineString", "coordinates": [ [ -9.44748, 38.7519 ], [ -9.446954717637945, 38.751773543174274 ], [ -9.44694, 38.75177 ], [ -9.44476, 38.75132 ] ] } },
{ "type": "Feature", "properties": { "services_sum": 1.0002778549597111, "total_departures_sum": 47, "route_short_name_sum": null, "services_unique": null, "total_departures_unique": null, "route_short_name_unique": "14" }, "geometry": { "type": "LineString", "coordinates": [ [ -9.44436, 38.73077 ], [ -9.44498, 38.73058 ], [ -9.44499, 38.73054 ], [ -9.444980037516158, 38.730420450194657 ], [ -9.44498, 38.73042 ], [ -9.44491, 38.73026 ] ] } },
{ "type": "Feature", "properties": { "services_sum": 1.0002778549597111, "total_departures_sum": 47, "route_short_name_sum": null, "services_unique": null, "total_departures_unique": null, "route_short_name_unique": "14" }, "geometry": { "type": "LineString", "coordinates": [ [ -9.44478, 38.72979 ], [ -9.44435, 38.72893 ], [ -9.44374, 38.72773 ] ] } },
{ "type": "Feature", "properties": { "services_sum": 1.0002778549597111, "total_departures_sum": 47, "route_short_name_sum": null, "services_unique": null, "total_departures_unique": null, "route_short_name_unique": "14" }, "geometry": { "type": "LineString", "coordinates": [ [ -9.44455, 38.7513 ], [ -9.443637734209846, 38.75129019075937 ], [ -9.44362, 38.75129 ], [ -9.441357106276637, 38.75128007519244 ], [ -9.44134, 38.75128 ], [ -9.439972534655611, 38.75126018173475 ], [ -9.43996, 38.75126 ], [ -9.43875, 38.75126 ] ] } },
{ "type": "Feature", "properties": { "services_sum": 1.0002778549597111, "total_departures_sum": 47, "route_short_name_sum": null, "services_unique": null, "total_departures_unique": null, "route_short_name_unique": "14" }, "geometry": { "type": "LineString", "coordinates": [ [ -9.44361, 38.72661 ], [ -9.44355, 38.72636 ], [ -9.443543479217693, 38.72633391700986 ], [ -9.44345, 38.72596 ], [ -9.44331, 38.72573 ], [ -9.44321, 38.72567 ], [ -9.44317, 38.72562 ], [ -9.44316, 38.72558 ], [ -9.44319, 38.7255 ], [ -9.44325, 38.7254 ], [ -9.44324, 38.72518 ], [ -9.44301, 38.72437 ], [ -9.44296, 38.72423 ], [ -9.44252, 38.72348 ], [ -9.44250744177875, 38.723459450234472 ], [ -9.44241, 38.7233 ], [ -9.4423, 38.72317 ], [ -9.44218, 38.72296 ], [ -9.44187, 38.72233 ], [ -9.44183, 38.72218 ], [ -9.44179, 38.722 ], [ -9.44177, 38.72173 ], [ -9.44181, 38.72125 ], [ -9.44177, 38.72072 ], [ -9.44164, 38.72014 ], [ -9.44166, 38.7201 ], [ -9.44139, 38.71908 ], [ -9.44135, 38.71904 ], [ -9.44128, 38.71902 ], [ -9.44125, 38.71897 ], [ -9.44126, 38.7189 ], [ -9.44131, 38.71887 ], [ -9.44133, 38.71883 ], [ -9.44127, 38.71862 ], [ -9.441265848542903, 38.718604135742112 ], [ -9.44099, 38.71755 ] ] } },
{ "type": "Feature", "properties": { "services_sum": 1.0002778549597111, "total_departures_sum": 47, "route_short_name_sum": null, "services_unique": null, "total_departures_unique": null, "route_short_name_unique": "14" }, "geometry": { "type": "LineString", "coordinates": [ [ -9.44299, 38.70573 ], [ -9.44294, 38.70574 ], [ -9.4429, 38.70575 ], [ -9.44285, 38.7058 ], [ -9.44274, 38.70586 ], [ -9.442729436378816, 38.705866722304393 ], [ -9.44263, 38.70593 ] ] } },
{ "type": "Feature", "properties": { "services_sum": 1.0002778549597111, "total_departures_sum": 47, "route_short_name_sum": null, "services_unique": null, "total_departures_unique": null, "route_short_name_unique": "14" }, "geometry": { "type": "LineString", "coordinates": [ [ -9.44263, 38.70593 ], [ -9.44222, 38.70605 ], [ -9.442213675497921, 38.70605239306925 ], [ -9.44185, 38.70619 ] ] } },
{ "type": "Feature", "properties": { "services_sum": 1.0002778549597111, "total_departures_sum": 47, "route_short_name_sum": null, "services_unique": null, "total_departures_unique": null, "route_short_name_unique": "14" }, "geometry": { "type": "LineString", "coordinates": [ [ -9.44263, 38.70593 ], [ -9.442136016845687, 38.706077994387705 ], [ -9.44213, 38.70608 ] ] } },
{ "type": "Feature", "properties": { "services_sum": 1.0002778549597111, "total_departures_sum": 47, "route_short_name_sum": null, "services_unique": null, "total_departures_unique": null, "route_short_name_unique": "14" }, "geometry": { "type": "LineString", "coordinates": [ [ -9.44217, 38.73135 ], [ -9.44183, 38.7313 ], [ -9.441814048650185, 38.731297721244736 ], [ -9.44169, 38.73128 ] ] } },
{ "type": "Feature", "properties": { "services_sum": 1.0002778549597111, "total_departures_sum": 47, "route_short_name_sum": null, "services_unique": null, "total_departures_unique": null, "route_short_name_unique": "14" }, "geometry": { "type": "LineString", "coordinates": [ [ -9.44139, 38.70629 ], [ -9.440818588268097, 38.70625059231557 ], [ -9.44081, 38.70625 ] ] } },
{ "type": "Feature", "properties": { "services_sum": 1.0002778549597111, "total_departures_sum": 47, "route_short_name_sum": null, "services_unique": null, "total_departures_unique": null, "route_short_name_unique": "14" }, "geometry": { "type": "LineString", "coordinates": [ [ -9.44095, 38.73132 ], [ -9.44064, 38.73127 ], [ -9.440632712448286, 38.731268906893668 ], [ -9.43984, 38.73115 ] ] } },
{ "type": "Feature", "properties": { "services_sum": 1.0002778549597111, "total_departures_sum": 47, "route_short_name_sum": null, "services_unique": null, "total_departures_unique": null, "route_short_name_unique": "14" }, "geometry": { "type": "LineString", "coordinates": [ [ -9.44065, 38.71707 ], [ -9.44003, 38.71659 ], [ -9.440017758840673, 38.716577758846874 ], [ -9.43999, 38.71655 ], [ -9.43987, 38.71646 ], [ -9.4397, 38.71628 ], [ -9.43964, 38.71625 ], [ -9.43962, 38.71618 ], [ -9.43965, 38.71613 ], [ -9.43955, 38.71584 ], [ -9.43838, 38.71358 ], [ -9.438375766733392, 38.713572117558996 ], [ -9.43751, 38.71196 ] ] } },
{ "type": "Feature", "properties": { "services_sum": 1.0002778549597111, "total_departures_sum": 47, "route_short_name_sum": null, "services_unique": null, "total_departures_unique": null, "route_short_name_unique": "14" }, "geometry": { "type": "LineString", "coordinates": [ [ -9.4402, 38.7063 ], [ -9.440195588422128, 38.706301009897452 ], [ -9.43937, 38.70649 ], [ -9.438940117197085, 38.704590517861554 ], [ -9.43894, 38.70459 ], [ -9.43877, 38.70391 ], [ -9.43874, 38.7037 ], [ -9.438330454087335, 38.701882015756787 ], [ -9.43833, 38.70188 ], [ -9.43807, 38.70079 ], [ -9.43797, 38.70051 ] ] } },
{ "type": "Feature", "properties": { "services_sum": 1.0002778549597111, "total_departures_sum": 47, "route_short_name_sum": null, "services_unique": null, "total_departures_unique": null, "route_short_name_unique": "14" }, "geometry": { "type": "LineString", "coordinates": [ [ -9.43979, 38.73217 ], [ -9.43964, 38.73268 ], [ -9.439639375228849, 38.732688122038866 ], [ -9.43963, 38.73281 ] ] } },
{ "type": "Feature", "properties": { "services_sum": 1.0002778549597111, "total_departures_sum": 47, "route_short_name_sum": null, "services_unique": null, "total_departures_unique": null, "route_short_name_unique": "14" }, "geometry": { "type": "LineString", "coordinates": [ [ -9.43968, 38.73557 ], [ -9.43971, 38.73543 ], [ -9.439541838860782, 38.73439135783601 ], [ -9.43954, 38.73438 ], [ -9.43951, 38.7342 ] ] } },
{ "type": "Feature", "properties": { "services_sum": 1.0002778549597111, "total_departures_sum": 47, "route_short_name_sum": null, "services_unique": null, "total_departures_unique": null, "route_short_name_unique": "14" }, "geometry": { "type": "LineString", "coordinates": [ [ -9.43948, 38.73581 ], [ -9.43937, 38.7359 ], [ -9.439368168643837, 38.735901398502634 ], [ -9.43882, 38.73632 ] ] } },
{ "type": "Feature", "properties": { "services_sum": 1.0002778549597111, "total_departures_sum": 47, "route_short_name_sum": null, "services_unique": null, "total_departures_unique": null, "route_short_name_unique": "14" }, "geometry": { "type": "LineString", "coordinates": [ [ -9.43821, 38.75111 ], [ -9.436969992924077, 38.750197354938933 ], [ -9.43696, 38.75019 ], [ -9.4362, 38.74965 ], [ -9.43611, 38.74959 ], [ -9.43516, 38.74919 ] ] } },
{ "type": "Feature", "properties": { "services_sum": 1.0002778549597111, "total_departures_sum": 47, "route_short_name_sum": null, "services_unique": null, "total_departures_unique": null, "route_short_name_unique": "14" }, "geometry": { "type": "LineString", "coordinates": [ [ -9.43816, 38.73872 ], [ -9.43781, 38.73899 ], [ -9.437806348222129, 38.73899295367702 ], [ -9.43713, 38.73954 ] ] } },
{ "type": "Feature", "properties": { "services_sum": 1.0002778549597111, "total_departures_sum": 47, "route_short_name_sum": null, "services_unique": null, "total_departures_unique": null, "route_short_name_unique": "14" }, "geometry": { "type": "LineString", "coordinates": [ [ -9.43803, 38.70675 ], [ -9.43751629495959, 38.706672459654861 ], [ -9.4375, 38.70667 ], [ -9.43726, 38.70664 ] ] } },
{ "type": "Feature", "properties": { "services_sum": 1.0002778549597111, "total_departures_sum": 47, "route_short_name_sum": null, "services_unique": null, "total_departures_unique": null, "route_short_name_unique": "14" }, "geometry": { "type": "LineString", "coordinates": [ [ -9.43775, 38.70023 ], [ -9.43767, 38.70021 ], [ -9.43748, 38.70024 ], [ -9.43718, 38.7002 ], [ -9.436207000330239, 38.699882285861285 ], [ -9.43573, 38.69974 ], [ -9.43554, 38.69966 ], [ -9.4354, 38.69958 ] ] } },
{ "type": "Feature", "properties": { "services_sum": 1.0002778549597111, "total_departures_sum": 47, "route_short_name_sum": null, "services_unique": null, "total_departures_unique": null, "route_short_name_unique": "14" }, "geometry": { "type": "LineString", "coordinates": [ [ -9.4374, 38.71179 ], [ -9.43713, 38.71147 ], [ -9.43654, 38.7108 ], [ -9.436534128435653, 38.710793272292591 ], [ -9.43558, 38.7097 ], [ -9.43556924061715, 38.70968769156687 ], [ -9.43433, 38.70827 ], [ -9.434323297649, 38.708261382728885 ], [ -9.43412, 38.708 ], [ -9.43386, 38.70785 ], [ -9.43371, 38.7078 ], [ -9.43368, 38.70775 ], [ -9.43368, 38.70771 ] ] } },
{ "type": "Feature", "properties": { "services_sum": 1.0002778549597111, "total_departures_sum": 47, "route_short_name_sum": null, "services_unique": null, "total_departures_unique": null, "route_short_name_unique": "14" }, "geometry": { "type": "LineString", "coordinates": [ [ -9.43599, 38.74116 ], [ -9.4358, 38.74215 ], [ -9.435798992071531, 38.742155165663036 ], [ -9.43572, 38.74256 ], [ -9.435420131545303, 38.743749478212486 ], [ -9.43542, 38.74375 ], [ -9.43535, 38.74391 ], [ -9.43528, 38.74401 ] ] } },
{ "type": "Feature", "properties": { "services_sum": 1.0002778549597111, "total_departures_sum": 47, "route_short_name_sum": null, "services_unique": null, "total_departures_unique": null, "route_short_name_unique": "14" }, "geometry": { "type": "LineString", "coordinates": [ [ -9.43585, 38.70537 ], [ -9.435760731908225, 38.705307512346394 ], [ -9.43575, 38.7053 ], [ -9.4355, 38.70512 ] ] } },
{ "type": "Feature", "properties": { "services_sum": 1.0002778549597111, "total_departures_sum": 47, "route_short_name_sum": null, "services_unique": null, "total_departures_unique": null, "route_short_name_unique": "14" }, "geometry": { "type": "LineString", "coordinates": [ [ -9.43505, 38.69929 ], [ -9.43488, 38.69905 ], [ -9.43471, 38.69876 ], [ -9.43459, 38.69861 ], [ -9.43458, 38.69856 ] ] } },
{ "type": "Feature", "properties": { "services_sum": 1.0002778549597111, "total_departures_sum": 47, "route_short_name_sum": null, "services_unique": null, "total_departures_unique": null, "route_short_name_unique": "14" }, "geometry": { "type": "LineString", "coordinates": [ [ -9.43487, 38.70475 ], [ -9.43463, 38.70457 ], [ -9.43453, 38.70439 ], [ -9.43448, 38.70433 ], [ -9.43442, 38.70429 ], [ -9.43435, 38.70427 ] ] } },
{ "type": "Feature", "properties": { "services_sum": 1.0002778549597111, "total_departures_sum": 47, "route_short_name_sum": null, "services_unique": null, "total_departures_unique": null, "route_short_name_unique": "14" }, "geometry": { "type": "LineString", "coordinates": [ [ -9.43441, 38.69834 ], [ -9.43388, 38.69758 ], [ -9.43387988120911, 38.697579809934581 ], [ -9.43378, 38.69742 ], [ -9.43364, 38.69725 ], [ -9.43352, 38.69717 ] ] } },
{ "type": "Feature", "properties": { "services_sum": 1.0002778549597111, "total_departures_sum": 47, "route_short_name_sum": null, "services_unique": null, "total_departures_unique": null, "route_short_name_unique": "14" }, "geometry": { "type": "LineString", "coordinates": [ [ -9.43427, 38.70428 ], [ -9.4342, 38.70431 ], [ -9.43383, 38.70414 ] ] } },
{ "type": "Feature", "properties": { "services_sum": 1.0002778549597111, "total_departures_sum": 47, "route_short_name_sum": null, "services_unique": null, "total_departures_unique": null, "route_short_name_unique": "14" }, "geometry": { "type": "LineString", "coordinates": [ [ -9.4337, 38.70404 ], [ -9.433480242426741, 38.703734250403372 ], [ -9.43347, 38.70372 ], [ -9.43246, 38.70237 ], [ -9.43079, 38.70171 ], [ -9.43038, 38.70157 ], [ -9.43023, 38.70154 ], [ -9.43016, 38.70152 ], [ -9.43007, 38.70152 ], [ -9.43, 38.70157 ], [ -9.42998, 38.70162 ], [ -9.42999, 38.70167 ], [ -9.43015, 38.70201 ], [ -9.43022, 38.70211 ], [ -9.4304, 38.7023 ], [ -9.430537804878467, 38.702465365895158 ], [ -9.43055, 38.70248 ], [ -9.43074, 38.70279 ], [ -9.43087, 38.70314 ], [ -9.4309, 38.70338 ], [ -9.4309, 38.70361 ], [ -9.43092, 38.70406 ], [ -9.43094, 38.70426 ], [ -9.43098267153637, 38.704388014649801 ], [ -9.43099, 38.70441 ], [ -9.43101, 38.7045 ], [ -9.43101, 38.7046 ], [ -9.43099, 38.70464 ], [ -9.43094, 38.70468 ], [ -9.43085, 38.70473 ], [ -9.43082, 38.70477 ], [ -9.43081, 38.70482 ] ] } },
{ "type": "Feature", "properties": { "services_sum": 1.0002778549597111, "total_departures_sum": 47, "route_short_name_sum": null, "services_unique": null, "total_departures_unique": null, "route_short_name_unique": "14" }, "geometry": { "type": "LineString", "coordinates": [ [ -9.43331, 38.74463 ], [ -9.43297, 38.74465 ], [ -9.4329637862204, 38.744650345219441 ], [ -9.43261, 38.74467 ] ] } },
{ "type": "Feature", "properties": { "services_sum": 1.0002778549597111, "total_departures_sum": 47, "route_short_name_sum": null, "services_unique": null, "total_departures_unique": null, "route_short_name_unique": "14" }, "geometry": { "type": "LineString", "coordinates": [ [ -9.43269, 38.70632 ], [ -9.43227, 38.70585 ], [ -9.432260376201061, 38.705839720116678 ], [ -9.43183, 38.70538 ] ] } },
{ "type": "Feature", "properties": { "services_sum": 1.0002778549597111, "total_departures_sum": 47, "route_short_name_sum": null, "services_unique": null, "total_departures_unique": null, "route_short_name_unique": "14" }, "geometry": { "type": "LineString", "coordinates": [ [ -9.43219, 38.74858 ], [ -9.432057055297548, 38.748741432876344 ], [ -9.43205, 38.74875 ], [ -9.432, 38.7488 ] ] } },
{ "type": "Feature", "properties": { "services_sum": 1.0002778549597111, "total_departures_sum": 47, "route_short_name_sum": null, "services_unique": null, "total_departures_unique": null, "route_short_name_unique": "14" }, "geometry": { "type": "LineString", "coordinates": [ [ -9.43187, 38.74501 ], [ -9.43056, 38.74592 ], [ -9.430557154963509, 38.74592185546517 ], [ -9.43033, 38.74607 ], [ -9.43025, 38.7461 ], [ -9.43014, 38.74616 ] ] } },
{ "type": "Feature", "properties": { "services_sum": 1.0002778549597111, "total_departures_sum": 47, "route_short_name_sum": null, "services_unique": null, "total_departures_unique": null, "route_short_name_unique": "14" }, "geometry": { "type": "LineString", "coordinates": [ [ -9.4313, 38.69757 ], [ -9.4312, 38.69754 ], [ -9.43116, 38.69746 ], [ -9.43117, 38.69742 ], [ -9.4311, 38.69728 ], [ -9.43054, 38.69644 ], [ -9.43039, 38.69622 ], [ -9.43028, 38.69614 ], [ -9.43024, 38.69615 ], [ -9.4301, 38.69624 ], [ -9.42994, 38.69668 ], [ -9.42977, 38.69701 ], [ -9.42935, 38.69758 ], [ -9.42897, 38.69796 ], [ -9.4286, 38.69823 ], [ -9.42818069203879, 38.698559456258984 ], [ -9.42793, 38.69877 ], [ -9.42674, 38.69959 ] ] } },
{ "type": "Feature", "properties": { "services_sum": 1.0002778549597111, "total_departures_sum": 47, "route_short_name_sum": null, "services_unique": null, "total_departures_unique": null, "route_short_name_unique": "14" }, "geometry": { "type": "LineString", "coordinates": [ [ -9.4305, 38.74804 ], [ -9.430298563454178, 38.747992038926384 ], [ -9.43029, 38.74799 ], [ -9.42999, 38.74797 ], [ -9.42986, 38.74794 ] ] } },
{ "type": "Feature", "properties": { "services_sum": 1.0002778549597111, "total_departures_sum": 47, "route_short_name_sum": null, "services_unique": null, "total_departures_unique": null, "route_short_name_unique": "14" }, "geometry": { "type": "LineString", "coordinates": [ [ -9.4303, 38.70166 ], [ -9.43028, 38.70169 ], [ -9.43019, 38.70175 ], [ -9.43009, 38.70174 ], [ -9.430086714468651, 38.701738591915138 ], [ -9.43002, 38.70171 ], [ -9.43, 38.70167 ] ] } },
{ "type": "Feature", "properties": { "services_sum": 1.0002778549597111, "total_departures_sum": 47, "route_short_name_sum": null, "services_unique": null, "total_departures_unique": null, "route_short_name_unique": "14" }, "geometry": { "type": "LineString", "coordinates": [ [ -9.43024, 38.70154 ], [ -9.42966, 38.70137 ], [ -9.429653607932634, 38.701368033210038 ], [ -9.42965, 38.70137 ] ] } },
{ "type": "Feature", "properties": { "services_sum": 1.0002778549597111, "total_departures_sum": 47, "route_short_name_sum": null, "services_unique": null, "total_departures_unique": null, "route_short_name_unique": "14" }, "geometry": { "type": "LineString", "coordinates": [ [ -9.4296, 38.70136 ], [ -9.42927, 38.70125 ], [ -9.42902, 38.70118 ], [ -9.42893, 38.70117 ], [ -9.42874, 38.70121 ], [ -9.4285, 38.70135 ], [ -9.42746, 38.70197 ] ] } },
{ "type": "Feature", "properties": { "services_sum": 1.0002778549597111, "total_departures_sum": 47, "route_short_name_sum": null, "services_unique": null, "total_departures_unique": null, "route_short_name_unique": "14" }, "geometry": { "type": "LineString", "coordinates": [ [ -9.42699, 38.70021 ], [ -9.426860324625475, 38.700030449481424 ], [ -9.42686, 38.70003 ], [ -9.42674, 38.69985 ] ] } },
{ "type": "Feature", "properties": { "services_sum": 1.0002778549597111, "total_departures_sum": 47, "route_short_name_sum": null, "services_unique": null, "total_departures_unique": null, "route_short_name_unique": "14" }, "geometry": { "type": "LineString", "coordinates": [ [ -9.42587, 38.70097 ], [ -9.42563, 38.70082 ] ] } },
{ "type": "Feature", "properties": { "services_sum": 1.0002778549597111, "total_departures_sum": 47, "route_short_name_sum": null, "services_unique": null, "total_departures_unique": null, "route_short_name_unique": "14" }, "geometry": { "type": "LineString", "coordinates": [ [ -9.42112, 38.70169 ], [ -9.420983945112583, 38.701932955182329 ], [ -9.42087, 38.70212 ], [ -9.42078, 38.70219 ], [ -9.42067, 38.70223 ], [ -9.42055, 38.70222 ], [ -9.41995, 38.70202 ], [ -9.419561153834145, 38.701910325440394 ], [ -9.41957, 38.70192 ], [ -9.418, 38.70156 ] ] } },
{ "type": "Feature", "properties": { "services_sum": 1.0002778549597111, "total_departures_sum": 47, "route_short_name_sum": null, "services_unique": null, "total_departures_unique": null, "route_short_name_unique": "14" }, "geometry": { "type": "LineString", "coordinates": [ [ -9.41896, 38.70349 ], [ -9.418947100639345, 38.703490454970073 ], [ -9.419102668762209, 38.703440161053571 ], [ -9.419083893299105, 38.702519311955619 ], [ -9.419205933809282, 38.702121460216695 ], [ -9.418659433722498, 38.701936099068789 ] ] } },
{ "type": "Feature", "properties": { "services_sum": 1.0002778549597111, "total_departures_sum": 47, "route_short_name_sum": null, "services_unique": null, "total_departures_unique": null, "route_short_name_unique": "14" }, "geometry": { "type": "LineString", "coordinates": [ [ -9.41895, 38.7035 ], [ -9.41833, 38.70348 ], [ -9.418323148039562, 38.703479510574255 ], [ -9.41819, 38.70347 ] ] } },
{ "type": "Feature", "properties": { "services_sum": 2.0518666286691363, "total_departures_sum": 84, "route_short_name_sum": null, "services_unique": null, "total_departures_unique": null, "route_short_name_unique": "3" }, "geometry": { "type": "LineString", "coordinates": [ [ -9.44776, 38.71006 ], [ -9.44772, 38.71012 ], [ -9.44771, 38.71016 ], [ -9.44832, 38.71128 ] ] } },
{ "type": "Feature", "properties": { "services_sum": 2.0518666286691363, "total_departures_sum": 84, "route_short_name_sum": null, "services_unique": null, "total_departures_unique": null, "route_short_name_unique": "3" }, "geometry": { "type": "LineString", "coordinates": [ [ -9.44806, 38.7091 ], [ -9.44763, 38.70868 ], [ -9.44661, 38.70792 ] ] } },
{ "type": "Feature", "properties": { "services_sum": 2.0518666286691363, "total_departures_sum": 84, "route_short_name_sum": null, "services_unique": null, "total_departures_unique": null, "route_short_name_unique": "3" }, "geometry": { "type": "LineString", "coordinates": [ [ -9.44644, 38.71181 ], [ -9.44633, 38.71265 ], [ -9.44625, 38.71292 ] ] } },
{ "type": "Feature", "properties": { "services_sum": 2.0518666286691363, "total_departures_sum": 84, "route_short_name_sum": null, "services_unique": null, "total_departures_unique": null, "route_short_name_unique": "3" }, "geometry": { "type": "LineString", "coordinates": [ [ -9.44521, 38.71486 ], [ -9.44243, 38.71572 ], [ -9.44178, 38.71596 ] ] } },
{ "type": "Feature", "properties": { "services_sum": 2.0518666286691363, "total_departures_sum": 84, "route_short_name_sum": null, "services_unique": null, "total_departures_unique": null, "route_short_name_unique": "3" }, "geometry": { "type": "LineString", "coordinates": [ [ -9.4184, 38.72873 ], [ -9.41839, 38.72881 ] ] } },
{ "type": "Feature", "properties": { "services_sum": 2.0518666286691363, "total_departures_sum": 84, "route_short_name_sum": null, "services_unique": null, "total_departures_unique": null, "route_short_name_unique": "3" }, "geometry": { "type": "LineString", "coordinates": [ [ -9.41838, 38.72867 ], [ -9.41832, 38.7286 ], [ -9.41816, 38.7285 ] ] } },
{ "type": "Feature", "properties": { "services_sum": 2.0518666286691363, "total_departures_sum": 84, "route_short_name_sum": null, "services_unique": null, "total_departures_unique": null, "route_short_name_unique": "3" }, "geometry": { "type": "LineString", "coordinates": [ [ -9.40482, 38.73048 ], [ -9.40467, 38.72986 ] ] } },
{ "type": "Feature", "properties": { "services_sum": 2.0518666286691363, "total_departures_sum": 84, "route_short_name_sum": null, "services_unique": null, "total_departures_unique": null, "route_short_name_unique": "3" }, "geometry": { "type": "LineString", "coordinates": [ [ -9.39551, 38.73712 ], [ -9.39534, 38.73717 ], [ -9.3952, 38.73718 ] ] } },
{ "type": "Feature", "properties": { "services_sum": 2.0005557099194222, "total_departures_sum": 94, "route_short_name_sum": null, "services_unique": null, "total_departures_unique": null, "route_short_name_unique": "2, 14" }, "geometry": { "type": "LineString", "coordinates": [ [ -9.44811, 38.75292 ], [ -9.44798, 38.75276 ], [ -9.44781, 38.75218 ], [ -9.44779, 38.75212 ], [ -9.4477, 38.75202 ], [ -9.44748, 38.7519 ] ] } },
{ "type": "Feature", "properties": { "services_sum": 2.0005557099194222, "total_departures_sum": 94, "route_short_name_sum": null, "services_unique": null, "total_departures_unique": null, "route_short_name_unique": "2, 14" }, "geometry": { "type": "LineString", "coordinates": [ [ -9.44491, 38.73026 ], [ -9.44478, 38.72979 ] ] } },
{ "type": "Feature", "properties": { "services_sum": 2.0005557099194222, "total_departures_sum": 94, "route_short_name_sum": null, "services_unique": null, "total_departures_unique": null, "route_short_name_unique": "2, 14" }, "geometry": { "type": "LineString", "coordinates": [ [ -9.44476, 38.75132 ], [ -9.44455, 38.7513 ] ] } },
{ "type": "Feature", "properties": { "services_sum": 2.0005557099194222, "total_departures_sum": 94, "route_short_name_sum": null, "services_unique": null, "total_departures_unique": null, "route_short_name_unique": "2, 14" }, "geometry": { "type": "LineString", "coordinates": [ [ -9.44436, 38.73077 ], [ -9.44426, 38.73081 ], [ -9.44415, 38.73099 ], [ -9.44406, 38.7311 ], [ -9.44385, 38.73122 ], [ -9.44319, 38.73151 ], [ -9.44298, 38.73157 ], [ -9.44279, 38.73155 ], [ -9.44264, 38.73154 ], [ -9.44245, 38.73148 ], [ -9.44217, 38.73135 ] ] } },
{ "type": "Feature", "properties": { "services_sum": 2.0005557099194222, "total_departures_sum": 94, "route_short_name_sum": null, "services_unique": null, "total_departures_unique": null, "route_short_name_unique": "2, 14" }, "geometry": { "type": "LineString", "coordinates": [ [ -9.44374, 38.72773 ], [ -9.44363, 38.72745 ], [ -9.4436, 38.72722 ], [ -9.44361, 38.72661 ] ] } },
{ "type": "Feature", "properties": { "services_sum": 2.0005557099194222, "total_departures_sum": 94, "route_short_name_sum": null, "services_unique": null, "total_departures_unique": null, "route_short_name_unique": "2, 14" }, "geometry": { "type": "LineString", "coordinates": [ [ -9.44299, 38.70573 ], [ -9.44307, 38.70576 ], [ -9.44311, 38.70582 ], [ -9.4431, 38.70589 ], [ -9.44303, 38.70593 ], [ -9.44299, 38.70594 ], [ -9.4429, 38.70593 ], [ -9.44263, 38.70593 ] ] } },
{ "type": "Feature", "properties": { "services_sum": 2.0005557099194222, "total_departures_sum": 94, "route_short_name_sum": null, "services_unique": null, "total_departures_unique": null, "route_short_name_unique": "2, 14" }, "geometry": { "type": "LineString", "coordinates": [ [ -9.44213, 38.70608 ], [ -9.44185, 38.70619 ] ] } },
{ "type": "Feature", "properties": { "services_sum": 2.0005557099194222, "total_departures_sum": 94, "route_short_name_sum": null, "services_unique": null, "total_departures_unique": null, "route_short_name_unique": "2, 14" }, "geometry": { "type": "LineString", "coordinates": [ [ -9.44169, 38.73128 ], [ -9.44095, 38.73132 ] ] } },
{ "type": "Feature", "properties": { "services_sum": 2.0005557099194222, "total_departures_sum": 94, "route_short_name_sum": null, "services_unique": null, "total_departures_unique": null, "route_short_name_unique": "2, 14" }, "geometry": { "type": "LineString", "coordinates": [ [ -9.44139, 38.70629 ], [ -9.44063, 38.70624 ] ] } },
{ "type": "Feature", "properties": { "services_sum": 2.0005557099194222, "total_departures_sum": 94, "route_short_name_sum": null, "services_unique": null, "total_departures_unique": null, "route_short_name_unique": "2, 14" }, "geometry": { "type": "LineString", "coordinates": [ [ -9.44099, 38.71755 ], [ -9.44083, 38.71727 ], [ -9.44065, 38.71707 ] ] } },
{ "type": "Feature", "properties": { "services_sum": 2.0005557099194222, "total_departures_sum": 94, "route_short_name_sum": null, "services_unique": null, "total_departures_unique": null, "route_short_name_unique": "2, 14" }, "geometry": { "type": "LineString", "coordinates": [ [ -9.44081, 38.70625 ], [ -9.44063, 38.70624 ] ] } },
{ "type": "Feature", "properties": { "services_sum": 2.0005557099194222, "total_departures_sum": 94, "route_short_name_sum": null, "services_unique": null, "total_departures_unique": null, "route_short_name_unique": "2, 14" }, "geometry": { "type": "LineString", "coordinates": [ [ -9.44063, 38.70624 ], [ -9.4402, 38.7063 ] ] } },
{ "type": "Feature", "properties": { "services_sum": 2.0005557099194222, "total_departures_sum": 94, "route_short_name_sum": null, "services_unique": null, "total_departures_unique": null, "route_short_name_unique": "2, 14" }, "geometry": { "type": "LineString", "coordinates": [ [ -9.43984, 38.73115 ], [ -9.43972, 38.73147 ], [ -9.43974, 38.73171 ], [ -9.43979, 38.73195 ], [ -9.43979, 38.73217 ] ] } },
{ "type": "Feature", "properties": { "services_sum": 2.0005557099194222, "total_departures_sum": 94, "route_short_name_sum": null, "services_unique": null, "total_departures_unique": null, "route_short_name_unique": "2, 14" }, "geometry": { "type": "LineString", "coordinates": [ [ -9.43968, 38.73557 ], [ -9.43961, 38.73569 ], [ -9.43948, 38.73581 ] ] } },
{ "type": "Feature", "properties": { "services_sum": 2.0005557099194222, "total_departures_sum": 94, "route_short_name_sum": null, "services_unique": null, "total_departures_unique": null, "route_short_name_unique": "2, 14" }, "geometry": { "type": "LineString", "coordinates": [ [ -9.43963, 38.73281 ], [ -9.43966, 38.7332 ], [ -9.43955, 38.73352 ], [ -9.4395, 38.73383 ], [ -9.43951, 38.7342 ] ] } },
{ "type": "Feature", "properties": { "services_sum": 2.0005557099194222, "total_departures_sum": 94, "route_short_name_sum": null, "services_unique": null, "total_departures_unique": null, "route_short_name_unique": "2, 14" }, "geometry": { "type": "LineString", "coordinates": [ [ -9.43882, 38.73632 ], [ -9.43876, 38.73641 ], [ -9.43873, 38.73648 ], [ -9.43873, 38.73664 ], [ -9.43879, 38.73695 ], [ -9.4388, 38.73726 ], [ -9.43878, 38.73767 ], [ -9.43873, 38.73789 ], [ -9.43863, 38.73809 ], [ -9.43837, 38.73847 ], [ -9.43816, 38.73872 ] ] } },
{ "type": "Feature", "properties": { "services_sum": 2.0005557099194222, "total_departures_sum": 94, "route_short_name_sum": null, "services_unique": null, "total_departures_unique": null, "route_short_name_unique": "2, 14" }, "geometry": { "type": "LineString", "coordinates": [ [ -9.43875, 38.75126 ], [ -9.43846, 38.75123 ], [ -9.43837, 38.7512 ], [ -9.43821, 38.75111 ] ] } },
{ "type": "Feature", "properties": { "services_sum": 2.0005557099194222, "total_departures_sum": 94, "route_short_name_sum": null, "services_unique": null, "total_departures_unique": null, "route_short_name_unique": "2, 14" }, "geometry": { "type": "LineString", "coordinates": [ [ -9.43751, 38.71196 ], [ -9.4374, 38.71179 ] ] } },
{ "type": "Feature", "properties": { "services_sum": 2.0005557099194222, "total_departures_sum": 94, "route_short_name_sum": null, "services_unique": null, "total_departures_unique": null, "route_short_name_unique": "2, 14" }, "geometry": { "type": "LineString", "coordinates": [ [ -9.43726, 38.70664 ], [ -9.43702, 38.70656 ], [ -9.43682, 38.70645 ] ] } },
{ "type": "Feature", "properties": { "services_sum": 2.0005557099194222, "total_departures_sum": 94, "route_short_name_sum": null, "services_unique": null, "total_departures_unique": null, "route_short_name_unique": "2, 14" }, "geometry": { "type": "LineString", "coordinates": [ [ -9.43713, 38.73954 ], [ -9.43692, 38.73974 ], [ -9.43647, 38.74033 ], [ -9.43616, 38.74077 ], [ -9.43599, 38.74116 ] ] } },
{ "type": "Feature", "properties": { "services_sum": 2.0005557099194222, "total_departures_sum": 94, "route_short_name_sum": null, "services_unique": null, "total_departures_unique": null, "route_short_name_unique": "2, 14" }, "geometry": { "type": "LineString", "coordinates": [ [ -9.43643, 38.70616 ], [ -9.43624, 38.70597 ], [ -9.43608, 38.70573 ], [ -9.43607, 38.70561 ], [ -9.43585, 38.70537 ] ] } },
{ "type": "Feature", "properties": { "services_sum": 2.0005557099194222, "total_departures_sum": 94, "route_short_name_sum": null, "services_unique": null, "total_departures_unique": null, "route_short_name_unique": "2, 14" }, "geometry": { "type": "LineString", "coordinates": [ [ -9.4354, 38.69958 ], [ -9.43518, 38.69943 ], [ -9.43505, 38.69929 ] ] } },
{ "type": "Feature", "properties": { "services_sum": 2.0005557099194222, "total_departures_sum": 94, "route_short_name_sum": null, "services_unique": null, "total_departures_unique": null, "route_short_name_unique": "2, 14" }, "geometry": { "type": "LineString", "coordinates": [ [ -9.43528, 38.74401 ], [ -9.43509, 38.74417 ], [ -9.43484, 38.7443 ], [ -9.43472, 38.74433 ], [ -9.43407, 38.74443 ], [ -9.43331, 38.74463 ] ] } },
{ "type": "Feature", "properties": { "services_sum": 2.0005557099194222, "total_departures_sum": 94, "route_short_name_sum": null, "services_unique": null, "total_departures_unique": null, "route_short_name_unique": "2, 14" }, "geometry": { "type": "LineString", "coordinates": [ [ -9.43516, 38.74919 ], [ -9.43509, 38.74913 ], [ -9.43497, 38.74897 ], [ -9.43435, 38.74792 ], [ -9.43425, 38.74778 ], [ -9.43409, 38.74764 ], [ -9.43389, 38.74749 ], [ -9.43371, 38.74738 ], [ -9.43364, 38.74737 ], [ -9.43349, 38.74736 ], [ -9.4334, 38.74738 ], [ -9.43257, 38.74771 ], [ -9.43251, 38.74776 ], [ -9.43243, 38.74789 ], [ -9.43237, 38.74827 ], [ -9.43234, 38.74835 ], [ -9.43219, 38.74858 ] ] } },
{ "type": "Feature", "properties": { "services_sum": 2.0005557099194222, "total_departures_sum": 94, "route_short_name_sum": null, "services_unique": null, "total_departures_unique": null, "route_short_name_unique": "2, 14" }, "geometry": { "type": "LineString", "coordinates": [ [ -9.43261, 38.74467 ], [ -9.43235, 38.74473 ], [ -9.43224, 38.74478 ], [ -9.43187, 38.74501 ] ] } },
{ "type": "Feature", "properties": { "services_sum": 2.0005557099194222, "total_departures_sum": 94, "route_short_name_sum": null, "services_unique": null, "total_departures_unique": null, "route_short_name_unique": "2, 14" }, "geometry": { "type": "LineString", "coordinates": [ [ -9.432, 38.7488 ], [ -9.43188, 38.74887 ], [ -9.43177, 38.74889 ], [ -9.43168, 38.74888 ], [ -9.43152, 38.74883 ], [ -9.43146, 38.7488 ], [ -9.43142, 38.74875 ], [ -9.43126, 38.74848 ], [ -9.43113, 38.74837 ], [ -9.4305, 38.74804 ] ] } },
{ "type": "Feature", "properties": { "services_sum": 2.0005557099194222, "total_departures_sum": 94, "route_short_name_sum": null, "services_unique": null, "total_departures_unique": null, "route_short_name_unique": "2, 14" }, "geometry": { "type": "LineString", "coordinates": [ [ -9.43014, 38.74616 ], [ -9.43019, 38.74639 ], [ -9.4302, 38.74656 ], [ -9.43013, 38.74671 ], [ -9.43003, 38.74683 ], [ -9.4296, 38.74721 ], [ -9.42953, 38.74737 ], [ -9.42953, 38.74746 ], [ -9.42963, 38.7477 ], [ -9.42978, 38.74789 ], [ -9.42986, 38.74794 ] ] } },
{ "type": "Feature", "properties": { "services_sum": 1.0002778549597111, "total_departures_sum": 2, "route_short_name_sum": null, "services_unique": null, "total_departures_unique": null, "route_short_name_unique": "14" }, "geometry": { "type": "LineString", "coordinates": [ [ -9.44222, 38.70606 ], [ -9.44158, 38.70625 ] ] } },
{ "type": "Feature", "properties": { "services_sum": 1.0002778549597111, "total_departures_sum": 2, "route_short_name_sum": null, "services_unique": null, "total_departures_unique": null, "route_short_name_unique": "14" }, "geometry": { "type": "LineString", "coordinates": [ [ -9.44142, 38.70627 ], [ -9.44063, 38.70624 ], [ -9.44022, 38.7063 ], [ -9.440214660096256, 38.706301193625542 ], [ -9.43937, 38.70649 ], [ -9.43895, 38.7046 ], [ -9.43877, 38.70391 ], [ -9.43834, 38.70188 ], [ -9.43808, 38.7008 ], [ -9.43797, 38.70051 ] ] } },
{ "type": "Feature", "properties": { "services_sum": 1.0002778549597111, "total_departures_sum": 2, "route_short_name_sum": null, "services_unique": null, "total_departures_unique": null, "route_short_name_unique": "14" }, "geometry": { "type": "LineString", "coordinates": [ [ -9.43775, 38.70023 ], [ -9.43772, 38.70023 ], [ -9.43752, 38.70024 ], [ -9.43731, 38.70022 ] ] } },
{ "type": "Feature", "properties": { "services_sum": 1.0002778549597111, "total_departures_sum": 2, "route_short_name_sum": null, "services_unique": null, "total_departures_unique": null, "route_short_name_unique": "14" }, "geometry": { "type": "LineString", "coordinates": [ [ -9.43718, 38.7002 ], [ -9.4362, 38.69989 ], [ -9.436197889668549, 38.699889296556186 ], [ -9.43584, 38.69977 ], [ -9.43563, 38.69977 ], [ -9.43524, 38.69983 ], [ -9.43523, 38.69962 ], [ -9.43519, 38.69947 ], [ -9.43514, 38.69938 ], [ -9.43493, 38.69912 ], [ -9.43471, 38.69876 ], [ -9.43462, 38.69866 ], [ -9.43458, 38.69856 ] ] } },
{ "type": "Feature", "properties": { "services_sum": 1.0002778549597111, "total_departures_sum": 2, "route_short_name_sum": null, "services_unique": null, "total_departures_unique": null, "route_short_name_unique": "14" }, "geometry": { "type": "LineString", "coordinates": [ [ -9.43441, 38.69834 ], [ -9.43388, 38.69757 ], [ -9.43371, 38.69732 ], [ -9.43352, 38.69717 ] ] } },
{ "type": "Feature", "properties": { "services_sum": 1.0002778549597111, "total_departures_sum": 2, "route_short_name_sum": null, "services_unique": null, "total_departures_unique": null, "route_short_name_unique": "14" }, "geometry": { "type": "LineString", "coordinates": [ [ -9.4313, 38.69757 ], [ -9.43125, 38.69756 ], [ -9.43117, 38.69751 ], [ -9.43117, 38.69742 ], [ -9.43104, 38.69719 ], [ -9.43054, 38.69643 ], [ -9.43036, 38.69618 ], [ -9.4303, 38.69614 ], [ -9.43025, 38.69615 ], [ -9.43018, 38.69618 ], [ -9.43013, 38.69627 ], [ -9.43002, 38.69659 ], [ -9.42988, 38.69686 ], [ -9.42966, 38.69722 ], [ -9.42936, 38.6976 ], [ -9.42889, 38.69804 ], [ -9.42861, 38.69825 ], [ -9.42815, 38.69858 ], [ -9.428144986648828, 38.698584359435799 ], [ -9.42792, 38.69878 ], [ -9.4268, 38.69961 ], [ -9.42671, 38.69974 ], [ -9.42665, 38.69981 ], [ -9.426830229337432, 38.7000202723382 ], [ -9.42699, 38.70021 ], [ -9.42708, 38.70028 ], [ -9.42731, 38.70041 ], [ -9.42918, 38.70122 ] ] } },
{ "type": "Feature", "properties": { "services_sum": 1.0002778549597111, "total_departures_sum": 2, "route_short_name_sum": null, "services_unique": null, "total_departures_unique": null, "route_short_name_unique": "14" }, "geometry": { "type": "LineString", "coordinates": [ [ -9.4303, 38.70166 ], [ -9.43025, 38.70173 ], [ -9.43019, 38.70175 ], [ -9.43013, 38.70175 ], [ -9.43007, 38.70174 ], [ -9.43, 38.70167 ] ] } },
{ "type": "Feature", "properties": { "services_sum": 1.0002778549597111, "total_departures_sum": 2, "route_short_name_sum": null, "services_unique": null, "total_departures_unique": null, "route_short_name_unique": "14" }, "geometry": { "type": "LineString", "coordinates": [ [ -9.43024, 38.70154 ], [ -9.42968, 38.70138 ], [ -9.42918, 38.70122 ] ] } },
{ "type": "Feature", "properties": { "services_sum": 1.0002778549597111, "total_departures_sum": 2, "route_short_name_sum": null, "services_unique": null, "total_departures_unique": null, "route_short_name_unique": "14" }, "geometry": { "type": "LineString", "coordinates": [ [ -9.4296, 38.70136 ], [ -9.42918, 38.70122 ] ] } },
{ "type": "Feature", "properties": { "services_sum": 1.0002778549597111, "total_departures_sum": 2, "route_short_name_sum": null, "services_unique": null, "total_departures_unique": null, "route_short_name_unique": "14" }, "geometry": { "type": "LineString", "coordinates": [ [ -9.42918, 38.70122 ], [ -9.42902, 38.70118 ], [ -9.42883, 38.70119 ], [ -9.42874, 38.70121 ], [ -9.42837, 38.70142 ], [ -9.42746, 38.70197 ] ] } },
{ "type": "Feature", "properties": { "services_sum": 1.0002778549597111, "total_departures_sum": 2, "route_short_name_sum": null, "services_unique": null, "total_departures_unique": null, "route_short_name_unique": "14" }, "geometry": { "type": "LineString", "coordinates": [ [ -9.42632, 38.7013 ], [ -9.42598, 38.70104 ], [ -9.42585, 38.70096 ], [ -9.425847871721416, 38.70095873453706 ], [ -9.42548, 38.70074 ], [ -9.42536, 38.70072 ], [ -9.42523, 38.70074 ], [ -9.42514, 38.70078 ] ] } },
{ "type": "Feature", "properties": { "services_sum": 1.0002778549597111, "total_departures_sum": 2, "route_short_name_sum": null, "services_unique": null, "total_departures_unique": null, "route_short_name_unique": "14" }, "geometry": { "type": "LineString", "coordinates": [ [ -9.42426, 38.70121 ], [ -9.42389, 38.70131 ], [ -9.42361, 38.70137 ] ] } },
{ "type": "Feature", "properties": { "services_sum": 1.0002778549597111, "total_departures_sum": 2, "route_short_name_sum": null, "services_unique": null, "total_departures_unique": null, "route_short_name_unique": "14" }, "geometry": { "type": "LineString", "coordinates": [ [ -9.42216, 38.70133 ], [ -9.42177, 38.7013 ], [ -9.42164, 38.70133 ], [ -9.42139, 38.70143 ], [ -9.42132, 38.70149 ], [ -9.42116, 38.7017 ], [ -9.42101, 38.70194 ], [ -9.421005880174405, 38.701946768284905 ], [ -9.42087, 38.70217 ], [ -9.4208, 38.70222 ], [ -9.42063, 38.70226 ], [ -9.42054, 38.70225 ], [ -9.42002, 38.70205 ], [ -9.4198, 38.70198 ], [ -9.4181, 38.70161 ], [ -9.41789, 38.70158 ], [ -9.41783, 38.70158 ], [ -9.41772, 38.70164 ], [ -9.41769, 38.70168 ], [ -9.41769, 38.70186 ] ] } },
{ "type": "Feature", "properties": { "services_sum": 1.0002778549597111, "total_departures_sum": 2, "route_short_name_sum": null, "services_unique": null, "total_departures_unique": null, "route_short_name_unique": "14" }, "geometry": { "type": "LineString", "coordinates": [ [ -9.418656751513483, 38.701936356105975 ], [ -9.41920727491379, 38.702121460216695 ], [ -9.419094622135164, 38.702527719385415 ], [ -9.419099986553194, 38.703440157592055 ], [ -9.418936371803285, 38.703496676804242 ], [ -9.41894, 38.70349 ], [ -9.41851, 38.70348 ], [ -9.41819, 38.70347 ] ] } },
{ "type": "Feature", "properties": { "services_sum": 2.0005557099194222, "total_departures_sum": 94, "route_short_name_sum": null, "services_unique": null, "total_departures_unique": null, "route_short_name_unique": "2" }, "geometry": { "type": "LineString", "coordinates": [ [ -9.4414, 38.75128 ], [ -9.44139, 38.75128 ] ] } },
{ "type": "Feature", "properties": { "services_sum": 2.0005557099194222, "total_departures_sum": 94, "route_short_name_sum": null, "services_unique": null, "total_departures_unique": null, "route_short_name_unique": "2" }, "geometry": { "type": "LineString", "coordinates": [ [ -9.42823, 38.6985 ], [ -9.428224602029227, 38.698503557753469 ] ] } },
{ "type": "Feature", "properties": { "services_sum": 3.0264890242539906, "total_departures_sum": 136, "route_short_name_sum": null, "services_unique": null, "total_departures_unique": null, "route_short_name_unique": "2, 3, 14" }, "geometry": { "type": "LineString", "coordinates": [ [ -9.44063, 38.70624 ], [ -9.44031, 38.70628 ] ] } },
{ "type": "Feature", "properties": { "services_sum": 3.0264890242539906, "total_departures_sum": 136, "route_short_name_sum": null, "services_unique": null, "total_departures_unique": null, "route_short_name_unique": "2, 3, 14" }, "geometry": { "type": "LineString", "coordinates": [ [ -9.4395, 38.70645 ], [ -9.4384, 38.70673 ], [ -9.43803, 38.70675 ] ] } },
{ "type": "Feature", "properties": { "services_sum": 3.0264890242539906, "total_departures_sum": 136, "route_short_name_sum": null, "services_unique": null, "total_departures_unique": null, "route_short_name_unique": "2, 3, 14" }, "geometry": { "type": "LineString", "coordinates": [ [ -9.43682, 38.70645 ], [ -9.43643, 38.70616 ] ] } },
{ "type": "Feature", "properties": { "services_sum": 3.0264890242539906, "total_departures_sum": 136, "route_short_name_sum": null, "services_unique": null, "total_departures_unique": null, "route_short_name_unique": "2, 3, 14" }, "geometry": { "type": "LineString", "coordinates": [ [ -9.43383, 38.70414 ], [ -9.4337, 38.70404 ] ] } },
{ "type": "Feature", "properties": { "services_sum": 2.026211169294279, "total_departures_sum": 89, "route_short_name_sum": null, "services_unique": null, "total_departures_unique": null, "route_short_name_unique": "3, 14" }, "geometry": { "type": "LineString", "coordinates": [ [ -9.44031, 38.70628 ], [ -9.4395, 38.70645 ] ] } },
{ "type": "Feature", "properties": { "services_sum": 2.026211169294279, "total_departures_sum": 89, "route_short_name_sum": null, "services_unique": null, "total_departures_unique": null, "route_short_name_unique": "3, 14" }, "geometry": { "type": "LineString", "coordinates": [ [ -9.4355, 38.70512 ], [ -9.43487, 38.70475 ] ] } },
{ "type": "Feature", "properties": { "services_sum": 2.026211169294279, "total_departures_sum": 89, "route_short_name_sum": null, "services_unique": null, "total_departures_unique": null, "route_short_name_unique": "3, 14" }, "geometry": { "type": "LineString", "coordinates": [ [ -9.43435, 38.70427 ], [ -9.43427, 38.70428 ] ] } },
{ "type": "Feature", "properties": { "services_sum": 2.0005557099194222, "total_departures_sum": 4, "route_short_name_sum": null, "services_unique": null, "total_departures_unique": null, "route_short_name_unique": "14" }, "geometry": { "type": "LineString", "coordinates": [ [ -9.438951429029528, 38.704606430632872 ], [ -9.43895, 38.7046 ] ] } },
{ "type": "Feature", "properties": { "services_sum": 2.0005557099194222, "total_departures_sum": 4, "route_short_name_sum": null, "services_unique": null, "total_departures_unique": null, "route_short_name_unique": "14" }, "geometry": { "type": "LineString", "coordinates": [ [ -9.438341123124253, 38.701885302191243 ], [ -9.43834, 38.70188 ] ] } },
{ "type": "Feature", "properties": { "services_sum": 2.0005557099194222, "total_departures_sum": 4, "route_short_name_sum": null, "services_unique": null, "total_departures_unique": null, "route_short_name_unique": "14" }, "geometry": { "type": "LineString", "coordinates": [ [ -9.433882981478796, 38.697574331582402 ], [ -9.43388, 38.69757 ] ] } },
{ "type": "Feature", "properties": { "services_sum": 2.0005557099194222, "total_departures_sum": 4, "route_short_name_sum": null, "services_unique": null, "total_departures_unique": null, "route_short_name_unique": "14" }, "geometry": { "type": "LineString", "coordinates": [ [ -9.430541924966011, 38.696432925948336 ], [ -9.43054, 38.69643 ] ] } },
{ "type": "Feature", "properties": { "services_sum": 2.0005557099194222, "total_departures_sum": 4, "route_short_name_sum": null, "services_unique": null, "total_departures_unique": null, "route_short_name_unique": "14" }, "geometry": { "type": "LineString", "coordinates": [ [ -9.42968, 38.70138 ], [ -9.429678446099485, 38.701379502751834 ] ] } },
{ "type": "Feature", "properties": { "services_sum": 2.0005557099194222, "total_departures_sum": 4, "route_short_name_sum": null, "services_unique": null, "total_departures_unique": null, "route_short_name_unique": "14" }, "geometry": { "type": "LineString", "coordinates": [ [ -9.41851, 38.70348 ], [ -9.418501755606403, 38.703479742362703 ] ] } },
{ "type": "Feature", "properties": { "services_sum": 2.026211169294279, "total_departures_sum": 89, "route_short_name_sum": null, "services_unique": null, "total_departures_unique": null, "route_short_name_unique": "2, 3" }, "geometry": { "type": "LineString", "coordinates": [ [ -9.43885, 38.70369 ], [ -9.4388, 38.70336 ] ] } },
{ "type": "Feature", "properties": { "services_sum": 2.026211169294279, "total_departures_sum": 89, "route_short_name_sum": null, "services_unique": null, "total_departures_unique": null, "route_short_name_unique": "2, 3" }, "geometry": { "type": "LineString", "coordinates": [ [ -9.43117, 38.70479 ], [ -9.43114, 38.70454 ] ] } },
{ "type": "Feature", "properties": { "services_sum": 2.026211169294279, "total_departures_sum": 89, "route_short_name_sum": null, "services_unique": null, "total_departures_unique": null, "route_short_name_unique": "2, 3" }, "geometry": { "type": "LineString", "coordinates": [ [ -9.43094, 38.70296 ], [ -9.43084, 38.70272 ] ] } },
{ "type": "Feature", "properties": { "services_sum": 2.0005557099194222, "total_departures_sum": 49, "route_short_name_sum": null, "services_unique": null, "total_departures_unique": null, "route_short_name_unique": "14" }, "geometry": { "type": "LineString", "coordinates": [ [ -9.43797, 38.70051 ], [ -9.43785, 38.70031 ], [ -9.43775, 38.70023 ] ] } },
{ "type": "Feature", "properties": { "services_sum": 2.0005557099194222, "total_departures_sum": 49, "route_short_name_sum": null, "services_unique": null, "total_departures_unique": null, "route_short_name_unique": "14" }, "geometry": { "type": "LineString", "coordinates": [ [ -9.43458, 38.69856 ], [ -9.43453, 38.69844 ], [ -9.43441, 38.69834 ] ] } },
{ "type": "Feature", "properties": { "services_sum": 2.0005557099194222, "total_departures_sum": 49, "route_short_name_sum": null, "services_unique": null, "total_departures_unique": null, "route_short_name_unique": "14" }, "geometry": { "type": "LineString", "coordinates": [ [ -9.43352, 38.69717 ], [ -9.43301, 38.69692 ], [ -9.43292, 38.6969 ], [ -9.43284, 38.6969 ], [ -9.43272, 38.69694 ], [ -9.43144, 38.69746 ], [ -9.4314, 38.69754 ], [ -9.4313, 38.69757 ] ] } },
{ "type": "Feature", "properties": { "services_sum": 2.0005557099194222, "total_departures_sum": 49, "route_short_name_sum": null, "services_unique": null, "total_departures_unique": null, "route_short_name_unique": "14" }, "geometry": { "type": "LineString", "coordinates": [ [ -9.4303, 38.70166 ], [ -9.43028, 38.70158 ], [ -9.43024, 38.70154 ] ] } },
{ "type": "Feature", "properties": { "services_sum": 2.0005557099194222, "total_departures_sum": 49, "route_short_name_sum": null, "services_unique": null, "total_departures_unique": null, "route_short_name_unique": "14" }, "geometry": { "type": "LineString", "coordinates": [ [ -9.43, 38.70167 ], [ -9.4296, 38.70136 ] ] } },
{ "type": "Feature", "properties": { "services_sum": 2.0005557099194222, "total_departures_sum": 49, "route_short_name_sum": null, "services_unique": null, "total_departures_unique": null, "route_short_name_unique": "14" }, "geometry": { "type": "LineString", "coordinates": [ [ -9.42746, 38.70197 ], [ -9.42731, 38.70202 ], [ -9.42717, 38.70199 ], [ -9.42708, 38.70195 ] ] } },
{ "type": "Feature", "properties": { "services_sum": 1.0002778549597111, "total_departures_sum": 133, "route_short_name_sum": null, "services_unique": null, "total_departures_unique": null, "route_short_name_unique": "22" }, "geometry": { "type": "LineString", "coordinates": [ [ -9.43415, 38.70948 ], [ -9.434729892317119, 38.710005527961243 ], [ -9.43479, 38.71006 ], [ -9.43599, 38.71106 ], [ -9.43602, 38.71115 ], [ -9.43602, 38.71126 ], [ -9.43597, 38.71136 ], [ -9.43571, 38.71173 ], [ -9.43515, 38.7117 ], [ -9.43499, 38.71165 ], [ -9.43477, 38.71146 ], [ -9.434280699347926, 38.710980685081559 ], [ -9.43428, 38.71098 ], [ -9.43382, 38.71051 ], [ -9.4338, 38.71042 ], [ -9.43382, 38.7103 ], [ -9.434044495314646, 38.710124308030487 ], [ -9.43405, 38.71012 ], [ -9.43427, 38.70996 ], [ -9.43433, 38.70979 ], [ -9.43429, 38.70961 ], [ -9.43415, 38.70948 ] ] } },
{ "type": "Feature", "properties": { "services_sum": 1.0002778549597111, "total_departures_sum": 133, "route_short_name_sum": null, "services_unique": null, "total_departures_unique": null, "route_short_name_unique": "22" }, "geometry": { "type": "LineString", "coordinates": [ [ -9.43415, 38.70948 ], [ -9.43404, 38.70935 ], [ -9.43386, 38.70913 ], [ -9.43415, 38.70948 ] ] } },
{ "type": "Feature", "properties": { "services_sum": 1.0002778549597111, "total_departures_sum": 133, "route_short_name_sum": null, "services_unique": null, "total_departures_unique": null, "route_short_name_unique": "22" }, "geometry": { "type": "LineString", "coordinates": [ [ -9.43394, 38.70772 ], [ -9.43393, 38.70778 ], [ -9.43385, 38.70783 ], [ -9.4338, 38.70784 ], [ -9.43371, 38.70785 ], [ -9.43352, 38.70792 ], [ -9.43347, 38.70797 ], [ -9.4336, 38.70783 ], [ -9.43368, 38.70771 ] ] } },
{ "type": "Feature", "properties": { "services_sum": 1.0002778549597111, "total_departures_sum": 133, "route_short_name_sum": null, "services_unique": null, "total_departures_unique": null, "route_short_name_unique": "22" }, "geometry": { "type": "LineString", "coordinates": [ [ -9.43328, 38.71707 ], [ -9.43371, 38.71702 ], [ -9.43413, 38.71702 ], [ -9.43516, 38.71693 ], [ -9.43524, 38.71694 ], [ -9.4353, 38.71697 ], [ -9.43534, 38.71703 ], [ -9.43535, 38.71714 ], [ -9.43532, 38.71718 ], [ -9.43521, 38.71724 ], [ -9.43504, 38.71725 ], [ -9.435039130067331, 38.717249717859673 ], [ -9.43467, 38.71713 ], [ -9.43458, 38.71707 ], [ -9.43423, 38.71675 ], [ -9.43423, 38.71669 ], [ -9.43425, 38.71665 ], [ -9.43429, 38.7166 ], [ -9.4343, 38.71648 ], [ -9.43432, 38.71642 ], [ -9.434467930693547, 38.716290021917068 ], [ -9.43488, 38.71592 ], [ -9.434413166919859, 38.716366967867948 ], [ -9.43441, 38.71637 ], [ -9.43435, 38.71642 ], [ -9.43419, 38.71645 ], [ -9.43414, 38.71645 ], [ -9.43405, 38.71649 ], [ -9.43401, 38.71655 ], [ -9.43398, 38.71672 ], [ -9.43385, 38.71679 ], [ -9.43372, 38.71683 ], [ -9.43351, 38.71684 ], [ -9.43322, 38.71685 ], [ -9.43283, 38.7169 ], [ -9.43247, 38.71705 ], [ -9.4323, 38.71719 ], [ -9.43214, 38.71735 ], [ -9.432136340276113, 38.717353659728985 ], [ -9.43206, 38.71743 ], [ -9.43193, 38.71753 ], [ -9.43187, 38.71763 ], [ -9.43139, 38.71798 ], [ -9.43102, 38.7183 ], [ -9.43084, 38.71853 ], [ -9.43076, 38.71858 ], [ -9.43066, 38.71862 ], [ -9.43057, 38.71863 ], [ -9.43045, 38.71863 ], [ -9.43034, 38.71856 ], [ -9.43049, 38.71869 ], [ -9.43066, 38.71875 ], [ -9.43069, 38.71878 ], [ -9.43076, 38.71878 ], [ -9.43078, 38.71871 ], [ -9.43094, 38.71858 ], [ -9.43115, 38.71832 ], [ -9.43128, 38.7182 ], [ -9.43235, 38.71741 ], [ -9.43257, 38.71728 ] ] } },
{ "type": "Feature", "properties": { "services_sum": 1.0002778549597111, "total_departures_sum": 133, "route_short_name_sum": null, "services_unique": null, "total_departures_unique": null, "route_short_name_unique": "22" }, "geometry": { "type": "LineString", "coordinates": [ [ -9.43269, 38.70632 ], [ -9.432275195890996, 38.705855814496374 ], [ -9.43227, 38.70585 ], [ -9.43183, 38.70538 ] ] } },
{ "type": "Feature", "properties": { "services_sum": 1.0002778549597111, "total_departures_sum": 133, "route_short_name_sum": null, "services_unique": null, "total_departures_unique": null, "route_short_name_unique": "22" }, "geometry": { "type": "LineString", "coordinates": [ [ -9.43204, 38.7056 ], [ -9.43174, 38.7053 ] ] } },
{ "type": "Feature", "properties": { "services_sum": 1.0002778549597111, "total_departures_sum": 133, "route_short_name_sum": null, "services_unique": null, "total_departures_unique": null, "route_short_name_unique": "22" }, "geometry": { "type": "LineString", "coordinates": [ [ -9.43117, 38.70479 ], [ -9.431140397399545, 38.704543311674364 ], [ -9.43114, 38.70454 ] ] } },
{ "type": "Feature", "properties": { "services_sum": 1.0002778549597111, "total_departures_sum": 133, "route_short_name_sum": null, "services_unique": null, "total_departures_unique": null, "route_short_name_unique": "22" }, "geometry": { "type": "LineString", "coordinates": [ [ -9.43094, 38.70296 ], [ -9.430840656955958, 38.702721576699837 ], [ -9.43084, 38.70272 ], [ -9.4308, 38.70264 ] ] } },
{ "type": "Feature", "properties": { "services_sum": 1.0002778549597111, "total_departures_sum": 133, "route_short_name_sum": null, "services_unique": null, "total_departures_unique": null, "route_short_name_unique": "22" }, "geometry": { "type": "LineString", "coordinates": [ [ -9.43081, 38.70482 ], [ -9.43085, 38.70473 ], [ -9.43008, 38.70429 ], [ -9.42942, 38.70389 ], [ -9.429292379336401, 38.703801647236233 ], [ -9.42929, 38.7038 ], [ -9.42871, 38.70335 ], [ -9.42793, 38.70267 ], [ -9.427927906809773, 38.702668168473522 ], [ -9.42745, 38.70225 ], [ -9.42727, 38.70211 ], [ -9.42708, 38.70195 ] ] } },
{ "type": "Feature", "properties": { "services_sum": 1.0002778549597111, "total_departures_sum": 133, "route_short_name_sum": null, "services_unique": null, "total_departures_unique": null, "route_short_name_unique": "22" }, "geometry": { "type": "LineString", "coordinates": [ [ -9.43024, 38.70172 ], [ -9.43028, 38.70166 ], [ -9.43028, 38.70161 ], [ -9.43021, 38.70153 ], [ -9.43011, 38.70151 ], [ -9.42966, 38.70137 ], [ -9.429650208767713, 38.701366987333927 ], [ -9.42965, 38.70137 ] ] } },
{ "type": "Feature", "properties": { "services_sum": 1.0002778549597111, "total_departures_sum": 133, "route_short_name_sum": null, "services_unique": null, "total_departures_unique": null, "route_short_name_unique": "22" }, "geometry": { "type": "LineString", "coordinates": [ [ -9.42752, 38.71542 ], [ -9.427692092845151, 38.715561744087871 ], [ -9.42769, 38.71556 ], [ -9.42787, 38.71575 ], [ -9.42775, 38.71561 ], [ -9.42752, 38.71542 ] ] } },
{ "type": "Feature", "properties": { "services_sum": 1.0002778549597111, "total_departures_sum": 133, "route_short_name_sum": null, "services_unique": null, "total_departures_unique": null, "route_short_name_unique": "22" }, "geometry": { "type": "LineString", "coordinates": [ [ -9.42752, 38.71542 ], [ -9.42686, 38.71497 ], [ -9.42739, 38.71533 ], [ -9.427386494703185, 38.715337448773816 ], [ -9.42752, 38.71542 ] ] } },
{ "type": "Feature", "properties": { "services_sum": 1.0002778549597111, "total_departures_sum": 133, "route_short_name_sum": null, "services_unique": null, "total_departures_unique": null, "route_short_name_unique": "22" }, "geometry": { "type": "LineString", "coordinates": [ [ -9.42699, 38.70021 ], [ -9.42674, 38.69985 ] ] } },
{ "type": "Feature", "properties": { "services_sum": 1.0002778549597111, "total_departures_sum": 133, "route_short_name_sum": null, "services_unique": null, "total_departures_unique": null, "route_short_name_unique": "22" }, "geometry": { "type": "LineString", "coordinates": [ [ -9.42669, 38.69957 ], [ -9.42664, 38.69957 ], [ -9.42662930738663, 38.699571527516198 ], [ -9.42657, 38.69958 ], [ -9.42648, 38.69963 ] ] } },
{ "type": "Feature", "properties": { "services_sum": 1.0002778549597111, "total_departures_sum": 133, "route_short_name_sum": null, "services_unique": null, "total_departures_unique": null, "route_short_name_unique": "22" }, "geometry": { "type": "LineString", "coordinates": [ [ -9.42628, 38.71358 ], [ -9.426361627850982, 38.713826836974114 ], [ -9.42651, 38.71445 ], [ -9.42657, 38.71461 ], [ -9.426460822721394, 38.714242767335591 ], [ -9.42646, 38.71424 ], [ -9.42639, 38.71392 ], [ -9.426211628612823, 38.713345247752436 ], [ -9.42621, 38.71334 ], [ -9.42562, 38.71208 ], [ -9.42552, 38.7117 ], [ -9.425480110353382, 38.710503310601446 ], [ -9.42548, 38.7105 ], [ -9.42544, 38.71033 ], [ -9.4253, 38.70998 ], [ -9.42517, 38.7098 ], [ -9.42507, 38.7097 ], [ -9.42473, 38.70947 ], [ -9.42441, 38.70919 ], [ -9.42408, 38.70884 ], [ -9.42383, 38.70865 ], [ -9.423829702225632, 38.708649810507218 ], [ -9.42372, 38.70858 ] ] } },
{ "type": "Feature", "properties": { "services_sum": 1.0002778549597111, "total_departures_sum": 133, "route_short_name_sum": null, "services_unique": null, "total_departures_unique": null, "route_short_name_unique": "22" }, "geometry": { "type": "LineString", "coordinates": [ [ -9.4262, 38.69998 ], [ -9.425712808051962, 38.700345288197084 ], [ -9.42571, 38.70033 ], [ -9.42551, 38.70048 ] ] } },
{ "type": "Feature", "properties": { "services_sum": 1.0002778549597111, "total_departures_sum": 133, "route_short_name_sum": null, "services_unique": null, "total_departures_unique": null, "route_short_name_unique": "22" }, "geometry": { "type": "LineString", "coordinates": [ [ -9.42587, 38.70097 ], [ -9.425864970569357, 38.700966856617335 ], [ -9.42563, 38.70082 ] ] } },
{ "type": "Feature", "properties": { "services_sum": 1.0002778549597111, "total_departures_sum": 133, "route_short_name_sum": null, "services_unique": null, "total_departures_unique": null, "route_short_name_unique": "22" }, "geometry": { "type": "LineString", "coordinates": [ [ -9.42502, 38.72601 ], [ -9.42488, 38.72556 ], [ -9.42483, 38.72531 ], [ -9.42483, 38.72496 ], [ -9.42489, 38.72473 ], [ -9.42493, 38.72466 ], [ -9.42511, 38.7244 ], [ -9.42512, 38.72435 ], [ -9.42509, 38.72429 ], [ -9.42502, 38.72418 ], [ -9.42501679500505, 38.724167180025162 ], [ -9.42501, 38.72414 ], [ -9.42499, 38.72403 ] ] } },
{ "type": "Feature", "properties": { "services_sum": 1.0002778549597111, "total_departures_sum": 133, "route_short_name_sum": null, "services_unique": null, "total_departures_unique": null, "route_short_name_unique": "22" }, "geometry": { "type": "LineString", "coordinates": [ [ -9.42499, 38.72403 ], [ -9.42524, 38.72432 ], [ -9.42522, 38.72444 ], [ -9.42505, 38.72463 ], [ -9.42496, 38.7248 ], [ -9.42491, 38.725 ], [ -9.42493, 38.72521 ], [ -9.425, 38.72559 ] ] } },
{ "type": "Feature", "properties": { "services_sum": 1.0002778549597111, "total_departures_sum": 133, "route_short_name_sum": null, "services_unique": null, "total_departures_unique": null, "route_short_name_unique": "22" }, "geometry": { "type": "LineString", "coordinates": [ [ -9.42499, 38.72403 ], [ -9.42505, 38.72379 ], [ -9.425023921235734, 38.723907354543634 ], [ -9.42501, 38.72397 ], [ -9.42499, 38.72403 ] ] } },
{ "type": "Feature", "properties": { "services_sum": 1.0002778549597111, "total_departures_sum": 133, "route_short_name_sum": null, "services_unique": null, "total_departures_unique": null, "route_short_name_unique": "22" }, "geometry": { "type": "LineString", "coordinates": [ [ -9.42491, 38.71496 ], [ -9.424705546902043, 38.715061867428176 ], [ -9.4244, 38.71519 ] ] } },
{ "type": "Feature", "properties": { "services_sum": 1.0002778549597111, "total_departures_sum": 133, "route_short_name_sum": null, "services_unique": null, "total_departures_unique": null, "route_short_name_unique": "22" }, "geometry": { "type": "LineString", "coordinates": [ [ -9.4248, 38.72717 ], [ -9.42469, 38.72727 ], [ -9.42447, 38.72747 ] ] } },
{ "type": "Feature", "properties": { "services_sum": 1.0002778549597111, "total_departures_sum": 133, "route_short_name_sum": null, "services_unique": null, "total_departures_unique": null, "route_short_name_unique": "22" }, "geometry": { "type": "LineString", "coordinates": [ [ -9.42473, 38.71452 ], [ -9.42433, 38.71391 ], [ -9.4243, 38.71376 ] ] } },
{ "type": "Feature", "properties": { "services_sum": 1.0002778549597111, "total_departures_sum": 133, "route_short_name_sum": null, "services_unique": null, "total_departures_unique": null, "route_short_name_unique": "22" }, "geometry": { "type": "LineString", "coordinates": [ [ -9.42438, 38.71357 ], [ -9.42439, 38.71346 ], [ -9.42438, 38.71339 ], [ -9.423912562933145, 38.712295998354172 ] ] } },
{ "type": "Feature", "properties": { "services_sum": 1.0002778549597111, "total_departures_sum": 133, "route_short_name_sum": null, "services_unique": null, "total_departures_unique": null, "route_short_name_unique": "22" }, "geometry": { "type": "LineString", "coordinates": [ [ -9.42437, 38.7226 ], [ -9.42424, 38.72282 ], [ -9.424237719296729, 38.722825655541783 ], [ -9.4242, 38.72289 ], [ -9.42413, 38.72305 ], [ -9.42416, 38.72316 ], [ -9.424140442953604, 38.723107847897467 ], [ -9.42413, 38.72308 ], [ -9.42417, 38.72294 ], [ -9.42437, 38.7226 ] ] } },
{ "type": "Feature", "properties": { "services_sum": 1.0002778549597111, "total_departures_sum": 133, "route_short_name_sum": null, "services_unique": null, "total_departures_unique": null, "route_short_name_unique": "22" }, "geometry": { "type": "LineString", "coordinates": [ [ -9.42437, 38.7226 ], [ -9.424636546366454, 38.7219188259524 ], [ -9.42464, 38.72191 ], [ -9.42485, 38.72136 ], [ -9.42489, 38.72038 ], [ -9.42486, 38.72126 ], [ -9.42482, 38.72145 ], [ -9.42471, 38.72172 ], [ -9.42469808778573, 38.721750831996424 ], [ -9.42437, 38.7226 ] ] } },
{ "type": "Feature", "properties": { "services_sum": 1.0002778549597111, "total_departures_sum": 133, "route_short_name_sum": null, "services_unique": null, "total_departures_unique": null, "route_short_name_unique": "22" }, "geometry": { "type": "LineString", "coordinates": [ [ -9.42413, 38.71596 ], [ -9.424120032324822, 38.715740711146083 ], [ -9.42412, 38.71574 ], [ -9.42409, 38.71563 ], [ -9.42413, 38.715839012080004 ], [ -9.42413, 38.71589 ], [ -9.42409, 38.71605 ], [ -9.424, 38.71625 ], [ -9.42397, 38.71739 ], [ -9.42403, 38.71763 ], [ -9.42403536282624, 38.717648770056357 ], [ -9.42421, 38.71826 ], [ -9.424, 38.71751 ], [ -9.42397, 38.71735 ], [ -9.423972002554688, 38.717276574049599 ], [ -9.42399, 38.71727 ], [ -9.42402, 38.71627 ] ] } },
{ "type": "Feature", "properties": { "services_sum": 1.0002778549597111, "total_departures_sum": 133, "route_short_name_sum": null, "services_unique": null, "total_departures_unique": null, "route_short_name_unique": "22" }, "geometry": { "type": "LineString", "coordinates": [ [ -9.42412, 38.72768 ], [ -9.42389, 38.72777 ], [ -9.42368, 38.72784 ] ] } },
{ "type": "Feature", "properties": { "services_sum": 1.0002778549597111, "total_departures_sum": 133, "route_short_name_sum": null, "services_unique": null, "total_departures_unique": null, "route_short_name_unique": "22" }, "geometry": { "type": "LineString", "coordinates": [ [ -9.42348, 38.70851 ], [ -9.422846287882336, 38.708500045828615 ], [ -9.42285, 38.7085 ], [ -9.42204, 38.70851 ], [ -9.42196, 38.70851 ], [ -9.42189, 38.70854 ], [ -9.42185, 38.70861 ], [ -9.42187, 38.70867 ], [ -9.42197, 38.70876 ] ] } },
{ "type": "Feature", "properties": { "services_sum": 1.0002778549597111, "total_departures_sum": 133, "route_short_name_sum": null, "services_unique": null, "total_departures_unique": null, "route_short_name_unique": "22" }, "geometry": { "type": "LineString", "coordinates": [ [ -9.42344, 38.71165 ], [ -9.42335, 38.71166 ], [ -9.423341591911493, 38.711660560539237 ], [ -9.42305, 38.71168 ] ] } },
{ "type": "Feature", "properties": { "services_sum": 1.0002778549597111, "total_departures_sum": 133, "route_short_name_sum": null, "services_unique": null, "total_departures_unique": null, "route_short_name_unique": "22" }, "geometry": { "type": "LineString", "coordinates": [ [ -9.42212, 38.70906 ], [ -9.42207, 38.70993 ], [ -9.422070020372431, 38.709930448193489 ] ] } },
{ "type": "Feature", "properties": { "services_sum": 1.0002778549597111, "total_departures_sum": 133, "route_short_name_sum": null, "services_unique": null, "total_departures_unique": null, "route_short_name_unique": "22" }, "geometry": { "type": "LineString", "coordinates": [ [ -9.42112, 38.70169 ], [ -9.420980037355614, 38.701939933293808 ], [ -9.42086, 38.70213 ], [ -9.42081, 38.70218 ], [ -9.42067, 38.70223 ], [ -9.42058, 38.70223 ], [ -9.41995, 38.70202 ], [ -9.419570364731147, 38.701920095981883 ], [ -9.418, 38.70156 ] ] } },
{ "type": "Feature", "properties": { "services_sum": 1.0002778549597111, "total_departures_sum": 133, "route_short_name_sum": null, "services_unique": null, "total_departures_unique": null, "route_short_name_unique": "22" }, "geometry": { "type": "LineString", "coordinates": [ [ -9.42016, 38.72748 ], [ -9.41926, 38.7274 ], [ -9.41857, 38.72738 ], [ -9.41823, 38.7274 ], [ -9.41787, 38.72745 ] ] } },
{ "type": "Feature", "properties": { "services_sum": 1.0002778549597111, "total_departures_sum": 133, "route_short_name_sum": null, "services_unique": null, "total_departures_unique": null, "route_short_name_unique": "22" }, "geometry": { "type": "LineString", "coordinates": [ [ -9.41915, 38.70104 ], [ -9.418062973362444, 38.701239539836763 ], [ -9.41807, 38.70124 ], [ -9.41806, 38.70124 ] ] } },
{ "type": "Feature", "properties": { "services_sum": 1.0002778549597111, "total_departures_sum": 133, "route_short_name_sum": null, "services_unique": null, "total_departures_unique": null, "route_short_name_unique": "22" }, "geometry": { "type": "LineString", "coordinates": [ [ -9.418654739856722, 38.701940292433427 ], [ -9.419203251600267, 38.702125647224271 ], [ -9.41908121109009, 38.702534001303292 ], [ -9.419086575508119, 38.703455290975342 ], [ -9.418905526399614, 38.703488306987808 ], [ -9.41891, 38.70349 ], [ -9.41838, 38.70348 ], [ -9.418370004507032, 38.703479473921419 ], [ -9.41819, 38.70347 ] ] } },
{ "type": "Feature", "properties": { "services_sum": 1.0002778549597111, "total_departures_sum": 133, "route_short_name_sum": null, "services_unique": null, "total_departures_unique": null, "route_short_name_unique": "22" }, "geometry": { "type": "LineString", "coordinates": [ [ -9.418618530035021, 38.701896877995097 ], [ -9.4180221698757, 38.701565083538377 ], [ -9.4178, 38.70155 ] ] } },
{ "type": "Feature", "properties": { "services_sum": 1.0002778549597111, "total_departures_sum": 133, "route_short_name_sum": null, "services_unique": null, "total_departures_unique": null, "route_short_name_unique": "22" }, "geometry": { "type": "LineString", "coordinates": [ [ -9.41832, 38.72784 ], [ -9.41808, 38.72794 ] ] } },
{ "type": "Feature", "properties": { "services_sum": 1.0002778549597111, "total_departures_sum": 133, "route_short_name_sum": null, "services_unique": null, "total_departures_unique": null, "route_short_name_unique": "22" }, "geometry": { "type": "LineString", "coordinates": [ [ -9.4177, 38.72745 ], [ -9.4176, 38.7275 ], [ -9.41755, 38.72757 ], [ -9.41754, 38.72766 ], [ -9.41764, 38.72792 ], [ -9.41767, 38.72797 ], [ -9.41774, 38.72801 ], [ -9.41782, 38.72804 ], [ -9.41769, 38.72803 ], [ -9.41668, 38.72822 ] ] } },
{ "type": "Feature", "properties": { "services_sum": 1.0002778549597111, "total_departures_sum": 133, "route_short_name_sum": null, "services_unique": null, "total_departures_unique": null, "route_short_name_unique": "22" }, "geometry": { "type": "LineString", "coordinates": [ [ -9.41756, 38.70131 ], [ -9.41748, 38.70135 ], [ -9.417476151461351, 38.701353848538645 ], [ -9.41741, 38.70142 ], [ -9.41742, 38.70151 ], [ -9.41748, 38.70157 ], [ -9.41754, 38.70159 ] ] } },
{ "type": "Feature", "properties": { "services_sum": 1.0002778549597111, "total_departures_sum": 133, "route_short_name_sum": null, "services_unique": null, "total_departures_unique": null, "route_short_name_unique": "22" }, "geometry": { "type": "LineString", "coordinates": [ [ -9.41459, 38.72911 ], [ -9.41447, 38.72914 ], [ -9.41435, 38.72912 ], [ -9.41424, 38.72907 ] ] } },
{ "type": "Feature", "properties": { "services_sum": 1.0002778549597111, "total_departures_sum": 133, "route_short_name_sum": null, "services_unique": null, "total_departures_unique": null, "route_short_name_unique": "22" }, "geometry": { "type": "LineString", "coordinates": [ [ -9.41211, 38.72904 ], [ -9.41153, 38.72897 ], [ -9.41136, 38.72898 ], [ -9.4112, 38.72902 ], [ -9.41108, 38.7292 ], [ -9.411034797187872, 38.72967915015051 ], [ -9.41103, 38.72973 ] ] } },
{ "type": "Feature", "properties": { "services_sum": 1.0002778549597111, "total_departures_sum": 133, "route_short_name_sum": null, "services_unique": null, "total_departures_unique": null, "route_short_name_unique": "22" }, "geometry": { "type": "LineString", "coordinates": [ [ -9.41102, 38.72988 ], [ -9.411012715911719, 38.72994191499243 ], [ -9.41098, 38.73022 ] ] } },
{ "type": "Feature", "properties": { "services_sum": 1.0002778549597111, "total_departures_sum": 133, "route_short_name_sum": null, "services_unique": null, "total_departures_unique": null, "route_short_name_unique": "22" }, "geometry": { "type": "LineString", "coordinates": [ [ -9.41043, 38.73184 ], [ -9.410168618042386, 38.732474785176734 ], [ -9.41015, 38.73252 ] ] } },
{ "type": "Feature", "properties": { "services_sum": 1.0002778549597111, "total_departures_sum": 133, "route_short_name_sum": null, "services_unique": null, "total_departures_unique": null, "route_short_name_unique": "22" }, "geometry": { "type": "LineString", "coordinates": [ [ -9.40941, 38.73291 ], [ -9.409346380586083, 38.732782761273292 ], [ -9.40932, 38.73273 ] ] } },
{ "type": "Feature", "properties": { "services_sum": 1.0002778549597111, "total_departures_sum": 133, "route_short_name_sum": null, "services_unique": null, "total_departures_unique": null, "route_short_name_unique": "22" }, "geometry": { "type": "LineString", "coordinates": [ [ -9.40881, 38.73191 ], [ -9.408615262344824, 38.7316136603418 ], [ -9.40858, 38.73156 ] ] } },
{ "type": "Feature", "properties": { "services_sum": 1.0002778549597111, "total_departures_sum": 133, "route_short_name_sum": null, "services_unique": null, "total_departures_unique": null, "route_short_name_unique": "22" }, "geometry": { "type": "LineString", "coordinates": [ [ -9.40837, 38.73475 ], [ -9.407583524956305, 38.7353090609612 ], [ -9.40754, 38.73534 ] ] } },
{ "type": "Feature", "properties": { "services_sum": 1.0002778549597111, "total_departures_sum": 133, "route_short_name_sum": null, "services_unique": null, "total_departures_unique": null, "route_short_name_unique": "22" }, "geometry": { "type": "LineString", "coordinates": [ [ -9.40749, 38.73537 ], [ -9.407435700802708, 38.735409439531445 ], [ -9.40559, 38.73675 ] ] } },
{ "type": "Feature", "properties": { "services_sum": 1.0002778549597111, "total_departures_sum": 133, "route_short_name_sum": null, "services_unique": null, "total_departures_unique": null, "route_short_name_unique": "22" }, "geometry": { "type": "LineString", "coordinates": [ [ -9.40482, 38.73733 ], [ -9.404259981133713, 38.737740680765917 ], [ -9.40422, 38.73777 ] ] } },
{ "type": "Feature", "properties": { "services_sum": 1.0002778549597111, "total_departures_sum": 133, "route_short_name_sum": null, "services_unique": null, "total_departures_unique": null, "route_short_name_unique": "22" }, "geometry": { "type": "LineString", "coordinates": [ [ -9.40415, 38.73781 ], [ -9.404085606572915, 38.737847280587111 ], [ -9.40377, 38.73803 ] ] } },
{ "type": "Feature", "properties": { "services_sum": 1.0002778549597111, "total_departures_sum": 133, "route_short_name_sum": null, "services_unique": null, "total_departures_unique": null, "route_short_name_unique": "22" }, "geometry": { "type": "LineString", "coordinates": [ [ -9.39986, 38.73949 ], [ -9.399772692915548, 38.739507461422242 ], [ -9.39976, 38.73951 ] ] } },
{ "type": "Feature", "properties": { "services_sum": 1.0002778549597111, "total_departures_sum": 133, "route_short_name_sum": null, "services_unique": null, "total_departures_unique": null, "route_short_name_unique": "22" }, "geometry": { "type": "LineString", "coordinates": [ [ -9.39872, 38.74102 ], [ -9.39868615477296, 38.741024835038004 ], [ -9.39828, 38.74104 ], [ -9.39816, 38.74101 ] ] } },
{ "type": "Feature", "properties": { "services_sum": 1.0002778549597111, "total_departures_sum": 133, "route_short_name_sum": null, "services_unique": null, "total_departures_unique": null, "route_short_name_unique": "22" }, "geometry": { "type": "LineString", "coordinates": [ [ -9.39537, 38.73716 ], [ -9.39544, 38.73719 ], [ -9.39551, 38.73726 ], [ -9.39552, 38.73732 ], [ -9.39532, 38.73782 ], [ -9.39531, 38.73789 ], [ -9.39497, 38.7386 ], [ -9.39413, 38.74054 ], [ -9.3941, 38.74065 ], [ -9.3941, 38.74082 ], [ -9.39412, 38.74091 ], [ -9.39425, 38.74109 ], [ -9.39431, 38.74112 ] ] } },
{ "type": "Feature", "properties": { "services_sum": 1.0002778549597111, "total_departures_sum": 133, "route_short_name_sum": null, "services_unique": null, "total_departures_unique": null, "route_short_name_unique": "22" }, "geometry": { "type": "LineString", "coordinates": [ [ -9.39525, 38.73787 ], [ -9.39537, 38.73766 ], [ -9.3955, 38.73737 ], [ -9.3955, 38.73727 ], [ -9.39543, 38.7372 ], [ -9.39534, 38.73717 ], [ -9.39528, 38.73716 ], [ -9.3952, 38.73718 ] ] } },
{ "type": "Feature", "properties": { "services_sum": 1.0002778549597111, "total_departures_sum": 133, "route_short_name_sum": null, "services_unique": null, "total_departures_unique": null, "route_short_name_unique": "22" }, "geometry": { "type": "LineString", "coordinates": [ [ -9.39514, 38.73723 ], [ -9.39511, 38.73726 ], [ -9.39501, 38.73763 ], [ -9.39499, 38.73778 ] ] } },
{ "type": "Feature", "properties": { "services_sum": 1.0002778549597111, "total_departures_sum": 133, "route_short_name_sum": null, "services_unique": null, "total_departures_unique": null, "route_short_name_unique": "22" }, "geometry": { "type": "LineString", "coordinates": [ [ -9.39449, 38.73829 ], [ -9.39406, 38.73858 ], [ -9.39363, 38.73883 ] ] } },
{ "type": "Feature", "properties": { "services_sum": 1.0002778549597111, "total_departures_sum": 133, "route_short_name_sum": null, "services_unique": null, "total_departures_unique": null, "route_short_name_unique": "22" }, "geometry": { "type": "LineString", "coordinates": [ [ -9.38851, 38.74051 ], [ -9.388061673194676, 38.740754163425379 ], [ -9.38771, 38.74093 ] ] } },
{ "type": "Feature", "properties": { "services_sum": 1.0002778549597111, "total_departures_sum": 133, "route_short_name_sum": null, "services_unique": null, "total_departures_unique": null, "route_short_name_unique": "22" }, "geometry": { "type": "LineString", "coordinates": [ [ -9.38837, 38.74058 ], [ -9.38804, 38.74077 ], [ -9.388035545568551, 38.740772155370053 ], [ -9.38773, 38.74092 ], [ -9.38738, 38.74108 ], [ -9.38709, 38.74115 ], [ -9.38694, 38.74117 ], [ -9.3867, 38.74115 ], [ -9.3864, 38.74109 ], [ -9.38614, 38.74106 ], [ -9.38586, 38.74106 ], [ -9.38567, 38.74109 ], [ -9.38557, 38.74113 ], [ -9.38529, 38.74126 ], [ -9.38465, 38.74171 ], [ -9.384635005491305, 38.741706477647206 ], [ -9.38455, 38.74176 ], [ -9.38481, 38.74159 ], [ -9.384794891722267, 38.741593746079062 ], [ -9.3848, 38.74159 ], [ -9.38517, 38.74133 ] ] } },
{ "type": "Feature", "properties": { "services_sum": 1.0002778549597111, "total_departures_sum": 133, "route_short_name_sum": null, "services_unique": null, "total_departures_unique": null, "route_short_name_unique": "22" }, "geometry": { "type": "LineString", "coordinates": [ [ -9.376, 38.73823 ], [ -9.37356, 38.73857 ] ] } },
{ "type": "Feature", "properties": { "services_sum": 1.0002778549597111, "total_departures_sum": 133, "route_short_name_sum": null, "services_unique": null, "total_departures_unique": null, "route_short_name_unique": "22" }, "geometry": { "type": "LineString", "coordinates": [ [ -9.376, 38.73823 ], [ -9.37416, 38.73849 ] ] } },
{ "type": "Feature", "properties": { "services_sum": 1.0002778549597111, "total_departures_sum": 133, "route_short_name_sum": null, "services_unique": null, "total_departures_unique": null, "route_short_name_unique": "22" }, "geometry": { "type": "LineString", "coordinates": [ [ -9.376, 38.73823 ], [ -9.376048696655898, 38.738726705982899 ], [ -9.37605, 38.73874 ], [ -9.37612, 38.73938 ], [ -9.376060482353234, 38.738834421605198 ], [ -9.37606, 38.73883 ], [ -9.376, 38.73823 ] ] } },
{ "type": "Feature", "properties": { "services_sum": 1.0002778549597111, "total_departures_sum": 133, "route_short_name_sum": null, "services_unique": null, "total_departures_unique": null, "route_short_name_unique": "22" }, "geometry": { "type": "LineString", "coordinates": [ [ -9.37137, 38.73817 ], [ -9.371416071923996, 38.738181057367711 ], [ -9.37187, 38.73829 ], [ -9.37109, 38.73811 ], [ -9.371079841959011, 38.738107712208453 ], [ -9.36998, 38.73786 ] ] } },
{ "type": "Feature", "properties": { "services_sum": 1.0002778549597111, "total_departures_sum": 133, "route_short_name_sum": null, "services_unique": null, "total_departures_unique": null, "route_short_name_unique": "22" }, "geometry": { "type": "LineString", "coordinates": [ [ -9.36845, 38.73682 ], [ -9.36842, 38.73664 ], [ -9.36838, 38.73657 ], [ -9.36834, 38.73655 ], [ -9.36827, 38.7364 ] ] } },
{ "type": "Feature", "properties": { "services_sum": 1.0002778549597111, "total_departures_sum": 133, "route_short_name_sum": null, "services_unique": null, "total_departures_unique": null, "route_short_name_unique": "22" }, "geometry": { "type": "LineString", "coordinates": [ [ -9.36842, 38.73619 ], [ -9.36848, 38.73606 ], [ -9.36855, 38.73584 ], [ -9.36855, 38.73558 ], [ -9.36854, 38.73552 ], [ -9.368537152835753, 38.735508611354163 ], [ -9.36852, 38.73544 ], [ -9.36846, 38.73546 ], [ -9.36832, 38.73558 ] ] } },
{ "type": "Feature", "properties": { "services_sum": 1.0002778549597111, "total_departures_sum": 133, "route_short_name_sum": null, "services_unique": null, "total_departures_unique": null, "route_short_name_unique": "22" }, "geometry": { "type": "LineString", "coordinates": [ [ -9.36807, 38.73586 ], [ -9.368, 38.73589 ], [ -9.36794, 38.7359 ], [ -9.36781, 38.73598 ], [ -9.36769, 38.73601 ], [ -9.3676, 38.73599 ], [ -9.36752, 38.73594 ] ] } },
{ "type": "Feature", "properties": { "services_sum": 1.0002778549597111, "total_departures_sum": 133, "route_short_name_sum": null, "services_unique": null, "total_departures_unique": null, "route_short_name_unique": "22" }, "geometry": { "type": "LineString", "coordinates": [ [ -9.368, 38.73687 ], [ -9.367822134120503, 38.736854533442262 ], [ -9.36777, 38.73685 ] ] } },
{ "type": "Feature", "properties": { "services_sum": 1.0002778549597111, "total_departures_sum": 133, "route_short_name_sum": null, "services_unique": null, "total_departures_unique": null, "route_short_name_unique": "22" }, "geometry": { "type": "LineString", "coordinates": [ [ -9.36726, 38.73586 ], [ -9.36656, 38.7357 ], [ -9.36645, 38.73566 ], [ -9.36629, 38.73549 ], [ -9.36619, 38.73517 ], [ -9.366186280876693, 38.735159128774683 ], [ -9.36606, 38.73479 ], [ -9.3661, 38.73492 ], [ -9.366110626082557, 38.734955420409989 ], [ -9.366187652775002, 38.735212175920658 ], [ -9.36625510454178, 38.735477329236964 ], [ -9.366269373059527, 38.735606791855126 ], [ -9.36621, 38.73625 ] ] } },
{ "type": "Feature", "properties": { "services_sum": 1.0002778549597111, "total_departures_sum": 133, "route_short_name_sum": null, "services_unique": null, "total_departures_unique": null, "route_short_name_unique": "22" }, "geometry": { "type": "LineString", "coordinates": [ [ -9.36428, 38.73057 ], [ -9.364724362195718, 38.731231606024252 ], [ -9.36473, 38.73124 ], [ -9.36499, 38.73165 ], [ -9.364800181493372, 38.731351713924049 ], [ -9.36478, 38.73132 ], [ -9.36445, 38.7308 ], [ -9.36428, 38.73057 ] ] } },
{ "type": "Feature", "properties": { "services_sum": 1.0002778549597111, "total_departures_sum": 133, "route_short_name_sum": null, "services_unique": null, "total_departures_unique": null, "route_short_name_unique": "22" }, "geometry": { "type": "LineString", "coordinates": [ [ -9.36428, 38.73057 ], [ -9.36346, 38.72959 ], [ -9.36319, 38.72932 ] ] } },
{ "type": "Feature", "properties": { "services_sum": 1.0002778549597111, "total_departures_sum": 133, "route_short_name_sum": null, "services_unique": null, "total_departures_unique": null, "route_short_name_unique": "22" }, "geometry": { "type": "LineString", "coordinates": [ [ -9.36428, 38.73057 ], [ -9.36342, 38.72955 ], [ -9.363411834533016, 38.729541834566085 ], [ -9.36319, 38.72932 ] ] } },
{ "type": "Feature", "properties": { "services_sum": 1.0002778549597111, "total_departures_sum": 133, "route_short_name_sum": null, "services_unique": null, "total_departures_unique": null, "route_short_name_unique": "22" }, "geometry": { "type": "LineString", "coordinates": [ [ -9.36319, 38.72932 ], [ -9.36294, 38.72919 ], [ -9.362700411273345, 38.729099121593251 ], [ -9.36265, 38.72908 ], [ -9.36203, 38.72888 ], [ -9.36244, 38.72901 ], [ -9.36281, 38.72914 ], [ -9.36319, 38.72932 ] ] } },
{ "type": "Feature", "properties": { "services_sum": 1.0002778549597111, "total_departures_sum": 133, "route_short_name_sum": null, "services_unique": null, "total_departures_unique": null, "route_short_name_unique": "22" }, "geometry": { "type": "LineString", "coordinates": [ [ -9.36099, 38.72892 ], [ -9.36085, 38.72895 ], [ -9.36073, 38.72891 ], [ -9.36065, 38.72883 ], [ -9.36064, 38.72879 ], [ -9.36069, 38.72887 ], [ -9.36072, 38.72907 ], [ -9.36071, 38.72915 ] ] } },
{ "type": "Feature", "properties": { "services_sum": 1.0002778549597111, "total_departures_sum": 133, "route_short_name_sum": null, "services_unique": null, "total_departures_unique": null, "route_short_name_unique": "22" }, "geometry": { "type": "LineString", "coordinates": [ [ -9.36099, 38.72892 ], [ -9.36092, 38.72894 ], [ -9.36083, 38.72901 ], [ -9.36071, 38.72915 ] ] } },
{ "type": "Feature", "properties": { "services_sum": 1.0002778549597111, "total_departures_sum": 133, "route_short_name_sum": null, "services_unique": null, "total_departures_unique": null, "route_short_name_unique": "22" }, "geometry": { "type": "LineString", "coordinates": [ [ -9.36099, 38.72892 ], [ -9.36112, 38.72885 ], [ -9.36135, 38.72881 ], [ -9.36118, 38.72875 ], [ -9.3611, 38.7287 ], [ -9.36112, 38.72875 ], [ -9.36109, 38.72885 ], [ -9.36099, 38.72892 ] ] } },
{ "type": "Feature", "properties": { "services_sum": 1.0002778549597111, "total_departures_sum": 133, "route_short_name_sum": null, "services_unique": null, "total_departures_unique": null, "route_short_name_unique": "22" }, "geometry": { "type": "LineString", "coordinates": [ [ -9.36071, 38.72915 ], [ -9.36035, 38.73012 ], [ -9.35996, 38.73109 ], [ -9.36061, 38.72944 ], [ -9.36071, 38.72915 ] ] } },
{ "type": "Feature", "properties": { "services_sum": 1.0002778549597111, "total_departures_sum": 133, "route_short_name_sum": null, "services_unique": null, "total_departures_unique": null, "route_short_name_unique": "22" }, "geometry": { "type": "LineString", "coordinates": [ [ -9.34984, 38.71808 ], [ -9.34983, 38.71768 ], [ -9.34978, 38.71702 ], [ -9.34972, 38.71657 ], [ -9.349715470743584, 38.716560941491394 ], [ -9.3497, 38.71653 ] ] } },
{ "type": "Feature", "properties": { "services_sum": 1.0002778549597111, "total_departures_sum": 133, "route_short_name_sum": null, "services_unique": null, "total_departures_unique": null, "route_short_name_unique": "22" }, "geometry": { "type": "LineString", "coordinates": [ [ -9.34935, 38.71492 ], [ -9.349211433327447, 38.714920000030354 ], [ -9.34916, 38.71492 ] ] } },
{ "type": "Feature", "properties": { "services_sum": 1.0002778549597111, "total_departures_sum": 133, "route_short_name_sum": null, "services_unique": null, "total_departures_unique": null, "route_short_name_unique": "22" }, "geometry": { "type": "LineString", "coordinates": [ [ -9.34905, 38.71555 ], [ -9.348941369990179, 38.71589564096206 ], [ -9.34894, 38.7159 ] ] } },
{ "type": "Feature", "properties": { "services_sum": 1.0002778549597111, "total_departures_sum": 133, "route_short_name_sum": null, "services_unique": null, "total_departures_unique": null, "route_short_name_unique": "22" }, "geometry": { "type": "LineString", "coordinates": [ [ -9.3489, 38.71491 ], [ -9.3488, 38.71509 ], [ -9.34873, 38.71512 ], [ -9.34862, 38.7151 ], [ -9.34848, 38.71509 ], [ -9.34818, 38.71503 ], [ -9.34844284708481, 38.715082569416957 ], [ -9.348582807456259, 38.715015614912517 ], [ -9.34858, 38.71501 ], [ -9.34861, 38.71495 ], [ -9.34867, 38.71491 ], [ -9.34875, 38.71491 ], [ -9.34882, 38.71494 ], [ -9.34885, 38.715 ], [ -9.34884, 38.71506 ] ] } },
{ "type": "Feature", "properties": { "services_sum": 1.0002778549597111, "total_departures_sum": 133, "route_short_name_sum": null, "services_unique": null, "total_departures_unique": null, "route_short_name_unique": "22" }, "geometry": { "type": "LineString", "coordinates": [ [ -9.34825, 38.71922 ], [ -9.34822634338348, 38.719243656640849 ], [ -9.34823, 38.71924 ], [ -9.34817, 38.7193 ] ] } },
{ "type": "Feature", "properties": { "services_sum": 1.0002778549597111, "total_departures_sum": 133, "route_short_name_sum": null, "services_unique": null, "total_departures_unique": null, "route_short_name_unique": "22" }, "geometry": { "type": "LineString", "coordinates": [ [ -9.34773, 38.71796 ], [ -9.34736, 38.71834 ] ] } },
{ "type": "Feature", "properties": { "services_sum": 1.0002778549597111, "total_departures_sum": 133, "route_short_name_sum": null, "services_unique": null, "total_departures_unique": null, "route_short_name_unique": "22" }, "geometry": { "type": "LineString", "coordinates": [ [ -9.3476, 38.71885 ], [ -9.34758974841923, 38.718841388706892 ], [ -9.34735, 38.71864 ], [ -9.34727, 38.71861 ], [ -9.34713, 38.7186 ], [ -9.34706, 38.71854 ], [ -9.34705, 38.71848 ] ] } },
{ "type": "Feature", "properties": { "services_sum": 1.0002778549597111, "total_departures_sum": 133, "route_short_name_sum": null, "services_unique": null, "total_departures_unique": null, "route_short_name_unique": "22" }, "geometry": { "type": "LineString", "coordinates": [ [ -9.34731, 38.71842 ], [ -9.3473, 38.71851 ] ] } },
{ "type": "Feature", "properties": { "services_sum": 1.0002778549597111, "total_departures_sum": 133, "route_short_name_sum": null, "services_unique": null, "total_departures_unique": null, "route_short_name_unique": "22" }, "geometry": { "type": "LineString", "coordinates": [ [ -9.34721, 38.71841 ], [ -9.34716, 38.71841 ], [ -9.347146602843111, 38.718413827759107 ], [ -9.34709, 38.71843 ] ] } },
{ "type": "Feature", "properties": { "services_sum": 1.0002778549597111, "total_departures_sum": 133, "route_short_name_sum": null, "services_unique": null, "total_departures_unique": null, "route_short_name_unique": "22" }, "geometry": { "type": "LineString", "coordinates": [ [ -9.34672, 38.71447 ], [ -9.34671, 38.7146 ], [ -9.34672, 38.71482 ], [ -9.34669, 38.71488 ], [ -9.34656, 38.71495 ], [ -9.34595, 38.71503 ], [ -9.34533, 38.71506 ], [ -9.34517, 38.71508 ], [ -9.34444, 38.71514 ], [ -9.34432, 38.71512 ], [ -9.34426, 38.7151 ], [ -9.34416, 38.71505 ], [ -9.34398, 38.71506 ], [ -9.34386, 38.71504 ], [ -9.34355, 38.71484 ], [ -9.343528867005864, 38.714824150351504 ], [ -9.34315, 38.71454 ], [ -9.34401, 38.71516 ], [ -9.34404, 38.71521 ], [ -9.34411, 38.71524 ], [ -9.34415, 38.71525 ], [ -9.34422, 38.71523 ], [ -9.34427, 38.71518 ], [ -9.34427, 38.71512 ] ] } },
{ "type": "Feature", "properties": { "services_sum": 1.0002778549597111, "total_departures_sum": 133, "route_short_name_sum": null, "services_unique": null, "total_departures_unique": null, "route_short_name_unique": "22" }, "geometry": { "type": "LineString", "coordinates": [ [ -9.34672, 38.71447 ], [ -9.347133668325615, 38.71435180906397 ], [ -9.34714, 38.71435 ], [ -9.34721, 38.71434 ], [ -9.347203856194827, 38.714340000001144 ], [ -9.34716, 38.71434 ], [ -9.34672, 38.71447 ] ] } },
{ "type": "Feature", "properties": { "services_sum": 1.0002778549597111, "total_departures_sum": 133, "route_short_name_sum": null, "services_unique": null, "total_departures_unique": null, "route_short_name_unique": "22" }, "geometry": { "type": "LineString", "coordinates": [ [ -9.34545, 38.71405 ], [ -9.345179844000715, 38.714024672934066 ], [ -9.34513, 38.71402 ] ] } },
{ "type": "Feature", "properties": { "services_sum": 1.0002778549597111, "total_departures_sum": 133, "route_short_name_sum": null, "services_unique": null, "total_departures_unique": null, "route_short_name_unique": "22" }, "geometry": { "type": "LineString", "coordinates": [ [ -9.34458, 38.71392 ], [ -9.344372387377183, 38.714476779576358 ], [ -9.34422, 38.7149 ], [ -9.34423, 38.71507 ] ] } },
{ "type": "Feature", "properties": { "services_sum": 1.0002778549597111, "total_departures_sum": 133, "route_short_name_sum": null, "services_unique": null, "total_departures_unique": null, "route_short_name_unique": "22" }, "geometry": { "type": "LineString", "coordinates": [ [ -9.34162, 38.69578 ], [ -9.341624023801588, 38.695794306912717 ], [ -9.34171, 38.6961 ], [ -9.34163, 38.69579 ], [ -9.341622926218362, 38.695768778676175 ], [ -9.3416, 38.6957 ] ] } },
{ "type": "Feature", "properties": { "services_sum": 1.0002778549597111, "total_departures_sum": 133, "route_short_name_sum": null, "services_unique": null, "total_departures_unique": null, "route_short_name_unique": "22" }, "geometry": { "type": "LineString", "coordinates": [ [ -9.34147, 38.69806 ], [ -9.341465863774195, 38.698077923706798 ], [ -9.34141, 38.69832 ] ] } },
{ "type": "Feature", "properties": { "services_sum": 1.0002778549597111, "total_departures_sum": 133, "route_short_name_sum": null, "services_unique": null, "total_departures_unique": null, "route_short_name_unique": "22" }, "geometry": { "type": "LineString", "coordinates": [ [ -9.34145, 38.71366 ], [ -9.34158, 38.7137 ], [ -9.3417, 38.71368 ], [ -9.34181, 38.71374 ], [ -9.3419, 38.71389 ], [ -9.3421, 38.71396 ], [ -9.34218, 38.71403 ], [ -9.34204, 38.71399 ], [ -9.34187, 38.71398 ], [ -9.34179, 38.71403 ], [ -9.3417, 38.71403 ], [ -9.34164, 38.714 ], [ -9.34155, 38.71387 ], [ -9.34152, 38.71379 ], [ -9.34145, 38.71366 ] ] } },
{ "type": "Feature", "properties": { "services_sum": 1.0002778549597111, "total_departures_sum": 133, "route_short_name_sum": null, "services_unique": null, "total_departures_unique": null, "route_short_name_unique": "22" }, "geometry": { "type": "LineString", "coordinates": [ [ -9.34145, 38.71366 ], [ -9.34128, 38.71357 ], [ -9.341253388209086, 38.713554528125023 ], [ -9.34085, 38.71332 ], [ -9.34138, 38.71362 ], [ -9.341415009937903, 38.713640005689605 ], [ -9.34141, 38.71364 ], [ -9.34145, 38.71366 ] ] } },
{ "type": "Feature", "properties": { "services_sum": 1.0002778549597111, "total_departures_sum": 133, "route_short_name_sum": null, "services_unique": null, "total_departures_unique": null, "route_short_name_unique": "22" }, "geometry": { "type": "LineString", "coordinates": [ [ -9.34131, 38.69882 ], [ -9.341308877357594, 38.698794179298424 ], [ -9.3413, 38.69859 ] ] } },
{ "type": "Feature", "properties": { "services_sum": 1.0002778549597111, "total_departures_sum": 133, "route_short_name_sum": null, "services_unique": null, "total_departures_unique": null, "route_short_name_unique": "22" }, "geometry": { "type": "LineString", "coordinates": [ [ -9.34113, 38.69969 ], [ -9.34112754791837, 38.699701647730819 ], [ -9.34069, 38.70178 ] ] } },
{ "type": "Feature", "properties": { "services_sum": 1.0002778549597111, "total_departures_sum": 133, "route_short_name_sum": null, "services_unique": null, "total_departures_unique": null, "route_short_name_unique": "22" }, "geometry": { "type": "LineString", "coordinates": [ [ -9.34095, 38.70307 ], [ -9.340855317651883, 38.702776484790647 ], [ -9.34085, 38.70276 ] ] } },
{ "type": "Feature", "properties": { "services_sum": 1.0002778549597111, "total_departures_sum": 133, "route_short_name_sum": null, "services_unique": null, "total_departures_unique": null, "route_short_name_unique": "22" }, "geometry": { "type": "LineString", "coordinates": [ [ -9.34086, 38.70202 ], [ -9.340800009606486, 38.702087489219053 ], [ -9.34078, 38.70211 ] ] } },
{ "type": "Feature", "properties": { "services_sum": 1.0002778549597111, "total_departures_sum": 133, "route_short_name_sum": null, "services_unique": null, "total_departures_unique": null, "route_short_name_unique": "22" }, "geometry": { "type": "LineString", "coordinates": [ [ -9.33984, 38.6949 ], [ -9.33938, 38.69487 ], [ -9.33879197603231, 38.694811197634202 ], [ -9.33878, 38.69481 ], [ -9.33833, 38.69476 ] ] } },
{ "type": "Feature", "properties": { "services_sum": 1.0002778549597111, "total_departures_sum": 133, "route_short_name_sum": null, "services_unique": null, "total_departures_unique": null, "route_short_name_unique": "22" }, "geometry": { "type": "LineString", "coordinates": [ [ -9.33949, 38.69488 ], [ -9.33833, 38.69476 ] ] } },
{ "type": "Feature", "properties": { "services_sum": 1.0002778549597111, "total_departures_sum": 133, "route_short_name_sum": null, "services_unique": null, "total_departures_unique": null, "route_short_name_unique": "22" }, "geometry": { "type": "LineString", "coordinates": [ [ -9.33898, 38.71209 ], [ -9.339071345163052, 38.712309228458402 ], [ -9.33908, 38.71233 ], [ -9.33913, 38.71243 ], [ -9.33917, 38.71247 ], [ -9.3393, 38.71252 ], [ -9.3401, 38.71296 ], [ -9.339714013388038, 38.712748626490161 ], [ -9.33968, 38.71273 ], [ -9.33945, 38.71261 ], [ -9.33931, 38.7126 ], [ -9.33919, 38.71262 ], [ -9.33903, 38.71268 ], [ -9.33893, 38.71267 ] ] } },
{ "type": "Feature", "properties": { "services_sum": 1.0002778549597111, "total_departures_sum": 133, "route_short_name_sum": null, "services_unique": null, "total_departures_unique": null, "route_short_name_unique": "22" }, "geometry": { "type": "LineString", "coordinates": [ [ -9.33871, 38.70728 ], [ -9.33871, 38.709974645694459 ], [ -9.33871, 38.71 ] ] } },
{ "type": "Feature", "properties": { "services_sum": 1.0002778549597111, "total_departures_sum": 133, "route_short_name_sum": null, "services_unique": null, "total_departures_unique": null, "route_short_name_unique": "22" }, "geometry": { "type": "LineString", "coordinates": [ [ -9.33864, 38.71082 ], [ -9.338620968046435, 38.710496456863929 ], [ -9.33862, 38.71048 ] ] } },
{ "type": "Feature", "properties": { "services_sum": 1.0002778549597111, "total_departures_sum": 133, "route_short_name_sum": null, "services_unique": null, "total_departures_unique": null, "route_short_name_unique": "22" }, "geometry": { "type": "LineString", "coordinates": [ [ -9.33833, 38.69476 ], [ -9.33701, 38.69445 ], [ -9.336136745724648, 38.694145832867562 ], [ -9.33612, 38.69414 ], [ -9.33561, 38.69396 ] ] } },
{ "type": "Feature", "properties": { "services_sum": 1.0002778549597111, "total_departures_sum": 133, "route_short_name_sum": null, "services_unique": null, "total_departures_unique": null, "route_short_name_unique": "22" }, "geometry": { "type": "LineString", "coordinates": [ [ -9.33829, 38.71189 ], [ -9.338262110978588, 38.711415886874249 ], [ -9.33826, 38.71138 ] ] } },
{ "type": "Feature", "properties": { "services_sum": 1.0002778549597111, "total_departures_sum": 133, "route_short_name_sum": null, "services_unique": null, "total_departures_unique": null, "route_short_name_unique": "22" }, "geometry": { "type": "LineString", "coordinates": [ [ -9.33747, 38.68749 ], [ -9.33733, 38.68749 ], [ -9.337093784549475, 38.687465135215731 ], [ -9.336858093738558, 38.68754690260328 ], [ -9.336388707160951, 38.68758249450714 ] ] } },
{ "type": "Feature", "properties": { "services_sum": 1.0002778549597111, "total_departures_sum": 133, "route_short_name_sum": null, "services_unique": null, "total_departures_unique": null, "route_short_name_unique": "22" }, "geometry": { "type": "LineString", "coordinates": [ [ -9.33673, 38.69074 ], [ -9.336720174882979, 38.690956152586054 ], [ -9.33672, 38.69096 ], [ -9.33667, 38.69199 ], [ -9.336719675528345, 38.690976619315578 ], [ -9.33672, 38.69097 ] ] } },
{ "type": "Feature", "properties": { "services_sum": 1.0002778549597111, "total_departures_sum": 133, "route_short_name_sum": null, "services_unique": null, "total_departures_unique": null, "route_short_name_unique": "22" }, "geometry": { "type": "LineString", "coordinates": [ [ -9.336391389369966, 38.687574119943108 ], [ -9.335468709468843, 38.687507123395676 ], [ -9.335407018661501, 38.687456875943944 ], [ -9.335317372778036, 38.687272635581515 ], [ -9.333, 38.68701 ] ] } },
{ "type": "Feature", "properties": { "services_sum": 1.0002778549597111, "total_departures_sum": 133, "route_short_name_sum": null, "services_unique": null, "total_departures_unique": null, "route_short_name_unique": "22" }, "geometry": { "type": "LineString", "coordinates": [ [ -9.33596, 38.69311 ], [ -9.335870117275453, 38.693349687266554 ], [ -9.33587, 38.69335 ] ] } },
{ "type": "Feature", "properties": { "services_sum": 1.0002778549597111, "total_departures_sum": 133, "route_short_name_sum": null, "services_unique": null, "total_departures_unique": null, "route_short_name_unique": "22" }, "geometry": { "type": "LineString", "coordinates": [ [ -9.33574, 38.6902 ], [ -9.335313644070098, 38.690239661023547 ] ] } },
{ "type": "Feature", "properties": { "services_sum": 1.0002778549597111, "total_departures_sum": 133, "route_short_name_sum": null, "services_unique": null, "total_departures_unique": null, "route_short_name_unique": "22" }, "geometry": { "type": "LineString", "coordinates": [ [ -9.33531, 38.69024 ], [ -9.335294920757157, 38.690242331907811 ], [ -9.33434, 38.69039 ] ] } },
{ "type": "Feature", "properties": { "services_sum": 1.0002778549597111, "total_departures_sum": 133, "route_short_name_sum": null, "services_unique": null, "total_departures_unique": null, "route_short_name_unique": "22" }, "geometry": { "type": "LineString", "coordinates": [ [ -9.33138, 38.68914 ], [ -9.331360244088337, 38.688458421047606 ], [ -9.33136, 38.68845 ], [ -9.33136, 38.68611 ] ] } },
{ "type": "Feature", "properties": { "services_sum": 1.0002778549597111, "total_departures_sum": 133, "route_short_name_sum": null, "services_unique": null, "total_departures_unique": null, "route_short_name_unique": "22" }, "geometry": { "type": "LineString", "coordinates": [ [ -9.33127, 38.68908 ], [ -9.331250308259806, 38.688607398235312 ], [ -9.33125, 38.6886 ], [ -9.33126, 38.68621 ] ] } },
{ "type": "Feature", "properties": { "services_sum": 1.0002778549597111, "total_departures_sum": 133, "route_short_name_sum": null, "services_unique": null, "total_departures_unique": null, "route_short_name_unique": "22" }, "geometry": { "type": "LineString", "coordinates": [ [ -9.4375, 38.71406 ], [ -9.43732, 38.7138 ], [ -9.43634, 38.71253 ], [ -9.436291578998933, 38.712463133145334 ], [ -9.43613, 38.71224 ], [ -9.43631, 38.71201 ], [ -9.435881319907615, 38.712578250371344 ], [ -9.43588, 38.71258 ], [ -9.43578, 38.71274 ], [ -9.43576, 38.71285 ], [ -9.43578, 38.71308 ], [ -9.43592, 38.71365 ], [ -9.43596, 38.71404 ], [ -9.435959968472677, 38.714040252219156 ], [ -9.43594, 38.7142 ], [ -9.43586, 38.71441 ], [ -9.43591, 38.71431 ], [ -9.43653, 38.71432 ], [ -9.43688, 38.71427 ], [ -9.436985543200541, 38.714240316096287 ], [ -9.4372, 38.71418 ], [ -9.4375, 38.71406 ] ] } },
{ "type": "Feature", "properties": { "services_sum": 1.0002778549597111, "total_departures_sum": 133, "route_short_name_sum": null, "services_unique": null, "total_departures_unique": null, "route_short_name_unique": "22" }, "geometry": { "type": "LineString", "coordinates": [ [ -9.4354, 38.71505 ], [ -9.435369796301545, 38.715176855683616 ], [ -9.43535, 38.71526 ], [ -9.43531, 38.71545 ], [ -9.43531, 38.71549 ], [ -9.43531, 38.715487063841586 ], [ -9.43531, 38.71548 ], [ -9.4354, 38.71505 ] ] } },
{ "type": "Feature", "properties": { "services_sum": 1.0002778549597111, "total_departures_sum": 133, "route_short_name_sum": null, "services_unique": null, "total_departures_unique": null, "route_short_name_unique": "22" }, "geometry": { "type": "LineString", "coordinates": [ [ -9.43384, 38.70903 ], [ -9.433684900624993, 38.708739188712471 ], [ -9.43368, 38.70873 ], [ -9.43342, 38.70815 ], [ -9.433582348374944, 38.708534509680405 ], [ -9.43361, 38.7086 ], [ -9.43384, 38.70903 ] ] } },
{ "type": "Feature", "properties": { "services_sum": 1.0002778549597111, "total_departures_sum": 133, "route_short_name_sum": null, "services_unique": null, "total_departures_unique": null, "route_short_name_unique": "22" }, "geometry": { "type": "LineString", "coordinates": [ [ -9.42426, 38.7195 ], [ -9.424159878066087, 38.719181430354595 ], [ -9.42415, 38.71915 ], [ -9.42415, 38.71884 ], [ -9.42421, 38.7186 ], [ -9.42415, 38.71896 ], [ -9.42415, 38.71917 ], [ -9.424188036990538, 38.719277771570596 ], [ -9.42426, 38.7195 ] ] } },
{ "type": "Feature", "properties": { "services_sum": 1.0002778549597111, "total_departures_sum": 133, "route_short_name_sum": null, "services_unique": null, "total_departures_unique": null, "route_short_name_unique": "22" }, "geometry": { "type": "LineString", "coordinates": [ [ -9.41838, 38.72872 ], [ -9.418345244987593, 38.728663523169651 ], [ -9.4183, 38.72859 ], [ -9.418353344694417, 38.728676685187033 ], [ -9.41838, 38.72872 ] ] } },
{ "type": "Feature", "properties": { "services_sum": 1.0002778549597111, "total_departures_sum": 133, "route_short_name_sum": null, "services_unique": null, "total_departures_unique": null, "route_short_name_unique": "22" }, "geometry": { "type": "LineString", "coordinates": [ [ -9.3923, 38.73947 ], [ -9.39208, 38.73962 ], [ -9.392075208675029, 38.739622874799117 ], [ -9.391977103455481, 38.73968120689355 ], [ -9.39174, 38.73978 ], [ -9.391733869637836, 38.739781532590541 ], [ -9.39122, 38.73991 ], [ -9.391780468125901, 38.739772341162059 ], [ -9.39179, 38.73977 ], [ -9.391977230835396, 38.739681311709546 ], [ -9.392061669402691, 38.739628887064868 ], [ -9.3923, 38.73947 ] ] } },
{ "type": "Feature", "properties": { "services_sum": 1.0002778549597111, "total_departures_sum": 133, "route_short_name_sum": null, "services_unique": null, "total_departures_unique": null, "route_short_name_unique": "22" }, "geometry": { "type": "LineString", "coordinates": [ [ -9.39024, 38.74039 ], [ -9.38976, 38.74037 ], [ -9.389751926028039, 38.74037 ], [ -9.38901, 38.74037 ], [ -9.389403909412975, 38.74037 ], [ -9.39024, 38.74039 ] ] } },
{ "type": "Feature", "properties": { "services_sum": 1.0002778549597111, "total_departures_sum": 133, "route_short_name_sum": null, "services_unique": null, "total_departures_unique": null, "route_short_name_unique": "22" }, "geometry": { "type": "LineString", "coordinates": [ [ -9.38446, 38.74179 ], [ -9.38436, 38.7418 ], [ -9.38424, 38.7418 ], [ -9.38446, 38.74179 ] ] } },
{ "type": "Feature", "properties": { "services_sum": 1.0002778549597111, "total_departures_sum": 133, "route_short_name_sum": null, "services_unique": null, "total_departures_unique": null, "route_short_name_unique": "22" }, "geometry": { "type": "LineString", "coordinates": [ [ -9.38203, 38.74232 ], [ -9.38175, 38.74255 ], [ -9.381742938110667, 38.74255588490778 ], [ -9.38169, 38.7426 ], [ -9.381794041506593, 38.742524333449751 ], [ -9.3818, 38.74252 ], [ -9.38203, 38.74232 ] ] } },
{ "type": "Feature", "properties": { "services_sum": 1.0002778549597111, "total_departures_sum": 133, "route_short_name_sum": null, "services_unique": null, "total_departures_unique": null, "route_short_name_unique": "22" }, "geometry": { "type": "LineString", "coordinates": [ [ -9.38091, 38.74131 ], [ -9.3806994186804, 38.741078119349815 ], [ -9.38014, 38.74045 ], [ -9.380776458654365, 38.741156071368138 ], [ -9.38077, 38.74116 ], [ -9.38091, 38.74131 ] ] } },
{ "type": "Feature", "properties": { "services_sum": 1.0002778549597111, "total_departures_sum": 133, "route_short_name_sum": null, "services_unique": null, "total_departures_unique": null, "route_short_name_unique": "22" }, "geometry": { "type": "LineString", "coordinates": [ [ -9.37946, 38.74009 ], [ -9.37887, 38.7399 ], [ -9.37856, 38.73977 ], [ -9.378545601197299, 38.739764109642103 ], [ -9.3779, 38.7395 ], [ -9.37878, 38.73987 ], [ -9.37878049113046, 38.739870158897062 ], [ -9.37946, 38.74009 ] ] } },
{ "type": "Feature", "properties": { "services_sum": 1.0002778549597111, "total_departures_sum": 133, "route_short_name_sum": null, "services_unique": null, "total_departures_unique": null, "route_short_name_unique": "22" }, "geometry": { "type": "LineString", "coordinates": [ [ -9.36602, 38.73395 ], [ -9.36586, 38.73313 ], [ -9.36585801316142, 38.733120065826817 ], [ -9.36583, 38.73298 ], [ -9.3659, 38.73334 ], [ -9.365907920762389, 38.733380264200406 ], [ -9.36602, 38.73395 ] ] } },
{ "type": "Feature", "properties": { "services_sum": 1.0002778549597111, "total_departures_sum": 133, "route_short_name_sum": null, "services_unique": null, "total_departures_unique": null, "route_short_name_unique": "22" }, "geometry": { "type": "LineString", "coordinates": [ [ -9.3604, 38.72859 ], [ -9.360362221392059, 38.728604166987914 ], [ -9.36032, 38.72862 ], [ -9.360387173429338, 38.728594809969358 ], [ -9.3604, 38.72859 ] ] } },
{ "type": "Feature", "properties": { "services_sum": 1.0002778549597111, "total_departures_sum": 133, "route_short_name_sum": null, "services_unique": null, "total_departures_unique": null, "route_short_name_unique": "22" }, "geometry": { "type": "LineString", "coordinates": [ [ -9.35722, 38.73277 ], [ -9.3572, 38.73271 ], [ -9.35713, 38.73267 ], [ -9.35706, 38.73268 ], [ -9.35702, 38.7327 ], [ -9.357, 38.73272 ], [ -9.35699, 38.73278 ], [ -9.35702, 38.73283 ], [ -9.35709, 38.73285 ], [ -9.35716, 38.73284 ], [ -9.35721, 38.7328 ], [ -9.35722, 38.73277 ] ] } },
{ "type": "Feature", "properties": { "services_sum": 1.0002778549597111, "total_departures_sum": 133, "route_short_name_sum": null, "services_unique": null, "total_departures_unique": null, "route_short_name_unique": "22" }, "geometry": { "type": "LineString", "coordinates": [ [ -9.35539, 38.7282 ], [ -9.355350726781317, 38.728129308227281 ], [ -9.35534, 38.72811 ], [ -9.35493, 38.72736 ], [ -9.35468, 38.72695 ], [ -9.355083129541857, 38.727648102505405 ], [ -9.35509, 38.72766 ], [ -9.35539, 38.7282 ] ] } },
{ "type": "Feature", "properties": { "services_sum": 1.0002778549597111, "total_departures_sum": 133, "route_short_name_sum": null, "services_unique": null, "total_departures_unique": null, "route_short_name_unique": "22" }, "geometry": { "type": "LineString", "coordinates": [ [ -9.35369, 38.72581 ], [ -9.35322, 38.72529 ], [ -9.353214633580276, 38.725284176740722 ], [ -9.35052, 38.72236 ], [ -9.350515084416678, 38.722354657021157 ], [ -9.35006, 38.72186 ], [ -9.350597819058562, 38.722449363375645 ], [ -9.35312, 38.72519 ], [ -9.353138651934307, 38.72521028828298 ], [ -9.35369, 38.72581 ] ] } },
{ "type": "Feature", "properties": { "services_sum": 2.0005557099194222, "total_departures_sum": 266, "route_short_name_sum": null, "services_unique": null, "total_departures_unique": null, "route_short_name_unique": "22" }, "geometry": { "type": "LineString", "coordinates": [ [ -9.43631, 38.71201 ], [ -9.43571, 38.71173 ] ] } },
{ "type": "Feature", "properties": { "services_sum": 2.0005557099194222, "total_departures_sum": 266, "route_short_name_sum": null, "services_unique": null, "total_departures_unique": null, "route_short_name_unique": "22" }, "geometry": { "type": "LineString", "coordinates": [ [ -9.43586, 38.71441 ], [ -9.43546, 38.71493 ], [ -9.4354, 38.71505 ] ] } },
{ "type": "Feature", "properties": { "services_sum": 2.0005557099194222, "total_departures_sum": 266, "route_short_name_sum": null, "services_unique": null, "total_departures_unique": null, "route_short_name_unique": "22" }, "geometry": { "type": "LineString", "coordinates": [ [ -9.43531, 38.71549 ], [ -9.43529, 38.71566 ], [ -9.43526, 38.71572 ], [ -9.43521, 38.71576 ], [ -9.43488, 38.71592 ] ] } },
{ "type": "Feature", "properties": { "services_sum": 2.0005557099194222, "total_departures_sum": 266, "route_short_name_sum": null, "services_unique": null, "total_departures_unique": null, "route_short_name_unique": "22" }, "geometry": { "type": "LineString", "coordinates": [ [ -9.43386, 38.70913 ], [ -9.43384, 38.70903 ] ] } },
{ "type": "Feature", "properties": { "services_sum": 2.0005557099194222, "total_departures_sum": 266, "route_short_name_sum": null, "services_unique": null, "total_departures_unique": null, "route_short_name_unique": "22" }, "geometry": { "type": "LineString", "coordinates": [ [ -9.43347, 38.70797 ], [ -9.43342, 38.70809 ], [ -9.43342, 38.70815 ] ] } },
{ "type": "Feature", "properties": { "services_sum": 2.0005557099194222, "total_departures_sum": 266, "route_short_name_sum": null, "services_unique": null, "total_departures_unique": null, "route_short_name_unique": "22" }, "geometry": { "type": "LineString", "coordinates": [ [ -9.43034, 38.71856 ], [ -9.42987, 38.7181 ], [ -9.42958, 38.71771 ], [ -9.42937, 38.71748 ], [ -9.42912, 38.71734 ], [ -9.42859, 38.71719 ], [ -9.42844, 38.71712 ], [ -9.4283, 38.71703 ], [ -9.4282, 38.71692 ], [ -9.42813, 38.7168 ], [ -9.42805, 38.71656 ], [ -9.42802, 38.71618 ], [ -9.42794, 38.71589 ], [ -9.42787, 38.71575 ] ] } },
{ "type": "Feature", "properties": { "services_sum": 2.0005557099194222, "total_departures_sum": 266, "route_short_name_sum": null, "services_unique": null, "total_departures_unique": null, "route_short_name_unique": "22" }, "geometry": { "type": "LineString", "coordinates": [ [ -9.42686, 38.71497 ], [ -9.42674, 38.71488 ], [ -9.42657, 38.71461 ] ] } },
{ "type": "Feature", "properties": { "services_sum": 2.0005557099194222, "total_departures_sum": 266, "route_short_name_sum": null, "services_unique": null, "total_departures_unique": null, "route_short_name_unique": "22" }, "geometry": { "type": "LineString", "coordinates": [ [ -9.42505, 38.72379 ], [ -9.42504, 38.7237 ], [ -9.42489, 38.72356 ], [ -9.42457, 38.72337 ], [ -9.42425, 38.72324 ], [ -9.42416, 38.72316 ] ] } },
{ "type": "Feature", "properties": { "services_sum": 2.0005557099194222, "total_departures_sum": 266, "route_short_name_sum": null, "services_unique": null, "total_departures_unique": null, "route_short_name_unique": "22" }, "geometry": { "type": "LineString", "coordinates": [ [ -9.42489, 38.72038 ], [ -9.42486, 38.72018 ], [ -9.42482, 38.7201 ], [ -9.42463, 38.7199 ], [ -9.4244, 38.71975 ], [ -9.42426, 38.7195 ] ] } },
{ "type": "Feature", "properties": { "services_sum": 2.0005557099194222, "total_departures_sum": 266, "route_short_name_sum": null, "services_unique": null, "total_departures_unique": null, "route_short_name_unique": "22" }, "geometry": { "type": "LineString", "coordinates": [ [ -9.42421, 38.71826 ], [ -9.42441, 38.71849 ], [ -9.42421, 38.7186 ] ] } },
{ "type": "Feature", "properties": { "services_sum": 2.0005557099194222, "total_departures_sum": 266, "route_short_name_sum": null, "services_unique": null, "total_departures_unique": null, "route_short_name_unique": "22" }, "geometry": { "type": "LineString", "coordinates": [ [ -9.41838, 38.72872 ], [ -9.41837, 38.72882 ], [ -9.41834, 38.72887 ], [ -9.41827, 38.72891 ], [ -9.41818, 38.72894 ], [ -9.41802, 38.72892 ], [ -9.41794, 38.72887 ], [ -9.41787, 38.72874 ], [ -9.4179, 38.72866 ], [ -9.41798, 38.72858 ], [ -9.418, 38.72847 ], [ -9.41794, 38.72818 ], [ -9.41789, 38.72809 ], [ -9.41782, 38.72804 ] ] } },
{ "type": "Feature", "properties": { "services_sum": 2.0005557099194222, "total_departures_sum": 266, "route_short_name_sum": null, "services_unique": null, "total_departures_unique": null, "route_short_name_unique": "22" }, "geometry": { "type": "LineString", "coordinates": [ [ -9.38455, 38.74176 ], [ -9.38446, 38.74179 ] ] } },
{ "type": "Feature", "properties": { "services_sum": 2.0005557099194222, "total_departures_sum": 266, "route_short_name_sum": null, "services_unique": null, "total_departures_unique": null, "route_short_name_unique": "22" }, "geometry": { "type": "LineString", "coordinates": [ [ -9.38424, 38.7418 ], [ -9.38408, 38.74175 ], [ -9.38375, 38.74157 ], [ -9.38363, 38.74153 ], [ -9.38333, 38.74155 ], [ -9.38309, 38.74159 ], [ -9.3829, 38.74165 ], [ -9.38268, 38.74175 ], [ -9.38235, 38.74201 ], [ -9.38203, 38.74232 ] ] } },
{ "type": "Feature", "properties": { "services_sum": 2.0005557099194222, "total_departures_sum": 266, "route_short_name_sum": null, "services_unique": null, "total_departures_unique": null, "route_short_name_unique": "22" }, "geometry": { "type": "LineString", "coordinates": [ [ -9.38169, 38.7426 ], [ -9.38155, 38.74282 ], [ -9.38145, 38.74274 ], [ -9.38137, 38.74256 ], [ -9.38134, 38.74215 ], [ -9.3813, 38.7419 ], [ -9.38123, 38.74174 ], [ -9.38091, 38.74131 ] ] } },
{ "type": "Feature", "properties": { "services_sum": 2.0005557099194222, "total_departures_sum": 266, "route_short_name_sum": null, "services_unique": null, "total_departures_unique": null, "route_short_name_unique": "22" }, "geometry": { "type": "LineString", "coordinates": [ [ -9.38014, 38.74045 ], [ -9.37986, 38.74023 ], [ -9.37946, 38.74009 ] ] } },
{ "type": "Feature", "properties": { "services_sum": 2.0005557099194222, "total_departures_sum": 266, "route_short_name_sum": null, "services_unique": null, "total_departures_unique": null, "route_short_name_unique": "22" }, "geometry": { "type": "LineString", "coordinates": [ [ -9.3779, 38.7395 ], [ -9.37774, 38.73948 ], [ -9.37708, 38.73957 ], [ -9.37685, 38.73956 ], [ -9.37667, 38.73954 ], [ -9.37612, 38.73938 ] ] } },
{ "type": "Feature", "properties": { "services_sum": 2.0005557099194222, "total_departures_sum": 266, "route_short_name_sum": null, "services_unique": null, "total_departures_unique": null, "route_short_name_unique": "22" }, "geometry": { "type": "LineString", "coordinates": [ [ -9.36606, 38.73479 ], [ -9.36603, 38.73458 ], [ -9.36603, 38.73411 ], [ -9.36602, 38.73395 ] ] } },
{ "type": "Feature", "properties": { "services_sum": 2.0005557099194222, "total_departures_sum": 266, "route_short_name_sum": null, "services_unique": null, "total_departures_unique": null, "route_short_name_unique": "22" }, "geometry": { "type": "LineString", "coordinates": [ [ -9.36583, 38.73298 ], [ -9.36578, 38.73291 ], [ -9.36542, 38.73261 ], [ -9.36532, 38.73245 ], [ -9.36516, 38.73216 ], [ -9.36512, 38.73193 ], [ -9.36499, 38.73165 ] ] } },
{ "type": "Feature", "properties": { "services_sum": 2.0005557099194222, "total_departures_sum": 266, "route_short_name_sum": null, "services_unique": null, "total_departures_unique": null, "route_short_name_unique": "22" }, "geometry": { "type": "LineString", "coordinates": [ [ -9.36203, 38.72888 ], [ -9.36186, 38.72885 ], [ -9.36135, 38.72881 ] ] } },
{ "type": "Feature", "properties": { "services_sum": 2.0005557099194222, "total_departures_sum": 266, "route_short_name_sum": null, "services_unique": null, "total_departures_unique": null, "route_short_name_unique": "22" }, "geometry": { "type": "LineString", "coordinates": [ [ -9.3611, 38.7287 ], [ -9.36104, 38.72863 ], [ -9.36095, 38.72858 ], [ -9.3608, 38.72858 ], [ -9.3606, 38.72855 ], [ -9.3604, 38.72859 ] ] } },
{ "type": "Feature", "properties": { "services_sum": 2.0005557099194222, "total_departures_sum": 266, "route_short_name_sum": null, "services_unique": null, "total_departures_unique": null, "route_short_name_unique": "22" }, "geometry": { "type": "LineString", "coordinates": [ [ -9.36064, 38.72879 ], [ -9.36053, 38.72871 ], [ -9.36032, 38.72862 ] ] } },
{ "type": "Feature", "properties": { "services_sum": 2.0005557099194222, "total_departures_sum": 266, "route_short_name_sum": null, "services_unique": null, "total_departures_unique": null, "route_short_name_unique": "22" }, "geometry": { "type": "LineString", "coordinates": [ [ -9.35996, 38.73109 ], [ -9.3596, 38.73193 ], [ -9.35947, 38.73211 ], [ -9.35906, 38.73248 ], [ -9.35886, 38.73259 ], [ -9.35832, 38.73277 ], [ -9.35788, 38.73283 ], [ -9.35749, 38.73281 ], [ -9.35722, 38.73277 ] ] } },
{ "type": "Feature", "properties": { "services_sum": 2.0005557099194222, "total_departures_sum": 266, "route_short_name_sum": null, "services_unique": null, "total_departures_unique": null, "route_short_name_unique": "22" }, "geometry": { "type": "LineString", "coordinates": [ [ -9.35702, 38.7327 ], [ -9.35665, 38.73251 ], [ -9.35641, 38.73235 ], [ -9.3562, 38.73215 ], [ -9.35589, 38.73171 ], [ -9.35575, 38.73104 ], [ -9.35548, 38.72859 ], [ -9.35539, 38.7282 ] ] } },
{ "type": "Feature", "properties": { "services_sum": 2.0005557099194222, "total_departures_sum": 266, "route_short_name_sum": null, "services_unique": null, "total_departures_unique": null, "route_short_name_unique": "22" }, "geometry": { "type": "LineString", "coordinates": [ [ -9.35468, 38.72695 ], [ -9.35369, 38.72581 ] ] } },
{ "type": "Feature", "properties": { "services_sum": 2.0005557099194222, "total_departures_sum": 266, "route_short_name_sum": null, "services_unique": null, "total_departures_unique": null, "route_short_name_unique": "22" }, "geometry": { "type": "LineString", "coordinates": [ [ -9.35006, 38.72186 ], [ -9.34953, 38.72123 ], [ -9.34817, 38.7193 ], [ -9.34735, 38.71864 ] ] } },
{ "type": "Feature", "properties": { "services_sum": 2.0005557099194222, "total_departures_sum": 266, "route_short_name_sum": null, "services_unique": null, "total_departures_unique": null, "route_short_name_unique": "22" }, "geometry": { "type": "LineString", "coordinates": [ [ -9.34818, 38.71503 ], [ -9.34792, 38.71496 ] ] } },
{ "type": "Feature", "properties": { "services_sum": 2.0005557099194222, "total_departures_sum": 266, "route_short_name_sum": null, "services_unique": null, "total_departures_unique": null, "route_short_name_unique": "22" }, "geometry": { "type": "LineString", "coordinates": [ [ -9.34315, 38.71454 ], [ -9.34286, 38.71438 ], [ -9.3426, 38.71427 ], [ -9.34218, 38.71403 ] ] } },
{ "type": "Feature", "properties": { "services_sum": 2.0005557099194222, "total_departures_sum": 266, "route_short_name_sum": null, "services_unique": null, "total_departures_unique": null, "route_short_name_unique": "22" }, "geometry": { "type": "LineString", "coordinates": [ [ -9.34085, 38.71332 ], [ -9.3401, 38.71296 ] ] } },
{ "type": "Feature", "properties": { "services_sum": 2.0005557099194222, "total_departures_sum": 266, "route_short_name_sum": null, "services_unique": null, "total_departures_unique": null, "route_short_name_unique": "22" }, "geometry": { "type": "LineString", "coordinates": [ [ -9.33392, 38.6905 ], [ -9.333911645551368, 38.690502592773115 ] ] } },
{ "type": "Feature", "properties": { "services_sum": 2.0005557099194222, "total_departures_sum": 180, "route_short_name_sum": null, "services_unique": null, "total_departures_unique": null, "route_short_name_unique": "2, 22" }, "geometry": { "type": "LineString", "coordinates": [ [ -9.43394, 38.70772 ], [ -9.43392, 38.70767 ], [ -9.43381, 38.7076 ], [ -9.43365, 38.70747 ], [ -9.43344, 38.70725 ], [ -9.43333, 38.70709 ], [ -9.43328, 38.70696 ], [ -9.43329, 38.7069 ], [ -9.43324, 38.70683 ], [ -9.43319, 38.70679 ], [ -9.43307, 38.70675 ], [ -9.43288, 38.70659 ] ] } },
{ "type": "Feature", "properties": { "services_sum": 2.0005557099194222, "total_departures_sum": 180, "route_short_name_sum": null, "services_unique": null, "total_departures_unique": null, "route_short_name_unique": "2, 22" }, "geometry": { "type": "LineString", "coordinates": [ [ -9.43269, 38.70632 ], [ -9.43251, 38.70611 ], [ -9.43204, 38.7056 ] ] } },
{ "type": "Feature", "properties": { "services_sum": 2.0005557099194222, "total_departures_sum": 180, "route_short_name_sum": null, "services_unique": null, "total_departures_unique": null, "route_short_name_unique": "2, 22" }, "geometry": { "type": "LineString", "coordinates": [ [ -9.43117, 38.70479 ], [ -9.43114, 38.70488 ] ] } },
{ "type": "Feature", "properties": { "services_sum": 2.0005557099194222, "total_departures_sum": 180, "route_short_name_sum": null, "services_unique": null, "total_departures_unique": null, "route_short_name_unique": "2, 22" }, "geometry": { "type": "LineString", "coordinates": [ [ -9.43114, 38.70454 ], [ -9.43106, 38.70405 ] ] } },
{ "type": "Feature", "properties": { "services_sum": 2.0005557099194222, "total_departures_sum": 180, "route_short_name_sum": null, "services_unique": null, "total_departures_unique": null, "route_short_name_unique": "2, 22" }, "geometry": { "type": "LineString", "coordinates": [ [ -9.43024, 38.70172 ], [ -9.43022, 38.70184 ] ] } },
{ "type": "Feature", "properties": { "services_sum": 2.0005557099194222, "total_departures_sum": 180, "route_short_name_sum": null, "services_unique": null, "total_departures_unique": null, "route_short_name_unique": "2, 22" }, "geometry": { "type": "LineString", "coordinates": [ [ -9.42674, 38.69959 ], [ -9.42669, 38.69957 ] ] } },
{ "type": "Feature", "properties": { "services_sum": 2.0005557099194222, "total_departures_sum": 180, "route_short_name_sum": null, "services_unique": null, "total_departures_unique": null, "route_short_name_unique": "2, 22" }, "geometry": { "type": "LineString", "coordinates": [ [ -9.42648, 38.69963 ], [ -9.42644, 38.69972 ], [ -9.42648, 38.69981 ], [ -9.4262, 38.69998 ] ] } },
{ "type": "Feature", "properties": { "services_sum": 2.0005557099194222, "total_departures_sum": 180, "route_short_name_sum": null, "services_unique": null, "total_departures_unique": null, "route_short_name_unique": "2, 22" }, "geometry": { "type": "LineString", "coordinates": [ [ -9.42551, 38.70048 ], [ -9.42542, 38.70052 ], [ -9.42526, 38.70055 ], [ -9.42521, 38.70061 ], [ -9.42521, 38.70064 ], [ -9.4252, 38.70071 ], [ -9.42514, 38.70078 ] ] } },
{ "type": "Feature", "properties": { "services_sum": 2.0005557099194222, "total_departures_sum": 180, "route_short_name_sum": null, "services_unique": null, "total_departures_unique": null, "route_short_name_unique": "2, 22" }, "geometry": { "type": "LineString", "coordinates": [ [ -9.42426, 38.70121 ], [ -9.42399, 38.70129 ], [ -9.42361, 38.70137 ] ] } },
{ "type": "Feature", "properties": { "services_sum": 2.0005557099194222, "total_departures_sum": 180, "route_short_name_sum": null, "services_unique": null, "total_departures_unique": null, "route_short_name_unique": "2, 22" }, "geometry": { "type": "LineString", "coordinates": [ [ -9.42216, 38.70133 ], [ -9.42136, 38.70106 ], [ -9.42072, 38.70071 ], [ -9.42051, 38.7005 ], [ -9.42045, 38.70037 ], [ -9.42038, 38.70031 ], [ -9.42028, 38.70028 ], [ -9.42022, 38.70029 ], [ -9.4201, 38.70034 ], [ -9.42004, 38.7004 ], [ -9.41998, 38.70061 ], [ -9.41983, 38.70076 ], [ -9.41966, 38.70086 ], [ -9.419651815489033, 38.700863601184821 ], [ -9.41941, 38.70097 ], [ -9.41915, 38.70104 ] ] } },
{ "type": "Feature", "properties": { "services_sum": 2.0005557099194222, "total_departures_sum": 180, "route_short_name_sum": null, "services_unique": null, "total_departures_unique": null, "route_short_name_unique": "2, 22" }, "geometry": { "type": "LineString", "coordinates": [ [ -9.41806, 38.70124 ], [ -9.41781, 38.70126 ], [ -9.41756, 38.70131 ] ] } },
{ "type": "Feature", "properties": { "services_sum": 2.0005557099194222, "total_departures_sum": 180, "route_short_name_sum": null, "services_unique": null, "total_departures_unique": null, "route_short_name_unique": "2, 22" }, "geometry": { "type": "LineString", "coordinates": [ [ -9.4178, 38.70155 ], [ -9.41773, 38.70155 ], [ -9.41766, 38.70159 ], [ -9.41754, 38.70159 ] ] } },
{ "type": "Feature", "properties": { "services_sum": 2.0005557099194222, "total_departures_sum": 180, "route_short_name_sum": null, "services_unique": null, "total_departures_unique": null, "route_short_name_unique": "14, 22" }, "geometry": { "type": "LineString", "coordinates": [ [ -9.43368, 38.70771 ], [ -9.43365, 38.70747 ], [ -9.43353, 38.70733 ], [ -9.43335, 38.70719 ], [ -9.43327, 38.70715 ], [ -9.43312, 38.70709 ], [ -9.43305, 38.7071 ], [ -9.43295, 38.70707 ], [ -9.43287, 38.70698 ], [ -9.43286, 38.7069 ], [ -9.43289, 38.70683 ], [ -9.43292, 38.70679 ], [ -9.43288, 38.70659 ] ] } },
{ "type": "Feature", "properties": { "services_sum": 2.0005557099194222, "total_departures_sum": 180, "route_short_name_sum": null, "services_unique": null, "total_departures_unique": null, "route_short_name_unique": "14, 22" }, "geometry": { "type": "LineString", "coordinates": [ [ -9.43183, 38.70538 ], [ -9.43174, 38.7053 ] ] } },
{ "type": "Feature", "properties": { "services_sum": 2.0005557099194222, "total_departures_sum": 180, "route_short_name_sum": null, "services_unique": null, "total_departures_unique": null, "route_short_name_unique": "14, 22" }, "geometry": { "type": "LineString", "coordinates": [ [ -9.43114, 38.70488 ], [ -9.43105, 38.70494 ], [ -9.43099, 38.70495 ], [ -9.43092, 38.70494 ], [ -9.43085, 38.70489 ], [ -9.43081, 38.70482 ] ] } },
{ "type": "Feature", "properties": { "services_sum": 2.0005557099194222, "total_departures_sum": 180, "route_short_name_sum": null, "services_unique": null, "total_departures_unique": null, "route_short_name_unique": "14, 22" }, "geometry": { "type": "LineString", "coordinates": [ [ -9.42965, 38.70137 ], [ -9.42927, 38.70125 ], [ -9.42872, 38.70103 ], [ -9.42716, 38.70034 ], [ -9.42699, 38.70021 ] ] } },
{ "type": "Feature", "properties": { "services_sum": 2.0005557099194222, "total_departures_sum": 180, "route_short_name_sum": null, "services_unique": null, "total_departures_unique": null, "route_short_name_unique": "14, 22" }, "geometry": { "type": "LineString", "coordinates": [ [ -9.42674, 38.69959 ], [ -9.4268, 38.69963 ], [ -9.42683, 38.69969 ], [ -9.42683, 38.69975 ], [ -9.4268, 38.69981 ], [ -9.42674, 38.69985 ] ] } },
{ "type": "Feature", "properties": { "services_sum": 2.0005557099194222, "total_departures_sum": 180, "route_short_name_sum": null, "services_unique": null, "total_departures_unique": null, "route_short_name_unique": "14, 22" }, "geometry": { "type": "LineString", "coordinates": [ [ -9.42632, 38.7013 ], [ -9.42587, 38.70097 ] ] } },
{ "type": "Feature", "properties": { "services_sum": 2.0005557099194222, "total_departures_sum": 180, "route_short_name_sum": null, "services_unique": null, "total_departures_unique": null, "route_short_name_unique": "14, 22" }, "geometry": { "type": "LineString", "coordinates": [ [ -9.42563, 38.70082 ], [ -9.4255, 38.70076 ], [ -9.42536, 38.70073 ], [ -9.42523, 38.70075 ], [ -9.42502, 38.70083 ], [ -9.42477, 38.70098 ], [ -9.42451, 38.70111 ], [ -9.42419, 38.70125 ], [ -9.42396, 38.70132 ], [ -9.42332, 38.7014 ] ] } },
{ "type": "Feature", "properties": { "services_sum": 2.0005557099194222, "total_departures_sum": 180, "route_short_name_sum": null, "services_unique": null, "total_departures_unique": null, "route_short_name_unique": "14, 22" }, "geometry": { "type": "LineString", "coordinates": [ [ -9.42261, 38.7014 ], [ -9.42186, 38.7013 ], [ -9.42175, 38.70131 ], [ -9.42151, 38.70137 ], [ -9.42133, 38.70146 ], [ -9.42125, 38.70153 ], [ -9.42112, 38.70169 ] ] } },
{ "type": "Feature", "properties": { "services_sum": 2.0005557099194222, "total_departures_sum": 180, "route_short_name_sum": null, "services_unique": null, "total_departures_unique": null, "route_short_name_unique": "14, 22" }, "geometry": { "type": "LineString", "coordinates": [ [ -9.418, 38.70156 ], [ -9.4178, 38.70155 ] ] } },
{ "type": "Feature", "properties": { "services_sum": 2.026211169294279, "total_departures_sum": 175, "route_short_name_sum": null, "services_unique": null, "total_departures_unique": null, "route_short_name_unique": "3, 22" }, "geometry": { "type": "LineString", "coordinates": [ [ -9.43328, 38.71707 ], [ -9.43306, 38.71711 ], [ -9.4328, 38.71719 ], [ -9.43257, 38.71728 ] ] } },
{ "type": "Feature", "properties": { "services_sum": 2.026211169294279, "total_departures_sum": 175, "route_short_name_sum": null, "services_unique": null, "total_departures_unique": null, "route_short_name_unique": "3, 22" }, "geometry": { "type": "LineString", "coordinates": [ [ -9.42502, 38.72601 ], [ -9.42503, 38.72613 ], [ -9.42502, 38.72643 ], [ -9.42497, 38.72669 ], [ -9.42488, 38.7269 ], [ -9.42464, 38.72722 ], [ -9.42453, 38.72732 ], [ -9.42423, 38.72754 ], [ -9.4241, 38.72761 ], [ -9.42384, 38.72771 ], [ -9.42339, 38.72782 ], [ -9.42303, 38.72785 ], [ -9.42237, 38.72782 ], [ -9.42181, 38.72775 ], [ -9.42128, 38.72764 ], [ -9.42083, 38.72757 ], [ -9.42016, 38.72748 ] ] } },
{ "type": "Feature", "properties": { "services_sum": 2.026211169294279, "total_departures_sum": 175, "route_short_name_sum": null, "services_unique": null, "total_departures_unique": null, "route_short_name_unique": "3, 22" }, "geometry": { "type": "LineString", "coordinates": [ [ -9.425, 38.72559 ], [ -9.42511, 38.72596 ], [ -9.42513, 38.7261 ], [ -9.42515, 38.72637 ], [ -9.42509, 38.7267 ], [ -9.4249, 38.72703 ], [ -9.4248, 38.72717 ] ] } },
{ "type": "Feature", "properties": { "services_sum": 2.026211169294279, "total_departures_sum": 175, "route_short_name_sum": null, "services_unique": null, "total_departures_unique": null, "route_short_name_unique": "3, 22" }, "geometry": { "type": "LineString", "coordinates": [ [ -9.42447, 38.72747 ], [ -9.42432, 38.72757 ], [ -9.42412, 38.72768 ] ] } },
{ "type": "Feature", "properties": { "services_sum": 2.026211169294279, "total_departures_sum": 175, "route_short_name_sum": null, "services_unique": null, "total_departures_unique": null, "route_short_name_unique": "3, 22" }, "geometry": { "type": "LineString", "coordinates": [ [ -9.42368, 38.72784 ], [ -9.42345, 38.72788 ], [ -9.42315, 38.72791 ], [ -9.42284, 38.72792 ], [ -9.42215, 38.7279 ], [ -9.42184, 38.72787 ], [ -9.42011, 38.72763 ], [ -9.41969, 38.7276 ], [ -9.4195, 38.72761 ], [ -9.4191, 38.72768 ], [ -9.41832, 38.72784 ] ] } },
{ "type": "Feature", "properties": { "services_sum": 2.026211169294279, "total_departures_sum": 175, "route_short_name_sum": null, "services_unique": null, "total_departures_unique": null, "route_short_name_unique": "3, 22" }, "geometry": { "type": "LineString", "coordinates": [ [ -9.39727, 38.74088 ], [ -9.39704, 38.74086 ], [ -9.39683, 38.74086 ], [ -9.39669, 38.74087 ], [ -9.39639, 38.74095 ], [ -9.39587, 38.74118 ], [ -9.39562, 38.74133 ], [ -9.39511, 38.74184 ], [ -9.39506, 38.74191 ], [ -9.39504, 38.74212 ] ] } },
{ "type": "Feature", "properties": { "services_sum": 2.026211169294279, "total_departures_sum": 175, "route_short_name_sum": null, "services_unique": null, "total_departures_unique": null, "route_short_name_unique": "3, 22" }, "geometry": { "type": "LineString", "coordinates": [ [ -9.39471, 38.74239 ], [ -9.39466, 38.74232 ], [ -9.39466, 38.74223 ], [ -9.39467, 38.7421 ], [ -9.39463, 38.74197 ], [ -9.3943, 38.74154 ], [ -9.39418, 38.74147 ], [ -9.39402, 38.74142 ], [ -9.39395, 38.74135 ], [ -9.39393, 38.74127 ], [ -9.39395, 38.74118 ], [ -9.394, 38.74095 ], [ -9.39399, 38.74067 ], [ -9.39407, 38.74039 ], [ -9.39481, 38.73883 ], [ -9.39516, 38.73803 ], [ -9.39513, 38.73791 ], [ -9.39502, 38.73787 ], [ -9.39499, 38.7378 ], [ -9.39511, 38.73727 ] ] } },
{ "type": "Feature", "properties": { "services_sum": 3.0264890242539906, "total_departures_sum": 222, "route_short_name_sum": null, "services_unique": null, "total_departures_unique": null, "route_short_name_unique": "2, 3, 22" }, "geometry": { "type": "LineString", "coordinates": [ [ -9.43106, 38.70405 ], [ -9.43101, 38.70323 ], [ -9.43094, 38.70296 ] ] } },
{ "type": "Feature", "properties": { "services_sum": 3.0264890242539906, "total_departures_sum": 222, "route_short_name_sum": null, "services_unique": null, "total_departures_unique": null, "route_short_name_unique": "2, 3, 22" }, "geometry": { "type": "LineString", "coordinates": [ [ -9.4308, 38.70264 ], [ -9.43061, 38.70237 ], [ -9.43034, 38.70208 ], [ -9.43026, 38.70197 ], [ -9.43022, 38.70184 ] ] } },
{ "type": "Feature", "properties": { "services_sum": 2.0005557099194222, "total_departures_sum": 94, "route_short_name_sum": null, "services_unique": null, "total_departures_unique": null, "route_short_name_unique": "14" }, "geometry": { "type": "LineString", "coordinates": [ [ -9.4305426760573, 38.696444014139217 ], [ -9.43054, 38.69644 ] ] } },
{ "type": "Feature", "properties": { "services_sum": 2.0005557099194222, "total_departures_sum": 94, "route_short_name_sum": null, "services_unique": null, "total_departures_unique": null, "route_short_name_unique": "14" }, "geometry": { "type": "LineString", "coordinates": [ [ -9.425872415511376, 38.700971771387742 ], [ -9.42587, 38.70097 ] ] } },
{ "type": "Feature", "properties": { "services_sum": 3.0008335648791333, "total_departures_sum": 182, "route_short_name_sum": null, "services_unique": null, "total_departures_unique": null, "route_short_name_unique": "14, 22" }, "geometry": { "type": "LineString", "coordinates": [ [ -9.42708, 38.70195 ], [ -9.42632, 38.7013 ] ] } },
{ "type": "Feature", "properties": { "services_sum": 3.0008335648791333, "total_departures_sum": 182, "route_short_name_sum": null, "services_unique": null, "total_departures_unique": null, "route_short_name_unique": "14, 22" }, "geometry": { "type": "LineString", "coordinates": [ [ -9.41803, 38.7034 ], [ -9.41799, 38.70332 ], [ -9.4179, 38.70292 ], [ -9.41783, 38.70239 ], [ -9.41769, 38.70186 ] ] } },
{ "type": "Feature", "properties": { "services_sum": 1.0002778549597111, "total_departures_sum": 118, "route_short_name_sum": null, "services_unique": null, "total_departures_unique": null, "route_short_name_unique": "13" }, "geometry": { "type": "LineString", "coordinates": [ [ -9.42628, 38.71358 ], [ -9.426197266800125, 38.71330816703216 ], [ -9.42617, 38.71324 ], [ -9.42567, 38.71228 ], [ -9.42549, 38.71189 ], [ -9.42544, 38.71148 ], [ -9.42543, 38.71059 ], [ -9.42542, 38.71051 ], [ -9.425412990793131, 38.710471449461039 ], [ -9.42538, 38.71029 ], [ -9.42523, 38.70994 ], [ -9.42506, 38.70968 ], [ -9.42466, 38.70941 ], [ -9.42441, 38.70919 ], [ -9.42399, 38.70876 ], [ -9.42383, 38.70865 ], [ -9.423797147136025, 38.708629093657173 ], [ -9.42372, 38.70858 ] ] } },
{ "type": "Feature", "properties": { "services_sum": 1.0002778549597111, "total_departures_sum": 118, "route_short_name_sum": null, "services_unique": null, "total_departures_unique": null, "route_short_name_unique": "13" }, "geometry": { "type": "LineString", "coordinates": [ [ -9.42491, 38.71496 ], [ -9.4244, 38.71519 ] ] } },
{ "type": "Feature", "properties": { "services_sum": 1.0002778549597111, "total_departures_sum": 118, "route_short_name_sum": null, "services_unique": null, "total_departures_unique": null, "route_short_name_unique": "13" }, "geometry": { "type": "LineString", "coordinates": [ [ -9.42473, 38.71452 ], [ -9.42454, 38.71424 ], [ -9.42441, 38.71404 ], [ -9.4243, 38.71384 ], [ -9.4243, 38.71376 ] ] } },
{ "type": "Feature", "properties": { "services_sum": 1.0002778549597111, "total_departures_sum": 118, "route_short_name_sum": null, "services_unique": null, "total_departures_unique": null, "route_short_name_unique": "13" }, "geometry": { "type": "LineString", "coordinates": [ [ -9.42438, 38.71357 ], [ -9.42439, 38.71351 ], [ -9.42438, 38.71339 ], [ -9.42391, 38.71229 ] ] } },
{ "type": "Feature", "properties": { "services_sum": 1.0002778549597111, "total_departures_sum": 118, "route_short_name_sum": null, "services_unique": null, "total_departures_unique": null, "route_short_name_unique": "13" }, "geometry": { "type": "LineString", "coordinates": [ [ -9.42348, 38.70851 ], [ -9.42321, 38.7085 ], [ -9.422, 38.7085 ], [ -9.42193, 38.70842 ], [ -9.42188, 38.70833 ], [ -9.42186141995346, 38.708291601393412 ], [ -9.42173, 38.70802 ], [ -9.42135, 38.70754 ], [ -9.42126, 38.7075 ], [ -9.4212, 38.7075 ], [ -9.42046, 38.70777 ], [ -9.42018, 38.70785 ], [ -9.42005, 38.70792 ], [ -9.41988, 38.70808 ], [ -9.41982, 38.7081 ], [ -9.41973, 38.70811 ], [ -9.41955, 38.70807 ], [ -9.41979, 38.70824 ], [ -9.41994, 38.70839 ], [ -9.42001, 38.70849 ], [ -9.42017, 38.70901 ], [ -9.42023, 38.70911 ], [ -9.420241298961695, 38.709127462073724 ], [ -9.42023, 38.70913 ], [ -9.42035, 38.70929 ], [ -9.42048, 38.70928 ], [ -9.42067, 38.70924 ], [ -9.4208, 38.7092 ], [ -9.4217, 38.70869 ], [ -9.42185, 38.70869 ], [ -9.4219, 38.7087 ], [ -9.42197, 38.70876 ] ] } },
{ "type": "Feature", "properties": { "services_sum": 1.0002778549597111, "total_departures_sum": 118, "route_short_name_sum": null, "services_unique": null, "total_departures_unique": null, "route_short_name_unique": "13" }, "geometry": { "type": "LineString", "coordinates": [ [ -9.42344, 38.71165 ], [ -9.42305, 38.71168 ] ] } },
{ "type": "Feature", "properties": { "services_sum": 1.0002778549597111, "total_departures_sum": 118, "route_short_name_sum": null, "services_unique": null, "total_departures_unique": null, "route_short_name_unique": "13" }, "geometry": { "type": "LineString", "coordinates": [ [ -9.42212, 38.70906 ], [ -9.422070020372431, 38.709930448193489 ] ] } },
{ "type": "Feature", "properties": { "services_sum": 1.0002778549597111, "total_departures_sum": 118, "route_short_name_sum": null, "services_unique": null, "total_departures_unique": null, "route_short_name_unique": "13" }, "geometry": { "type": "LineString", "coordinates": [ [ -9.42049, 38.718 ], [ -9.42048372101797, 38.718013699741199 ], [ -9.42016, 38.71872 ], [ -9.42049, 38.718 ] ] } },
{ "type": "Feature", "properties": { "services_sum": 1.0002778549597111, "total_departures_sum": 118, "route_short_name_sum": null, "services_unique": null, "total_departures_unique": null, "route_short_name_unique": "13" }, "geometry": { "type": "LineString", "coordinates": [ [ -9.42049, 38.718 ], [ -9.42058, 38.71771 ], [ -9.42066, 38.71723 ], [ -9.42081, 38.71659 ], [ -9.42082, 38.71648 ], [ -9.42093, 38.71636 ], [ -9.42106, 38.71624 ], [ -9.42113, 38.71623 ], [ -9.4212, 38.71625 ], [ -9.42124, 38.71632 ], [ -9.421741541439959, 38.716339668309921 ], [ -9.42267, 38.71639 ], [ -9.42293, 38.71638 ], [ -9.42402, 38.71627 ], [ -9.42399, 38.71731 ], [ -9.423970881348417, 38.717317684374258 ], [ -9.42397, 38.71735 ], [ -9.42397, 38.71739 ], [ -9.42376, 38.71741 ], [ -9.42334, 38.71767 ], [ -9.42278, 38.71787 ], [ -9.42262, 38.71791 ], [ -9.42228, 38.71796 ], [ -9.42192, 38.71798 ], [ -9.421728428979145, 38.717955012508639 ], [ -9.42169, 38.71795 ], [ -9.42151, 38.71792 ], [ -9.42136, 38.71787 ], [ -9.42078, 38.71764 ], [ -9.42061, 38.71759 ], [ -9.420539437100244, 38.717828149895631 ], [ -9.42053, 38.71786 ], [ -9.42049, 38.718 ] ] } },
{ "type": "Feature", "properties": { "services_sum": 1.0002778549597111, "total_departures_sum": 118, "route_short_name_sum": null, "services_unique": null, "total_departures_unique": null, "route_short_name_unique": "13" }, "geometry": { "type": "LineString", "coordinates": [ [ -9.41875, 38.70757 ], [ -9.41935, 38.70796 ], [ -9.41898, 38.70772 ], [ -9.418935654551847, 38.707691079139593 ], [ -9.41875, 38.70757 ] ] } },
{ "type": "Feature", "properties": { "services_sum": 1.0002778549597111, "total_departures_sum": 118, "route_short_name_sum": null, "services_unique": null, "total_departures_unique": null, "route_short_name_unique": "13" }, "geometry": { "type": "LineString", "coordinates": [ [ -9.41875, 38.70757 ], [ -9.41856, 38.70741 ] ] } },
{ "type": "Feature", "properties": { "services_sum": 1.0002778549597111, "total_departures_sum": 118, "route_short_name_sum": null, "services_unique": null, "total_departures_unique": null, "route_short_name_unique": "13" }, "geometry": { "type": "LineString", "coordinates": [ [ -9.41875, 38.70757 ], [ -9.41861, 38.70753 ], [ -9.4185, 38.70751 ] ] } },
{ "type": "Feature", "properties": { "services_sum": 1.0002778549597111, "total_departures_sum": 118, "route_short_name_sum": null, "services_unique": null, "total_departures_unique": null, "route_short_name_unique": "13" }, "geometry": { "type": "LineString", "coordinates": [ [ -9.41871, 38.71985 ], [ -9.41863, 38.71989 ], [ -9.418611520408682, 38.71989615987146 ], [ -9.41854, 38.71992 ], [ -9.41871, 38.71985 ] ] } },
{ "type": "Feature", "properties": { "services_sum": 1.0002778549597111, "total_departures_sum": 118, "route_short_name_sum": null, "services_unique": null, "total_departures_unique": null, "route_short_name_unique": "13" }, "geometry": { "type": "LineString", "coordinates": [ [ -9.41871, 38.71985 ], [ -9.41944, 38.71965 ], [ -9.418922825598852, 38.719791047653914 ], [ -9.41889, 38.7198 ], [ -9.41871, 38.71985 ] ] } },
{ "type": "Feature", "properties": { "services_sum": 1.0002778549597111, "total_departures_sum": 118, "route_short_name_sum": null, "services_unique": null, "total_departures_unique": null, "route_short_name_unique": "13" }, "geometry": { "type": "LineString", "coordinates": [ [ -9.418659433722498, 38.701938196904997 ], [ -9.419207610189916, 38.702125274081418 ], [ -9.419086575508119, 38.702517026059645 ], [ -9.419095963239672, 38.703442703679308 ], [ -9.418920278549196, 38.70349661911272 ], [ -9.41893, 38.70349 ], [ -9.41819, 38.70347 ] ] } },
{ "type": "Feature", "properties": { "services_sum": 1.0002778549597111, "total_departures_sum": 118, "route_short_name_sum": null, "services_unique": null, "total_departures_unique": null, "route_short_name_unique": "13" }, "geometry": { "type": "LineString", "coordinates": [ [ -9.418617859482767, 38.701896341708746 ], [ -9.418026459303354, 38.701557571392698 ], [ -9.41795, 38.70154 ] ] } },
{ "type": "Feature", "properties": { "services_sum": 1.0002778549597111, "total_departures_sum": 118, "route_short_name_sum": null, "services_unique": null, "total_departures_unique": null, "route_short_name_unique": "13" }, "geometry": { "type": "LineString", "coordinates": [ [ -9.41844, 38.70753 ], [ -9.41834, 38.7075 ], [ -9.41829, 38.70743 ], [ -9.41832, 38.70736 ] ] } },
{ "type": "Feature", "properties": { "services_sum": 1.0002778549597111, "total_departures_sum": 118, "route_short_name_sum": null, "services_unique": null, "total_departures_unique": null, "route_short_name_unique": "13" }, "geometry": { "type": "LineString", "coordinates": [ [ -9.41829, 38.70692 ], [ -9.418015900886628, 38.705941074890525 ], [ -9.41793, 38.70558 ], [ -9.41779, 38.7049 ] ] } },
{ "type": "Feature", "properties": { "services_sum": 1.0002778549597111, "total_departures_sum": 118, "route_short_name_sum": null, "services_unique": null, "total_departures_unique": null, "route_short_name_unique": "13" }, "geometry": { "type": "LineString", "coordinates": [ [ -9.41811, 38.72004 ], [ -9.41801, 38.72006 ], [ -9.41799, 38.72009 ], [ -9.41797, 38.72017 ], [ -9.41802, 38.72022 ], [ -9.41803, 38.72035 ] ] } },
{ "type": "Feature", "properties": { "services_sum": 1.0002778549597111, "total_departures_sum": 118, "route_short_name_sum": null, "services_unique": null, "total_departures_unique": null, "route_short_name_unique": "13" }, "geometry": { "type": "LineString", "coordinates": [ [ -9.41791, 38.70336 ], [ -9.41781, 38.70339 ], [ -9.41780182061623, 38.703411811690053 ], [ -9.41778, 38.70347 ], [ -9.41783, 38.70361 ] ] } },
{ "type": "Feature", "properties": { "services_sum": 1.0002778549597111, "total_departures_sum": 118, "route_short_name_sum": null, "services_unique": null, "total_departures_unique": null, "route_short_name_unique": "13" }, "geometry": { "type": "LineString", "coordinates": [ [ -9.41781, 38.70517 ], [ -9.417804655699959, 38.705121010927463 ], [ -9.41781, 38.70512 ], [ -9.41775, 38.70462 ] ] } },
{ "type": "Feature", "properties": { "services_sum": 1.0002778549597111, "total_departures_sum": 118, "route_short_name_sum": null, "services_unique": null, "total_departures_unique": null, "route_short_name_unique": "13" }, "geometry": { "type": "LineString", "coordinates": [ [ -9.41756, 38.72124 ], [ -9.41746, 38.72133 ], [ -9.41725, 38.72134 ], [ -9.41719, 38.7213 ], [ -9.41711, 38.72128 ], [ -9.41703, 38.72128 ], [ -9.41696, 38.7213 ], [ -9.4169, 38.72133 ], [ -9.41686, 38.72138 ] ] } },
{ "type": "Feature", "properties": { "services_sum": 1.0002778549597111, "total_departures_sum": 118, "route_short_name_sum": null, "services_unique": null, "total_departures_unique": null, "route_short_name_unique": "13" }, "geometry": { "type": "LineString", "coordinates": [ [ -9.41712, 38.72327 ], [ -9.417101334044849, 38.722971344806901 ], [ -9.4171, 38.72295 ] ] } },
{ "type": "Feature", "properties": { "services_sum": 1.0002778549597111, "total_departures_sum": 118, "route_short_name_sum": null, "services_unique": null, "total_departures_unique": null, "route_short_name_unique": "13" }, "geometry": { "type": "LineString", "coordinates": [ [ -9.41711, 38.72257 ], [ -9.417092540594513, 38.722831891222143 ], [ -9.41709, 38.72287 ] ] } },
{ "type": "Feature", "properties": { "services_sum": 1.0002778549597111, "total_departures_sum": 118, "route_short_name_sum": null, "services_unique": null, "total_departures_unique": null, "route_short_name_unique": "13" }, "geometry": { "type": "LineString", "coordinates": [ [ -9.41643, 38.72443 ], [ -9.415395969890506, 38.724661932171784 ], [ -9.41536, 38.72467 ] ] } },
{ "type": "Feature", "properties": { "services_sum": 1.0002778549597111, "total_departures_sum": 118, "route_short_name_sum": null, "services_unique": null, "total_departures_unique": null, "route_short_name_unique": "13" }, "geometry": { "type": "LineString", "coordinates": [ [ -9.41509, 38.72476 ], [ -9.415064142955872, 38.724768501051109 ], [ -9.41436, 38.725 ] ] } },
{ "type": "Feature", "properties": { "services_sum": 1.0002778549597111, "total_departures_sum": 118, "route_short_name_sum": null, "services_unique": null, "total_departures_unique": null, "route_short_name_unique": "13" }, "geometry": { "type": "LineString", "coordinates": [ [ -9.41319, 38.72238 ], [ -9.413162174721188, 38.72263042757816 ], [ -9.41316, 38.72265 ] ] } },
{ "type": "Feature", "properties": { "services_sum": 1.0002778549597111, "total_departures_sum": 118, "route_short_name_sum": null, "services_unique": null, "total_departures_unique": null, "route_short_name_unique": "13" }, "geometry": { "type": "LineString", "coordinates": [ [ -9.41315, 38.72269 ], [ -9.413142142064498, 38.722714178394341 ], [ -9.41302, 38.72309 ] ] } },
{ "type": "Feature", "properties": { "services_sum": 1.0002778549597111, "total_departures_sum": 118, "route_short_name_sum": null, "services_unique": null, "total_departures_unique": null, "route_short_name_unique": "13" }, "geometry": { "type": "LineString", "coordinates": [ [ -9.41199, 38.72638 ], [ -9.411963596425739, 38.726327192851478 ], [ -9.41196, 38.72632 ], [ -9.41189, 38.72619 ], [ -9.411888546991936, 38.726188070223664 ], [ -9.41125, 38.72534 ] ] } },
{ "type": "Feature", "properties": { "services_sum": 1.0002778549597111, "total_departures_sum": 118, "route_short_name_sum": null, "services_unique": null, "total_departures_unique": null, "route_short_name_unique": "13" }, "geometry": { "type": "LineString", "coordinates": [ [ -9.41121, 38.72215 ], [ -9.41121, 38.722520672986704 ], [ -9.41115, 38.72312 ], [ -9.41117, 38.723 ], [ -9.411153473233732, 38.723002633862485 ], [ -9.41116, 38.72297 ] ] } },
{ "type": "Feature", "properties": { "services_sum": 1.0002778549597111, "total_departures_sum": 118, "route_short_name_sum": null, "services_unique": null, "total_departures_unique": null, "route_short_name_unique": "13" }, "geometry": { "type": "LineString", "coordinates": [ [ -9.411, 38.73022 ], [ -9.411029358708216, 38.729936199153926 ], [ -9.41108, 38.7292 ], [ -9.41105, 38.72971 ], [ -9.411031660510707, 38.729712398713097 ], [ -9.41103, 38.72973 ] ] } },
{ "type": "Feature", "properties": { "services_sum": 1.0002778549597111, "total_departures_sum": 118, "route_short_name_sum": null, "services_unique": null, "total_departures_unique": null, "route_short_name_unique": "13" }, "geometry": { "type": "LineString", "coordinates": [ [ -9.41043, 38.73184 ], [ -9.410155548015759, 38.732506526379659 ], [ -9.41015, 38.73252 ], [ -9.410164077219333, 38.732484806959327 ], [ -9.41017, 38.73247 ] ] } },
{ "type": "Feature", "properties": { "services_sum": 1.0002778549597111, "total_departures_sum": 118, "route_short_name_sum": null, "services_unique": null, "total_departures_unique": null, "route_short_name_unique": "13" }, "geometry": { "type": "LineString", "coordinates": [ [ -9.40864, 38.73164 ], [ -9.408612233766188, 38.731605700635889 ], [ -9.40847, 38.73143 ], [ -9.408598344302108, 38.731587915384729 ], [ -9.40881, 38.73191 ], [ -9.408585061090408, 38.731567701701067 ], [ -9.40858, 38.73156 ] ] } },
{ "type": "Feature", "properties": { "services_sum": 1.0002778549597111, "total_departures_sum": 118, "route_short_name_sum": null, "services_unique": null, "total_departures_unique": null, "route_short_name_unique": "13" }, "geometry": { "type": "LineString", "coordinates": [ [ -9.40396, 38.73079 ], [ -9.403314974650621, 38.731226632578441 ], [ -9.40331, 38.73123 ], [ -9.40321, 38.73129 ] ] } },
{ "type": "Feature", "properties": { "services_sum": 1.0002778549597111, "total_departures_sum": 118, "route_short_name_sum": null, "services_unique": null, "total_departures_unique": null, "route_short_name_unique": "13" }, "geometry": { "type": "LineString", "coordinates": [ [ -9.40311, 38.73134 ], [ -9.403064113454294, 38.731360336351024 ], [ -9.40223, 38.73173 ] ] } },
{ "type": "Feature", "properties": { "services_sum": 1.0002778549597111, "total_departures_sum": 118, "route_short_name_sum": null, "services_unique": null, "total_departures_unique": null, "route_short_name_unique": "13" }, "geometry": { "type": "LineString", "coordinates": [ [ -9.40189, 38.73185 ], [ -9.401037555565322, 38.731998682199013 ], [ -9.40103, 38.732 ] ] } },
{ "type": "Feature", "properties": { "services_sum": 1.0002778549597111, "total_departures_sum": 118, "route_short_name_sum": null, "services_unique": null, "total_departures_unique": null, "route_short_name_unique": "13" }, "geometry": { "type": "LineString", "coordinates": [ [ -9.40035, 38.7321 ], [ -9.400288399218422, 38.732109856249757 ], [ -9.39985, 38.73218 ] ] } },
{ "type": "Feature", "properties": { "services_sum": 1.0002778549597111, "total_departures_sum": 118, "route_short_name_sum": null, "services_unique": null, "total_departures_unique": null, "route_short_name_unique": "13" }, "geometry": { "type": "LineString", "coordinates": [ [ -9.39924, 38.7038 ], [ -9.39904, 38.70436 ] ] } },
{ "type": "Feature", "properties": { "services_sum": 1.0002778549597111, "total_departures_sum": 118, "route_short_name_sum": null, "services_unique": null, "total_departures_unique": null, "route_short_name_unique": "13" }, "geometry": { "type": "LineString", "coordinates": [ [ -9.39788, 38.73311 ], [ -9.397806270661619, 38.733128432336983 ], [ -9.3978, 38.73313 ], [ -9.39749, 38.73319 ] ] } },
{ "type": "Feature", "properties": { "services_sum": 1.0002778549597111, "total_departures_sum": 118, "route_short_name_sum": null, "services_unique": null, "total_departures_unique": null, "route_short_name_unique": "13" }, "geometry": { "type": "LineString", "coordinates": [ [ -9.39778, 38.73313 ], [ -9.39773, 38.73314 ], [ -9.397725583819462, 38.733141039104979 ], [ -9.39774, 38.73315 ], [ -9.39764, 38.73317 ] ] } },
{ "type": "Feature", "properties": { "services_sum": 1.0002778549597111, "total_departures_sum": 118, "route_short_name_sum": null, "services_unique": null, "total_departures_unique": null, "route_short_name_unique": "13" }, "geometry": { "type": "LineString", "coordinates": [ [ -9.39706, 38.70798 ], [ -9.397058771372981, 38.707979757739693 ], [ -9.39635, 38.70784 ] ] } },
{ "type": "Feature", "properties": { "services_sum": 1.0002778549597111, "total_departures_sum": 118, "route_short_name_sum": null, "services_unique": null, "total_departures_unique": null, "route_short_name_unique": "13" }, "geometry": { "type": "LineString", "coordinates": [ [ -9.39706, 38.73304 ], [ -9.3969, 38.73309 ] ] } },
{ "type": "Feature", "properties": { "services_sum": 1.0002778549597111, "total_departures_sum": 118, "route_short_name_sum": null, "services_unique": null, "total_departures_unique": null, "route_short_name_unique": "13" }, "geometry": { "type": "LineString", "coordinates": [ [ -9.39583, 38.73309 ], [ -9.39548, 38.73317 ], [ -9.395475521133983, 38.733171378112623 ], [ -9.39522, 38.73325 ] ] } },
{ "type": "Feature", "properties": { "services_sum": 1.0002778549597111, "total_departures_sum": 118, "route_short_name_sum": null, "services_unique": null, "total_departures_unique": null, "route_short_name_unique": "13" }, "geometry": { "type": "LineString", "coordinates": [ [ -9.39581, 38.73308 ], [ -9.395424527585222, 38.733178839089739 ], [ -9.39542, 38.73318 ] ] } },
{ "type": "Feature", "properties": { "services_sum": 1.0002778549597111, "total_departures_sum": 118, "route_short_name_sum": null, "services_unique": null, "total_departures_unique": null, "route_short_name_unique": "13" }, "geometry": { "type": "LineString", "coordinates": [ [ -9.3955, 38.70693 ], [ -9.39537, 38.70551 ], [ -9.395369928934553, 38.705509289347511 ], [ -9.39535, 38.70531 ] ] } },
{ "type": "Feature", "properties": { "services_sum": 1.0002778549597111, "total_departures_sum": 118, "route_short_name_sum": null, "services_unique": null, "total_departures_unique": null, "route_short_name_unique": "13" }, "geometry": { "type": "LineString", "coordinates": [ [ -9.39428, 38.70384 ], [ -9.39428, 38.70399 ], [ -9.393606324879521, 38.703910744122446 ], [ -9.3936, 38.70391 ], [ -9.39325, 38.70386 ], [ -9.39325, 38.7037 ] ] } },
{ "type": "Feature", "properties": { "services_sum": 1.0002778549597111, "total_departures_sum": 118, "route_short_name_sum": null, "services_unique": null, "total_departures_unique": null, "route_short_name_unique": "13" }, "geometry": { "type": "LineString", "coordinates": [ [ -9.39424, 38.70449 ], [ -9.39373, 38.70447 ], [ -9.393720033221886, 38.704469792378774 ], [ -9.39325, 38.70446 ] ] } },
{ "type": "Feature", "properties": { "services_sum": 1.0002778549597111, "total_departures_sum": 118, "route_short_name_sum": null, "services_unique": null, "total_departures_unique": null, "route_short_name_unique": "13" }, "geometry": { "type": "LineString", "coordinates": [ [ -9.392, 38.70351 ], [ -9.391432388531747, 38.703430335238664 ], [ -9.39143, 38.70343 ], [ -9.39099, 38.70337 ], [ -9.391295728032658, 38.703409448784278 ], [ -9.3913, 38.70341 ] ] } },
{ "type": "Feature", "properties": { "services_sum": 1.0002778549597111, "total_departures_sum": 118, "route_short_name_sum": null, "services_unique": null, "total_departures_unique": null, "route_short_name_unique": "13" }, "geometry": { "type": "LineString", "coordinates": [ [ -9.39044, 38.73476 ], [ -9.39005, 38.73488 ], [ -9.389990436852353, 38.734897981482696 ], [ -9.38952, 38.73504 ], [ -9.389816932562599, 38.734950920236251 ], [ -9.38982, 38.73495 ], [ -9.39028, 38.73482 ] ] } },
{ "type": "Feature", "properties": { "services_sum": 1.0002778549597111, "total_departures_sum": 118, "route_short_name_sum": null, "services_unique": null, "total_departures_unique": null, "route_short_name_unique": "13" }, "geometry": { "type": "LineString", "coordinates": [ [ -9.38882, 38.73515 ], [ -9.38863, 38.73522 ] ] } },
{ "type": "Feature", "properties": { "services_sum": 1.0002778549597111, "total_departures_sum": 118, "route_short_name_sum": null, "services_unique": null, "total_departures_unique": null, "route_short_name_unique": "13" }, "geometry": { "type": "LineString", "coordinates": [ [ -9.38835, 38.73521 ], [ -9.3881, 38.73531 ], [ -9.38817, 38.73509 ] ] } },
{ "type": "Feature", "properties": { "services_sum": 1.0002778549597111, "total_departures_sum": 118, "route_short_name_sum": null, "services_unique": null, "total_departures_unique": null, "route_short_name_unique": "13" }, "geometry": { "type": "LineString", "coordinates": [ [ -9.38524, 38.70129 ], [ -9.38519, 38.70173 ], [ -9.385190433281041, 38.701733032967283 ], [ -9.3852, 38.7018 ], [ -9.385191415977607, 38.701748495865644 ], [ -9.38519, 38.70174 ], [ -9.38524, 38.70129 ] ] } },
{ "type": "Feature", "properties": { "services_sum": 1.0002778549597111, "total_departures_sum": 118, "route_short_name_sum": null, "services_unique": null, "total_departures_unique": null, "route_short_name_unique": "13" }, "geometry": { "type": "LineString", "coordinates": [ [ -9.38524, 38.70129 ], [ -9.385122338872858, 38.701216169447854 ], [ -9.38513, 38.70121 ], [ -9.38493, 38.70112 ] ] } },
{ "type": "Feature", "properties": { "services_sum": 1.0002778549597111, "total_departures_sum": 118, "route_short_name_sum": null, "services_unique": null, "total_departures_unique": null, "route_short_name_unique": "13" }, "geometry": { "type": "LineString", "coordinates": [ [ -9.38524, 38.70129 ], [ -9.385118134230245, 38.701214067132426 ], [ -9.38512, 38.70121 ], [ -9.38493, 38.70112 ] ] } },
{ "type": "Feature", "properties": { "services_sum": 1.0002778549597111, "total_departures_sum": 118, "route_short_name_sum": null, "services_unique": null, "total_departures_unique": null, "route_short_name_unique": "13" }, "geometry": { "type": "LineString", "coordinates": [ [ -9.38493, 38.70112 ], [ -9.384890839810366, 38.70155076214175 ], [ -9.38489, 38.70156 ], [ -9.38476, 38.703 ], [ -9.384889204166903, 38.701568815558872 ], [ -9.38493, 38.70112 ] ] } },
{ "type": "Feature", "properties": { "services_sum": 1.0002778549597111, "total_departures_sum": 118, "route_short_name_sum": null, "services_unique": null, "total_departures_unique": null, "route_short_name_unique": "13" }, "geometry": { "type": "LineString", "coordinates": [ [ -9.38487, 38.70328 ], [ -9.38467, 38.70332 ], [ -9.38374, 38.7035 ] ] } },
{ "type": "Feature", "properties": { "services_sum": 1.0002778549597111, "total_departures_sum": 118, "route_short_name_sum": null, "services_unique": null, "total_departures_unique": null, "route_short_name_unique": "13" }, "geometry": { "type": "LineString", "coordinates": [ [ -9.3841, 38.7291 ], [ -9.38399, 38.72928 ], [ -9.383987815605458, 38.729283236160541 ], [ -9.38372, 38.72968 ] ] } },
{ "type": "Feature", "properties": { "services_sum": 1.0002778549597111, "total_departures_sum": 118, "route_short_name_sum": null, "services_unique": null, "total_departures_unique": null, "route_short_name_unique": "13" }, "geometry": { "type": "LineString", "coordinates": [ [ -9.38392, 38.72938 ], [ -9.383911933442464, 38.729392906570297 ], [ -9.38367, 38.72978 ] ] } },
{ "type": "Feature", "properties": { "services_sum": 1.0002778549597111, "total_departures_sum": 118, "route_short_name_sum": null, "services_unique": null, "total_departures_unique": null, "route_short_name_unique": "13" }, "geometry": { "type": "LineString", "coordinates": [ [ -9.38355, 38.72815 ], [ -9.383555863191754, 38.728158848204664 ], [ -9.3841, 38.72898 ], [ -9.383573794800297, 38.728185728072638 ], [ -9.38357, 38.72818 ], [ -9.38332, 38.72785 ] ] } },
{ "type": "Feature", "properties": { "services_sum": 1.0002778549597111, "total_departures_sum": 118, "route_short_name_sum": null, "services_unique": null, "total_departures_unique": null, "route_short_name_unique": "13" }, "geometry": { "type": "LineString", "coordinates": [ [ -9.38325, 38.70375 ], [ -9.3832, 38.70375 ], [ -9.383190759881932, 38.703748459982499 ], [ -9.38314, 38.70374 ] ] } },
{ "type": "Feature", "properties": { "services_sum": 1.0002778549597111, "total_departures_sum": 118, "route_short_name_sum": null, "services_unique": null, "total_departures_unique": null, "route_short_name_unique": "13" }, "geometry": { "type": "LineString", "coordinates": [ [ -9.38248, 38.7269 ], [ -9.382489233863442, 38.726910741535974 ], [ -9.38297, 38.72747 ], [ -9.382453691581755, 38.726874259561036 ], [ -9.38245, 38.72687 ], [ -9.3822, 38.72659 ] ] } },
{ "type": "Feature", "properties": { "services_sum": 1.0002778549597111, "total_departures_sum": 118, "route_short_name_sum": null, "services_unique": null, "total_departures_unique": null, "route_short_name_unique": "13" }, "geometry": { "type": "LineString", "coordinates": [ [ -9.3809, 38.72569 ], [ -9.380355604817764, 38.724997133486596 ], [ -9.38035, 38.72499 ] ] } },
{ "type": "Feature", "properties": { "services_sum": 1.0002778549597111, "total_departures_sum": 118, "route_short_name_sum": null, "services_unique": null, "total_departures_unique": null, "route_short_name_unique": "13" }, "geometry": { "type": "LineString", "coordinates": [ [ -9.38042, 38.72509 ], [ -9.380184484680218, 38.724756353331145 ], [ -9.38018, 38.72475 ], [ -9.37946, 38.72382 ] ] } },
{ "type": "Feature", "properties": { "services_sum": 1.0002778549597111, "total_departures_sum": 118, "route_short_name_sum": null, "services_unique": null, "total_departures_unique": null, "route_short_name_unique": "13" }, "geometry": { "type": "LineString", "coordinates": [ [ -9.38028, 38.70475 ], [ -9.3799, 38.70547 ], [ -9.37986, 38.70553 ], [ -9.379847455907884, 38.705546634718893 ], [ -9.3794, 38.70614 ], [ -9.379861751301526, 38.705530881370727 ], [ -9.37987, 38.70552 ] ] } },
{ "type": "Feature", "properties": { "services_sum": 1.0002778549597111, "total_departures_sum": 118, "route_short_name_sum": null, "services_unique": null, "total_departures_unique": null, "route_short_name_unique": "13" }, "geometry": { "type": "LineString", "coordinates": [ [ -9.37965, 38.73739 ], [ -9.37913, 38.7375 ], [ -9.37912, 38.7375 ], [ -9.37775, 38.73785 ] ] } },
{ "type": "Feature", "properties": { "services_sum": 1.0002778549597111, "total_departures_sum": 118, "route_short_name_sum": null, "services_unique": null, "total_departures_unique": null, "route_short_name_unique": "13" }, "geometry": { "type": "LineString", "coordinates": [ [ -9.37965, 38.73739 ], [ -9.378768777511594, 38.737595305942357 ], [ -9.37775, 38.73785 ] ] } },
{ "type": "Feature", "properties": { "services_sum": 1.0002778549597111, "total_departures_sum": 118, "route_short_name_sum": null, "services_unique": null, "total_departures_unique": null, "route_short_name_unique": "13" }, "geometry": { "type": "LineString", "coordinates": [ [ -9.37965, 38.73739 ], [ -9.38271, 38.73702 ], [ -9.37989, 38.73735 ], [ -9.37965, 38.73739 ] ] } },
{ "type": "Feature", "properties": { "services_sum": 1.0002778549597111, "total_departures_sum": 118, "route_short_name_sum": null, "services_unique": null, "total_departures_unique": null, "route_short_name_unique": "13" }, "geometry": { "type": "LineString", "coordinates": [ [ -9.37828, 38.70683 ], [ -9.378269525340631, 38.706839078059701 ], [ -9.37813, 38.70696 ] ] } },
{ "type": "Feature", "properties": { "services_sum": 1.0002778549597111, "total_departures_sum": 118, "route_short_name_sum": null, "services_unique": null, "total_departures_unique": null, "route_short_name_unique": "13" }, "geometry": { "type": "LineString", "coordinates": [ [ -9.37775, 38.73785 ], [ -9.37618, 38.7382 ], [ -9.37531, 38.73832 ], [ -9.37356, 38.73857 ] ] } },
{ "type": "Feature", "properties": { "services_sum": 1.0002778549597111, "total_departures_sum": 118, "route_short_name_sum": null, "services_unique": null, "total_departures_unique": null, "route_short_name_unique": "13" }, "geometry": { "type": "LineString", "coordinates": [ [ -9.37775, 38.73785 ], [ -9.376197699131158, 38.73819827269017 ], [ -9.37619, 38.7382 ], [ -9.374169246159678, 38.738488679204977 ], [ -9.37416, 38.73849 ] ] } },
{ "type": "Feature", "properties": { "services_sum": 1.0002778549597111, "total_departures_sum": 118, "route_short_name_sum": null, "services_unique": null, "total_departures_unique": null, "route_short_name_unique": "13" }, "geometry": { "type": "LineString", "coordinates": [ [ -9.37755, 38.72119 ], [ -9.377335573719888, 38.720936587151961 ], [ -9.37733, 38.72093 ], [ -9.37642, 38.71982 ] ] } },
{ "type": "Feature", "properties": { "services_sum": 1.0002778549597111, "total_departures_sum": 118, "route_short_name_sum": null, "services_unique": null, "total_departures_unique": null, "route_short_name_unique": "13" }, "geometry": { "type": "LineString", "coordinates": [ [ -9.37745, 38.72133 ], [ -9.377381618659737, 38.721076012186572 ], [ -9.37738, 38.72107 ] ] } },
{ "type": "Feature", "properties": { "services_sum": 1.0002778549597111, "total_departures_sum": 118, "route_short_name_sum": null, "services_unique": null, "total_departures_unique": null, "route_short_name_unique": "13" }, "geometry": { "type": "LineString", "coordinates": [ [ -9.37739, 38.70773 ], [ -9.377373609446014, 38.707744569422374 ], [ -9.37721, 38.70789 ] ] } },
{ "type": "Feature", "properties": { "services_sum": 1.0002778549597111, "total_departures_sum": 118, "route_short_name_sum": null, "services_unique": null, "total_departures_unique": null, "route_short_name_unique": "13" }, "geometry": { "type": "LineString", "coordinates": [ [ -9.37672, 38.73167 ], [ -9.37632, 38.73184 ], [ -9.376313255053878, 38.731843334625857 ], [ -9.37543, 38.73228 ] ] } },
{ "type": "Feature", "properties": { "services_sum": 1.0002778549597111, "total_departures_sum": 118, "route_short_name_sum": null, "services_unique": null, "total_departures_unique": null, "route_short_name_unique": "13" }, "geometry": { "type": "LineString", "coordinates": [ [ -9.37672, 38.73167 ], [ -9.376226279850815, 38.731887236887246 ], [ -9.37622, 38.73189 ], [ -9.37543, 38.73228 ] ] } },
{ "type": "Feature", "properties": { "services_sum": 1.0002778549597111, "total_departures_sum": 118, "route_short_name_sum": null, "services_unique": null, "total_departures_unique": null, "route_short_name_unique": "13" }, "geometry": { "type": "LineString", "coordinates": [ [ -9.37672, 38.73167 ], [ -9.378195685406844, 38.731151515976251 ], [ -9.3782, 38.73115 ], [ -9.37877, 38.73093 ], [ -9.378312343664771, 38.731109082920646 ], [ -9.37831, 38.73111 ], [ -9.37672, 38.73167 ] ] } },
{ "type": "Feature", "properties": { "services_sum": 1.0002778549597111, "total_departures_sum": 118, "route_short_name_sum": null, "services_unique": null, "total_departures_unique": null, "route_short_name_unique": "13" }, "geometry": { "type": "LineString", "coordinates": [ [ -9.37543, 38.73228 ], [ -9.37441, 38.73256 ] ] } },
{ "type": "Feature", "properties": { "services_sum": 1.0002778549597111, "total_departures_sum": 118, "route_short_name_sum": null, "services_unique": null, "total_departures_unique": null, "route_short_name_unique": "13" }, "geometry": { "type": "LineString", "coordinates": [ [ -9.37543, 38.73228 ], [ -9.374416476950348, 38.73255822204851 ], [ -9.37441, 38.73256 ] ] } },
{ "type": "Feature", "properties": { "services_sum": 1.0002778549597111, "total_departures_sum": 118, "route_short_name_sum": null, "services_unique": null, "total_departures_unique": null, "route_short_name_unique": "13" }, "geometry": { "type": "LineString", "coordinates": [ [ -9.37501, 38.70899 ], [ -9.374997718566531, 38.708995458437094 ], [ -9.37474, 38.70911 ] ] } },
{ "type": "Feature", "properties": { "services_sum": 1.0002778549597111, "total_departures_sum": 118, "route_short_name_sum": null, "services_unique": null, "total_departures_unique": null, "route_short_name_unique": "13" }, "geometry": { "type": "LineString", "coordinates": [ [ -9.37441, 38.73256 ], [ -9.374404528543112, 38.732561616579837 ], [ -9.37397, 38.73269 ], [ -9.37441, 38.73256 ] ] } },
{ "type": "Feature", "properties": { "services_sum": 1.0002778549597111, "total_departures_sum": 118, "route_short_name_sum": null, "services_unique": null, "total_departures_unique": null, "route_short_name_unique": "13" }, "geometry": { "type": "LineString", "coordinates": [ [ -9.37404, 38.70934 ], [ -9.374024961218579, 38.709345012941561 ], [ -9.37403, 38.70935 ], [ -9.37377, 38.70944 ] ] } },
{ "type": "Feature", "properties": { "services_sum": 1.0002778549597111, "total_departures_sum": 118, "route_short_name_sum": null, "services_unique": null, "total_departures_unique": null, "route_short_name_unique": "13" }, "geometry": { "type": "LineString", "coordinates": [ [ -9.37366, 38.71017 ], [ -9.373546654225247, 38.709971644929716 ], [ -9.37354, 38.70996 ] ] } },
{ "type": "Feature", "properties": { "services_sum": 1.0002778549597111, "total_departures_sum": 118, "route_short_name_sum": null, "services_unique": null, "total_departures_unique": null, "route_short_name_unique": "13" }, "geometry": { "type": "LineString", "coordinates": [ [ -9.37288, 38.71219 ], [ -9.373037200173133, 38.712022974816051 ], [ -9.37304, 38.71202 ], [ -9.37332, 38.71171 ], [ -9.37287, 38.7122 ], [ -9.372865446490229, 38.7122040981588 ], [ -9.37187, 38.7131 ] ] } },
{ "type": "Feature", "properties": { "services_sum": 1.0002778549597111, "total_departures_sum": 118, "route_short_name_sum": null, "services_unique": null, "total_departures_unique": null, "route_short_name_unique": "13" }, "geometry": { "type": "LineString", "coordinates": [ [ -9.37209, 38.71436 ], [ -9.372094892063899, 38.714368596216502 ], [ -9.37279, 38.71559 ], [ -9.372195238938893, 38.714539255608038 ], [ -9.37219, 38.71453 ], [ -9.37201, 38.71422 ] ] } },
{ "type": "Feature", "properties": { "services_sum": 1.0002778549597111, "total_departures_sum": 118, "route_short_name_sum": null, "services_unique": null, "total_departures_unique": null, "route_short_name_unique": "13" }, "geometry": { "type": "LineString", "coordinates": [ [ -9.37187, 38.7131 ], [ -9.37173, 38.7131 ], [ -9.371724544923119, 38.713099582343013 ], [ -9.371, 38.71308 ] ] } },
{ "type": "Feature", "properties": { "services_sum": 1.0002778549597111, "total_departures_sum": 118, "route_short_name_sum": null, "services_unique": null, "total_departures_unique": null, "route_short_name_unique": "13" }, "geometry": { "type": "LineString", "coordinates": [ [ -9.37187, 38.7131 ], [ -9.37177569240562, 38.713402922853618 ], [ -9.37165, 38.71378 ] ] } },
{ "type": "Feature", "properties": { "services_sum": 1.0002778549597111, "total_departures_sum": 118, "route_short_name_sum": null, "services_unique": null, "total_departures_unique": null, "route_short_name_unique": "13" }, "geometry": { "type": "LineString", "coordinates": [ [ -9.37137, 38.73817 ], [ -9.371378338801524, 38.738172001333133 ], [ -9.37187, 38.73829 ], [ -9.371093370588618, 38.738110777841243 ], [ -9.3711, 38.73811 ], [ -9.37025, 38.73793 ], [ -9.36998, 38.73786 ], [ -9.36984, 38.73781 ], [ -9.36914, 38.73738 ] ] } },
{ "type": "Feature", "properties": { "services_sum": 1.0002778549597111, "total_departures_sum": 118, "route_short_name_sum": null, "services_unique": null, "total_departures_unique": null, "route_short_name_unique": "13" }, "geometry": { "type": "LineString", "coordinates": [ [ -9.36849, 38.73549 ], [ -9.36832, 38.73558 ] ] } },
{ "type": "Feature", "properties": { "services_sum": 1.0002778549597111, "total_departures_sum": 118, "route_short_name_sum": null, "services_unique": null, "total_departures_unique": null, "route_short_name_unique": "13" }, "geometry": { "type": "LineString", "coordinates": [ [ -9.36849, 38.73549 ], [ -9.36856, 38.73554 ], [ -9.368560606868753, 38.735541213737505 ], [ -9.36861, 38.73564 ], [ -9.3686, 38.73579 ], [ -9.36856, 38.73592 ], [ -9.36842, 38.73619 ] ] } },
{ "type": "Feature", "properties": { "services_sum": 1.0002778549597111, "total_departures_sum": 118, "route_short_name_sum": null, "services_unique": null, "total_departures_unique": null, "route_short_name_unique": "13" }, "geometry": { "type": "LineString", "coordinates": [ [ -9.36849, 38.73549 ], [ -9.36852, 38.73539 ], [ -9.36859, 38.73531 ], [ -9.36854, 38.73537 ], [ -9.368538250184326, 38.735374199557619 ], [ -9.36849, 38.73549 ] ] } },
{ "type": "Feature", "properties": { "services_sum": 1.0002778549597111, "total_departures_sum": 118, "route_short_name_sum": null, "services_unique": null, "total_departures_unique": null, "route_short_name_unique": "13" }, "geometry": { "type": "LineString", "coordinates": [ [ -9.36845, 38.73682 ], [ -9.36839, 38.73661 ], [ -9.36832, 38.73655 ], [ -9.36827, 38.7364 ] ] } },
{ "type": "Feature", "properties": { "services_sum": 1.0002778549597111, "total_departures_sum": 118, "route_short_name_sum": null, "services_unique": null, "total_departures_unique": null, "route_short_name_unique": "13" }, "geometry": { "type": "LineString", "coordinates": [ [ -9.36807, 38.73586 ], [ -9.3679, 38.73591 ], [ -9.36786, 38.73595 ], [ -9.36774, 38.736 ], [ -9.3676, 38.736 ], [ -9.36752, 38.73594 ] ] } },
{ "type": "Feature", "properties": { "services_sum": 1.0002778549597111, "total_departures_sum": 118, "route_short_name_sum": null, "services_unique": null, "total_departures_unique": null, "route_short_name_unique": "13" }, "geometry": { "type": "LineString", "coordinates": [ [ -9.368, 38.73687 ], [ -9.367782899008771, 38.736851121665154 ], [ -9.36777, 38.73685 ] ] } },
{ "type": "Feature", "properties": { "services_sum": 1.0002778549597111, "total_departures_sum": 118, "route_short_name_sum": null, "services_unique": null, "total_departures_unique": null, "route_short_name_unique": "13" }, "geometry": { "type": "LineString", "coordinates": [ [ -9.36726, 38.73586 ], [ -9.36667, 38.73573 ], [ -9.36645, 38.73566 ], [ -9.366351103565044, 38.735630401296383 ], [ -9.366269935630219, 38.735600697339294 ], [ -9.36621, 38.73625 ] ] } },
{ "type": "Feature", "properties": { "services_sum": 1.0002778549597111, "total_departures_sum": 118, "route_short_name_sum": null, "services_unique": null, "total_departures_unique": null, "route_short_name_unique": "13" }, "geometry": { "type": "LineString", "coordinates": [ [ -9.42413, 38.71596 ], [ -9.424120258353151, 38.715833358590963 ], [ -9.42412, 38.71583 ], [ -9.42409, 38.71563 ], [ -9.42411, 38.71573 ], [ -9.424110425525773, 38.715734893546383 ], [ -9.42413, 38.71596 ] ] } },
{ "type": "Feature", "properties": { "services_sum": 1.0002778549597111, "total_departures_sum": 118, "route_short_name_sum": null, "services_unique": null, "total_departures_unique": null, "route_short_name_unique": "13" }, "geometry": { "type": "LineString", "coordinates": [ [ -9.39307, 38.73412 ], [ -9.3927, 38.73408 ], [ -9.392697990429118, 38.734079829702537 ], [ -9.39211, 38.73403 ], [ -9.392662410127338, 38.734084335562173 ], [ -9.39307, 38.73412 ] ] } },
{ "type": "Feature", "properties": { "services_sum": 1.0002778549597111, "total_departures_sum": 118, "route_short_name_sum": null, "services_unique": null, "total_departures_unique": null, "route_short_name_unique": "13" }, "geometry": { "type": "LineString", "coordinates": [ [ -9.38901, 38.70401 ], [ -9.388283824841897, 38.70421889971805 ], [ -9.38828, 38.70422 ], [ -9.38764, 38.70441 ], [ -9.38752, 38.7042 ], [ -9.38747, 38.70445 ], [ -9.388342054455224, 38.704202257294362 ], [ -9.38835, 38.7042 ], [ -9.38901, 38.70401 ] ] } },
{ "type": "Feature", "properties": { "services_sum": 1.0002778549597111, "total_departures_sum": 118, "route_short_name_sum": null, "services_unique": null, "total_departures_unique": null, "route_short_name_unique": "13" }, "geometry": { "type": "LineString", "coordinates": [ [ -9.38773, 38.73558 ], [ -9.38598, 38.73608 ], [ -9.385978648483558, 38.736080398103361 ], [ -9.38367, 38.73677 ], [ -9.383666517963501, 38.736771002404446 ], [ -9.38301, 38.73696 ], [ -9.383341022706931, 38.736862640380316 ], [ -9.38335, 38.73686 ], [ -9.38633, 38.73598 ], [ -9.38632533586439, 38.735978591476766 ], [ -9.38639, 38.73596 ], [ -9.38773, 38.73558 ] ] } },
{ "type": "Feature", "properties": { "services_sum": 1.0002778549597111, "total_departures_sum": 118, "route_short_name_sum": null, "services_unique": null, "total_departures_unique": null, "route_short_name_unique": "13" }, "geometry": { "type": "LineString", "coordinates": [ [ -9.38762, 38.70303 ], [ -9.38736, 38.70306 ], [ -9.387340130121601, 38.703062292814302 ], [ -9.3858, 38.70324 ], [ -9.38674, 38.70313 ], [ -9.38762, 38.70303 ] ] } },
{ "type": "Feature", "properties": { "services_sum": 1.0002778549597111, "total_departures_sum": 118, "route_short_name_sum": null, "services_unique": null, "total_departures_unique": null, "route_short_name_unique": "13" }, "geometry": { "type": "LineString", "coordinates": [ [ -9.38276, 38.70395 ], [ -9.38242, 38.70401 ], [ -9.382419837395361, 38.704010029682763 ], [ -9.38116, 38.70424 ], [ -9.38276, 38.70395 ] ] } },
{ "type": "Feature", "properties": { "services_sum": 1.0002778549597111, "total_departures_sum": 118, "route_short_name_sum": null, "services_unique": null, "total_departures_unique": null, "route_short_name_unique": "13" }, "geometry": { "type": "LineString", "coordinates": [ [ -9.38062, 38.70438 ], [ -9.38058, 38.70435 ], [ -9.38053, 38.70435 ], [ -9.3805, 38.70437 ], [ -9.38044, 38.70458 ], [ -9.38055, 38.70446 ], [ -9.38059, 38.70445 ], [ -9.38062, 38.70438 ] ] } },
{ "type": "Feature", "properties": { "services_sum": 1.0002778549597111, "total_departures_sum": 118, "route_short_name_sum": null, "services_unique": null, "total_departures_unique": null, "route_short_name_unique": "13" }, "geometry": { "type": "LineString", "coordinates": [ [ -9.37917, 38.72351 ], [ -9.379051152034757, 38.723450576018436 ], [ -9.37905, 38.72345 ], [ -9.379064602069228, 38.723457301046551 ], [ -9.37917, 38.72351 ] ] } },
{ "type": "Feature", "properties": { "services_sum": 1.0002778549597111, "total_departures_sum": 118, "route_short_name_sum": null, "services_unique": null, "total_departures_unique": null, "route_short_name_unique": "13" }, "geometry": { "type": "LineString", "coordinates": [ [ -9.37246, 38.73343 ], [ -9.371744373646608, 38.733708299157392 ], [ -9.37089, 38.73402 ], [ -9.37165, 38.73375 ], [ -9.37246, 38.73343 ] ] } },
{ "type": "Feature", "properties": { "services_sum": 2.0005557099194222, "total_departures_sum": 251, "route_short_name_sum": null, "services_unique": null, "total_departures_unique": null, "route_short_name_unique": "13, 22" }, "geometry": { "type": "LineString", "coordinates": [ [ -9.42628, 38.71358 ], [ -9.42617, 38.71362 ], [ -9.42611, 38.71367 ], [ -9.42607, 38.71372 ], [ -9.42607, 38.71378 ], [ -9.42615, 38.71427 ], [ -9.42613, 38.71434 ], [ -9.42601, 38.7145 ], [ -9.42593, 38.71457 ], [ -9.42573, 38.71471 ], [ -9.42557, 38.71477 ], [ -9.42529, 38.71481 ], [ -9.42512, 38.71486 ], [ -9.4244, 38.71519 ] ] } },
{ "type": "Feature", "properties": { "services_sum": 2.0005557099194222, "total_departures_sum": 251, "route_short_name_sum": null, "services_unique": null, "total_departures_unique": null, "route_short_name_unique": "13, 22" }, "geometry": { "type": "LineString", "coordinates": [ [ -9.42491, 38.71496 ], [ -9.42473, 38.71452 ] ] } },
{ "type": "Feature", "properties": { "services_sum": 2.0005557099194222, "total_departures_sum": 251, "route_short_name_sum": null, "services_unique": null, "total_departures_unique": null, "route_short_name_unique": "13, 22" }, "geometry": { "type": "LineString", "coordinates": [ [ -9.42438, 38.71357 ], [ -9.4243, 38.71376 ] ] } },
{ "type": "Feature", "properties": { "services_sum": 2.0005557099194222, "total_departures_sum": 251, "route_short_name_sum": null, "services_unique": null, "total_departures_unique": null, "route_short_name_unique": "13, 22" }, "geometry": { "type": "LineString", "coordinates": [ [ -9.42391, 38.71229 ], [ -9.42369, 38.71183 ], [ -9.42352, 38.71163 ], [ -9.42344, 38.71165 ] ] } },
{ "type": "Feature", "properties": { "services_sum": 2.0005557099194222, "total_departures_sum": 251, "route_short_name_sum": null, "services_unique": null, "total_departures_unique": null, "route_short_name_unique": "13, 22" }, "geometry": { "type": "LineString", "coordinates": [ [ -9.42372, 38.70858 ], [ -9.42348, 38.70851 ] ] } },
{ "type": "Feature", "properties": { "services_sum": 2.0005557099194222, "total_departures_sum": 251, "route_short_name_sum": null, "services_unique": null, "total_departures_unique": null, "route_short_name_unique": "13, 22" }, "geometry": { "type": "LineString", "coordinates": [ [ -9.42305, 38.71168 ], [ -9.42295, 38.7117 ], [ -9.42283, 38.71155 ], [ -9.42254, 38.7113 ], [ -9.42244, 38.71118 ], [ -9.42232, 38.71092 ], [ -9.42226, 38.71069 ], [ -9.42226, 38.71055 ], [ -9.42223, 38.71046 ], [ -9.42213, 38.71031 ], [ -9.42208, 38.71015 ], [ -9.422070020372431, 38.709930448193489 ] ] } },
{ "type": "Feature", "properties": { "services_sum": 2.0005557099194222, "total_departures_sum": 251, "route_short_name_sum": null, "services_unique": null, "total_departures_unique": null, "route_short_name_unique": "13, 22" }, "geometry": { "type": "LineString", "coordinates": [ [ -9.42212, 38.70906 ], [ -9.4221, 38.70892 ], [ -9.42197, 38.70876 ] ] } },
{ "type": "Feature", "properties": { "services_sum": 2.0005557099194222, "total_departures_sum": 251, "route_short_name_sum": null, "services_unique": null, "total_departures_unique": null, "route_short_name_unique": "13, 22" }, "geometry": { "type": "LineString", "coordinates": [ [ -9.41103, 38.72973 ], [ -9.41098, 38.73022 ] ] } },
{ "type": "Feature", "properties": { "services_sum": 2.0005557099194222, "total_departures_sum": 251, "route_short_name_sum": null, "services_unique": null, "total_departures_unique": null, "route_short_name_unique": "13, 22" }, "geometry": { "type": "LineString", "coordinates": [ [ -9.37416, 38.73849 ], [ -9.37356, 38.73857 ] ] } },
{ "type": "Feature", "properties": { "services_sum": 2.0005557099194222, "total_departures_sum": 251, "route_short_name_sum": null, "services_unique": null, "total_departures_unique": null, "route_short_name_unique": "13, 22" }, "geometry": { "type": "LineString", "coordinates": [ [ -9.37137, 38.73817 ], [ -9.36998, 38.73786 ] ] } },
{ "type": "Feature", "properties": { "services_sum": 2.0005557099194222, "total_departures_sum": 251, "route_short_name_sum": null, "services_unique": null, "total_departures_unique": null, "route_short_name_unique": "13, 22" }, "geometry": { "type": "LineString", "coordinates": [ [ -9.36845, 38.73682 ], [ -9.36844, 38.73685 ], [ -9.36849, 38.7369 ], [ -9.36869, 38.73707 ], [ -9.36914, 38.73738 ], [ -9.36865, 38.73703 ], [ -9.36846, 38.73702 ], [ -9.3684, 38.73704 ], [ -9.36835, 38.73704 ], [ -9.36827, 38.73701 ], [ -9.36824, 38.73695 ], [ -9.368, 38.73687 ] ] } },
{ "type": "Feature", "properties": { "services_sum": 2.0005557099194222, "total_departures_sum": 251, "route_short_name_sum": null, "services_unique": null, "total_departures_unique": null, "route_short_name_unique": "13, 22" }, "geometry": { "type": "LineString", "coordinates": [ [ -9.36842, 38.73619 ], [ -9.36828, 38.73637 ], [ -9.36827, 38.7364 ] ] } },
{ "type": "Feature", "properties": { "services_sum": 2.0005557099194222, "total_departures_sum": 251, "route_short_name_sum": null, "services_unique": null, "total_departures_unique": null, "route_short_name_unique": "13, 22" }, "geometry": { "type": "LineString", "coordinates": [ [ -9.36832, 38.73558 ], [ -9.36807, 38.73586 ] ] } },
{ "type": "Feature", "properties": { "services_sum": 2.0005557099194222, "total_departures_sum": 251, "route_short_name_sum": null, "services_unique": null, "total_departures_unique": null, "route_short_name_unique": "13, 22" }, "geometry": { "type": "LineString", "coordinates": [ [ -9.36777, 38.73685 ], [ -9.36765, 38.73684 ], [ -9.36733, 38.73687 ], [ -9.36664, 38.73695 ], [ -9.36649, 38.73691 ], [ -9.36639, 38.73683 ], [ -9.36636, 38.73678 ], [ -9.36621, 38.73625 ] ] } },
{ "type": "Feature", "properties": { "services_sum": 2.0005557099194222, "total_departures_sum": 251, "route_short_name_sum": null, "services_unique": null, "total_departures_unique": null, "route_short_name_unique": "13, 22" }, "geometry": { "type": "LineString", "coordinates": [ [ -9.36752, 38.73594 ], [ -9.36726, 38.73586 ] ] } },
{ "type": "Feature", "properties": { "services_sum": 1.0002778549597111, "total_departures_sum": 39, "route_short_name_sum": null, "services_unique": null, "total_departures_unique": null, "route_short_name_unique": "11" }, "geometry": { "type": "LineString", "coordinates": [ [ -9.418617188930513, 38.701896859533406 ], [ -9.418026319860758, 38.701557539346886 ], [ -9.41795, 38.70154 ] ] } },
{ "type": "Feature", "properties": { "services_sum": 1.0002778549597111, "total_departures_sum": 39, "route_short_name_sum": null, "services_unique": null, "total_departures_unique": null, "route_short_name_unique": "11" }, "geometry": { "type": "LineString", "coordinates": [ [ -9.41813, 38.70795 ], [ -9.418047948152235, 38.708177921872505 ], [ -9.41804, 38.7082 ] ] } },
{ "type": "Feature", "properties": { "services_sum": 1.0002778549597111, "total_departures_sum": 39, "route_short_name_sum": null, "services_unique": null, "total_departures_unique": null, "route_short_name_unique": "11" }, "geometry": { "type": "LineString", "coordinates": [ [ -9.41813, 38.71715 ], [ -9.41813, 38.717320356190484 ], [ -9.41813, 38.71734 ] ] } },
{ "type": "Feature", "properties": { "services_sum": 1.0002778549597111, "total_departures_sum": 39, "route_short_name_sum": null, "services_unique": null, "total_departures_unique": null, "route_short_name_unique": "11" }, "geometry": { "type": "LineString", "coordinates": [ [ -9.41813, 38.71946 ], [ -9.418109396530328, 38.719460000003451 ], [ -9.41807, 38.71946 ] ] } },
{ "type": "Feature", "properties": { "services_sum": 1.0002778549597111, "total_departures_sum": 39, "route_short_name_sum": null, "services_unique": null, "total_departures_unique": null, "route_short_name_unique": "11" }, "geometry": { "type": "LineString", "coordinates": [ [ -9.41802, 38.70998 ], [ -9.417992158229712, 38.710304820768016 ], [ -9.41799, 38.71033 ] ] } },
{ "type": "Feature", "properties": { "services_sum": 1.0002778549597111, "total_departures_sum": 39, "route_short_name_sum": null, "services_unique": null, "total_departures_unique": null, "route_short_name_unique": "11" }, "geometry": { "type": "LineString", "coordinates": [ [ -9.41793, 38.71084 ], [ -9.41783, 38.71172 ], [ -9.417671493417428, 38.713651799467939 ], [ -9.41767, 38.71367 ], [ -9.41759, 38.71439 ], [ -9.41756, 38.71477 ] ] } },
{ "type": "Feature", "properties": { "services_sum": 1.0002778549597111, "total_departures_sum": 39, "route_short_name_sum": null, "services_unique": null, "total_departures_unique": null, "route_short_name_unique": "11" }, "geometry": { "type": "LineString", "coordinates": [ [ -9.41781, 38.70517 ], [ -9.417807309315549, 38.705145335574414 ], [ -9.41781, 38.70514 ], [ -9.41775, 38.70462 ] ] } },
{ "type": "Feature", "properties": { "services_sum": 1.0002778549597111, "total_departures_sum": 39, "route_short_name_sum": null, "services_unique": null, "total_departures_unique": null, "route_short_name_unique": "11" }, "geometry": { "type": "LineString", "coordinates": [ [ -9.41711, 38.72257 ], [ -9.417090879931981, 38.722856801073334 ], [ -9.41709, 38.72287 ] ] } },
{ "type": "Feature", "properties": { "services_sum": 1.0002778549597111, "total_departures_sum": 39, "route_short_name_sum": null, "services_unique": null, "total_departures_unique": null, "route_short_name_unique": "11" }, "geometry": { "type": "LineString", "coordinates": [ [ -9.41643, 38.72443 ], [ -9.415365242299897, 38.724668824184739 ], [ -9.41536, 38.72467 ] ] } },
{ "type": "Feature", "properties": { "services_sum": 1.0002778549597111, "total_departures_sum": 39, "route_short_name_sum": null, "services_unique": null, "total_departures_unique": null, "route_short_name_unique": "11" }, "geometry": { "type": "LineString", "coordinates": [ [ -9.41315, 38.72269 ], [ -9.41302, 38.72309 ] ] } },
{ "type": "Feature", "properties": { "services_sum": 1.0002778549597111, "total_departures_sum": 39, "route_short_name_sum": null, "services_unique": null, "total_departures_unique": null, "route_short_name_unique": "11" }, "geometry": { "type": "LineString", "coordinates": [ [ -9.41219, 38.72631 ], [ -9.412, 38.72625 ], [ -9.41189, 38.72619 ], [ -9.411852539386837, 38.726143174233549 ], [ -9.41185, 38.72614 ], [ -9.41125, 38.72534 ] ] } },
{ "type": "Feature", "properties": { "services_sum": 1.0002778549597111, "total_departures_sum": 39, "route_short_name_sum": null, "services_unique": null, "total_departures_unique": null, "route_short_name_unique": "11" }, "geometry": { "type": "LineString", "coordinates": [ [ -9.41121, 38.72254 ], [ -9.411209048007798, 38.722547207993969 ], [ -9.41115, 38.72312 ] ] } },
{ "type": "Feature", "properties": { "services_sum": 1.0002778549597111, "total_departures_sum": 39, "route_short_name_sum": null, "services_unique": null, "total_departures_unique": null, "route_short_name_unique": "11" }, "geometry": { "type": "LineString", "coordinates": [ [ -9.41105, 38.72973 ], [ -9.411029092236486, 38.729738896142543 ], [ -9.41098, 38.73022 ] ] } },
{ "type": "Feature", "properties": { "services_sum": 1.0002778549597111, "total_departures_sum": 39, "route_short_name_sum": null, "services_unique": null, "total_departures_unique": null, "route_short_name_unique": "11" }, "geometry": { "type": "LineString", "coordinates": [ [ -9.41043, 38.73184 ], [ -9.41015, 38.73252 ], [ -9.410144910332201, 38.732531769919163 ], [ -9.40999, 38.73289 ] ] } },
{ "type": "Feature", "properties": { "services_sum": 1.0002778549597111, "total_departures_sum": 39, "route_short_name_sum": null, "services_unique": null, "total_departures_unique": null, "route_short_name_unique": "11" }, "geometry": { "type": "LineString", "coordinates": [ [ -9.40999, 38.73289 ], [ -9.40977, 38.73332 ], [ -9.40967, 38.73357 ], [ -9.4096, 38.73347 ], [ -9.409552087207739, 38.733335844181674 ], [ -9.40955, 38.73333 ], [ -9.40938, 38.73285 ], [ -9.40932, 38.73272 ], [ -9.409316522675914, 38.732722349898658 ], [ -9.40927, 38.73262 ] ] } },
{ "type": "Feature", "properties": { "services_sum": 1.0002778549597111, "total_departures_sum": 39, "route_short_name_sum": null, "services_unique": null, "total_departures_unique": null, "route_short_name_unique": "11" }, "geometry": { "type": "LineString", "coordinates": [ [ -9.40999, 38.73289 ], [ -9.41052, 38.7333 ], [ -9.410521635000114, 38.733301249790664 ], [ -9.41243, 38.73476 ], [ -9.410402939788794, 38.733209895459069 ], [ -9.41039, 38.7332 ], [ -9.41012, 38.73297 ], [ -9.40999, 38.73289 ] ] } },
{ "type": "Feature", "properties": { "services_sum": 1.0002778549597111, "total_departures_sum": 39, "route_short_name_sum": null, "services_unique": null, "total_departures_unique": null, "route_short_name_unique": "11" }, "geometry": { "type": "LineString", "coordinates": [ [ -9.40881, 38.73191 ], [ -9.40858, 38.73156 ], [ -9.408576858073491, 38.731556286822119 ], [ -9.40847, 38.73143 ] ] } },
{ "type": "Feature", "properties": { "services_sum": 1.0002778549597111, "total_departures_sum": 39, "route_short_name_sum": null, "services_unique": null, "total_departures_unique": null, "route_short_name_unique": "11" }, "geometry": { "type": "LineString", "coordinates": [ [ -9.40396, 38.73079 ], [ -9.40331, 38.73123 ], [ -9.403301905836589, 38.731234856504976 ], [ -9.40321, 38.73129 ] ] } },
{ "type": "Feature", "properties": { "services_sum": 1.0002778549597111, "total_departures_sum": 39, "route_short_name_sum": null, "services_unique": null, "total_departures_unique": null, "route_short_name_unique": "11" }, "geometry": { "type": "LineString", "coordinates": [ [ -9.40189, 38.73185 ], [ -9.40103, 38.732 ], [ -9.401021112411565, 38.732001355781556 ], [ -9.39985, 38.73218 ] ] } },
{ "type": "Feature", "properties": { "services_sum": 1.0002778549597111, "total_departures_sum": 39, "route_short_name_sum": null, "services_unique": null, "total_departures_unique": null, "route_short_name_unique": "11" }, "geometry": { "type": "LineString", "coordinates": [ [ -9.39788, 38.73311 ], [ -9.3978, 38.73313 ], [ -9.397790087087998, 38.733131918642364 ], [ -9.39749, 38.73319 ] ] } },
{ "type": "Feature", "properties": { "services_sum": 1.0002778549597111, "total_departures_sum": 39, "route_short_name_sum": null, "services_unique": null, "total_departures_unique": null, "route_short_name_unique": "11" }, "geometry": { "type": "LineString", "coordinates": [ [ -9.397281968817332, 38.732176456133502 ], [ -9.39728, 38.73218 ] ] } },
{ "type": "Feature", "properties": { "services_sum": 1.0002778549597111, "total_departures_sum": 39, "route_short_name_sum": null, "services_unique": null, "total_departures_unique": null, "route_short_name_unique": "11" }, "geometry": { "type": "LineString", "coordinates": [ [ -9.39696, 38.73321 ], [ -9.39694, 38.73316 ] ] } },
{ "type": "Feature", "properties": { "services_sum": 1.0002778549597111, "total_departures_sum": 39, "route_short_name_sum": null, "services_unique": null, "total_departures_unique": null, "route_short_name_unique": "11" }, "geometry": { "type": "LineString", "coordinates": [ [ -9.42592, 38.73157 ], [ -9.42591, 38.73166 ], [ -9.42583, 38.73169 ], [ -9.42572, 38.73167 ], [ -9.42563, 38.73159 ], [ -9.425633968150404, 38.731595308567869 ], [ -9.42555, 38.73153 ], [ -9.42544, 38.73139 ], [ -9.42421, 38.73162 ], [ -9.42567, 38.73134 ], [ -9.42573, 38.73137 ], [ -9.42586, 38.73151 ], [ -9.425861968326615, 38.731511968326615 ], [ -9.42592, 38.73157 ] ] } },
{ "type": "Feature", "properties": { "services_sum": 1.0002778549597111, "total_departures_sum": 39, "route_short_name_sum": null, "services_unique": null, "total_departures_unique": null, "route_short_name_unique": "11" }, "geometry": { "type": "LineString", "coordinates": [ [ -9.42324, 38.73167 ], [ -9.4225086944276, 38.731798472630381 ], [ -9.4225, 38.7318 ], [ -9.42208, 38.73186 ], [ -9.42252, 38.7318 ], [ -9.422544147114658, 38.731795640183535 ], [ -9.42324, 38.73167 ] ] } },
{ "type": "Feature", "properties": { "services_sum": 1.0002778549597111, "total_departures_sum": 39, "route_short_name_sum": null, "services_unique": null, "total_departures_unique": null, "route_short_name_unique": "11" }, "geometry": { "type": "LineString", "coordinates": [ [ -9.41892, 38.73216 ], [ -9.418195406168843, 38.732346044419891 ], [ -9.41818, 38.73235 ], [ -9.41782, 38.73246 ], [ -9.41843, 38.73229 ], [ -9.418432944432602, 38.732289218831518 ], [ -9.41892, 38.73216 ] ] } },
{ "type": "Feature", "properties": { "services_sum": 1.0002778549597111, "total_departures_sum": 39, "route_short_name_sum": null, "services_unique": null, "total_departures_unique": null, "route_short_name_unique": "11" }, "geometry": { "type": "LineString", "coordinates": [ [ -9.41744, 38.73387 ], [ -9.41694, 38.7342 ], [ -9.416934856544911, 38.734204629117194 ], [ -9.41684, 38.73429 ], [ -9.41673, 38.73449 ], [ -9.4166, 38.73455 ], [ -9.41653, 38.73451 ], [ -9.41634, 38.73448 ], [ -9.41654690482571, 38.734440589557011 ], [ -9.41655, 38.73444 ], [ -9.4167, 38.7344 ], [ -9.41683, 38.73429 ], [ -9.41698, 38.73419 ], [ -9.41696, 38.73418 ], [ -9.416951610565649, 38.73419233708541 ], [ -9.41744, 38.73387 ] ] } },
{ "type": "Feature", "properties": { "services_sum": 1.0002778549597111, "total_departures_sum": 39, "route_short_name_sum": null, "services_unique": null, "total_departures_unique": null, "route_short_name_unique": "11" }, "geometry": { "type": "LineString", "coordinates": [ [ -9.40957, 38.73384 ], [ -9.40936, 38.7344 ], [ -9.409356677167001, 38.734399968498998 ], [ -9.40929, 38.7346 ], [ -9.409339160983523, 38.734442684852723 ], [ -9.40957, 38.73384 ] ] } },
{ "type": "Feature", "properties": { "services_sum": 1.0002778549597111, "total_departures_sum": 39, "route_short_name_sum": null, "services_unique": null, "total_departures_unique": null, "route_short_name_unique": "11" }, "geometry": { "type": "LineString", "coordinates": [ [ -9.4091, 38.73477 ], [ -9.40889, 38.73513 ], [ -9.408882499118475, 38.735135796960947 ], [ -9.40873, 38.73535 ], [ -9.4085, 38.73578 ], [ -9.40867, 38.73547 ], [ -9.408661753002137, 38.735477171323282 ], [ -9.4091, 38.73477 ] ] } },
{ "type": "Feature", "properties": { "services_sum": 1.0002778549597111, "total_departures_sum": 39, "route_short_name_sum": null, "services_unique": null, "total_departures_unique": null, "route_short_name_unique": "11" }, "geometry": { "type": "LineString", "coordinates": [ [ -9.40571, 38.74128 ], [ -9.40570870859349, 38.741289039845562 ], [ -9.4057, 38.74135 ], [ -9.40568, 38.74137 ], [ -9.40558, 38.74141 ], [ -9.4055, 38.74139 ], [ -9.405450411262825, 38.741340411262826 ], [ -9.40545, 38.74134 ], [ -9.40544, 38.74126 ], [ -9.40549, 38.74121 ], [ -9.40553, 38.74119 ], [ -9.40562, 38.74119 ], [ -9.40569, 38.74123 ], [ -9.40571, 38.74128 ] ] } },
{ "type": "Feature", "properties": { "services_sum": 3.0008335648791333, "total_departures_sum": 182, "route_short_name_sum": null, "services_unique": null, "total_departures_unique": null, "route_short_name_unique": "2, 14, 22" }, "geometry": { "type": "LineString", "coordinates": [ [ -9.42514, 38.70078 ], [ -9.42476, 38.70101 ], [ -9.42426, 38.70121 ] ] } },
{ "type": "Feature", "properties": { "services_sum": 3.0008335648791333, "total_departures_sum": 182, "route_short_name_sum": null, "services_unique": null, "total_departures_unique": null, "route_short_name_unique": "2, 14, 22" }, "geometry": { "type": "LineString", "coordinates": [ [ -9.42361, 38.70137 ], [ -9.42332, 38.7014 ] ] } },
{ "type": "Feature", "properties": { "services_sum": 3.0008335648791333, "total_departures_sum": 182, "route_short_name_sum": null, "services_unique": null, "total_departures_unique": null, "route_short_name_unique": "2, 14, 22" }, "geometry": { "type": "LineString", "coordinates": [ [ -9.42261, 38.7014 ], [ -9.42216, 38.70133 ] ] } },
{ "type": "Feature", "properties": { "services_sum": 2.0005557099194222, "total_departures_sum": 236, "route_short_name_sum": null, "services_unique": null, "total_departures_unique": null, "route_short_name_unique": "13" }, "geometry": { "type": "LineString", "coordinates": [ [ -9.424542729283099, 38.714244022101404 ], [ -9.42454, 38.71424 ] ] } },
{ "type": "Feature", "properties": { "services_sum": 2.0005557099194222, "total_departures_sum": 236, "route_short_name_sum": null, "services_unique": null, "total_departures_unique": null, "route_short_name_unique": "13" }, "geometry": { "type": "LineString", "coordinates": [ [ -9.42016, 38.71872 ], [ -9.42001, 38.719 ], [ -9.41974, 38.71944 ], [ -9.41944, 38.71965 ] ] } },
{ "type": "Feature", "properties": { "services_sum": 2.0005557099194222, "total_departures_sum": 236, "route_short_name_sum": null, "services_unique": null, "total_departures_unique": null, "route_short_name_unique": "13" }, "geometry": { "type": "LineString", "coordinates": [ [ -9.41955, 38.70807 ], [ -9.41935, 38.70796 ] ] } },
{ "type": "Feature", "properties": { "services_sum": 2.0005557099194222, "total_departures_sum": 236, "route_short_name_sum": null, "services_unique": null, "total_departures_unique": null, "route_short_name_unique": "13" }, "geometry": { "type": "LineString", "coordinates": [ [ -9.41854, 38.71992 ], [ -9.41823, 38.72012 ], [ -9.41822, 38.72009 ] ] } },
{ "type": "Feature", "properties": { "services_sum": 2.0005557099194222, "total_departures_sum": 236, "route_short_name_sum": null, "services_unique": null, "total_departures_unique": null, "route_short_name_unique": "13" }, "geometry": { "type": "LineString", "coordinates": [ [ -9.39099, 38.70337 ], [ -9.39029, 38.70403 ], [ -9.38994, 38.70395 ], [ -9.38901, 38.70401 ] ] } },
{ "type": "Feature", "properties": { "services_sum": 2.0005557099194222, "total_departures_sum": 236, "route_short_name_sum": null, "services_unique": null, "total_departures_unique": null, "route_short_name_unique": "13" }, "geometry": { "type": "LineString", "coordinates": [ [ -9.3881, 38.73531 ], [ -9.38795, 38.73544 ], [ -9.38773, 38.73558 ] ] } },
{ "type": "Feature", "properties": { "services_sum": 2.0005557099194222, "total_departures_sum": 236, "route_short_name_sum": null, "services_unique": null, "total_departures_unique": null, "route_short_name_unique": "13" }, "geometry": { "type": "LineString", "coordinates": [ [ -9.38762, 38.70303 ], [ -9.38751, 38.70386 ], [ -9.38752, 38.7042 ] ] } },
{ "type": "Feature", "properties": { "services_sum": 2.0005557099194222, "total_departures_sum": 236, "route_short_name_sum": null, "services_unique": null, "total_departures_unique": null, "route_short_name_unique": "13" }, "geometry": { "type": "LineString", "coordinates": [ [ -9.38674, 38.70313 ], [ -9.386733865401782, 38.703130717904003 ] ] } },
{ "type": "Feature", "properties": { "services_sum": 2.0005557099194222, "total_departures_sum": 236, "route_short_name_sum": null, "services_unique": null, "total_departures_unique": null, "route_short_name_unique": "13" }, "geometry": { "type": "LineString", "coordinates": [ [ -9.3852, 38.7018 ], [ -9.38519, 38.70198 ] ] } },
{ "type": "Feature", "properties": { "services_sum": 2.0005557099194222, "total_departures_sum": 236, "route_short_name_sum": null, "services_unique": null, "total_departures_unique": null, "route_short_name_unique": "13" }, "geometry": { "type": "LineString", "coordinates": [ [ -9.38367, 38.72978 ], [ -9.38365, 38.72993 ], [ -9.38345, 38.73002 ], [ -9.38336, 38.73003 ], [ -9.38327, 38.73002 ], [ -9.38316, 38.72997 ], [ -9.38278, 38.72963 ], [ -9.38264, 38.72956 ], [ -9.38247, 38.72954 ], [ -9.38232, 38.72955 ], [ -9.38192, 38.72965 ], [ -9.38166, 38.72977 ], [ -9.38131, 38.72981 ], [ -9.38026, 38.72987 ], [ -9.38014, 38.72989 ], [ -9.38003, 38.72995 ], [ -9.37988, 38.73005 ], [ -9.37922, 38.73069 ], [ -9.37911, 38.73077 ], [ -9.37877, 38.73093 ] ] } },
{ "type": "Feature", "properties": { "services_sum": 2.0005557099194222, "total_departures_sum": 236, "route_short_name_sum": null, "services_unique": null, "total_departures_unique": null, "route_short_name_unique": "13" }, "geometry": { "type": "LineString", "coordinates": [ [ -9.38314, 38.70374 ], [ -9.38302, 38.70383 ], [ -9.38276, 38.70395 ] ] } },
{ "type": "Feature", "properties": { "services_sum": 2.0005557099194222, "total_departures_sum": 236, "route_short_name_sum": null, "services_unique": null, "total_departures_unique": null, "route_short_name_unique": "13" }, "geometry": { "type": "LineString", "coordinates": [ [ -9.38301, 38.73696 ], [ -9.38271, 38.73702 ] ] } },
{ "type": "Feature", "properties": { "services_sum": 2.0005557099194222, "total_departures_sum": 236, "route_short_name_sum": null, "services_unique": null, "total_departures_unique": null, "route_short_name_unique": "13" }, "geometry": { "type": "LineString", "coordinates": [ [ -9.38116, 38.70424 ], [ -9.38082, 38.70431 ], [ -9.38062, 38.70438 ] ] } },
{ "type": "Feature", "properties": { "services_sum": 2.0005557099194222, "total_departures_sum": 236, "route_short_name_sum": null, "services_unique": null, "total_departures_unique": null, "route_short_name_unique": "13" }, "geometry": { "type": "LineString", "coordinates": [ [ -9.38044, 38.70458 ], [ -9.38028, 38.70475 ] ] } },
{ "type": "Feature", "properties": { "services_sum": 2.0005557099194222, "total_departures_sum": 236, "route_short_name_sum": null, "services_unique": null, "total_departures_unique": null, "route_short_name_unique": "13" }, "geometry": { "type": "LineString", "coordinates": [ [ -9.37397, 38.73269 ], [ -9.37378, 38.73277 ], [ -9.37246, 38.73343 ] ] } },
{ "type": "Feature", "properties": { "services_sum": 2.0005557099194222, "total_departures_sum": 236, "route_short_name_sum": null, "services_unique": null, "total_departures_unique": null, "route_short_name_unique": "13" }, "geometry": { "type": "LineString", "coordinates": [ [ -9.37165, 38.73375 ], [ -9.371644881090601, 38.733751798558259 ] ] } },
{ "type": "Feature", "properties": { "services_sum": 2.0005557099194222, "total_departures_sum": 236, "route_short_name_sum": null, "services_unique": null, "total_departures_unique": null, "route_short_name_unique": "13" }, "geometry": { "type": "LineString", "coordinates": [ [ -9.37089, 38.73402 ], [ -9.36987, 38.73429 ], [ -9.3697, 38.73436 ], [ -9.36953, 38.73445 ], [ -9.36934, 38.73463 ], [ -9.36912, 38.73489 ], [ -9.36859, 38.73531 ] ] } },
{ "type": "Feature", "properties": { "services_sum": 4.0011114198388444, "total_departures_sum": 502, "route_short_name_sum": null, "services_unique": null, "total_departures_unique": null, "route_short_name_unique": "13, 22" }, "geometry": { "type": "LineString", "coordinates": [ [ -9.42409, 38.71563 ], [ -9.42396, 38.71546 ], [ -9.42392, 38.71533 ], [ -9.4244, 38.71519 ] ] } },
{ "type": "Feature", "properties": { "services_sum": 4.0011114198388444, "total_departures_sum": 502, "route_short_name_sum": null, "services_unique": null, "total_departures_unique": null, "route_short_name_unique": "13, 22" }, "geometry": { "type": "LineString", "coordinates": [ [ -9.37356, 38.73857 ], [ -9.37306, 38.73857 ], [ -9.37257, 38.73852 ], [ -9.37226, 38.73842 ], [ -9.37187, 38.73829 ] ] } },
{ "type": "Feature", "properties": { "services_sum": 2.0005557099194222, "total_departures_sum": 78, "route_short_name_sum": null, "services_unique": null, "total_departures_unique": null, "route_short_name_unique": "11" }, "geometry": { "type": "LineString", "coordinates": [ [ -9.42421, 38.73162 ], [ -9.42386, 38.73165 ], [ -9.42324, 38.73167 ] ] } },
{ "type": "Feature", "properties": { "services_sum": 2.0005557099194222, "total_departures_sum": 78, "route_short_name_sum": null, "services_unique": null, "total_departures_unique": null, "route_short_name_unique": "11" }, "geometry": { "type": "LineString", "coordinates": [ [ -9.42208, 38.73186 ], [ -9.42176, 38.73185 ], [ -9.42101, 38.73189 ], [ -9.42049, 38.73203 ], [ -9.42041, 38.73207 ], [ -9.42015, 38.73212 ], [ -9.42004, 38.73213 ], [ -9.41989, 38.73211 ], [ -9.4196, 38.73205 ], [ -9.41939, 38.73205 ], [ -9.41892, 38.73216 ] ] } },
{ "type": "Feature", "properties": { "services_sum": 2.0005557099194222, "total_departures_sum": 78, "route_short_name_sum": null, "services_unique": null, "total_departures_unique": null, "route_short_name_unique": "11" }, "geometry": { "type": "LineString", "coordinates": [ [ -9.41782, 38.73246 ], [ -9.41752, 38.7326 ], [ -9.41724, 38.73275 ], [ -9.41747, 38.73303 ], [ -9.41782, 38.73351 ], [ -9.41784, 38.73359 ], [ -9.41777, 38.7337 ], [ -9.41744, 38.73387 ] ] } },
{ "type": "Feature", "properties": { "services_sum": 2.0005557099194222, "total_departures_sum": 78, "route_short_name_sum": null, "services_unique": null, "total_departures_unique": null, "route_short_name_unique": "11" }, "geometry": { "type": "LineString", "coordinates": [ [ -9.41634, 38.73448 ], [ -9.41622, 38.73449 ], [ -9.41512, 38.73495 ], [ -9.41487, 38.735 ], [ -9.41476, 38.735 ], [ -9.41426, 38.73479 ], [ -9.41415, 38.73476 ], [ -9.41396, 38.73476 ], [ -9.41328, 38.73486 ], [ -9.41289, 38.7349 ], [ -9.41265, 38.73487 ], [ -9.41243, 38.73476 ] ] } },
{ "type": "Feature", "properties": { "services_sum": 2.0005557099194222, "total_departures_sum": 78, "route_short_name_sum": null, "services_unique": null, "total_departures_unique": null, "route_short_name_unique": "11" }, "geometry": { "type": "LineString", "coordinates": [ [ -9.40967, 38.73357 ], [ -9.40954, 38.73377 ], [ -9.40957, 38.73384 ] ] } },
{ "type": "Feature", "properties": { "services_sum": 2.0005557099194222, "total_departures_sum": 78, "route_short_name_sum": null, "services_unique": null, "total_departures_unique": null, "route_short_name_unique": "11" }, "geometry": { "type": "LineString", "coordinates": [ [ -9.40929, 38.7346 ], [ -9.4091, 38.73477 ] ] } },
{ "type": "Feature", "properties": { "services_sum": 2.0005557099194222, "total_departures_sum": 78, "route_short_name_sum": null, "services_unique": null, "total_departures_unique": null, "route_short_name_unique": "11" }, "geometry": { "type": "LineString", "coordinates": [ [ -9.4085, 38.73578 ], [ -9.40817, 38.73628 ], [ -9.4082, 38.73663 ], [ -9.40819, 38.73689 ], [ -9.40812, 38.73707 ], [ -9.40751, 38.73791 ], [ -9.40753, 38.73817 ], [ -9.40761, 38.73835 ], [ -9.40802, 38.73892 ], [ -9.40805, 38.73909 ], [ -9.40799, 38.73932 ], [ -9.40783, 38.73961 ], [ -9.40765, 38.73979 ], [ -9.40702, 38.74029 ], [ -9.40677, 38.74058 ], [ -9.40643, 38.74085 ], [ -9.40583, 38.74113 ], [ -9.40569, 38.74123 ] ] } },
{ "type": "Feature", "properties": { "services_sum": 3.0008335648791333, "total_departures_sum": 369, "route_short_name_sum": null, "services_unique": null, "total_departures_unique": null, "route_short_name_unique": "13, 22" }, "geometry": { "type": "LineString", "coordinates": [ [ -9.42413, 38.71596 ], [ -9.42407, 38.71619 ], [ -9.42402, 38.71627 ] ] } },
{ "type": "Feature", "properties": { "services_sum": 3.0008335648791333, "total_departures_sum": 369, "route_short_name_sum": null, "services_unique": null, "total_departures_unique": null, "route_short_name_unique": "13, 22" }, "geometry": { "type": "LineString", "coordinates": [ [ -9.423912562933145, 38.712295998354172 ], [ -9.42391, 38.71229 ] ] } },
{ "type": "Feature", "properties": { "services_sum": 1.0002778549597111, "total_departures_sum": 47, "route_short_name_sum": null, "services_unique": null, "total_departures_unique": null, "route_short_name_unique": "6" }, "geometry": { "type": "LineString", "coordinates": [ [ -9.41896, 38.70349 ], [ -9.41895514726639, 38.703492425839379 ], [ -9.419091939926149, 38.703450823087898 ], [ -9.41908121109009, 38.702505457476292 ], [ -9.419209957122805, 38.702124226896863 ], [ -9.418662115931513, 38.701938687036844 ] ] } },
{ "type": "Feature", "properties": { "services_sum": 1.0002778549597111, "total_departures_sum": 47, "route_short_name_sum": null, "services_unique": null, "total_departures_unique": null, "route_short_name_unique": "6" }, "geometry": { "type": "LineString", "coordinates": [ [ -9.41895, 38.7035 ], [ -9.41847, 38.70348 ], [ -9.41819, 38.70347 ] ] } },
{ "type": "Feature", "properties": { "services_sum": 1.0002778549597111, "total_departures_sum": 47, "route_short_name_sum": null, "services_unique": null, "total_departures_unique": null, "route_short_name_unique": "6" }, "geometry": { "type": "LineString", "coordinates": [ [ -9.418616183102133, 38.701897658626365 ], [ -9.41803749650717, 38.701566397411902 ], [ -9.4178, 38.70155 ] ] } },
{ "type": "Feature", "properties": { "services_sum": 1.0002778549597111, "total_departures_sum": 47, "route_short_name_sum": null, "services_unique": null, "total_departures_unique": null, "route_short_name_unique": "6" }, "geometry": { "type": "LineString", "coordinates": [ [ -9.41829, 38.70692 ], [ -9.418138966376018, 38.706380594362848 ], [ -9.41802, 38.70594 ], [ -9.41801991502461, 38.705939684377121 ], [ -9.41782, 38.70511 ] ] } },
{ "type": "Feature", "properties": { "services_sum": 1.0002778549597111, "total_departures_sum": 47, "route_short_name_sum": null, "services_unique": null, "total_departures_unique": null, "route_short_name_unique": "6" }, "geometry": { "type": "LineString", "coordinates": [ [ -9.41813, 38.70795 ], [ -9.418047163622326, 38.708180101115659 ], [ -9.41804, 38.7082 ] ] } },
{ "type": "Feature", "properties": { "services_sum": 1.0002778549597111, "total_departures_sum": 47, "route_short_name_sum": null, "services_unique": null, "total_departures_unique": null, "route_short_name_unique": "6" }, "geometry": { "type": "LineString", "coordinates": [ [ -9.41813, 38.71715 ], [ -9.41813, 38.717314739681349 ], [ -9.41813, 38.71734 ] ] } },
{ "type": "Feature", "properties": { "services_sum": 1.0002778549597111, "total_departures_sum": 47, "route_short_name_sum": null, "services_unique": null, "total_departures_unique": null, "route_short_name_unique": "6" }, "geometry": { "type": "LineString", "coordinates": [ [ -9.41813, 38.71946 ], [ -9.418102197889567, 38.719460000003799 ], [ -9.41807, 38.71946 ] ] } },
{ "type": "Feature", "properties": { "services_sum": 1.0002778549597111, "total_departures_sum": 47, "route_short_name_sum": null, "services_unique": null, "total_departures_unique": null, "route_short_name_unique": "6" }, "geometry": { "type": "LineString", "coordinates": [ [ -9.41809, 38.71581 ], [ -9.4181, 38.71633 ], [ -9.418100430983747, 38.716346377465712 ], [ -9.41811, 38.71671 ], [ -9.41808, 38.71689 ], [ -9.41802, 38.71701 ], [ -9.41783, 38.7172 ], [ -9.41748, 38.71745 ], [ -9.41729, 38.71766 ], [ -9.41714, 38.71789 ], [ -9.41704, 38.71821 ], [ -9.41702, 38.71839 ], [ -9.41704, 38.71885 ], [ -9.41703, 38.71911 ], [ -9.41693, 38.71944 ], [ -9.41666, 38.71994 ], [ -9.41656, 38.72015 ], [ -9.41653, 38.72038 ], [ -9.41656, 38.72067 ], [ -9.41667, 38.72092 ], [ -9.41684, 38.72125 ], [ -9.41686, 38.72138 ] ] } },
{ "type": "Feature", "properties": { "services_sum": 1.0002778549597111, "total_departures_sum": 47, "route_short_name_sum": null, "services_unique": null, "total_departures_unique": null, "route_short_name_unique": "6" }, "geometry": { "type": "LineString", "coordinates": [ [ -9.41802, 38.70998 ], [ -9.417991964638462, 38.710307079323044 ], [ -9.41799, 38.71033 ] ] } },
{ "type": "Feature", "properties": { "services_sum": 1.0002778549597111, "total_departures_sum": 47, "route_short_name_sum": null, "services_unique": null, "total_departures_unique": null, "route_short_name_unique": "6" }, "geometry": { "type": "LineString", "coordinates": [ [ -9.41799, 38.70337 ], [ -9.41796, 38.70324 ], [ -9.41789, 38.70286 ] ] } },
{ "type": "Feature", "properties": { "services_sum": 1.0002778549597111, "total_departures_sum": 47, "route_short_name_sum": null, "services_unique": null, "total_departures_unique": null, "route_short_name_unique": "6" }, "geometry": { "type": "LineString", "coordinates": [ [ -9.41786, 38.70254 ], [ -9.4178, 38.70226 ], [ -9.417794370641793, 38.702240041472152 ], [ -9.41779, 38.70224 ], [ -9.41769, 38.70186 ] ] } },
{ "type": "Feature", "properties": { "services_sum": 1.0002778549597111, "total_departures_sum": 47, "route_short_name_sum": null, "services_unique": null, "total_departures_unique": null, "route_short_name_unique": "6" }, "geometry": { "type": "LineString", "coordinates": [ [ -9.41781, 38.70517 ], [ -9.417807555365599, 38.705147591017258 ], [ -9.41775, 38.70462 ] ] } },
{ "type": "Feature", "properties": { "services_sum": 1.0002778549597111, "total_departures_sum": 47, "route_short_name_sum": null, "services_unique": null, "total_departures_unique": null, "route_short_name_unique": "6" }, "geometry": { "type": "LineString", "coordinates": [ [ -9.41771, 38.71509 ], [ -9.41765, 38.71512 ], [ -9.41757, 38.71514 ], [ -9.41749, 38.71513 ], [ -9.41742, 38.71511 ], [ -9.41736, 38.71507 ], [ -9.41732, 38.71502 ], [ -9.41731, 38.71496 ] ] } },
{ "type": "Feature", "properties": { "services_sum": 1.0002778549597111, "total_departures_sum": 47, "route_short_name_sum": null, "services_unique": null, "total_departures_unique": null, "route_short_name_unique": "6" }, "geometry": { "type": "LineString", "coordinates": [ [ -9.41756, 38.71477 ], [ -9.41748, 38.71477 ], [ -9.41741, 38.7148 ], [ -9.41735, 38.71484 ], [ -9.41732, 38.7149 ], [ -9.41731, 38.71496 ] ] } },
{ "type": "Feature", "properties": { "services_sum": 1.0002778549597111, "total_departures_sum": 47, "route_short_name_sum": null, "services_unique": null, "total_departures_unique": null, "route_short_name_unique": "6" }, "geometry": { "type": "LineString", "coordinates": [ [ -9.41739, 38.70818 ], [ -9.41736506685354, 38.708181994784532 ], [ -9.41614, 38.70828 ] ] } },
{ "type": "Feature", "properties": { "services_sum": 1.0002778549597111, "total_departures_sum": 47, "route_short_name_sum": null, "services_unique": null, "total_departures_unique": null, "route_short_name_unique": "6" }, "geometry": { "type": "LineString", "coordinates": [ [ -9.41731, 38.71496 ], [ -9.41682, 38.71503 ], [ -9.416784685442179, 38.715035610892656 ], [ -9.41575, 38.7152 ], [ -9.4169, 38.71502 ], [ -9.416918857700855, 38.715017240370095 ], [ -9.41731, 38.71496 ] ] } },
{ "type": "Feature", "properties": { "services_sum": 1.0002778549597111, "total_departures_sum": 47, "route_short_name_sum": null, "services_unique": null, "total_departures_unique": null, "route_short_name_unique": "6" }, "geometry": { "type": "LineString", "coordinates": [ [ -9.41712, 38.72327 ], [ -9.417100833738509, 38.722963339873445 ], [ -9.4171, 38.72295 ] ] } },
{ "type": "Feature", "properties": { "services_sum": 1.0002778549597111, "total_departures_sum": 47, "route_short_name_sum": null, "services_unique": null, "total_departures_unique": null, "route_short_name_unique": "6" }, "geometry": { "type": "LineString", "coordinates": [ [ -9.41711, 38.72257 ], [ -9.41709125386188, 38.722851192145924 ], [ -9.41709, 38.72287 ] ] } },
{ "type": "Feature", "properties": { "services_sum": 1.0002778549597111, "total_departures_sum": 47, "route_short_name_sum": null, "services_unique": null, "total_departures_unique": null, "route_short_name_unique": "6" }, "geometry": { "type": "LineString", "coordinates": [ [ -9.41643, 38.72443 ], [ -9.415372161202653, 38.724667272317461 ], [ -9.41536, 38.72467 ] ] } },
{ "type": "Feature", "properties": { "services_sum": 1.0002778549597111, "total_departures_sum": 47, "route_short_name_sum": null, "services_unique": null, "total_departures_unique": null, "route_short_name_unique": "6" }, "geometry": { "type": "LineString", "coordinates": [ [ -9.41594, 38.71046 ], [ -9.415779245225899, 38.710403735866741 ], [ -9.41574, 38.71039 ] ] } },
{ "type": "Feature", "properties": { "services_sum": 1.0002778549597111, "total_departures_sum": 47, "route_short_name_sum": null, "services_unique": null, "total_departures_unique": null, "route_short_name_unique": "6" }, "geometry": { "type": "LineString", "coordinates": [ [ -9.4151, 38.71098 ], [ -9.414809582771539, 38.711541473465722 ], [ -9.4148, 38.71156 ] ] } },
{ "type": "Feature", "properties": { "services_sum": 1.0002778549597111, "total_departures_sum": 47, "route_short_name_sum": null, "services_unique": null, "total_departures_unique": null, "route_short_name_unique": "6" }, "geometry": { "type": "LineString", "coordinates": [ [ -9.41509, 38.72476 ], [ -9.41507360952351, 38.724765388717316 ], [ -9.41436, 38.725 ] ] } },
{ "type": "Feature", "properties": { "services_sum": 1.0002778549597111, "total_departures_sum": 47, "route_short_name_sum": null, "services_unique": null, "total_departures_unique": null, "route_short_name_unique": "6" }, "geometry": { "type": "LineString", "coordinates": [ [ -9.41469, 38.71177 ], [ -9.414683087936474, 38.711783195839004 ], [ -9.41447, 38.71219 ] ] } },
{ "type": "Feature", "properties": { "services_sum": 1.0002778549597111, "total_departures_sum": 47, "route_short_name_sum": null, "services_unique": null, "total_departures_unique": null, "route_short_name_unique": "6" }, "geometry": { "type": "LineString", "coordinates": [ [ -9.41333, 38.71584 ], [ -9.41351, 38.71597 ], [ -9.41345, 38.71592 ], [ -9.413449548158207, 38.715919698772133 ], [ -9.41333, 38.71584 ] ] } },
{ "type": "Feature", "properties": { "services_sum": 1.0002778549597111, "total_departures_sum": 47, "route_short_name_sum": null, "services_unique": null, "total_departures_unique": null, "route_short_name_unique": "6" }, "geometry": { "type": "LineString", "coordinates": [ [ -9.41333, 38.71584 ], [ -9.4132, 38.71563 ] ] } },
{ "type": "Feature", "properties": { "services_sum": 1.0002778549597111, "total_departures_sum": 47, "route_short_name_sum": null, "services_unique": null, "total_departures_unique": null, "route_short_name_unique": "6" }, "geometry": { "type": "LineString", "coordinates": [ [ -9.41333, 38.71584 ], [ -9.41323, 38.71569 ], [ -9.4132, 38.71563 ] ] } },
{ "type": "Feature", "properties": { "services_sum": 1.0002778549597111, "total_departures_sum": 47, "route_short_name_sum": null, "services_unique": null, "total_departures_unique": null, "route_short_name_unique": "6" }, "geometry": { "type": "LineString", "coordinates": [ [ -9.4132, 38.71563 ], [ -9.41306, 38.71551 ], [ -9.41304, 38.71539 ], [ -9.4132, 38.7153 ] ] } },
{ "type": "Feature", "properties": { "services_sum": 1.0002778549597111, "total_departures_sum": 47, "route_short_name_sum": null, "services_unique": null, "total_departures_unique": null, "route_short_name_unique": "6" }, "geometry": { "type": "LineString", "coordinates": [ [ -9.4132, 38.7153 ], [ -9.41316, 38.71545 ], [ -9.4132, 38.71563 ] ] } },
{ "type": "Feature", "properties": { "services_sum": 1.0002778549597111, "total_departures_sum": 47, "route_short_name_sum": null, "services_unique": null, "total_departures_unique": null, "route_short_name_unique": "6" }, "geometry": { "type": "LineString", "coordinates": [ [ -9.4132, 38.7153 ], [ -9.413468438061823, 38.71495664526033 ], [ -9.41375, 38.7146 ], [ -9.41342, 38.71502 ], [ -9.413404907570392, 38.715039208630039 ], [ -9.4132, 38.7153 ] ] } },
{ "type": "Feature", "properties": { "services_sum": 1.0002778549597111, "total_departures_sum": 47, "route_short_name_sum": null, "services_unique": null, "total_departures_unique": null, "route_short_name_unique": "6" }, "geometry": { "type": "LineString", "coordinates": [ [ -9.41319, 38.72238 ], [ -9.413161287551562, 38.722638412078005 ], [ -9.41316, 38.72265 ] ] } },
{ "type": "Feature", "properties": { "services_sum": 1.0002778549597111, "total_departures_sum": 47, "route_short_name_sum": null, "services_unique": null, "total_departures_unique": null, "route_short_name_unique": "6" }, "geometry": { "type": "LineString", "coordinates": [ [ -9.41315, 38.72269 ], [ -9.413148230636629, 38.722695444226019 ], [ -9.41302, 38.72309 ] ] } },
{ "type": "Feature", "properties": { "services_sum": 1.0002778549597111, "total_departures_sum": 47, "route_short_name_sum": null, "services_unique": null, "total_departures_unique": null, "route_short_name_unique": "6" }, "geometry": { "type": "LineString", "coordinates": [ [ -9.41199, 38.72638 ], [ -9.41197, 38.72633 ], [ -9.411969633668706, 38.726329358920232 ], [ -9.41189, 38.72619 ], [ -9.41187, 38.72617 ], [ -9.41125, 38.72534 ] ] } },
{ "type": "Feature", "properties": { "services_sum": 1.0002778549597111, "total_departures_sum": 47, "route_short_name_sum": null, "services_unique": null, "total_departures_unique": null, "route_short_name_unique": "6" }, "geometry": { "type": "LineString", "coordinates": [ [ -9.41121, 38.72254 ], [ -9.41115, 38.72312 ], [ -9.41117, 38.72299 ], [ -9.411155056957956, 38.722994715236574 ], [ -9.41116, 38.72297 ] ] } },
{ "type": "Feature", "properties": { "services_sum": 1.0002778549597111, "total_departures_sum": 47, "route_short_name_sum": null, "services_unique": null, "total_departures_unique": null, "route_short_name_unique": "6" }, "geometry": { "type": "LineString", "coordinates": [ [ -9.41108, 38.7292 ], [ -9.411029432536546, 38.729886431252474 ], [ -9.411, 38.73022 ] ] } },
{ "type": "Feature", "properties": { "services_sum": 1.0002778549597111, "total_departures_sum": 47, "route_short_name_sum": null, "services_unique": null, "total_departures_unique": null, "route_short_name_unique": "6" }, "geometry": { "type": "LineString", "coordinates": [ [ -9.41105, 38.72973 ], [ -9.41104980656481, 38.729732321222279 ], [ -9.41102, 38.73007 ] ] } },
{ "type": "Feature", "properties": { "services_sum": 1.0002778549597111, "total_departures_sum": 47, "route_short_name_sum": null, "services_unique": null, "total_departures_unique": null, "route_short_name_unique": "6" }, "geometry": { "type": "LineString", "coordinates": [ [ -9.41043, 38.73184 ], [ -9.41016, 38.73249 ], [ -9.410160160827589, 38.732495323942487 ], [ -9.41015, 38.73252 ] ] } },
{ "type": "Feature", "properties": { "services_sum": 1.0002778549597111, "total_departures_sum": 47, "route_short_name_sum": null, "services_unique": null, "total_departures_unique": null, "route_short_name_unique": "6" }, "geometry": { "type": "LineString", "coordinates": [ [ -9.40941, 38.73291 ], [ -9.409329200428957, 38.732748400902707 ], [ -9.40932, 38.73273 ] ] } },
{ "type": "Feature", "properties": { "services_sum": 1.0002778549597111, "total_departures_sum": 47, "route_short_name_sum": null, "services_unique": null, "total_departures_unique": null, "route_short_name_unique": "6" }, "geometry": { "type": "LineString", "coordinates": [ [ -9.40881, 38.73191 ], [ -9.408593694765246, 38.731580839968792 ], [ -9.40847, 38.73143 ] ] } },
{ "type": "Feature", "properties": { "services_sum": 1.0002778549597111, "total_departures_sum": 47, "route_short_name_sum": null, "services_unique": null, "total_departures_unique": null, "route_short_name_unique": "6" }, "geometry": { "type": "LineString", "coordinates": [ [ -9.40837, 38.73475 ], [ -9.407563083974072, 38.735323591121116 ], [ -9.40754, 38.73534 ] ] } },
{ "type": "Feature", "properties": { "services_sum": 1.0002778549597111, "total_departures_sum": 47, "route_short_name_sum": null, "services_unique": null, "total_departures_unique": null, "route_short_name_unique": "6" }, "geometry": { "type": "LineString", "coordinates": [ [ -9.40749, 38.73537 ], [ -9.407470303701933, 38.735384306163567 ], [ -9.40559, 38.73675 ] ] } },
{ "type": "Feature", "properties": { "services_sum": 1.0002778549597111, "total_departures_sum": 47, "route_short_name_sum": null, "services_unique": null, "total_departures_unique": null, "route_short_name_unique": "6" }, "geometry": { "type": "LineString", "coordinates": [ [ -9.40482, 38.73733 ], [ -9.404239831500062, 38.737755457035597 ], [ -9.40422, 38.73777 ] ] } },
{ "type": "Feature", "properties": { "services_sum": 1.0002778549597111, "total_departures_sum": 47, "route_short_name_sum": null, "services_unique": null, "total_departures_unique": null, "route_short_name_unique": "6" }, "geometry": { "type": "LineString", "coordinates": [ [ -9.40415, 38.73781 ], [ -9.404123574062776, 38.737825299310479 ], [ -9.40377, 38.73803 ] ] } },
{ "type": "Feature", "properties": { "services_sum": 1.0002778549597111, "total_departures_sum": 47, "route_short_name_sum": null, "services_unique": null, "total_departures_unique": null, "route_short_name_unique": "6" }, "geometry": { "type": "LineString", "coordinates": [ [ -9.39986, 38.73949 ], [ -9.399818495200213, 38.739498300971661 ], [ -9.39976, 38.73951 ] ] } },
{ "type": "Feature", "properties": { "services_sum": 1.0002778549597111, "total_departures_sum": 47, "route_short_name_sum": null, "services_unique": null, "total_departures_unique": null, "route_short_name_unique": "6" }, "geometry": { "type": "LineString", "coordinates": [ [ -9.39924, 38.7038 ], [ -9.399046267426476, 38.704342451344161 ], [ -9.39904, 38.70436 ] ] } },
{ "type": "Feature", "properties": { "services_sum": 1.0002778549597111, "total_departures_sum": 47, "route_short_name_sum": null, "services_unique": null, "total_departures_unique": null, "route_short_name_unique": "6" }, "geometry": { "type": "LineString", "coordinates": [ [ -9.39874, 38.72428 ], [ -9.39777254706917, 38.729735637737797 ], [ -9.39777, 38.72975 ] ] } },
{ "type": "Feature", "properties": { "services_sum": 1.0002778549597111, "total_departures_sum": 47, "route_short_name_sum": null, "services_unique": null, "total_departures_unique": null, "route_short_name_unique": "6" }, "geometry": { "type": "LineString", "coordinates": [ [ -9.39872, 38.74102 ], [ -9.398658949872486, 38.741028721449268 ], [ -9.39865, 38.74103 ], [ -9.39849, 38.74104 ], [ -9.39816, 38.74101 ] ] } },
{ "type": "Feature", "properties": { "services_sum": 1.0002778549597111, "total_departures_sum": 47, "route_short_name_sum": null, "services_unique": null, "total_departures_unique": null, "route_short_name_unique": "6" }, "geometry": { "type": "LineString", "coordinates": [ [ -9.39807, 38.72278 ], [ -9.398061856318995, 38.722771329280668 ], [ -9.39452, 38.719 ] ] } },
{ "type": "Feature", "properties": { "services_sum": 1.0002778549597111, "total_departures_sum": 47, "route_short_name_sum": null, "services_unique": null, "total_departures_unique": null, "route_short_name_unique": "6" }, "geometry": { "type": "LineString", "coordinates": [ [ -9.39778, 38.70813 ], [ -9.397083684909422, 38.707984934436375 ], [ -9.39706, 38.70798 ] ] } },
{ "type": "Feature", "properties": { "services_sum": 1.0002778549597111, "total_departures_sum": 47, "route_short_name_sum": null, "services_unique": null, "total_departures_unique": null, "route_short_name_unique": "6" }, "geometry": { "type": "LineString", "coordinates": [ [ -9.39733, 38.7322 ], [ -9.397293212457964, 38.732411528421913 ], [ -9.39729, 38.73243 ] ] } },
{ "type": "Feature", "properties": { "services_sum": 1.0002778549597111, "total_departures_sum": 47, "route_short_name_sum": null, "services_unique": null, "total_departures_unique": null, "route_short_name_unique": "6" }, "geometry": { "type": "LineString", "coordinates": [ [ -9.397281968817332, 38.732176456133502 ], [ -9.39729, 38.73217 ], [ -9.39715, 38.73284 ], [ -9.397, 38.73305 ], [ -9.3969, 38.73309 ] ] } },
{ "type": "Feature", "properties": { "services_sum": 1.0002778549597111, "total_departures_sum": 47, "route_short_name_sum": null, "services_unique": null, "total_departures_unique": null, "route_short_name_unique": "6" }, "geometry": { "type": "LineString", "coordinates": [ [ -9.39727, 38.74088 ], [ -9.39696, 38.74086 ], [ -9.39683, 38.74086 ], [ -9.39661, 38.74089 ], [ -9.39631, 38.74097 ], [ -9.39587, 38.74118 ], [ -9.39568, 38.74129 ], [ -9.39557, 38.74138 ], [ -9.39508, 38.74187 ], [ -9.39504, 38.74196 ], [ -9.39504, 38.74212 ] ] } },
{ "type": "Feature", "properties": { "services_sum": 1.0002778549597111, "total_departures_sum": 47, "route_short_name_sum": null, "services_unique": null, "total_departures_unique": null, "route_short_name_unique": "6" }, "geometry": { "type": "LineString", "coordinates": [ [ -9.39716, 38.73325 ], [ -9.39709, 38.73327 ] ] } },
{ "type": "Feature", "properties": { "services_sum": 1.0002778549597111, "total_departures_sum": 47, "route_short_name_sum": null, "services_unique": null, "total_departures_unique": null, "route_short_name_unique": "6" }, "geometry": { "type": "LineString", "coordinates": [ [ -9.39583, 38.73309 ], [ -9.39547, 38.73317 ], [ -9.395463020060577, 38.733172233580618 ], [ -9.39522, 38.73325 ] ] } },
{ "type": "Feature", "properties": { "services_sum": 1.0002778549597111, "total_departures_sum": 47, "route_short_name_sum": null, "services_unique": null, "total_departures_unique": null, "route_short_name_unique": "6" }, "geometry": { "type": "LineString", "coordinates": [ [ -9.39581, 38.73308 ], [ -9.395428973543053, 38.733177699109227 ], [ -9.39542, 38.73318 ] ] } },
{ "type": "Feature", "properties": { "services_sum": 1.0002778549597111, "total_departures_sum": 47, "route_short_name_sum": null, "services_unique": null, "total_departures_unique": null, "route_short_name_unique": "6" }, "geometry": { "type": "LineString", "coordinates": [ [ -9.39577, 38.71012 ], [ -9.39577222881946, 38.71010328392066 ], [ -9.39581, 38.70982 ], [ -9.39574, 38.7089 ], [ -9.395738552045074, 38.708887964097528 ], [ -9.39558, 38.70757 ], [ -9.395578628115722, 38.707559025022775 ], [ -9.3955, 38.70693 ] ] } },
{ "type": "Feature", "properties": { "services_sum": 1.0002778549597111, "total_departures_sum": 47, "route_short_name_sum": null, "services_unique": null, "total_departures_unique": null, "route_short_name_unique": "6" }, "geometry": { "type": "LineString", "coordinates": [ [ -9.39564, 38.71299 ], [ -9.394752285010053, 38.713157679549994 ], [ -9.39474, 38.71316 ], [ -9.39439, 38.71322 ], [ -9.39412, 38.71329 ], [ -9.39387, 38.71341 ] ] } },
{ "type": "Feature", "properties": { "services_sum": 1.0002778549597111, "total_departures_sum": 47, "route_short_name_sum": null, "services_unique": null, "total_departures_unique": null, "route_short_name_unique": "6" }, "geometry": { "type": "LineString", "coordinates": [ [ -9.39471, 38.74239 ], [ -9.39468, 38.74236 ], [ -9.39466, 38.74228 ], [ -9.39466, 38.74223 ], [ -9.39465, 38.74218 ], [ -9.39467, 38.7421 ], [ -9.3946, 38.74193 ], [ -9.39434, 38.74158 ], [ -9.39426, 38.74151 ], [ -9.39404, 38.74142 ], [ -9.3938, 38.74146 ], [ -9.39373, 38.7415 ], [ -9.39367, 38.7416 ], [ -9.39351, 38.74179 ], [ -9.39338, 38.74206 ], [ -9.393377224891866, 38.742065755827667 ], [ -9.39311, 38.74262 ], [ -9.3933, 38.74223 ], [ -9.393385973867685, 38.741980675930868 ], [ -9.3934, 38.74194 ], [ -9.39345, 38.74178 ], [ -9.39343, 38.74163 ], [ -9.39338, 38.74156 ], [ -9.39339, 38.74149 ], [ -9.39346, 38.74143 ], [ -9.39355, 38.74141 ], [ -9.39363, 38.74144 ], [ -9.39384, 38.74136 ], [ -9.39398, 38.74115 ], [ -9.39407, 38.74109 ], [ -9.3942, 38.74108 ], [ -9.39431, 38.74112 ] ] } },
{ "type": "Feature", "properties": { "services_sum": 1.0002778549597111, "total_departures_sum": 47, "route_short_name_sum": null, "services_unique": null, "total_departures_unique": null, "route_short_name_unique": "6" }, "geometry": { "type": "LineString", "coordinates": [ [ -9.39427, 38.71643 ], [ -9.394250232197599, 38.717092221452518 ], [ -9.39425, 38.7171 ] ] } },
{ "type": "Feature", "properties": { "services_sum": 1.0002778549597111, "total_departures_sum": 47, "route_short_name_sum": null, "services_unique": null, "total_departures_unique": null, "route_short_name_unique": "6" }, "geometry": { "type": "LineString", "coordinates": [ [ -9.39248, 38.74347 ], [ -9.39217, 38.74426 ], [ -9.392166460728514, 38.744268925194184 ], [ -9.39194, 38.74484 ], [ -9.39146, 38.74579 ], [ -9.391940966090948, 38.74481844905845 ], [ -9.39196, 38.74478 ], [ -9.39248, 38.74347 ] ] } },
{ "type": "Feature", "properties": { "services_sum": 1.0002778549597111, "total_departures_sum": 47, "route_short_name_sum": null, "services_unique": null, "total_departures_unique": null, "route_short_name_unique": "6" }, "geometry": { "type": "LineString", "coordinates": [ [ -9.39248, 38.74347 ], [ -9.39275, 38.74303 ], [ -9.39259, 38.74327 ], [ -9.39248, 38.74347 ] ] } },
{ "type": "Feature", "properties": { "services_sum": 1.0002778549597111, "total_departures_sum": 47, "route_short_name_sum": null, "services_unique": null, "total_departures_unique": null, "route_short_name_unique": "6" }, "geometry": { "type": "LineString", "coordinates": [ [ -9.39044, 38.73476 ], [ -9.390052090614462, 38.734879356738539 ], [ -9.39005, 38.73488 ], [ -9.38952, 38.73504 ], [ -9.38982, 38.73495 ], [ -9.389821310280189, 38.734949629706648 ], [ -9.39028, 38.73482 ] ] } },
{ "type": "Feature", "properties": { "services_sum": 1.0002778549597111, "total_departures_sum": 47, "route_short_name_sum": null, "services_unique": null, "total_departures_unique": null, "route_short_name_unique": "6" }, "geometry": { "type": "LineString", "coordinates": [ [ -9.38978, 38.73757 ], [ -9.38964, 38.73721 ], [ -9.389637398918987, 38.737203970266243 ], [ -9.38942, 38.7367 ] ] } },
{ "type": "Feature", "properties": { "services_sum": 1.0002778549597111, "total_departures_sum": 47, "route_short_name_sum": null, "services_unique": null, "total_departures_unique": null, "route_short_name_unique": "6" }, "geometry": { "type": "LineString", "coordinates": [ [ -9.38969, 38.73733 ], [ -9.389688615981383, 38.737326401565099 ], [ -9.38959, 38.73707 ] ] } },
{ "type": "Feature", "properties": { "services_sum": 1.0002778549597111, "total_departures_sum": 47, "route_short_name_sum": null, "services_unique": null, "total_departures_unique": null, "route_short_name_unique": "6" }, "geometry": { "type": "LineString", "coordinates": [ [ -9.38882, 38.73515 ], [ -9.38888, 38.73533 ], [ -9.38863, 38.73522 ] ] } },
{ "type": "Feature", "properties": { "services_sum": 1.0002778549597111, "total_departures_sum": 47, "route_short_name_sum": null, "services_unique": null, "total_departures_unique": null, "route_short_name_unique": "6" }, "geometry": { "type": "LineString", "coordinates": [ [ -9.38851, 38.74051 ], [ -9.388071329707566, 38.740749274709884 ], [ -9.38807, 38.74075 ], [ -9.38771, 38.74093 ], [ -9.38804, 38.74077 ], [ -9.38804, 38.74076 ], [ -9.38837, 38.74058 ] ] } },
{ "type": "Feature", "properties": { "services_sum": 1.0002778549597111, "total_departures_sum": 47, "route_short_name_sum": null, "services_unique": null, "total_departures_unique": null, "route_short_name_unique": "6" }, "geometry": { "type": "LineString", "coordinates": [ [ -9.38188, 38.74793 ], [ -9.38287, 38.7475 ], [ -9.38226, 38.74776 ], [ -9.382249511384019, 38.747764692275567 ], [ -9.38188, 38.74793 ] ] } },
{ "type": "Feature", "properties": { "services_sum": 1.0002778549597111, "total_departures_sum": 47, "route_short_name_sum": null, "services_unique": null, "total_departures_unique": null, "route_short_name_unique": "6" }, "geometry": { "type": "LineString", "coordinates": [ [ -9.38188, 38.74793 ], [ -9.381801364368417, 38.747723581467092 ], [ -9.3818, 38.74772 ], [ -9.38153, 38.74703 ], [ -9.38188, 38.74793 ] ] } },
{ "type": "Feature", "properties": { "services_sum": 1.0002778549597111, "total_departures_sum": 47, "route_short_name_sum": null, "services_unique": null, "total_departures_unique": null, "route_short_name_unique": "6" }, "geometry": { "type": "LineString", "coordinates": [ [ -9.38053, 38.74605 ], [ -9.38055, 38.74617 ], [ -9.38065, 38.74645 ], [ -9.3806, 38.74634 ], [ -9.38053, 38.74605 ] ] } },
{ "type": "Feature", "properties": { "services_sum": 1.0002778549597111, "total_departures_sum": 47, "route_short_name_sum": null, "services_unique": null, "total_departures_unique": null, "route_short_name_unique": "6" }, "geometry": { "type": "LineString", "coordinates": [ [ -9.38053, 38.74605 ], [ -9.380529373398094, 38.74568240418175 ], [ -9.38052, 38.74512 ], [ -9.38052, 38.745353439634364 ], [ -9.38052, 38.74535 ], [ -9.38053, 38.74605 ] ] } },
{ "type": "Feature", "properties": { "services_sum": 1.0002778549597111, "total_departures_sum": 47, "route_short_name_sum": null, "services_unique": null, "total_departures_unique": null, "route_short_name_unique": "6" }, "geometry": { "type": "LineString", "coordinates": [ [ -9.41473, 38.71539 ], [ -9.41458, 38.71551 ], [ -9.414393184493685, 38.715696815551269 ], [ -9.41438, 38.71571 ], [ -9.4142, 38.71591 ], [ -9.41456, 38.71553 ], [ -9.414557255332351, 38.715532744678967 ], [ -9.41453, 38.71556 ], [ -9.41473, 38.71539 ] ] } },
{ "type": "Feature", "properties": { "services_sum": 1.0002778549597111, "total_departures_sum": 47, "route_short_name_sum": null, "services_unique": null, "total_departures_unique": null, "route_short_name_unique": "6" }, "geometry": { "type": "LineString", "coordinates": [ [ -9.41404, 38.71316 ], [ -9.413945459382139, 38.713575978860575 ], [ -9.41394, 38.7136 ], [ -9.41386, 38.71439 ], [ -9.413917407133544, 38.71380636102483 ], [ -9.41392, 38.71378 ], [ -9.41404, 38.71316 ] ] } },
{ "type": "Feature", "properties": { "services_sum": 1.0002778549597111, "total_departures_sum": 47, "route_short_name_sum": null, "services_unique": null, "total_departures_unique": null, "route_short_name_unique": "6" }, "geometry": { "type": "LineString", "coordinates": [ [ -9.39307, 38.73412 ], [ -9.392702633470813, 38.734080284703822 ], [ -9.3927, 38.73408 ], [ -9.39211, 38.73403 ], [ -9.39272, 38.73409 ], [ -9.392728020708564, 38.734090687501265 ], [ -9.39307, 38.73412 ] ] } },
{ "type": "Feature", "properties": { "services_sum": 1.0002778549597111, "total_departures_sum": 47, "route_short_name_sum": null, "services_unique": null, "total_departures_unique": null, "route_short_name_unique": "6" }, "geometry": { "type": "LineString", "coordinates": [ [ -9.39218, 38.73955 ], [ -9.39208254000936, 38.739618221995329 ], [ -9.391979758227661, 38.739680109896518 ], [ -9.39176, 38.73978 ], [ -9.39175347140308, 38.739781571699261 ], [ -9.39122, 38.73991 ], [ -9.391757023847926, 38.739780716481057 ], [ -9.392061145123918, 38.739632284152989 ], [ -9.39218, 38.73955 ] ] } },
{ "type": "Feature", "properties": { "services_sum": 1.0002778549597111, "total_departures_sum": 47, "route_short_name_sum": null, "services_unique": null, "total_departures_unique": null, "route_short_name_unique": "6" }, "geometry": { "type": "LineString", "coordinates": [ [ -9.39112, 38.74583 ], [ -9.38959, 38.74563 ], [ -9.389578480208748, 38.745628523143438 ], [ -9.38881, 38.74553 ], [ -9.389508528646743, 38.745623137315008 ], [ -9.38956, 38.74563 ], [ -9.39112, 38.74583 ] ] } },
{ "type": "Feature", "properties": { "services_sum": 1.0002778549597111, "total_departures_sum": 47, "route_short_name_sum": null, "services_unique": null, "total_departures_unique": null, "route_short_name_unique": "6" }, "geometry": { "type": "LineString", "coordinates": [ [ -9.39024, 38.74039 ], [ -9.38975, 38.74037 ], [ -9.389742538324072, 38.74037 ], [ -9.38901, 38.74037 ], [ -9.389386475078236, 38.74037 ], [ -9.39024, 38.74039 ] ] } },
{ "type": "Feature", "properties": { "services_sum": 1.0002778549597111, "total_departures_sum": 47, "route_short_name_sum": null, "services_unique": null, "total_departures_unique": null, "route_short_name_unique": "6" }, "geometry": { "type": "LineString", "coordinates": [ [ -9.3886, 38.74557 ], [ -9.38659, 38.74627 ], [ -9.386585796293415, 38.746271451321419 ], [ -9.38491, 38.74685 ], [ -9.386529237242858, 38.7462939972405 ], [ -9.38657, 38.74628 ], [ -9.3886, 38.74557 ] ] } },
{ "type": "Feature", "properties": { "services_sum": 1.0002778549597111, "total_departures_sum": 47, "route_short_name_sum": null, "services_unique": null, "total_departures_unique": null, "route_short_name_unique": "6" }, "geometry": { "type": "LineString", "coordinates": [ [ -9.38517, 38.74133 ], [ -9.384803344777682, 38.741587649629395 ], [ -9.3848, 38.74159 ], [ -9.38465, 38.7417 ], [ -9.38448, 38.74177 ], [ -9.38463, 38.74171 ], [ -9.384668612822725, 38.74168282823036 ], [ -9.38517, 38.74133 ] ] } },
{ "type": "Feature", "properties": { "services_sum": 1.0002778549597111, "total_departures_sum": 47, "route_short_name_sum": null, "services_unique": null, "total_departures_unique": null, "route_short_name_unique": "6" }, "geometry": { "type": "LineString", "coordinates": [ [ -9.38474, 38.74687 ], [ -9.38447, 38.74689 ], [ -9.384467834148127, 38.746890086636363 ], [ -9.38422, 38.7469 ], [ -9.38398, 38.74697 ], [ -9.38426, 38.7469 ], [ -9.384254987566054, 38.746900000006697 ], [ -9.3843, 38.7469 ], [ -9.38474, 38.74687 ] ] } },
{ "type": "Feature", "properties": { "services_sum": 1.0002778549597111, "total_departures_sum": 47, "route_short_name_sum": null, "services_unique": null, "total_departures_unique": null, "route_short_name_unique": "6" }, "geometry": { "type": "LineString", "coordinates": [ [ -9.38232, 38.742 ], [ -9.381752824528125, 38.742519911147603 ], [ -9.38172, 38.74255 ], [ -9.38148, 38.74274 ], [ -9.38178, 38.7425 ], [ -9.381781580605763, 38.742498536489997 ], [ -9.38232, 38.742 ] ] } },
{ "type": "Feature", "properties": { "services_sum": 1.0002778549597111, "total_departures_sum": 67, "route_short_name_sum": null, "services_unique": null, "total_departures_unique": null, "route_short_name_unique": "7" }, "geometry": { "type": "LineString", "coordinates": [ [ -9.418660104274752, 38.701937146256135 ], [ -9.419203251600267, 38.70212564549351 ], [ -9.419083893299105, 38.702525381566659 ], [ -9.41908121109009, 38.703450654628625 ], [ -9.418917596340181, 38.703492474300241 ], [ -9.41892, 38.70349 ], [ -9.41853, 38.70348 ], [ -9.41819, 38.70347 ] ] } },
{ "type": "Feature", "properties": { "services_sum": 1.0002778549597111, "total_departures_sum": 67, "route_short_name_sum": null, "services_unique": null, "total_departures_unique": null, "route_short_name_unique": "7" }, "geometry": { "type": "LineString", "coordinates": [ [ -9.418617859482767, 38.701897918259881 ], [ -9.41801981902637, 38.70155604536631 ], [ -9.41795, 38.70154 ] ] } },
{ "type": "Feature", "properties": { "services_sum": 1.0002778549597111, "total_departures_sum": 67, "route_short_name_sum": null, "services_unique": null, "total_departures_unique": null, "route_short_name_unique": "7" }, "geometry": { "type": "LineString", "coordinates": [ [ -9.41829, 38.70692 ], [ -9.418013895904085, 38.705933914139621 ], [ -9.41782, 38.70511 ] ] } },
{ "type": "Feature", "properties": { "services_sum": 1.0002778549597111, "total_departures_sum": 67, "route_short_name_sum": null, "services_unique": null, "total_departures_unique": null, "route_short_name_unique": "7" }, "geometry": { "type": "LineString", "coordinates": [ [ -9.41813, 38.70795 ], [ -9.41804, 38.7082 ], [ -9.418036404292652, 38.708212584998705 ], [ -9.418, 38.70834 ] ] } },
{ "type": "Feature", "properties": { "services_sum": 1.0002778549597111, "total_departures_sum": 67, "route_short_name_sum": null, "services_unique": null, "total_departures_unique": null, "route_short_name_unique": "7" }, "geometry": { "type": "LineString", "coordinates": [ [ -9.41802, 38.70998 ], [ -9.41799, 38.71033 ], [ -9.417988827594296, 38.710340551689761 ], [ -9.41796, 38.7106 ] ] } },
{ "type": "Feature", "properties": { "services_sum": 1.0002778549597111, "total_departures_sum": 67, "route_short_name_sum": null, "services_unique": null, "total_departures_unique": null, "route_short_name_unique": "7" }, "geometry": { "type": "LineString", "coordinates": [ [ -9.41789, 38.7055 ], [ -9.417812637597086, 38.705180880137412 ], [ -9.41782, 38.70518 ], [ -9.41775, 38.70462 ] ] } },
{ "type": "Feature", "properties": { "services_sum": 1.0002778549597111, "total_departures_sum": 67, "route_short_name_sum": null, "services_unique": null, "total_departures_unique": null, "route_short_name_unique": "7" }, "geometry": { "type": "LineString", "coordinates": [ [ -9.41739, 38.70818 ], [ -9.417374410805499, 38.70818124721923 ], [ -9.41614, 38.70828 ] ] } },
{ "type": "Feature", "properties": { "services_sum": 1.0002778549597111, "total_departures_sum": 67, "route_short_name_sum": null, "services_unique": null, "total_departures_unique": null, "route_short_name_unique": "7" }, "geometry": { "type": "LineString", "coordinates": [ [ -9.41594, 38.71046 ], [ -9.41574, 38.71039 ] ] } },
{ "type": "Feature", "properties": { "services_sum": 1.0002778549597111, "total_departures_sum": 67, "route_short_name_sum": null, "services_unique": null, "total_departures_unique": null, "route_short_name_unique": "7" }, "geometry": { "type": "LineString", "coordinates": [ [ -9.4151, 38.71098 ], [ -9.414801414613979, 38.711557265103529 ], [ -9.4148, 38.71156 ] ] } },
{ "type": "Feature", "properties": { "services_sum": 1.0002778549597111, "total_departures_sum": 67, "route_short_name_sum": null, "services_unique": null, "total_departures_unique": null, "route_short_name_unique": "7" }, "geometry": { "type": "LineString", "coordinates": [ [ -9.41469, 38.71177 ], [ -9.414686641878234, 38.711776410999938 ], [ -9.41447, 38.71219 ] ] } },
{ "type": "Feature", "properties": { "services_sum": 1.0002778549597111, "total_departures_sum": 67, "route_short_name_sum": null, "services_unique": null, "total_departures_unique": null, "route_short_name_unique": "7" }, "geometry": { "type": "LineString", "coordinates": [ [ -9.41374, 38.70791 ], [ -9.41342, 38.70807 ], [ -9.413409855095665, 38.708075917870914 ], [ -9.4133, 38.70814 ] ] } },
{ "type": "Feature", "properties": { "services_sum": 1.0002778549597111, "total_departures_sum": 67, "route_short_name_sum": null, "services_unique": null, "total_departures_unique": null, "route_short_name_unique": "7" }, "geometry": { "type": "LineString", "coordinates": [ [ -9.41374, 38.70791 ], [ -9.4133, 38.70814 ] ] } },
{ "type": "Feature", "properties": { "services_sum": 1.0002778549597111, "total_departures_sum": 67, "route_short_name_sum": null, "services_unique": null, "total_departures_unique": null, "route_short_name_unique": "7" }, "geometry": { "type": "LineString", "coordinates": [ [ -9.41374, 38.70791 ], [ -9.41388, 38.70789 ], [ -9.41405, 38.70812 ], [ -9.41397, 38.70801 ], [ -9.41395, 38.70795 ], [ -9.41398, 38.70786 ], [ -9.41399, 38.70778 ], [ -9.41394, 38.70775 ], [ -9.41388, 38.70774 ], [ -9.41383, 38.70777 ], [ -9.41374, 38.70791 ] ] } },
{ "type": "Feature", "properties": { "services_sum": 1.0002778549597111, "total_departures_sum": 67, "route_short_name_sum": null, "services_unique": null, "total_departures_unique": null, "route_short_name_unique": "7" }, "geometry": { "type": "LineString", "coordinates": [ [ -9.4133, 38.70814 ], [ -9.41321, 38.70817 ], [ -9.413179574723967, 38.708180738358209 ], [ -9.41304, 38.70823 ], [ -9.4133, 38.70814 ] ] } },
{ "type": "Feature", "properties": { "services_sum": 1.0002778549597111, "total_departures_sum": 67, "route_short_name_sum": null, "services_unique": null, "total_departures_unique": null, "route_short_name_unique": "7" }, "geometry": { "type": "LineString", "coordinates": [ [ -9.40996, 38.72303 ], [ -9.41006, 38.72287 ], [ -9.4101, 38.72269 ], [ -9.41012, 38.72258 ], [ -9.4101, 38.7224 ], [ -9.410099443194754, 38.722395545577818 ], [ -9.41006, 38.72208 ], [ -9.41002, 38.72189 ], [ -9.40982, 38.72135 ], [ -9.4098, 38.72124 ], [ -9.4098, 38.72085 ], [ -9.40977, 38.72064 ], [ -9.40962, 38.7202 ], [ -9.4096, 38.7199 ], [ -9.4096, 38.719899766266508 ], [ -9.4096, 38.71949 ], [ -9.40957, 38.71925 ], [ -9.40963, 38.7191 ], [ -9.409610890182464, 38.719014005825976 ], [ -9.40961, 38.71901 ], [ -9.40959, 38.71893 ], [ -9.4096, 38.71882 ], [ -9.40966, 38.71868 ], [ -9.40976, 38.7182 ], [ -9.40994, 38.71777 ], [ -9.41013, 38.7176 ], [ -9.40999, 38.71752 ], [ -9.40965, 38.71724 ], [ -9.4095, 38.71718 ], [ -9.4093, 38.71715 ], [ -9.40929, 38.71703 ], [ -9.40928992429369, 38.717026366170167 ], [ -9.40926, 38.71559 ], [ -9.40922, 38.71529 ], [ -9.40921967489102, 38.715287594205996 ], [ -9.40917, 38.71492 ], [ -9.40912, 38.71467 ], [ -9.40909, 38.71435 ], [ -9.40891, 38.71346 ], [ -9.40878, 38.71314 ], [ -9.40869, 38.71296 ], [ -9.4085, 38.71279 ], [ -9.408681388918906, 38.712589517544039 ], [ -9.40869, 38.71258 ], [ -9.4092, 38.71205 ], [ -9.4086, 38.71268 ], [ -9.408584453011958, 38.7126970516318 ], [ -9.40829, 38.71302 ], [ -9.40818, 38.71333 ], [ -9.40804, 38.71402 ], [ -9.40804, 38.71424 ], [ -9.40818, 38.71491 ], [ -9.40826, 38.71522 ], [ -9.408265478417473, 38.715237348365164 ], [ -9.40832, 38.71541 ], [ -9.40843, 38.71565 ], [ -9.40846, 38.71597 ], [ -9.40846, 38.71617 ], [ -9.40865, 38.71656 ], [ -9.40868, 38.71669 ], [ -9.40869, 38.7171 ], [ -9.408686758019313, 38.717123990773885 ], [ -9.40864, 38.71747 ], [ -9.40869, 38.71767 ], [ -9.40902, 38.71791 ], [ -9.40926, 38.71829 ], [ -9.40901, 38.7184 ], [ -9.408982966726743, 38.718410813330905 ], [ -9.40886, 38.71846 ], [ -9.40871, 38.71868 ], [ -9.40862, 38.71908 ], [ -9.408615181378467, 38.719102165724436 ], [ -9.40857, 38.71931 ], [ -9.40869, 38.71936 ], [ -9.40887, 38.71957 ], [ -9.40898, 38.71978 ], [ -9.40903, 38.71994 ], [ -9.40903, 38.72036 ], [ -9.40882, 38.72189 ], [ -9.408817473496955, 38.721919054960651 ], [ -9.40878, 38.72235 ], [ -9.40889, 38.72317 ], [ -9.40897, 38.72329 ], [ -9.40913, 38.72337 ] ] } },
{ "type": "Feature", "properties": { "services_sum": 1.0002778549597111, "total_departures_sum": 67, "route_short_name_sum": null, "services_unique": null, "total_departures_unique": null, "route_short_name_unique": "7" }, "geometry": { "type": "LineString", "coordinates": [ [ -9.40861, 38.72394 ], [ -9.40861, 38.72397 ], [ -9.408608900898288, 38.723976154993395 ], [ -9.40856, 38.72425 ], [ -9.40861, 38.72394 ] ] } },
{ "type": "Feature", "properties": { "services_sum": 1.0002778549597111, "total_departures_sum": 67, "route_short_name_sum": null, "services_unique": null, "total_departures_unique": null, "route_short_name_unique": "7" }, "geometry": { "type": "LineString", "coordinates": [ [ -9.40861, 38.72394 ], [ -9.40891, 38.72354 ], [ -9.40871, 38.72381 ], [ -9.408688597970549, 38.723837822685233 ], [ -9.40861, 38.72394 ] ] } },
{ "type": "Feature", "properties": { "services_sum": 1.0002778549597111, "total_departures_sum": 67, "route_short_name_sum": null, "services_unique": null, "total_departures_unique": null, "route_short_name_unique": "7" }, "geometry": { "type": "LineString", "coordinates": [ [ -9.40743, 38.72258 ], [ -9.40743, 38.72325 ], [ -9.40742, 38.72263 ], [ -9.40743, 38.72258 ] ] } },
{ "type": "Feature", "properties": { "services_sum": 1.0002778549597111, "total_departures_sum": 67, "route_short_name_sum": null, "services_unique": null, "total_departures_unique": null, "route_short_name_unique": "7" }, "geometry": { "type": "LineString", "coordinates": [ [ -9.40743, 38.72258 ], [ -9.40742, 38.72244 ], [ -9.40739, 38.72239 ], [ -9.40739, 38.72236 ], [ -9.4073, 38.72194 ], [ -9.407298934509212, 38.721932328504366 ], [ -9.40725, 38.72158 ], [ -9.407305777014397, 38.721979735440129 ], [ -9.40731, 38.72201 ], [ -9.40736, 38.72221 ], [ -9.40755, 38.72237 ], [ -9.40753, 38.72242 ], [ -9.4075, 38.72244 ], [ -9.40743, 38.72258 ] ] } },
{ "type": "Feature", "properties": { "services_sum": 1.0002778549597111, "total_departures_sum": 67, "route_short_name_sum": null, "services_unique": null, "total_departures_unique": null, "route_short_name_unique": "7" }, "geometry": { "type": "LineString", "coordinates": [ [ -9.40675, 38.71942 ], [ -9.40681877024466, 38.719744202608631 ], [ -9.40682, 38.71975 ], [ -9.40696, 38.72029 ], [ -9.40685, 38.71984 ], [ -9.406841576974397, 38.719804623486155 ], [ -9.40675, 38.71942 ] ] } },
{ "type": "Feature", "properties": { "services_sum": 1.0002778549597111, "total_departures_sum": 67, "route_short_name_sum": null, "services_unique": null, "total_departures_unique": null, "route_short_name_unique": "7" }, "geometry": { "type": "LineString", "coordinates": [ [ -9.40675, 38.71942 ], [ -9.4069, 38.71927 ], [ -9.40698, 38.71924 ], [ -9.40701, 38.71918 ], [ -9.40697, 38.71909 ], [ -9.40687, 38.71907 ], [ -9.40674, 38.7189 ], [ -9.40679, 38.71909 ], [ -9.40674, 38.71915 ], [ -9.40674, 38.7192 ] ] } },
{ "type": "Feature", "properties": { "services_sum": 1.0002778549597111, "total_departures_sum": 67, "route_short_name_sum": null, "services_unique": null, "total_departures_unique": null, "route_short_name_unique": "7" }, "geometry": { "type": "LineString", "coordinates": [ [ -9.40464, 38.70845 ], [ -9.404659537625383, 38.708723526780183 ], [ -9.40466, 38.70873 ], [ -9.40469, 38.70915 ], [ -9.40466, 38.70869 ], [ -9.404658270124708, 38.708669241560287 ], [ -9.40464, 38.70845 ] ] } },
{ "type": "Feature", "properties": { "services_sum": 1.0002778549597111, "total_departures_sum": 67, "route_short_name_sum": null, "services_unique": null, "total_departures_unique": null, "route_short_name_unique": "7" }, "geometry": { "type": "LineString", "coordinates": [ [ -9.40464, 38.70845 ], [ -9.40436, 38.70747 ], [ -9.404354108501433, 38.70744475081905 ], [ -9.40429, 38.70717 ], [ -9.40421, 38.70713 ], [ -9.40415, 38.70713 ], [ -9.40387, 38.70738 ], [ -9.40373, 38.70763 ], [ -9.40379, 38.7075 ], [ -9.40393, 38.7074 ], [ -9.40417, 38.70719 ], [ -9.40422, 38.70718 ], [ -9.40429, 38.70722 ], [ -9.40464, 38.70845 ] ] } },
{ "type": "Feature", "properties": { "services_sum": 1.0002778549597111, "total_departures_sum": 67, "route_short_name_sum": null, "services_unique": null, "total_departures_unique": null, "route_short_name_unique": "7" }, "geometry": { "type": "LineString", "coordinates": [ [ -9.39924, 38.7038 ], [ -9.399040485494467, 38.704358640626523 ], [ -9.39904, 38.70436 ] ] } },
{ "type": "Feature", "properties": { "services_sum": 1.0002778549597111, "total_departures_sum": 67, "route_short_name_sum": null, "services_unique": null, "total_departures_unique": null, "route_short_name_unique": "7" }, "geometry": { "type": "LineString", "coordinates": [ [ -9.39778, 38.70813 ], [ -9.397062876664277, 38.7079805993151 ], [ -9.39706, 38.70798 ] ] } },
{ "type": "Feature", "properties": { "services_sum": 1.0002778549597111, "total_departures_sum": 67, "route_short_name_sum": null, "services_unique": null, "total_departures_unique": null, "route_short_name_unique": "7" }, "geometry": { "type": "LineString", "coordinates": [ [ -9.39581, 38.70982 ], [ -9.3957, 38.71064 ], [ -9.395699281755796, 38.710645586398343 ], [ -9.39561, 38.71134 ] ] } },
{ "type": "Feature", "properties": { "services_sum": 1.0002778549597111, "total_departures_sum": 67, "route_short_name_sum": null, "services_unique": null, "total_departures_unique": null, "route_short_name_unique": "7" }, "geometry": { "type": "LineString", "coordinates": [ [ -9.39581, 38.70982 ], [ -9.39577, 38.71012 ] ] } },
{ "type": "Feature", "properties": { "services_sum": 1.0002778549597111, "total_departures_sum": 67, "route_short_name_sum": null, "services_unique": null, "total_departures_unique": null, "route_short_name_unique": "7" }, "geometry": { "type": "LineString", "coordinates": [ [ -9.39581, 38.70982 ], [ -9.395740358303904, 38.708904709197398 ], [ -9.39574, 38.7089 ], [ -9.395580692191299, 38.707575753947189 ], [ -9.39558, 38.70757 ], [ -9.3955, 38.70693 ] ] } },
{ "type": "Feature", "properties": { "services_sum": 1.0002778549597111, "total_departures_sum": 67, "route_short_name_sum": null, "services_unique": null, "total_departures_unique": null, "route_short_name_unique": "7" }, "geometry": { "type": "LineString", "coordinates": [ [ -9.39581, 38.70982 ], [ -9.39574056419359, 38.708927254008309 ], [ -9.39574, 38.70892 ], [ -9.395570141379626, 38.707511172642455 ], [ -9.39557, 38.70751 ], [ -9.39537052432323, 38.705515243379033 ], [ -9.39537, 38.70551 ], [ -9.39535, 38.70531 ] ] } },
{ "type": "Feature", "properties": { "services_sum": 1.0002778549597111, "total_departures_sum": 67, "route_short_name_sum": null, "services_unique": null, "total_departures_unique": null, "route_short_name_unique": "7" }, "geometry": { "type": "LineString", "coordinates": [ [ -9.39428, 38.70384 ], [ -9.39424, 38.70449 ] ] } },
{ "type": "Feature", "properties": { "services_sum": 1.0002778549597111, "total_departures_sum": 67, "route_short_name_sum": null, "services_unique": null, "total_departures_unique": null, "route_short_name_unique": "7" }, "geometry": { "type": "LineString", "coordinates": [ [ -9.41401, 38.70976 ], [ -9.414, 38.70981 ], [ -9.41396, 38.70985 ], [ -9.4139, 38.70985 ], [ -9.41384, 38.70981 ], [ -9.41384, 38.70978 ], [ -9.41386, 38.70973 ], [ -9.41396, 38.70972 ], [ -9.41401, 38.70976 ] ] } },
{ "type": "Feature", "properties": { "services_sum": 1.0002778549597111, "total_departures_sum": 67, "route_short_name_sum": null, "services_unique": null, "total_departures_unique": null, "route_short_name_unique": "7" }, "geometry": { "type": "LineString", "coordinates": [ [ -9.41356, 38.70982 ], [ -9.413165406420292, 38.710076485848504 ], [ -9.41316, 38.71008 ], [ -9.41279, 38.71034 ], [ -9.41318, 38.71007 ], [ -9.41320104467259, 38.710056154898574 ], [ -9.41356, 38.70982 ] ] } },
{ "type": "Feature", "properties": { "services_sum": 1.0002778549597111, "total_departures_sum": 67, "route_short_name_sum": null, "services_unique": null, "total_departures_unique": null, "route_short_name_unique": "7" }, "geometry": { "type": "LineString", "coordinates": [ [ -9.41353, 38.71172 ], [ -9.41338, 38.71164 ], [ -9.413360733485248, 38.711631107777869 ], [ -9.41325, 38.71158 ], [ -9.41283, 38.71148 ], [ -9.413193498266235, 38.711568418509216 ], [ -9.4132, 38.71157 ], [ -9.41341, 38.71166 ], [ -9.41353, 38.71172 ] ] } },
{ "type": "Feature", "properties": { "services_sum": 1.0002778549597111, "total_departures_sum": 67, "route_short_name_sum": null, "services_unique": null, "total_departures_unique": null, "route_short_name_unique": "7" }, "geometry": { "type": "LineString", "coordinates": [ [ -9.41046, 38.70762 ], [ -9.41041, 38.70792 ], [ -9.410408445944732, 38.707928273269658 ], [ -9.41007, 38.70973 ], [ -9.410068030286293, 38.70973968450533 ], [ -9.40995, 38.71032 ], [ -9.410044586929562, 38.709894358964178 ], [ -9.41005, 38.70987 ], [ -9.410406588356295, 38.707948385468192 ], [ -9.41041, 38.70793 ], [ -9.41046, 38.70762 ] ] } },
{ "type": "Feature", "properties": { "services_sum": 1.0002778549597111, "total_departures_sum": 67, "route_short_name_sum": null, "services_unique": null, "total_departures_unique": null, "route_short_name_unique": "7" }, "geometry": { "type": "LineString", "coordinates": [ [ -9.40822, 38.72447 ], [ -9.40785, 38.72443 ], [ -9.40765, 38.72438 ], [ -9.407644938631181, 38.724378734662849 ], [ -9.40745, 38.72433 ], [ -9.407842136203842, 38.724421194540497 ], [ -9.40788, 38.72443 ], [ -9.40822, 38.72447 ] ] } },
{ "type": "Feature", "properties": { "services_sum": 1.0002778549597111, "total_departures_sum": 67, "route_short_name_sum": null, "services_unique": null, "total_departures_unique": null, "route_short_name_unique": "7" }, "geometry": { "type": "LineString", "coordinates": [ [ -9.40623, 38.71744 ], [ -9.40591, 38.71685 ], [ -9.405905640196304, 38.71684059205873 ], [ -9.40572, 38.71644 ], [ -9.40558, 38.71606 ], [ -9.405608827731902, 38.71613206935929 ], [ -9.40562, 38.71616 ], [ -9.40587, 38.71678 ], [ -9.40623, 38.71744 ] ] } },
{ "type": "Feature", "properties": { "services_sum": 1.0002778549597111, "total_departures_sum": 67, "route_short_name_sum": null, "services_unique": null, "total_departures_unique": null, "route_short_name_unique": "7" }, "geometry": { "type": "LineString", "coordinates": [ [ -9.40515, 38.71406 ], [ -9.40507, 38.71327 ], [ -9.405067445068608, 38.71324664082951 ], [ -9.405, 38.71263 ], [ -9.405079440213601, 38.713414472170165 ], [ -9.40508, 38.71342 ], [ -9.40515, 38.71406 ] ] } },
{ "type": "Feature", "properties": { "services_sum": 1.0002778549597111, "total_departures_sum": 67, "route_short_name_sum": null, "services_unique": null, "total_departures_unique": null, "route_short_name_unique": "7" }, "geometry": { "type": "LineString", "coordinates": [ [ -9.40496, 38.71131 ], [ -9.40493, 38.71121 ], [ -9.4048, 38.71089 ], [ -9.404798185742065, 38.710886673877027 ], [ -9.40462, 38.71056 ], [ -9.404818816767072, 38.710910296314665 ], [ -9.40483, 38.71093 ], [ -9.40496, 38.71131 ] ] } },
{ "type": "Feature", "properties": { "services_sum": 1.0002778549597111, "total_departures_sum": 67, "route_short_name_sum": null, "services_unique": null, "total_departures_unique": null, "route_short_name_unique": "7" }, "geometry": { "type": "LineString", "coordinates": [ [ -9.4036, 38.70763 ], [ -9.403311284710178, 38.707716614604927 ], [ -9.4033, 38.70772 ], [ -9.40322, 38.70774 ], [ -9.4036, 38.70763 ] ] } },
{ "type": "Feature", "properties": { "services_sum": 1.0002778549597111, "total_departures_sum": 67, "route_short_name_sum": null, "services_unique": null, "total_departures_unique": null, "route_short_name_unique": "7" }, "geometry": { "type": "LineString", "coordinates": [ [ -9.4011, 38.70804 ], [ -9.40082, 38.70821 ], [ -9.400794920250256, 38.708225371527497 ], [ -9.40051, 38.7084 ], [ -9.40068, 38.7083 ], [ -9.400686380659653, 38.708296050093217 ], [ -9.4011, 38.70804 ] ] } },
{ "type": "Feature", "properties": { "services_sum": 1.0002778549597111, "total_departures_sum": 67, "route_short_name_sum": null, "services_unique": null, "total_departures_unique": null, "route_short_name_unique": "7" }, "geometry": { "type": "LineString", "coordinates": [ [ -9.39939, 38.71029 ], [ -9.398564186553658, 38.71123520823955 ], [ -9.39856, 38.71124 ], [ -9.39819, 38.71168 ], [ -9.398737171395128, 38.711044890507125 ], [ -9.39875, 38.71103 ], [ -9.39939, 38.71029 ] ] } },
{ "type": "Feature", "properties": { "services_sum": 1.0002778549597111, "total_departures_sum": 67, "route_short_name_sum": null, "services_unique": null, "total_departures_unique": null, "route_short_name_unique": "7" }, "geometry": { "type": "LineString", "coordinates": [ [ -9.39736, 38.71241 ], [ -9.3971, 38.71259 ], [ -9.39699, 38.71265 ], [ -9.39736, 38.71241 ] ] } },
{ "type": "Feature", "properties": { "services_sum": 1.0002778549597111, "total_departures_sum": 67, "route_short_name_sum": null, "services_unique": null, "total_departures_unique": null, "route_short_name_unique": "7" }, "geometry": { "type": "LineString", "coordinates": [ [ -9.3965, 38.71283 ], [ -9.39602, 38.71292 ], [ -9.395989141792422, 38.712925684457652 ], [ -9.39564, 38.71299 ], [ -9.39581, 38.71296 ], [ -9.395814293132903, 38.712959191162881 ], [ -9.3965, 38.71283 ] ] } },
{ "type": "Feature", "properties": { "services_sum": 3.0008335648791333, "total_departures_sum": 153, "route_short_name_sum": null, "services_unique": null, "total_departures_unique": null, "route_short_name_unique": "6, 7, 11" }, "geometry": { "type": "LineString", "coordinates": [ [ -9.41856, 38.70741 ], [ -9.41855, 38.70745 ], [ -9.4185, 38.70751 ] ] } },
{ "type": "Feature", "properties": { "services_sum": 3.0008335648791333, "total_departures_sum": 153, "route_short_name_sum": null, "services_unique": null, "total_departures_unique": null, "route_short_name_unique": "6, 7, 11" }, "geometry": { "type": "LineString", "coordinates": [ [ -9.41844, 38.70753 ], [ -9.41839, 38.70752 ], [ -9.41823, 38.70774 ] ] } },
{ "type": "Feature", "properties": { "services_sum": 3.0008335648791333, "total_departures_sum": 153, "route_short_name_sum": null, "services_unique": null, "total_departures_unique": null, "route_short_name_unique": "6, 7, 11" }, "geometry": { "type": "LineString", "coordinates": [ [ -9.41802, 38.70998 ], [ -9.41799, 38.70935 ], [ -9.41794, 38.70873 ], [ -9.418, 38.70834 ] ] } },
{ "type": "Feature", "properties": { "services_sum": 3.0008335648791333, "total_departures_sum": 153, "route_short_name_sum": null, "services_unique": null, "total_departures_unique": null, "route_short_name_unique": "6, 7, 11" }, "geometry": { "type": "LineString", "coordinates": [ [ -9.41796, 38.7106 ], [ -9.41801, 38.71061 ], [ -9.41807, 38.71065 ], [ -9.41809, 38.71071 ], [ -9.41807, 38.71077 ], [ -9.41801, 38.71082 ], [ -9.41793, 38.71084 ] ] } },
{ "type": "Feature", "properties": { "services_sum": 4.0011114198388444, "total_departures_sum": 271, "route_short_name_sum": null, "services_unique": null, "total_departures_unique": null, "route_short_name_unique": "13, 6, 7, 11" }, "geometry": { "type": "LineString", "coordinates": [ [ -9.41856, 38.70741 ], [ -9.41829, 38.70692 ], [ -9.41789, 38.7055 ] ] } },
{ "type": "Feature", "properties": { "services_sum": 4.0011114198388444, "total_departures_sum": 271, "route_short_name_sum": null, "services_unique": null, "total_departures_unique": null, "route_short_name_unique": "13, 6, 7, 11" }, "geometry": { "type": "LineString", "coordinates": [ [ -9.41799, 38.70337 ], [ -9.41805, 38.70345 ], [ -9.41804, 38.70352 ], [ -9.41798, 38.70356 ], [ -9.41791, 38.70374 ], [ -9.41776, 38.7043 ], [ -9.41775, 38.70462 ] ] } },
{ "type": "Feature", "properties": { "services_sum": 4.0011114198388444, "total_departures_sum": 271, "route_short_name_sum": null, "services_unique": null, "total_departures_unique": null, "route_short_name_unique": "13, 6, 7, 11" }, "geometry": { "type": "LineString", "coordinates": [ [ -9.41789, 38.70286 ], [ -9.41786, 38.70254 ] ] } },
{ "type": "Feature", "properties": { "services_sum": 4.0011114198388444, "total_departures_sum": 271, "route_short_name_sum": null, "services_unique": null, "total_departures_unique": null, "route_short_name_unique": "13, 6, 7, 11" }, "geometry": { "type": "LineString", "coordinates": [ [ -9.39821, 38.70347 ], [ -9.39749, 38.70342 ], [ -9.39754, 38.70342 ], [ -9.39695, 38.7034 ], [ -9.39654, 38.70342 ], [ -9.39541, 38.70343 ], [ -9.39513, 38.70341 ], [ -9.39478, 38.70336 ], [ -9.39456, 38.70338 ], [ -9.39446, 38.70342 ] ] } },
{ "type": "Feature", "properties": { "services_sum": 4.0011114198388444, "total_departures_sum": 271, "route_short_name_sum": null, "services_unique": null, "total_departures_unique": null, "route_short_name_unique": "13, 6, 7, 11" }, "geometry": { "type": "LineString", "coordinates": [ [ -9.39433, 38.70355 ], [ -9.39428, 38.70384 ] ] } },
{ "type": "Feature", "properties": { "services_sum": 2.0005557099194222, "total_departures_sum": 134, "route_short_name_sum": null, "services_unique": null, "total_departures_unique": null, "route_short_name_unique": "7" }, "geometry": { "type": "LineString", "coordinates": [ [ -9.41853, 38.70348 ], [ -9.418525994371112, 38.703479882187388 ] ] } },
{ "type": "Feature", "properties": { "services_sum": 2.0005557099194222, "total_departures_sum": 134, "route_short_name_sum": null, "services_unique": null, "total_departures_unique": null, "route_short_name_unique": "7" }, "geometry": { "type": "LineString", "coordinates": [ [ -9.41428, 38.71225 ], [ -9.41379, 38.7121 ], [ -9.41361, 38.71191 ], [ -9.41353, 38.71172 ] ] } },
{ "type": "Feature", "properties": { "services_sum": 2.0005557099194222, "total_departures_sum": 134, "route_short_name_sum": null, "services_unique": null, "total_departures_unique": null, "route_short_name_unique": "7" }, "geometry": { "type": "LineString", "coordinates": [ [ -9.41396, 38.70972 ], [ -9.41435, 38.70871 ], [ -9.41437, 38.70861 ], [ -9.41436, 38.70853 ], [ -9.41428, 38.70836 ], [ -9.41405, 38.70812 ] ] } },
{ "type": "Feature", "properties": { "services_sum": 2.0005557099194222, "total_departures_sum": 134, "route_short_name_sum": null, "services_unique": null, "total_departures_unique": null, "route_short_name_unique": "7" }, "geometry": { "type": "LineString", "coordinates": [ [ -9.41384, 38.70978 ], [ -9.41374, 38.70978 ], [ -9.41356, 38.70982 ] ] } },
{ "type": "Feature", "properties": { "services_sum": 2.0005557099194222, "total_departures_sum": 134, "route_short_name_sum": null, "services_unique": null, "total_departures_unique": null, "route_short_name_unique": "7" }, "geometry": { "type": "LineString", "coordinates": [ [ -9.41304, 38.70823 ], [ -9.4127, 38.70816 ], [ -9.41259, 38.70811 ], [ -9.4117, 38.70715 ], [ -9.41144, 38.70698 ], [ -9.41124, 38.70693 ], [ -9.41101, 38.70694 ], [ -9.41084, 38.70704 ], [ -9.41053, 38.70747 ], [ -9.41046, 38.70762 ] ] } },
{ "type": "Feature", "properties": { "services_sum": 2.0005557099194222, "total_departures_sum": 134, "route_short_name_sum": null, "services_unique": null, "total_departures_unique": null, "route_short_name_unique": "7" }, "geometry": { "type": "LineString", "coordinates": [ [ -9.41283, 38.71148 ], [ -9.41275, 38.71148 ], [ -9.41263, 38.71151 ], [ -9.41236, 38.71172 ], [ -9.41215, 38.71183 ], [ -9.41208, 38.71185 ], [ -9.41198, 38.71184 ], [ -9.41186, 38.71179 ], [ -9.41179, 38.71169 ], [ -9.41178, 38.71164 ], [ -9.41179, 38.71155 ], [ -9.4119, 38.7114 ], [ -9.41194, 38.71131 ], [ -9.41193, 38.71118 ], [ -9.41219, 38.71115 ], [ -9.41225, 38.71113 ], [ -9.41234, 38.71107 ], [ -9.41254, 38.71078 ], [ -9.41268, 38.71047 ], [ -9.41279, 38.71034 ] ] } },
{ "type": "Feature", "properties": { "services_sum": 2.0005557099194222, "total_departures_sum": 134, "route_short_name_sum": null, "services_unique": null, "total_departures_unique": null, "route_short_name_unique": "7" }, "geometry": { "type": "LineString", "coordinates": [ [ -9.40995, 38.71032 ], [ -9.40982, 38.7107 ], [ -9.40931, 38.71141 ], [ -9.40917, 38.71155 ], [ -9.40924, 38.71181 ], [ -9.40925, 38.71194 ], [ -9.4092, 38.71205 ] ] } },
{ "type": "Feature", "properties": { "services_sum": 2.0005557099194222, "total_departures_sum": 134, "route_short_name_sum": null, "services_unique": null, "total_departures_unique": null, "route_short_name_unique": "7" }, "geometry": { "type": "LineString", "coordinates": [ [ -9.40897, 38.72329 ], [ -9.40892, 38.72342 ], [ -9.40891, 38.72354 ] ] } },
{ "type": "Feature", "properties": { "services_sum": 2.0005557099194222, "total_departures_sum": 134, "route_short_name_sum": null, "services_unique": null, "total_departures_unique": null, "route_short_name_unique": "7" }, "geometry": { "type": "LineString", "coordinates": [ [ -9.40856, 38.72425 ], [ -9.40851, 38.72431 ], [ -9.40832, 38.72445 ], [ -9.40822, 38.72447 ] ] } },
{ "type": "Feature", "properties": { "services_sum": 2.0005557099194222, "total_departures_sum": 134, "route_short_name_sum": null, "services_unique": null, "total_departures_unique": null, "route_short_name_unique": "7" }, "geometry": { "type": "LineString", "coordinates": [ [ -9.40745, 38.72433 ], [ -9.40733, 38.72428 ], [ -9.40743, 38.72325 ] ] } },
{ "type": "Feature", "properties": { "services_sum": 2.0005557099194222, "total_departures_sum": 134, "route_short_name_sum": null, "services_unique": null, "total_departures_unique": null, "route_short_name_unique": "7" }, "geometry": { "type": "LineString", "coordinates": [ [ -9.40725, 38.72158 ], [ -9.40725, 38.7213 ], [ -9.4072, 38.72105 ], [ -9.40696, 38.72029 ] ] } },
{ "type": "Feature", "properties": { "services_sum": 2.0005557099194222, "total_departures_sum": 134, "route_short_name_sum": null, "services_unique": null, "total_departures_unique": null, "route_short_name_unique": "7" }, "geometry": { "type": "LineString", "coordinates": [ [ -9.40667, 38.71858 ], [ -9.40654, 38.71812 ], [ -9.40643, 38.71784 ], [ -9.40623, 38.71744 ] ] } },
{ "type": "Feature", "properties": { "services_sum": 2.0005557099194222, "total_departures_sum": 134, "route_short_name_sum": null, "services_unique": null, "total_departures_unique": null, "route_short_name_unique": "7" }, "geometry": { "type": "LineString", "coordinates": [ [ -9.40558, 38.71606 ], [ -9.40535, 38.71521 ], [ -9.40515, 38.71406 ] ] } },
{ "type": "Feature", "properties": { "services_sum": 2.0005557099194222, "total_departures_sum": 134, "route_short_name_sum": null, "services_unique": null, "total_departures_unique": null, "route_short_name_unique": "7" }, "geometry": { "type": "LineString", "coordinates": [ [ -9.405, 38.71263 ], [ -9.40496, 38.71131 ] ] } },
{ "type": "Feature", "properties": { "services_sum": 2.0005557099194222, "total_departures_sum": 134, "route_short_name_sum": null, "services_unique": null, "total_departures_unique": null, "route_short_name_unique": "7" }, "geometry": { "type": "LineString", "coordinates": [ [ -9.40469, 38.70915 ], [ -9.40458, 38.71029 ], [ -9.40459, 38.71046 ] ] } },
{ "type": "Feature", "properties": { "services_sum": 2.0005557099194222, "total_departures_sum": 134, "route_short_name_sum": null, "services_unique": null, "total_departures_unique": null, "route_short_name_unique": "7" }, "geometry": { "type": "LineString", "coordinates": [ [ -9.40373, 38.70763 ], [ -9.4036, 38.70763 ] ] } },
{ "type": "Feature", "properties": { "services_sum": 2.0005557099194222, "total_departures_sum": 134, "route_short_name_sum": null, "services_unique": null, "total_departures_unique": null, "route_short_name_unique": "7" }, "geometry": { "type": "LineString", "coordinates": [ [ -9.40322, 38.70774 ], [ -9.40127, 38.70798 ], [ -9.4011, 38.70804 ] ] } },
{ "type": "Feature", "properties": { "services_sum": 2.0005557099194222, "total_departures_sum": 134, "route_short_name_sum": null, "services_unique": null, "total_departures_unique": null, "route_short_name_unique": "7" }, "geometry": { "type": "LineString", "coordinates": [ [ -9.40051, 38.7084 ], [ -9.40026, 38.70888 ], [ -9.39985, 38.70982 ], [ -9.39966, 38.71004 ], [ -9.39939, 38.71029 ] ] } },
{ "type": "Feature", "properties": { "services_sum": 2.0005557099194222, "total_departures_sum": 134, "route_short_name_sum": null, "services_unique": null, "total_departures_unique": null, "route_short_name_unique": "7" }, "geometry": { "type": "LineString", "coordinates": [ [ -9.39819, 38.71168 ], [ -9.39736, 38.71241 ] ] } },
{ "type": "Feature", "properties": { "services_sum": 2.0005557099194222, "total_departures_sum": 134, "route_short_name_sum": null, "services_unique": null, "total_departures_unique": null, "route_short_name_unique": "7" }, "geometry": { "type": "LineString", "coordinates": [ [ -9.39699, 38.71265 ], [ -9.39674, 38.71277 ], [ -9.3965, 38.71283 ] ] } },
{ "type": "Feature", "properties": { "services_sum": 2.0005557099194222, "total_departures_sum": 94, "route_short_name_sum": null, "services_unique": null, "total_departures_unique": null, "route_short_name_unique": "6" }, "geometry": { "type": "LineString", "coordinates": [ [ -9.41847, 38.70348 ], [ -9.418463571208747, 38.703479770400314 ] ] } },
{ "type": "Feature", "properties": { "services_sum": 2.0005557099194222, "total_departures_sum": 94, "route_short_name_sum": null, "services_unique": null, "total_departures_unique": null, "route_short_name_unique": "6" }, "geometry": { "type": "LineString", "coordinates": [ [ -9.41575, 38.7152 ], [ -9.41473, 38.71539 ] ] } },
{ "type": "Feature", "properties": { "services_sum": 2.0005557099194222, "total_departures_sum": 94, "route_short_name_sum": null, "services_unique": null, "total_departures_unique": null, "route_short_name_unique": "6" }, "geometry": { "type": "LineString", "coordinates": [ [ -9.41436, 38.71237 ], [ -9.41423, 38.71262 ], [ -9.41404, 38.71316 ] ] } },
{ "type": "Feature", "properties": { "services_sum": 2.0005557099194222, "total_departures_sum": 94, "route_short_name_sum": null, "services_unique": null, "total_departures_unique": null, "route_short_name_unique": "6" }, "geometry": { "type": "LineString", "coordinates": [ [ -9.4142, 38.71591 ], [ -9.4141, 38.71603 ], [ -9.41391, 38.71608 ], [ -9.41351, 38.71597 ] ] } },
{ "type": "Feature", "properties": { "services_sum": 2.0005557099194222, "total_departures_sum": 94, "route_short_name_sum": null, "services_unique": null, "total_departures_unique": null, "route_short_name_unique": "6" }, "geometry": { "type": "LineString", "coordinates": [ [ -9.41386, 38.71439 ], [ -9.41375, 38.7146 ] ] } },
{ "type": "Feature", "properties": { "services_sum": 2.0005557099194222, "total_departures_sum": 94, "route_short_name_sum": null, "services_unique": null, "total_departures_unique": null, "route_short_name_unique": "6" }, "geometry": { "type": "LineString", "coordinates": [ [ -9.39311, 38.74262 ], [ -9.39275, 38.74303 ] ] } },
{ "type": "Feature", "properties": { "services_sum": 2.0005557099194222, "total_departures_sum": 94, "route_short_name_sum": null, "services_unique": null, "total_departures_unique": null, "route_short_name_unique": "6" }, "geometry": { "type": "LineString", "coordinates": [ [ -9.39146, 38.74579 ], [ -9.39134, 38.74583 ], [ -9.39112, 38.74583 ] ] } },
{ "type": "Feature", "properties": { "services_sum": 2.0005557099194222, "total_departures_sum": 94, "route_short_name_sum": null, "services_unique": null, "total_departures_unique": null, "route_short_name_unique": "6" }, "geometry": { "type": "LineString", "coordinates": [ [ -9.38924, 38.7362 ], [ -9.38888, 38.73533 ] ] } },
{ "type": "Feature", "properties": { "services_sum": 2.0005557099194222, "total_departures_sum": 94, "route_short_name_sum": null, "services_unique": null, "total_departures_unique": null, "route_short_name_unique": "6" }, "geometry": { "type": "LineString", "coordinates": [ [ -9.38881, 38.74553 ], [ -9.3886, 38.74557 ] ] } },
{ "type": "Feature", "properties": { "services_sum": 2.0005557099194222, "total_departures_sum": 94, "route_short_name_sum": null, "services_unique": null, "total_departures_unique": null, "route_short_name_unique": "6" }, "geometry": { "type": "LineString", "coordinates": [ [ -9.38491, 38.74685 ], [ -9.38474, 38.74687 ] ] } },
{ "type": "Feature", "properties": { "services_sum": 2.0005557099194222, "total_departures_sum": 94, "route_short_name_sum": null, "services_unique": null, "total_departures_unique": null, "route_short_name_unique": "6" }, "geometry": { "type": "LineString", "coordinates": [ [ -9.38448, 38.74177 ], [ -9.38436, 38.74179 ], [ -9.3842, 38.74178 ], [ -9.38367, 38.74153 ], [ -9.38361, 38.74152 ], [ -9.38311, 38.74158 ], [ -9.38288, 38.74165 ], [ -9.38266, 38.74176 ], [ -9.38232, 38.742 ] ] } },
{ "type": "Feature", "properties": { "services_sum": 2.0005557099194222, "total_departures_sum": 94, "route_short_name_sum": null, "services_unique": null, "total_departures_unique": null, "route_short_name_unique": "6" }, "geometry": { "type": "LineString", "coordinates": [ [ -9.38398, 38.74697 ], [ -9.38381, 38.74704 ], [ -9.38287, 38.7475 ] ] } },
{ "type": "Feature", "properties": { "services_sum": 2.0005557099194222, "total_departures_sum": 94, "route_short_name_sum": null, "services_unique": null, "total_departures_unique": null, "route_short_name_unique": "6" }, "geometry": { "type": "LineString", "coordinates": [ [ -9.38153, 38.74703 ], [ -9.38109, 38.74687 ], [ -9.38089, 38.74678 ], [ -9.38081, 38.74671 ], [ -9.38065, 38.74645 ] ] } },
{ "type": "Feature", "properties": { "services_sum": 2.0005557099194222, "total_departures_sum": 94, "route_short_name_sum": null, "services_unique": null, "total_departures_unique": null, "route_short_name_unique": "6" }, "geometry": { "type": "LineString", "coordinates": [ [ -9.38148, 38.74274 ], [ -9.38152, 38.74283 ], [ -9.38149, 38.74296 ], [ -9.38136, 38.74332 ], [ -9.38132, 38.7434 ], [ -9.38128, 38.7435 ], [ -9.381, 38.74383 ], [ -9.38077, 38.74414 ], [ -9.38069, 38.74434 ], [ -9.38055, 38.74488 ], [ -9.38052, 38.74512 ] ] } },
{ "type": "Feature", "properties": { "services_sum": 1.0002778549597111, "total_departures_sum": 39, "route_short_name_sum": null, "services_unique": null, "total_departures_unique": null, "route_short_name_unique": "1" }, "geometry": { "type": "LineString", "coordinates": [ [ -9.4143, 38.72873 ], [ -9.41423, 38.72878 ], [ -9.41417, 38.72886 ], [ -9.41417, 38.72893 ], [ -9.41422, 38.72904 ], [ -9.41432, 38.72914 ], [ -9.41441, 38.72927 ], [ -9.41446, 38.72939 ], [ -9.41454, 38.72994 ], [ -9.41455, 38.73018 ], [ -9.41453, 38.73077 ], [ -9.41451, 38.73089 ], [ -9.41443, 38.73103 ], [ -9.41439, 38.73106 ], [ -9.41434, 38.73114 ], [ -9.41434, 38.73118 ], [ -9.41438, 38.73128 ], [ -9.41443, 38.73132 ], [ -9.4145, 38.73135 ], [ -9.41463, 38.73135 ], [ -9.41491, 38.73122 ], [ -9.41502, 38.7312 ], [ -9.41516, 38.73121 ], [ -9.41533, 38.73124 ], [ -9.41548, 38.73131 ], [ -9.41559, 38.73141 ], [ -9.41565, 38.7315 ], [ -9.41568, 38.7316 ], [ -9.41569, 38.7317 ], [ -9.41566, 38.73197 ], [ -9.41558, 38.73236 ], [ -9.4154, 38.73287 ], [ -9.41508, 38.73331 ], [ -9.41472, 38.73367 ], [ -9.41416, 38.73411 ], [ -9.41033, 38.73653 ], [ -9.40934, 38.73706 ], [ -9.40899, 38.7372 ], [ -9.40841, 38.73741 ], [ -9.40789, 38.73756 ], [ -9.40732, 38.73766 ], [ -9.40618, 38.73794 ], [ -9.40377, 38.73857 ], [ -9.40247, 38.73887 ] ] } },
{ "type": "Feature", "properties": { "services_sum": 1.0002778549597111, "total_departures_sum": 39, "route_short_name_sum": null, "services_unique": null, "total_departures_unique": null, "route_short_name_unique": "1" }, "geometry": { "type": "LineString", "coordinates": [ [ -9.41205, 38.72627 ], [ -9.411878516824951, 38.726178022433267 ], [ -9.41125, 38.72534 ] ] } },
{ "type": "Feature", "properties": { "services_sum": 1.0002778549597111, "total_departures_sum": 39, "route_short_name_sum": null, "services_unique": null, "total_departures_unique": null, "route_short_name_unique": "1" }, "geometry": { "type": "LineString", "coordinates": [ [ -9.41199, 38.72638 ], [ -9.41195, 38.72629 ], [ -9.41189, 38.72619 ] ] } },
{ "type": "Feature", "properties": { "services_sum": 1.0002778549597111, "total_departures_sum": 39, "route_short_name_sum": null, "services_unique": null, "total_departures_unique": null, "route_short_name_unique": "1" }, "geometry": { "type": "LineString", "coordinates": [ [ -9.41138, 38.72878 ], [ -9.41123, 38.72862 ] ] } },
{ "type": "Feature", "properties": { "services_sum": 1.0002778549597111, "total_departures_sum": 39, "route_short_name_sum": null, "services_unique": null, "total_departures_unique": null, "route_short_name_unique": "1" }, "geometry": { "type": "LineString", "coordinates": [ [ -9.4113, 38.72372 ], [ -9.41119, 38.7233 ], [ -9.41097, 38.72327 ] ] } },
{ "type": "Feature", "properties": { "services_sum": 1.0002778549597111, "total_departures_sum": 39, "route_short_name_sum": null, "services_unique": null, "total_departures_unique": null, "route_short_name_unique": "1" }, "geometry": { "type": "LineString", "coordinates": [ [ -9.41115, 38.72312 ], [ -9.41097, 38.72327 ] ] } },
{ "type": "Feature", "properties": { "services_sum": 1.0002778549597111, "total_departures_sum": 39, "route_short_name_sum": null, "services_unique": null, "total_departures_unique": null, "route_short_name_unique": "1" }, "geometry": { "type": "LineString", "coordinates": [ [ -9.41097, 38.72327 ], [ -9.41071, 38.72343 ], [ -9.410701442877258, 38.72343183366916 ], [ -9.41057, 38.72346 ], [ -9.410700860513606, 38.723422611281826 ], [ -9.41097, 38.72327 ] ] } },
{ "type": "Feature", "properties": { "services_sum": 1.0002778549597111, "total_departures_sum": 39, "route_short_name_sum": null, "services_unique": null, "total_departures_unique": null, "route_short_name_unique": "1" }, "geometry": { "type": "LineString", "coordinates": [ [ -9.40674, 38.7192 ], [ -9.40676, 38.71911 ], [ -9.40674, 38.7189 ], [ -9.40686, 38.71907 ], [ -9.40696, 38.7191 ], [ -9.407, 38.71913 ], [ -9.40699, 38.71921 ], [ -9.40693, 38.71927 ], [ -9.40689, 38.71928 ], [ -9.40675, 38.71942 ] ] } },
{ "type": "Feature", "properties": { "services_sum": 1.0002778549597111, "total_departures_sum": 39, "route_short_name_sum": null, "services_unique": null, "total_departures_unique": null, "route_short_name_unique": "1" }, "geometry": { "type": "LineString", "coordinates": [ [ -9.40571, 38.71644 ], [ -9.40648, 38.71796 ], [ -9.40593, 38.71688 ], [ -9.40571, 38.71644 ] ] } },
{ "type": "Feature", "properties": { "services_sum": 1.0002778549597111, "total_departures_sum": 39, "route_short_name_sum": null, "services_unique": null, "total_departures_unique": null, "route_short_name_unique": "1" }, "geometry": { "type": "LineString", "coordinates": [ [ -9.40571, 38.71644 ], [ -9.405611506312068, 38.716174067042587 ], [ -9.40561, 38.71617 ], [ -9.40549, 38.71579 ], [ -9.40564, 38.71626 ], [ -9.40571, 38.71644 ] ] } },
{ "type": "Feature", "properties": { "services_sum": 1.0002778549597111, "total_departures_sum": 39, "route_short_name_sum": null, "services_unique": null, "total_departures_unique": null, "route_short_name_unique": "1" }, "geometry": { "type": "LineString", "coordinates": [ [ -9.40492, 38.72928 ], [ -9.40483, 38.72933 ], [ -9.40469, 38.72933 ], [ -9.40457, 38.72928 ], [ -9.40454, 38.72925 ], [ -9.40447, 38.7292 ], [ -9.40433, 38.72915 ], [ -9.40338, 38.72904 ], [ -9.40263, 38.72892 ], [ -9.4017, 38.72866 ], [ -9.40143, 38.7286 ], [ -9.40121, 38.72858 ], [ -9.40097, 38.72859 ], [ -9.40064, 38.72865 ], [ -9.40036, 38.72876 ], [ -9.40018, 38.72886 ], [ -9.40003, 38.72896 ], [ -9.39986, 38.72913 ], [ -9.39869, 38.73053 ], [ -9.39851, 38.73072 ], [ -9.39827, 38.73086 ], [ -9.39784, 38.73099 ], [ -9.39764, 38.73111 ], [ -9.39757, 38.73117 ], [ -9.39745, 38.73139 ], [ -9.39715, 38.73284 ], [ -9.39723, 38.73317 ], [ -9.39719, 38.73323 ] ] } },
{ "type": "Feature", "properties": { "services_sum": 1.0002778549597111, "total_departures_sum": 39, "route_short_name_sum": null, "services_unique": null, "total_departures_unique": null, "route_short_name_unique": "1" }, "geometry": { "type": "LineString", "coordinates": [ [ -9.40459, 38.71046 ], [ -9.404789756128906, 38.710889475677149 ], [ -9.40488, 38.71108 ], [ -9.404812577100529, 38.710935522358277 ], [ -9.40481, 38.71093 ], [ -9.40462, 38.71056 ] ] } },
{ "type": "Feature", "properties": { "services_sum": 1.0002778549597111, "total_departures_sum": 39, "route_short_name_sum": null, "services_unique": null, "total_departures_unique": null, "route_short_name_unique": "1" }, "geometry": { "type": "LineString", "coordinates": [ [ -9.40461, 38.70815 ], [ -9.40471, 38.70891 ], [ -9.40465, 38.70845 ], [ -9.40461, 38.70815 ] ] } },
{ "type": "Feature", "properties": { "services_sum": 1.0002778549597111, "total_departures_sum": 39, "route_short_name_sum": null, "services_unique": null, "total_departures_unique": null, "route_short_name_unique": "1" }, "geometry": { "type": "LineString", "coordinates": [ [ -9.40461, 38.70815 ], [ -9.404371177057621, 38.707463384040658 ], [ -9.40437, 38.70746 ], [ -9.40429, 38.70722 ], [ -9.40461, 38.70815 ] ] } },
{ "type": "Feature", "properties": { "services_sum": 1.0002778549597111, "total_departures_sum": 39, "route_short_name_sum": null, "services_unique": null, "total_departures_unique": null, "route_short_name_unique": "1" }, "geometry": { "type": "LineString", "coordinates": [ [ -9.40371, 38.70715 ], [ -9.40373, 38.70727 ], [ -9.40383, 38.70737 ], [ -9.40392, 38.70738 ], [ -9.40421, 38.70713 ], [ -9.40407, 38.70725 ], [ -9.40396, 38.70727 ], [ -9.40384, 38.70725 ], [ -9.40371, 38.70715 ] ] } },
{ "type": "Feature", "properties": { "services_sum": 1.0002778549597111, "total_departures_sum": 39, "route_short_name_sum": null, "services_unique": null, "total_departures_unique": null, "route_short_name_unique": "1" }, "geometry": { "type": "LineString", "coordinates": [ [ -9.40371, 38.70715 ], [ -9.40365, 38.70701 ], [ -9.40262, 38.70466 ] ] } },
{ "type": "Feature", "properties": { "services_sum": 1.0002778549597111, "total_departures_sum": 39, "route_short_name_sum": null, "services_unique": null, "total_departures_unique": null, "route_short_name_unique": "1" }, "geometry": { "type": "LineString", "coordinates": [ [ -9.40371, 38.70715 ], [ -9.40262, 38.70466 ] ] } },
{ "type": "Feature", "properties": { "services_sum": 1.0002778549597111, "total_departures_sum": 39, "route_short_name_sum": null, "services_unique": null, "total_departures_unique": null, "route_short_name_unique": "1" }, "geometry": { "type": "LineString", "coordinates": [ [ -9.40262, 38.70466 ], [ -9.40262, 38.70455 ], [ -9.40271, 38.70437 ], [ -9.40271, 38.70434 ], [ -9.40267, 38.70429 ], [ -9.40236, 38.7041 ], [ -9.40199, 38.70379 ], [ -9.40186, 38.70371 ], [ -9.40162, 38.70362 ], [ -9.40137, 38.70356 ], [ -9.40118, 38.70354 ], [ -9.40032, 38.70359 ], [ -9.39988, 38.7036 ], [ -9.398202896109913, 38.70347 ], [ -9.39809, 38.70347 ] ] } },
{ "type": "Feature", "properties": { "services_sum": 1.0002778549597111, "total_departures_sum": 39, "route_short_name_sum": null, "services_unique": null, "total_departures_unique": null, "route_short_name_unique": "1" }, "geometry": { "type": "LineString", "coordinates": [ [ -9.40262, 38.70466 ], [ -9.40253, 38.70454 ], [ -9.40233, 38.70413 ], [ -9.40194, 38.70383 ], [ -9.40175, 38.70372 ], [ -9.40154, 38.70366 ], [ -9.40132, 38.70361 ], [ -9.40112, 38.7036 ], [ -9.39925, 38.70367 ], [ -9.39868, 38.70365 ], [ -9.39821, 38.70361 ], [ -9.398202287945441, 38.703609253672134 ], [ -9.3979, 38.70358 ], [ -9.39733, 38.70348 ], [ -9.39691, 38.70352 ], [ -9.39657, 38.70367 ], [ -9.39635, 38.70381 ], [ -9.39573, 38.70458 ], [ -9.3956, 38.7048 ], [ -9.39545, 38.70509 ], [ -9.39543, 38.70518 ], [ -9.39543, 38.70525 ], [ -9.39538, 38.7053 ], [ -9.39533, 38.70531 ], [ -9.39529, 38.70529 ], [ -9.39526, 38.70524 ] ] } },
{ "type": "Feature", "properties": { "services_sum": 1.0002778549597111, "total_departures_sum": 39, "route_short_name_sum": null, "services_unique": null, "total_departures_unique": null, "route_short_name_unique": "1" }, "geometry": { "type": "LineString", "coordinates": [ [ -9.40138, 38.73876 ], [ -9.4012, 38.73882 ] ] } },
{ "type": "Feature", "properties": { "services_sum": 1.0002778549597111, "total_departures_sum": 39, "route_short_name_sum": null, "services_unique": null, "total_departures_unique": null, "route_short_name_unique": "1" }, "geometry": { "type": "LineString", "coordinates": [ [ -9.40137, 38.73772 ], [ -9.40064, 38.73741 ] ] } },
{ "type": "Feature", "properties": { "services_sum": 1.0002778549597111, "total_departures_sum": 39, "route_short_name_sum": null, "services_unique": null, "total_departures_unique": null, "route_short_name_unique": "1" }, "geometry": { "type": "LineString", "coordinates": [ [ -9.4012, 38.73882 ], [ -9.401192084097366, 38.738823957951311 ], [ -9.40102, 38.73891 ] ] } },
{ "type": "Feature", "properties": { "services_sum": 1.0002778549597111, "total_departures_sum": 39, "route_short_name_sum": null, "services_unique": null, "total_departures_unique": null, "route_short_name_unique": "1" }, "geometry": { "type": "LineString", "coordinates": [ [ -9.4012, 38.73882 ], [ -9.401196241378786, 38.738822740506947 ] ] } },
{ "type": "Feature", "properties": { "services_sum": 1.0002778549597111, "total_departures_sum": 39, "route_short_name_sum": null, "services_unique": null, "total_departures_unique": null, "route_short_name_unique": "1" }, "geometry": { "type": "LineString", "coordinates": [ [ -9.3979, 38.73711 ], [ -9.39753, 38.73722 ], [ -9.39742, 38.73724 ] ] } },
{ "type": "Feature", "properties": { "services_sum": 1.0002778549597111, "total_departures_sum": 39, "route_short_name_sum": null, "services_unique": null, "total_departures_unique": null, "route_short_name_unique": "1" }, "geometry": { "type": "LineString", "coordinates": [ [ -9.39692, 38.73722 ], [ -9.39592, 38.73715 ], [ -9.39582, 38.73715 ], [ -9.39576, 38.7372 ], [ -9.39563, 38.73795 ], [ -9.39557, 38.73814 ], [ -9.395569388190504, 38.738142447237983 ], [ -9.39551, 38.73838 ], [ -9.39545, 38.73852 ], [ -9.39518, 38.73847 ], [ -9.39508, 38.73837 ], [ -9.39527, 38.73797 ], [ -9.39528, 38.73785 ], [ -9.395368972854474, 38.737672054291053 ], [ -9.39537, 38.73767 ], [ -9.3956, 38.73719 ], [ -9.39566, 38.73702 ], [ -9.39649, 38.73515 ], [ -9.39679, 38.73429 ] ] } },
{ "type": "Feature", "properties": { "services_sum": 1.0002778549597111, "total_departures_sum": 39, "route_short_name_sum": null, "services_unique": null, "total_departures_unique": null, "route_short_name_unique": "1" }, "geometry": { "type": "LineString", "coordinates": [ [ -9.39474, 38.70488 ], [ -9.39441, 38.70457 ], [ -9.39429, 38.70452 ], [ -9.3936, 38.70449 ], [ -9.393594428665232, 38.704489845240701 ], [ -9.39324, 38.70448 ], [ -9.39326, 38.70369 ], [ -9.39326, 38.70387 ], [ -9.39428, 38.70401 ] ] } },
{ "type": "Feature", "properties": { "services_sum": 1.0002778549597111, "total_departures_sum": 39, "route_short_name_sum": null, "services_unique": null, "total_departures_unique": null, "route_short_name_unique": "1" }, "geometry": { "type": "LineString", "coordinates": [ [ -9.38628, 38.70462 ], [ -9.38659, 38.7046 ], [ -9.38673, 38.70461 ], [ -9.38692, 38.70458 ], [ -9.38681, 38.70467 ], [ -9.38668, 38.70482 ], [ -9.38661, 38.70485 ], [ -9.38652, 38.70485 ], [ -9.38648, 38.70483 ], [ -9.38642, 38.70478 ], [ -9.38638, 38.70471 ], [ -9.38628, 38.70462 ] ] } },
{ "type": "Feature", "properties": { "services_sum": 1.0002778549597111, "total_departures_sum": 39, "route_short_name_sum": null, "services_unique": null, "total_departures_unique": null, "route_short_name_unique": "1" }, "geometry": { "type": "LineString", "coordinates": [ [ -9.38628, 38.70462 ], [ -9.385823144199135, 38.704558928781118 ], [ -9.38551, 38.70451 ], [ -9.38528, 38.70443 ], [ -9.38434, 38.70395 ], [ -9.38535, 38.70445 ] ] } },
{ "type": "Feature", "properties": { "services_sum": 1.0002778549597111, "total_departures_sum": 39, "route_short_name_sum": null, "services_unique": null, "total_departures_unique": null, "route_short_name_unique": "1" }, "geometry": { "type": "LineString", "coordinates": [ [ -9.38628, 38.70462 ], [ -9.386019015299711, 38.704589839699956 ], [ -9.38559, 38.70452 ] ] } },
{ "type": "Feature", "properties": { "services_sum": 1.0002778549597111, "total_departures_sum": 39, "route_short_name_sum": null, "services_unique": null, "total_departures_unique": null, "route_short_name_unique": "1" }, "geometry": { "type": "LineString", "coordinates": [ [ -9.38367, 38.70342 ], [ -9.38372, 38.70346 ], [ -9.38374, 38.7035 ], [ -9.38373, 38.70358 ], [ -9.38382, 38.70371 ], [ -9.38362, 38.70367 ], [ -9.38355, 38.70367 ], [ -9.38328, 38.70374 ], [ -9.38319, 38.70377 ], [ -9.383180397318629, 38.703773349772568 ], [ -9.38276, 38.70392 ] ] } },
{ "type": "Feature", "properties": { "services_sum": 1.0002778549597111, "total_departures_sum": 39, "route_short_name_sum": null, "services_unique": null, "total_departures_unique": null, "route_short_name_unique": "1" }, "geometry": { "type": "LineString", "coordinates": [ [ -9.38297, 38.70384 ], [ -9.38276, 38.70392 ] ] } },
{ "type": "Feature", "properties": { "services_sum": 1.0002778549597111, "total_departures_sum": 39, "route_short_name_sum": null, "services_unique": null, "total_departures_unique": null, "route_short_name_unique": "1" }, "geometry": { "type": "LineString", "coordinates": [ [ -9.38276, 38.70392 ], [ -9.382443013150565, 38.704001358554059 ], [ -9.38101, 38.70428 ] ] } },
{ "type": "Feature", "properties": { "services_sum": 1.0002778549597111, "total_departures_sum": 39, "route_short_name_sum": null, "services_unique": null, "total_departures_unique": null, "route_short_name_unique": "1" }, "geometry": { "type": "LineString", "coordinates": [ [ -9.38276, 38.70392 ], [ -9.38253, 38.70398 ], [ -9.38101, 38.70428 ] ] } },
{ "type": "Feature", "properties": { "services_sum": 1.0002778549597111, "total_departures_sum": 39, "route_short_name_sum": null, "services_unique": null, "total_departures_unique": null, "route_short_name_unique": "1" }, "geometry": { "type": "LineString", "coordinates": [ [ -9.38101, 38.70428 ], [ -9.3807, 38.70433 ], [ -9.38062, 38.70432 ], [ -9.38017, 38.70423 ] ] } },
{ "type": "Feature", "properties": { "services_sum": 1.0002778549597111, "total_departures_sum": 39, "route_short_name_sum": null, "services_unique": null, "total_departures_unique": null, "route_short_name_unique": "1" }, "geometry": { "type": "LineString", "coordinates": [ [ -9.38101, 38.70428 ], [ -9.38087, 38.70436 ], [ -9.38057, 38.70449 ], [ -9.3805, 38.70449 ], [ -9.38045, 38.70445 ], [ -9.38043, 38.7044 ], [ -9.38034, 38.70431 ], [ -9.38017, 38.70423 ] ] } },
{ "type": "Feature", "properties": { "services_sum": 1.0002778549597111, "total_departures_sum": 39, "route_short_name_sum": null, "services_unique": null, "total_departures_unique": null, "route_short_name_unique": "1" }, "geometry": { "type": "LineString", "coordinates": [ [ -9.38017, 38.70423 ], [ -9.37964, 38.70421 ], [ -9.37963599075152, 38.704210250578036 ], [ -9.37916, 38.70424 ] ] } },
{ "type": "Feature", "properties": { "services_sum": 1.0002778549597111, "total_departures_sum": 39, "route_short_name_sum": null, "services_unique": null, "total_departures_unique": null, "route_short_name_unique": "1" }, "geometry": { "type": "LineString", "coordinates": [ [ -9.38017, 38.70423 ], [ -9.3799, 38.70422 ], [ -9.379572539275985, 38.70421053290886 ], [ -9.37916, 38.70424 ] ] } },
{ "type": "Feature", "properties": { "services_sum": 1.0002778549597111, "total_departures_sum": 39, "route_short_name_sum": null, "services_unique": null, "total_departures_unique": null, "route_short_name_unique": "1" }, "geometry": { "type": "LineString", "coordinates": [ [ -9.37916, 38.70424 ], [ -9.37943, 38.70233 ], [ -9.37953, 38.70166 ], [ -9.37944, 38.70224 ], [ -9.379438858283056, 38.702248155121033 ], [ -9.37916, 38.70424 ] ] } },
{ "type": "Feature", "properties": { "services_sum": 1.0002778549597111, "total_departures_sum": 39, "route_short_name_sum": null, "services_unique": null, "total_departures_unique": null, "route_short_name_unique": "1" }, "geometry": { "type": "LineString", "coordinates": [ [ -9.37241, 38.69715 ], [ -9.37226, 38.69717 ], [ -9.37219, 38.69713 ], [ -9.37218, 38.69709 ], [ -9.37207, 38.69705 ], [ -9.36876, 38.69633 ], [ -9.3686, 38.69631 ], [ -9.3685, 38.69635 ], [ -9.36841, 38.69635 ], [ -9.36834, 38.69632 ], [ -9.3683, 38.69626 ], [ -9.36825, 38.69621 ], [ -9.36815, 38.69616 ], [ -9.367530400441357, 38.695950135633367 ], [ -9.36753, 38.69595 ], [ -9.36734, 38.6959 ], [ -9.36714, 38.69586 ], [ -9.36696, 38.69586 ], [ -9.36677, 38.69588 ], [ -9.36667, 38.69587 ], [ -9.36656, 38.69579 ], [ -9.36649, 38.69574 ], [ -9.36634, 38.69567 ], [ -9.36599, 38.69562 ], [ -9.36523, 38.69555 ], [ -9.36509, 38.69556 ], [ -9.36505, 38.69557 ], [ -9.36498, 38.69561 ], [ -9.3649, 38.69562 ], [ -9.36482, 38.6956 ], [ -9.36476, 38.69554 ], [ -9.36455, 38.69543 ], [ -9.36473, 38.69542 ], [ -9.36492, 38.69536 ], [ -9.36502, 38.69539 ], [ -9.36505, 38.69541 ], [ -9.36511, 38.69544 ], [ -9.36587, 38.69552 ], [ -9.36636, 38.69558 ], [ -9.36652, 38.69558 ], [ -9.36673, 38.69553 ], [ -9.36683, 38.69554 ], [ -9.36692, 38.69559 ], [ -9.36697, 38.69565 ], [ -9.36711, 38.69574 ], [ -9.367506312134006, 38.695858893640207 ], [ -9.36779, 38.69594 ], [ -9.36827, 38.69611 ], [ -9.36838, 38.69612 ], [ -9.36842, 38.69611 ], [ -9.36851, 38.69607 ], [ -9.36858, 38.696 ], [ -9.36886, 38.69555 ], [ -9.37275, 38.6964 ], [ -9.37278, 38.69646 ], [ -9.37276, 38.69651 ], [ -9.37237, 38.69694 ], [ -9.37232, 38.69703 ], [ -9.37234, 38.69708 ], [ -9.37241, 38.69715 ] ] } },
{ "type": "Feature", "properties": { "services_sum": 1.0002778549597111, "total_departures_sum": 39, "route_short_name_sum": null, "services_unique": null, "total_departures_unique": null, "route_short_name_unique": "1" }, "geometry": { "type": "LineString", "coordinates": [ [ -9.37241, 38.69715 ], [ -9.372635344429002, 38.697247975838692 ], [ -9.37288, 38.69739 ], [ -9.37271, 38.69728 ], [ -9.37262, 38.69724 ], [ -9.372612471986431, 38.697240988794576 ], [ -9.37261, 38.69724 ], [ -9.37241, 38.69715 ] ] } },
{ "type": "Feature", "properties": { "services_sum": 1.0002778549597111, "total_departures_sum": 39, "route_short_name_sum": null, "services_unique": null, "total_departures_unique": null, "route_short_name_unique": "1" }, "geometry": { "type": "LineString", "coordinates": [ [ -9.36372, 38.69505 ], [ -9.36406, 38.69525 ], [ -9.36431, 38.69536 ], [ -9.363951737195549, 38.69519082034234 ], [ -9.36395, 38.69519 ], [ -9.36372, 38.69505 ] ] } },
{ "type": "Feature", "properties": { "services_sum": 1.0002778549597111, "total_departures_sum": 39, "route_short_name_sum": null, "services_unique": null, "total_departures_unique": null, "route_short_name_unique": "1" }, "geometry": { "type": "LineString", "coordinates": [ [ -9.36372, 38.69505 ], [ -9.36333, 38.69487 ] ] } },
{ "type": "Feature", "properties": { "services_sum": 1.0002778549597111, "total_departures_sum": 39, "route_short_name_sum": null, "services_unique": null, "total_departures_unique": null, "route_short_name_unique": "1" }, "geometry": { "type": "LineString", "coordinates": [ [ -9.36372, 38.69505 ], [ -9.363718475161058, 38.695049296228184 ], [ -9.36333, 38.69487 ] ] } },
{ "type": "Feature", "properties": { "services_sum": 1.0002778549597111, "total_departures_sum": 39, "route_short_name_sum": null, "services_unique": null, "total_departures_unique": null, "route_short_name_unique": "1" }, "geometry": { "type": "LineString", "coordinates": [ [ -9.36333, 38.69487 ], [ -9.36309, 38.69478 ], [ -9.36293, 38.69473 ], [ -9.36333, 38.69487 ] ] } },
{ "type": "Feature", "properties": { "services_sum": 1.0002778549597111, "total_departures_sum": 39, "route_short_name_sum": null, "services_unique": null, "total_departures_unique": null, "route_short_name_unique": "1" }, "geometry": { "type": "LineString", "coordinates": [ [ -9.36302, 38.69162 ], [ -9.36293, 38.69224 ], [ -9.36288, 38.69249 ], [ -9.36296, 38.69211 ], [ -9.36302, 38.69162 ] ] } },
{ "type": "Feature", "properties": { "services_sum": 1.0002778549597111, "total_departures_sum": 39, "route_short_name_sum": null, "services_unique": null, "total_departures_unique": null, "route_short_name_unique": "1" }, "geometry": { "type": "LineString", "coordinates": [ [ -9.36302, 38.69162 ], [ -9.36146, 38.69159 ] ] } },
{ "type": "Feature", "properties": { "services_sum": 1.0002778549597111, "total_departures_sum": 39, "route_short_name_sum": null, "services_unique": null, "total_departures_unique": null, "route_short_name_unique": "1" }, "geometry": { "type": "LineString", "coordinates": [ [ -9.36302, 38.69162 ], [ -9.36174, 38.69161 ], [ -9.36146, 38.69159 ] ] } },
{ "type": "Feature", "properties": { "services_sum": 1.0002778549597111, "total_departures_sum": 39, "route_short_name_sum": null, "services_unique": null, "total_departures_unique": null, "route_short_name_unique": "1" }, "geometry": { "type": "LineString", "coordinates": [ [ -9.36146, 38.69159 ], [ -9.36099, 38.69147 ], [ -9.35982, 38.6911 ], [ -9.36136, 38.69157 ], [ -9.36146, 38.69159 ] ] } },
{ "type": "Feature", "properties": { "services_sum": 1.0002778549597111, "total_departures_sum": 39, "route_short_name_sum": null, "services_unique": null, "total_departures_unique": null, "route_short_name_unique": "1" }, "geometry": { "type": "LineString", "coordinates": [ [ -9.359229058027269, 38.691926667446133 ], [ -9.359312206506731, 38.692011454703064 ], [ -9.359249174594881, 38.692311872940394 ], [ -9.359220340847971, 38.692349555975191 ], [ -9.359131157398226, 38.692361593607131 ], [ -9.35893903219401, 38.692329838699003 ], [ -9.35888, 38.69232 ], [ -9.35883, 38.69229 ], [ -9.35882, 38.69221 ], [ -9.35886, 38.69216 ], [ -9.3589, 38.69215 ], [ -9.35898, 38.69215 ], [ -9.35901, 38.69216 ], [ -9.35905, 38.6921 ], [ -9.35928, 38.69102 ], [ -9.35912, 38.6918 ], [ -9.359113510976583, 38.691806261733305 ], [ -9.35921832919121, 38.691912012848334 ] ] } },
{ "type": "Feature", "properties": { "services_sum": 1.0002778549597111, "total_departures_sum": 39, "route_short_name_sum": null, "services_unique": null, "total_departures_unique": null, "route_short_name_unique": "1" }, "geometry": { "type": "LineString", "coordinates": [ [ -9.4184, 38.72874 ], [ -9.418399539831261, 38.728743221181176 ], [ -9.41839, 38.72881 ], [ -9.418399993362524, 38.728739985397553 ], [ -9.41835, 38.72863 ], [ -9.4184, 38.72874 ] ] } },
{ "type": "Feature", "properties": { "services_sum": 1.0002778549597111, "total_departures_sum": 39, "route_short_name_sum": null, "services_unique": null, "total_departures_unique": null, "route_short_name_unique": "1" }, "geometry": { "type": "LineString", "coordinates": [ [ -9.4077, 38.72238 ], [ -9.40748, 38.72245 ], [ -9.40741, 38.72244 ], [ -9.40739, 38.72237 ], [ -9.4073, 38.72194 ], [ -9.40725, 38.72158 ], [ -9.40732, 38.72203 ], [ -9.407320225913626, 38.722030768106322 ], [ -9.40737, 38.7222 ], [ -9.40753, 38.72235 ], [ -9.4077, 38.72238 ] ] } },
{ "type": "Feature", "properties": { "services_sum": 1.0002778549597111, "total_departures_sum": 39, "route_short_name_sum": null, "services_unique": null, "total_departures_unique": null, "route_short_name_unique": "1" }, "geometry": { "type": "LineString", "coordinates": [ [ -9.40509, 38.71276 ], [ -9.40509, 38.71279 ], [ -9.40503, 38.71283 ], [ -9.40498, 38.71282 ], [ -9.40496, 38.7128 ], [ -9.40497, 38.71274 ], [ -9.40502, 38.71272 ], [ -9.40509, 38.71276 ] ] } },
{ "type": "Feature", "properties": { "services_sum": 1.0002778549597111, "total_departures_sum": 39, "route_short_name_sum": null, "services_unique": null, "total_departures_unique": null, "route_short_name_unique": "1" }, "geometry": { "type": "LineString", "coordinates": [ [ -9.392, 38.70351 ], [ -9.39133, 38.70341 ], [ -9.391326390727519, 38.703409548840938 ], [ -9.39109, 38.70338 ], [ -9.391411754119364, 38.703428750624141 ], [ -9.392, 38.70351 ] ] } },
{ "type": "Feature", "properties": { "services_sum": 1.0002778549597111, "total_departures_sum": 39, "route_short_name_sum": null, "services_unique": null, "total_departures_unique": null, "route_short_name_unique": "1" }, "geometry": { "type": "LineString", "coordinates": [ [ -9.37819, 38.70071 ], [ -9.37816, 38.70075 ], [ -9.37809, 38.70078 ], [ -9.37801, 38.70076 ], [ -9.37795, 38.70075 ], [ -9.37787, 38.70076 ], [ -9.37752, 38.70088 ], [ -9.37739, 38.70091 ], [ -9.37734, 38.7009 ], [ -9.37731, 38.70086 ], [ -9.37728, 38.70084 ], [ -9.37706, 38.70075 ], [ -9.37697, 38.70064 ], [ -9.3763, 38.69937 ], [ -9.37606, 38.69888 ], [ -9.37631, 38.69939 ], [ -9.376311814599596, 38.699393489614607 ], [ -9.37644, 38.69964 ], [ -9.37728, 38.69952 ], [ -9.37751, 38.69946 ], [ -9.37766, 38.69939 ], [ -9.37773, 38.69939 ], [ -9.3778, 38.6994 ], [ -9.37748, 38.70013 ], [ -9.3779, 38.70039 ], [ -9.37805, 38.70059 ], [ -9.37808, 38.70062 ], [ -9.37815, 38.70064 ], [ -9.37818, 38.70067 ], [ -9.37819, 38.70071 ] ] } },
{ "type": "Feature", "properties": { "services_sum": 1.0002778549597111, "total_departures_sum": 39, "route_short_name_sum": null, "services_unique": null, "total_departures_unique": null, "route_short_name_unique": "1" }, "geometry": { "type": "LineString", "coordinates": [ [ -9.37341, 38.69772 ], [ -9.3732, 38.69773 ], [ -9.37314, 38.69771 ], [ -9.37309, 38.69768 ], [ -9.37315, 38.69766 ], [ -9.37329, 38.69767 ], [ -9.37341, 38.69772 ] ] } },
{ "type": "Feature", "properties": { "services_sum": 1.0002778549597111, "total_departures_sum": 39, "route_short_name_sum": null, "services_unique": null, "total_departures_unique": null, "route_short_name_unique": "1" }, "geometry": { "type": "LineString", "coordinates": [ [ -9.36262, 38.69321 ], [ -9.36257, 38.69327 ], [ -9.36262, 38.69332 ], [ -9.36262, 38.69336 ], [ -9.36232, 38.69461 ], [ -9.36158, 38.69449 ], [ -9.36152, 38.69445 ], [ -9.36148, 38.6944 ], [ -9.3613, 38.69398 ], [ -9.36157, 38.69389 ], [ -9.36189, 38.69377 ], [ -9.36207, 38.69367 ], [ -9.36242, 38.69342 ], [ -9.36252, 38.69333 ], [ -9.36262, 38.69321 ] ] } },
{ "type": "Feature", "properties": { "services_sum": 1.0002778549597111, "total_departures_sum": 65, "route_short_name_sum": null, "services_unique": null, "total_departures_unique": null, "route_short_name_unique": "31" }, "geometry": { "type": "LineString", "coordinates": [ [ -9.4184, 38.72874 ], [ -9.41839, 38.72879 ], [ -9.41833, 38.72888 ], [ -9.41829, 38.72892 ], [ -9.41822, 38.72894 ] ] } },
{ "type": "Feature", "properties": { "services_sum": 1.0002778549597111, "total_departures_sum": 65, "route_short_name_sum": null, "services_unique": null, "total_departures_unique": null, "route_short_name_unique": "31" }, "geometry": { "type": "LineString", "coordinates": [ [ -9.41838, 38.72872 ], [ -9.4183, 38.72859 ] ] } },
{ "type": "Feature", "properties": { "services_sum": 1.0002778549597111, "total_departures_sum": 65, "route_short_name_sum": null, "services_unique": null, "total_departures_unique": null, "route_short_name_unique": "31" }, "geometry": { "type": "LineString", "coordinates": [ [ -9.41797, 38.72861 ], [ -9.41793, 38.72864 ], [ -9.4179, 38.72873 ], [ -9.4179, 38.72877 ] ] } },
{ "type": "Feature", "properties": { "services_sum": 1.0002778549597111, "total_departures_sum": 65, "route_short_name_sum": null, "services_unique": null, "total_departures_unique": null, "route_short_name_unique": "31" }, "geometry": { "type": "LineString", "coordinates": [ [ -9.41137, 38.72898 ], [ -9.41123, 38.72902 ] ] } },
{ "type": "Feature", "properties": { "services_sum": 1.0002778549597111, "total_departures_sum": 65, "route_short_name_sum": null, "services_unique": null, "total_departures_unique": null, "route_short_name_unique": "31" }, "geometry": { "type": "LineString", "coordinates": [ [ -9.41108, 38.7292 ], [ -9.411050651579712, 38.729718488842018 ], [ -9.41105, 38.72973 ], [ -9.41102, 38.73007 ] ] } },
{ "type": "Feature", "properties": { "services_sum": 1.0002778549597111, "total_departures_sum": 65, "route_short_name_sum": null, "services_unique": null, "total_departures_unique": null, "route_short_name_unique": "31" }, "geometry": { "type": "LineString", "coordinates": [ [ -9.41102, 38.72988 ], [ -9.411018344895954, 38.72989406844885 ], [ -9.41098, 38.73022 ] ] } },
{ "type": "Feature", "properties": { "services_sum": 1.0002778549597111, "total_departures_sum": 65, "route_short_name_sum": null, "services_unique": null, "total_departures_unique": null, "route_short_name_unique": "31" }, "geometry": { "type": "LineString", "coordinates": [ [ -9.41043, 38.73184 ], [ -9.410153596271627, 38.732511266283794 ], [ -9.41015, 38.73252 ] ] } },
{ "type": "Feature", "properties": { "services_sum": 1.0002778549597111, "total_departures_sum": 65, "route_short_name_sum": null, "services_unique": null, "total_departures_unique": null, "route_short_name_unique": "31" }, "geometry": { "type": "LineString", "coordinates": [ [ -9.41017, 38.73247 ], [ -9.410156777501692, 38.732503056254004 ], [ -9.41008, 38.73269 ] ] } },
{ "type": "Feature", "properties": { "services_sum": 1.0002778549597111, "total_departures_sum": 65, "route_short_name_sum": null, "services_unique": null, "total_departures_unique": null, "route_short_name_unique": "31" }, "geometry": { "type": "LineString", "coordinates": [ [ -9.40986, 38.73314 ], [ -9.40941, 38.73291 ], [ -9.40932, 38.73273 ], [ -9.409319667035435, 38.732729267477957 ], [ -9.40927, 38.73262 ] ] } },
{ "type": "Feature", "properties": { "services_sum": 1.0002778549597111, "total_departures_sum": 65, "route_short_name_sum": null, "services_unique": null, "total_departures_unique": null, "route_short_name_unique": "31" }, "geometry": { "type": "LineString", "coordinates": [ [ -9.40864, 38.73164 ], [ -9.408625318820301, 38.731621864483493 ], [ -9.40847, 38.73143 ] ] } },
{ "type": "Feature", "properties": { "services_sum": 1.0002778549597111, "total_departures_sum": 65, "route_short_name_sum": null, "services_unique": null, "total_departures_unique": null, "route_short_name_unique": "31" }, "geometry": { "type": "LineString", "coordinates": [ [ -9.40601, 38.73136 ], [ -9.40521, 38.73084 ], [ -9.40512, 38.7308 ], [ -9.40486, 38.73072 ] ] } },
{ "type": "Feature", "properties": { "services_sum": 1.0002778549597111, "total_departures_sum": 65, "route_short_name_sum": null, "services_unique": null, "total_departures_unique": null, "route_short_name_unique": "31" }, "geometry": { "type": "LineString", "coordinates": [ [ -9.40402, 38.73079 ], [ -9.403334463234419, 38.731237089226191 ], [ -9.40333, 38.73124 ], [ -9.40267, 38.73155 ] ] } },
{ "type": "Feature", "properties": { "services_sum": 1.0002778549597111, "total_departures_sum": 65, "route_short_name_sum": null, "services_unique": null, "total_departures_unique": null, "route_short_name_unique": "31" }, "geometry": { "type": "LineString", "coordinates": [ [ -9.40311, 38.73134 ], [ -9.403085421128919, 38.731350893056131 ], [ -9.40223, 38.73173 ] ] } },
{ "type": "Feature", "properties": { "services_sum": 1.0002778549597111, "total_departures_sum": 65, "route_short_name_sum": null, "services_unique": null, "total_departures_unique": null, "route_short_name_unique": "31" }, "geometry": { "type": "LineString", "coordinates": [ [ -9.40189, 38.73185 ], [ -9.401037850659453, 38.731998630730281 ], [ -9.40103, 38.732 ] ] } },
{ "type": "Feature", "properties": { "services_sum": 1.0002778549597111, "total_departures_sum": 65, "route_short_name_sum": null, "services_unique": null, "total_departures_unique": null, "route_short_name_unique": "31" }, "geometry": { "type": "LineString", "coordinates": [ [ -9.40035, 38.7321 ], [ -9.400312405986359, 38.732106015122447 ], [ -9.39985, 38.73218 ] ] } },
{ "type": "Feature", "properties": { "services_sum": 1.0002778549597111, "total_departures_sum": 65, "route_short_name_sum": null, "services_unique": null, "total_departures_unique": null, "route_short_name_unique": "31" }, "geometry": { "type": "LineString", "coordinates": [ [ -9.3979, 38.73311 ], [ -9.397809216685197, 38.733137234999056 ], [ -9.3978, 38.73314 ] ] } },
{ "type": "Feature", "properties": { "services_sum": 1.0002778549597111, "total_departures_sum": 65, "route_short_name_sum": null, "services_unique": null, "total_departures_unique": null, "route_short_name_unique": "31" }, "geometry": { "type": "LineString", "coordinates": [ [ -9.39778, 38.73313 ], [ -9.397749270893074, 38.733136145824247 ], [ -9.39776, 38.73314 ], [ -9.39773, 38.73314 ], [ -9.39756, 38.73318 ], [ -9.39736, 38.73315 ], [ -9.39719, 38.73308 ], [ -9.39709, 38.73304 ], [ -9.39702, 38.73306 ] ] } },
{ "type": "Feature", "properties": { "services_sum": 1.0002778549597111, "total_departures_sum": 65, "route_short_name_sum": null, "services_unique": null, "total_departures_unique": null, "route_short_name_unique": "31" }, "geometry": { "type": "LineString", "coordinates": [ [ -9.3968, 38.73428 ], [ -9.39653, 38.73504 ], [ -9.396529756721554, 38.735040553668185 ], [ -9.39566, 38.73702 ], [ -9.39651, 38.73511 ], [ -9.396510777365414, 38.735107723456849 ], [ -9.39679, 38.73429 ] ] } },
{ "type": "Feature", "properties": { "services_sum": 1.0002778549597111, "total_departures_sum": 65, "route_short_name_sum": null, "services_unique": null, "total_departures_unique": null, "route_short_name_unique": "31" }, "geometry": { "type": "LineString", "coordinates": [ [ -9.3956, 38.73721 ], [ -9.39551, 38.73735 ], [ -9.395382745721058, 38.73765345254062 ], [ -9.39538, 38.73766 ], [ -9.39532, 38.73781 ], [ -9.39525, 38.73787 ] ] } },
{ "type": "Feature", "properties": { "services_sum": 1.0002778549597111, "total_departures_sum": 65, "route_short_name_sum": null, "services_unique": null, "total_departures_unique": null, "route_short_name_unique": "31" }, "geometry": { "type": "LineString", "coordinates": [ [ -9.39511, 38.73726 ], [ -9.395006389667182, 38.737657077542998 ], [ -9.39499, 38.73778 ] ] } },
{ "type": "Feature", "properties": { "services_sum": 1.0002778549597111, "total_departures_sum": 65, "route_short_name_sum": null, "services_unique": null, "total_departures_unique": null, "route_short_name_unique": "31" }, "geometry": { "type": "LineString", "coordinates": [ [ -9.39218, 38.73955 ], [ -9.3923, 38.73947 ], [ -9.39219, 38.73954 ], [ -9.39162, 38.73907 ], [ -9.39154, 38.73901 ], [ -9.39091, 38.73883 ], [ -9.39074, 38.73873 ] ] } },
{ "type": "Feature", "properties": { "services_sum": 1.0002778549597111, "total_departures_sum": 65, "route_short_name_sum": null, "services_unique": null, "total_departures_unique": null, "route_short_name_unique": "31" }, "geometry": { "type": "LineString", "coordinates": [ [ -9.38978, 38.73757 ], [ -9.389640692331287, 38.737211780289805 ], [ -9.38964, 38.73721 ], [ -9.38942, 38.7367 ] ] } },
{ "type": "Feature", "properties": { "services_sum": 1.0002778549597111, "total_departures_sum": 65, "route_short_name_sum": null, "services_unique": null, "total_departures_unique": null, "route_short_name_unique": "31" }, "geometry": { "type": "LineString", "coordinates": [ [ -9.38969, 38.73733 ], [ -9.389678495767285, 38.73730008909564 ], [ -9.38959, 38.73707 ] ] } },
{ "type": "Feature", "properties": { "services_sum": 1.0002778549597111, "total_departures_sum": 65, "route_short_name_sum": null, "services_unique": null, "total_departures_unique": null, "route_short_name_unique": "31" }, "geometry": { "type": "LineString", "coordinates": [ [ -9.38877, 38.73472 ], [ -9.38884, 38.73479 ], [ -9.38891, 38.73488 ], [ -9.38891, 38.73497 ], [ -9.38886, 38.73511 ], [ -9.38882, 38.73515 ], [ -9.388939754233029, 38.735472415372513 ], [ -9.38895, 38.7355 ], [ -9.38924, 38.7362 ], [ -9.38892, 38.73542 ], [ -9.38891, 38.7354 ], [ -9.38878, 38.7353 ], [ -9.38863, 38.73522 ] ] } },
{ "type": "Feature", "properties": { "services_sum": 1.0002778549597111, "total_departures_sum": 65, "route_short_name_sum": null, "services_unique": null, "total_departures_unique": null, "route_short_name_unique": "31" }, "geometry": { "type": "LineString", "coordinates": [ [ -9.38845, 38.73466 ], [ -9.3882, 38.7345 ], [ -9.38827, 38.73474 ] ] } },
{ "type": "Feature", "properties": { "services_sum": 1.0002778549597111, "total_departures_sum": 65, "route_short_name_sum": null, "services_unique": null, "total_departures_unique": null, "route_short_name_unique": "31" }, "geometry": { "type": "LineString", "coordinates": [ [ -9.38528, 38.73224 ], [ -9.38543, 38.7324 ], [ -9.38677, 38.73308 ], [ -9.38546, 38.73242 ], [ -9.385427574768137, 38.732387574855501 ], [ -9.38528, 38.73224 ] ] } },
{ "type": "Feature", "properties": { "services_sum": 1.0002778549597111, "total_departures_sum": 65, "route_short_name_sum": null, "services_unique": null, "total_departures_unique": null, "route_short_name_unique": "31" }, "geometry": { "type": "LineString", "coordinates": [ [ -9.38528, 38.73224 ], [ -9.385098776754692, 38.731848939423209 ], [ -9.38509, 38.73183 ], [ -9.38503, 38.73171 ], [ -9.38489, 38.73154 ], [ -9.38509, 38.73181 ], [ -9.38528, 38.73224 ] ] } },
{ "type": "Feature", "properties": { "services_sum": 1.0002778549597111, "total_departures_sum": 65, "route_short_name_sum": null, "services_unique": null, "total_departures_unique": null, "route_short_name_unique": "31" }, "geometry": { "type": "LineString", "coordinates": [ [ -9.3841, 38.7291 ], [ -9.38400920688386, 38.729248570626481 ], [ -9.38399, 38.72928 ], [ -9.38372, 38.72968 ], [ -9.383905598002954, 38.729401603091134 ], [ -9.38392, 38.72938 ] ] } },
{ "type": "Feature", "properties": { "services_sum": 1.0002778549597111, "total_departures_sum": 65, "route_short_name_sum": null, "services_unique": null, "total_departures_unique": null, "route_short_name_unique": "31" }, "geometry": { "type": "LineString", "coordinates": [ [ -9.38355, 38.72815 ], [ -9.383561744349443, 38.728167723519412 ], [ -9.3841, 38.72898 ], [ -9.38357, 38.72818 ], [ -9.383549111697377, 38.728152427577633 ], [ -9.38332, 38.72785 ] ] } },
{ "type": "Feature", "properties": { "services_sum": 1.0002778549597111, "total_departures_sum": 65, "route_short_name_sum": null, "services_unique": null, "total_departures_unique": null, "route_short_name_unique": "31" }, "geometry": { "type": "LineString", "coordinates": [ [ -9.38248, 38.7269 ], [ -9.3824963670129, 38.726919039358108 ], [ -9.38297, 38.72747 ], [ -9.38245, 38.72687 ], [ -9.382425578124732, 38.726842647619875 ], [ -9.3822, 38.72659 ] ] } },
{ "type": "Feature", "properties": { "services_sum": 1.0002778549597111, "total_departures_sum": 65, "route_short_name_sum": null, "services_unique": null, "total_departures_unique": null, "route_short_name_unique": "31" }, "geometry": { "type": "LineString", "coordinates": [ [ -9.3809, 38.72569 ], [ -9.380362297549516, 38.725005651604725 ], [ -9.38035, 38.72499 ] ] } },
{ "type": "Feature", "properties": { "services_sum": 1.0002778549597111, "total_departures_sum": 65, "route_short_name_sum": null, "services_unique": null, "total_departures_unique": null, "route_short_name_unique": "31" }, "geometry": { "type": "LineString", "coordinates": [ [ -9.38042, 38.72509 ], [ -9.38018, 38.72475 ], [ -9.380159308696921, 38.724723274132998 ], [ -9.37946, 38.72382 ] ] } },
{ "type": "Feature", "properties": { "services_sum": 1.0002778549597111, "total_departures_sum": 65, "route_short_name_sum": null, "services_unique": null, "total_departures_unique": null, "route_short_name_unique": "31" }, "geometry": { "type": "LineString", "coordinates": [ [ -9.37905, 38.72345 ], [ -9.37917, 38.72351 ], [ -9.379075384025862, 38.723462692031568 ], [ -9.37905, 38.72345 ] ] } },
{ "type": "Feature", "properties": { "services_sum": 1.0002778549597111, "total_departures_sum": 65, "route_short_name_sum": null, "services_unique": null, "total_departures_unique": null, "route_short_name_unique": "31" }, "geometry": { "type": "LineString", "coordinates": [ [ -9.37905, 38.72345 ], [ -9.379009630489163, 38.723429815444888 ], [ -9.37837, 38.72311 ] ] } },
{ "type": "Feature", "properties": { "services_sum": 1.0002778549597111, "total_departures_sum": 65, "route_short_name_sum": null, "services_unique": null, "total_departures_unique": null, "route_short_name_unique": "31" }, "geometry": { "type": "LineString", "coordinates": [ [ -9.37755, 38.72119 ], [ -9.37733, 38.72093 ], [ -9.377308878551688, 38.720904236945962 ], [ -9.37642, 38.71982 ] ] } },
{ "type": "Feature", "properties": { "services_sum": 1.0002778549597111, "total_departures_sum": 65, "route_short_name_sum": null, "services_unique": null, "total_departures_unique": null, "route_short_name_unique": "31" }, "geometry": { "type": "LineString", "coordinates": [ [ -9.37745, 38.72133 ], [ -9.377384251102288, 38.721085789863643 ], [ -9.37738, 38.72107 ] ] } },
{ "type": "Feature", "properties": { "services_sum": 1.0002778549597111, "total_departures_sum": 65, "route_short_name_sum": null, "services_unique": null, "total_departures_unique": null, "route_short_name_unique": "31" }, "geometry": { "type": "LineString", "coordinates": [ [ -9.37366, 38.71017 ], [ -9.373531700968204, 38.709935102906449 ], [ -9.37353, 38.70993 ] ] } },
{ "type": "Feature", "properties": { "services_sum": 1.0002778549597111, "total_departures_sum": 65, "route_short_name_sum": null, "services_unique": null, "total_departures_unique": null, "route_short_name_unique": "31" }, "geometry": { "type": "LineString", "coordinates": [ [ -9.37361, 38.7096 ], [ -9.37362, 38.70956 ], [ -9.37358, 38.7095 ], [ -9.37355, 38.70948 ], [ -9.37348, 38.70946 ], [ -9.37343, 38.70946 ], [ -9.37336, 38.7095 ], [ -9.37316, 38.70968 ], [ -9.37256, 38.71024 ], [ -9.37311, 38.70973 ], [ -9.373130852769362, 38.709709147241725 ], [ -9.37314, 38.7097 ], [ -9.37323, 38.70966 ], [ -9.37336, 38.70965 ], [ -9.37342, 38.70971 ] ] } },
{ "type": "Feature", "properties": { "services_sum": 1.0002778549597111, "total_departures_sum": 65, "route_short_name_sum": null, "services_unique": null, "total_departures_unique": null, "route_short_name_unique": "31" }, "geometry": { "type": "LineString", "coordinates": [ [ -9.37332, 38.71171 ], [ -9.37304, 38.71201 ], [ -9.373033589642464, 38.712017211652224 ], [ -9.37288, 38.71219 ], [ -9.372878513254525, 38.712191339542954 ], [ -9.37187, 38.7131 ] ] } },
{ "type": "Feature", "properties": { "services_sum": 1.0002778549597111, "total_departures_sum": 65, "route_short_name_sum": null, "services_unique": null, "total_departures_unique": null, "route_short_name_unique": "31" }, "geometry": { "type": "LineString", "coordinates": [ [ -9.37209, 38.71436 ], [ -9.372100102658806, 38.714377752145502 ], [ -9.37279, 38.71559 ], [ -9.37219, 38.71453 ], [ -9.37217500178024, 38.71450416984586 ], [ -9.37201, 38.71422 ] ] } },
{ "type": "Feature", "properties": { "services_sum": 1.0002778549597111, "total_departures_sum": 65, "route_short_name_sum": null, "services_unique": null, "total_departures_unique": null, "route_short_name_unique": "31" }, "geometry": { "type": "LineString", "coordinates": [ [ -9.37187, 38.7131 ], [ -9.37178, 38.7131 ], [ -9.371773845250093, 38.71310000001386 ], [ -9.37174, 38.7131 ] ] } },
{ "type": "Feature", "properties": { "services_sum": 1.0002778549597111, "total_departures_sum": 65, "route_short_name_sum": null, "services_unique": null, "total_departures_unique": null, "route_short_name_unique": "31" }, "geometry": { "type": "LineString", "coordinates": [ [ -9.37187, 38.7131 ], [ -9.371772460605003, 38.713412618305163 ], [ -9.37165, 38.71378 ] ] } },
{ "type": "Feature", "properties": { "services_sum": 1.0002778549597111, "total_departures_sum": 65, "route_short_name_sum": null, "services_unique": null, "total_departures_unique": null, "route_short_name_unique": "31" }, "geometry": { "type": "LineString", "coordinates": [ [ -9.36721, 38.71213 ], [ -9.367229747411475, 38.712150844552696 ], [ -9.36739, 38.71232 ], [ -9.36697, 38.71188 ], [ -9.366945403353972, 38.711854232174545 ], [ -9.36676, 38.71166 ] ] } },
{ "type": "Feature", "properties": { "services_sum": 1.0002778549597111, "total_departures_sum": 65, "route_short_name_sum": null, "services_unique": null, "total_departures_unique": null, "route_short_name_unique": "31" }, "geometry": { "type": "LineString", "coordinates": [ [ -9.36419, 38.71105 ], [ -9.363910005387622, 38.711077096289692 ], [ -9.36388, 38.71108 ] ] } },
{ "type": "Feature", "properties": { "services_sum": 1.0002778549597111, "total_departures_sum": 65, "route_short_name_sum": null, "services_unique": null, "total_departures_unique": null, "route_short_name_unique": "31" }, "geometry": { "type": "LineString", "coordinates": [ [ -9.36391, 38.71108 ], [ -9.363868282321624, 38.71108485096488 ], [ -9.36348, 38.71113 ] ] } },
{ "type": "Feature", "properties": { "services_sum": 1.0002778549597111, "total_departures_sum": 65, "route_short_name_sum": null, "services_unique": null, "total_departures_unique": null, "route_short_name_unique": "31" }, "geometry": { "type": "LineString", "coordinates": [ [ -9.36217, 38.71079 ], [ -9.36214, 38.71086 ] ] } },
{ "type": "Feature", "properties": { "services_sum": 1.0002778549597111, "total_departures_sum": 65, "route_short_name_sum": null, "services_unique": null, "total_departures_unique": null, "route_short_name_unique": "31" }, "geometry": { "type": "LineString", "coordinates": [ [ -9.35882, 38.70955 ], [ -9.357881501119211, 38.709433897177902 ], [ -9.35785, 38.70943 ], [ -9.35773, 38.70942 ], [ -9.358095498135762, 38.709464573016035 ], [ -9.35814, 38.70947 ] ] } },
{ "type": "Feature", "properties": { "services_sum": 1.0002778549597111, "total_departures_sum": 65, "route_short_name_sum": null, "services_unique": null, "total_departures_unique": null, "route_short_name_unique": "31" }, "geometry": { "type": "LineString", "coordinates": [ [ -9.35552, 38.70328 ], [ -9.355052222725298, 38.702305464382412 ], [ -9.35504, 38.70228 ], [ -9.35493, 38.7021 ], [ -9.35503, 38.70227 ] ] } },
{ "type": "Feature", "properties": { "services_sum": 1.0002778549597111, "total_departures_sum": 65, "route_short_name_sum": null, "services_unique": null, "total_departures_unique": null, "route_short_name_unique": "31" }, "geometry": { "type": "LineString", "coordinates": [ [ -9.35549, 38.70398 ], [ -9.355495019382305, 38.703950720402389 ], [ -9.35555, 38.70363 ], [ -9.35549, 38.70399 ], [ -9.355484921562887, 38.704015709873218 ], [ -9.35533, 38.7048 ], [ -9.355185581974537, 38.705782043097891 ], [ -9.35518, 38.70582 ] ] } },
{ "type": "Feature", "properties": { "services_sum": 1.0002778549597111, "total_departures_sum": 65, "route_short_name_sum": null, "services_unique": null, "total_departures_unique": null, "route_short_name_unique": "31" }, "geometry": { "type": "LineString", "coordinates": [ [ -9.35525, 38.70117 ], [ -9.355042022066552, 38.700650055395542 ], [ -9.35503, 38.70062 ] ] } },
{ "type": "Feature", "properties": { "services_sum": 1.0002778549597111, "total_departures_sum": 65, "route_short_name_sum": null, "services_unique": null, "total_departures_unique": null, "route_short_name_unique": "31" }, "geometry": { "type": "LineString", "coordinates": [ [ -9.35512, 38.70084 ], [ -9.355119482074977, 38.700838756993107 ], [ -9.35482, 38.70012 ] ] } },
{ "type": "Feature", "properties": { "services_sum": 1.0002778549597111, "total_departures_sum": 65, "route_short_name_sum": null, "services_unique": null, "total_departures_unique": null, "route_short_name_unique": "31" }, "geometry": { "type": "LineString", "coordinates": [ [ -9.35507, 38.7064 ], [ -9.355065753752138, 38.706422080563179 ], [ -9.35502, 38.70666 ] ] } },
{ "type": "Feature", "properties": { "services_sum": 1.0002778549597111, "total_departures_sum": 65, "route_short_name_sum": null, "services_unique": null, "total_departures_unique": null, "route_short_name_unique": "31" }, "geometry": { "type": "LineString", "coordinates": [ [ -9.35489, 38.70697 ], [ -9.354758730312643, 38.707215036880029 ], [ -9.35474, 38.70725 ] ] } },
{ "type": "Feature", "properties": { "services_sum": 1.0002778549597111, "total_departures_sum": 65, "route_short_name_sum": null, "services_unique": null, "total_departures_unique": null, "route_short_name_unique": "31" }, "geometry": { "type": "LineString", "coordinates": [ [ -9.35458, 38.70754 ], [ -9.35435, 38.70789 ], [ -9.354337267445317, 38.707909629463636 ], [ -9.35411, 38.70826 ] ] } },
{ "type": "Feature", "properties": { "services_sum": 1.0002778549597111, "total_departures_sum": 65, "route_short_name_sum": null, "services_unique": null, "total_departures_unique": null, "route_short_name_unique": "31" }, "geometry": { "type": "LineString", "coordinates": [ [ -9.35458, 38.70861 ], [ -9.3543, 38.70843 ], [ -9.35411, 38.70842 ], [ -9.35403, 38.70844 ] ] } },
{ "type": "Feature", "properties": { "services_sum": 1.0002778549597111, "total_departures_sum": 65, "route_short_name_sum": null, "services_unique": null, "total_departures_unique": null, "route_short_name_unique": "31" }, "geometry": { "type": "LineString", "coordinates": [ [ -9.35452, 38.69954 ], [ -9.354532589549109, 38.699568776168121 ], [ -9.35459, 38.6997 ], [ -9.354503322241211, 38.699497751919296 ], [ -9.3545, 38.69949 ], [ -9.35416, 38.69874 ] ] } },
{ "type": "Feature", "properties": { "services_sum": 1.0002778549597111, "total_departures_sum": 65, "route_short_name_sum": null, "services_unique": null, "total_departures_unique": null, "route_short_name_unique": "31" }, "geometry": { "type": "LineString", "coordinates": [ [ -9.35399, 38.70825 ], [ -9.35393, 38.70829 ] ] } },
{ "type": "Feature", "properties": { "services_sum": 1.0002778549597111, "total_departures_sum": 65, "route_short_name_sum": null, "services_unique": null, "total_departures_unique": null, "route_short_name_unique": "31" }, "geometry": { "type": "LineString", "coordinates": [ [ -9.35303, 38.69794 ], [ -9.35304, 38.69792 ], [ -9.35302, 38.69785 ] ] } },
{ "type": "Feature", "properties": { "services_sum": 1.0002778549597111, "total_departures_sum": 65, "route_short_name_sum": null, "services_unique": null, "total_departures_unique": null, "route_short_name_unique": "31" }, "geometry": { "type": "LineString", "coordinates": [ [ -9.34236, 38.69547 ], [ -9.34343, 38.696 ], [ -9.343456787889298, 38.696013784273454 ], [ -9.34345, 38.69602 ], [ -9.34444, 38.69653 ], [ -9.34545, 38.69702 ], [ -9.346748343010878, 38.697469426426842 ], [ -9.34675, 38.69747 ], [ -9.34848, 38.69799 ], [ -9.34649, 38.69738 ], [ -9.34647742866289, 38.697375665076834 ], [ -9.3462, 38.69728 ], [ -9.34536, 38.69696 ], [ -9.34446, 38.69653 ], [ -9.34345, 38.69601 ], [ -9.343442684990917, 38.696006376111455 ], [ -9.34236, 38.69547 ] ] } },
{ "type": "Feature", "properties": { "services_sum": 1.0002778549597111, "total_departures_sum": 65, "route_short_name_sum": null, "services_unique": null, "total_departures_unique": null, "route_short_name_unique": "31" }, "geometry": { "type": "LineString", "coordinates": [ [ -9.34236, 38.69547 ], [ -9.34182, 38.69528 ], [ -9.34166, 38.69513 ] ] } },
{ "type": "Feature", "properties": { "services_sum": 1.0002778549597111, "total_departures_sum": 65, "route_short_name_sum": null, "services_unique": null, "total_departures_unique": null, "route_short_name_unique": "31" }, "geometry": { "type": "LineString", "coordinates": [ [ -9.34236, 38.69547 ], [ -9.34201, 38.69535 ], [ -9.34181, 38.69537 ] ] } },
{ "type": "Feature", "properties": { "services_sum": 1.0002778549597111, "total_departures_sum": 65, "route_short_name_sum": null, "services_unique": null, "total_departures_unique": null, "route_short_name_unique": "31" }, "geometry": { "type": "LineString", "coordinates": [ [ -9.34175, 38.69541 ], [ -9.3417, 38.69542 ], [ -9.34162, 38.6954 ], [ -9.34159, 38.69537 ] ] } },
{ "type": "Feature", "properties": { "services_sum": 1.0002778549597111, "total_departures_sum": 65, "route_short_name_sum": null, "services_unique": null, "total_departures_unique": null, "route_short_name_unique": "31" }, "geometry": { "type": "LineString", "coordinates": [ [ -9.33984, 38.6949 ], [ -9.338799457694781, 38.69481247788358 ], [ -9.33877, 38.69481 ], [ -9.33832, 38.69477 ], [ -9.33815, 38.69474 ], [ -9.33744, 38.69456 ], [ -9.33701, 38.69445 ], [ -9.336139792277477, 38.694156671654895 ], [ -9.33612, 38.69415 ], [ -9.33571, 38.69401 ], [ -9.3356, 38.69398 ], [ -9.33591, 38.6931 ] ] } },
{ "type": "Feature", "properties": { "services_sum": 1.0002778549597111, "total_departures_sum": 65, "route_short_name_sum": null, "services_unique": null, "total_departures_unique": null, "route_short_name_unique": "31" }, "geometry": { "type": "LineString", "coordinates": [ [ -9.33949, 38.69488 ], [ -9.339472402862761, 38.694878179695095 ], [ -9.33833, 38.69476 ] ] } },
{ "type": "Feature", "properties": { "services_sum": 1.0002778549597111, "total_departures_sum": 65, "route_short_name_sum": null, "services_unique": null, "total_departures_unique": null, "route_short_name_unique": "31" }, "geometry": { "type": "LineString", "coordinates": [ [ -9.33747, 38.68749 ], [ -9.33708, 38.68746 ], [ -9.337078172452918, 38.687463398498544 ], [ -9.336860775947573, 38.687544808961327 ], [ -9.336329698562624, 38.687580400866231 ], [ -9.335868358612062, 38.687551089887002 ] ] } },
{ "type": "Feature", "properties": { "services_sum": 1.0002778549597111, "total_departures_sum": 65, "route_short_name_sum": null, "services_unique": null, "total_departures_unique": null, "route_short_name_unique": "31" }, "geometry": { "type": "LineString", "coordinates": [ [ -9.33673, 38.69074 ], [ -9.33672, 38.69096 ], [ -9.336719872936335, 38.690962617511495 ], [ -9.33667, 38.69199 ], [ -9.336719257710037, 38.690985142928064 ], [ -9.33672, 38.69097 ] ] } },
{ "type": "Feature", "properties": { "services_sum": 1.0002778549597111, "total_departures_sum": 65, "route_short_name_sum": null, "services_unique": null, "total_departures_unique": null, "route_short_name_unique": "31" }, "geometry": { "type": "LineString", "coordinates": [ [ -9.33596, 38.69311 ], [ -9.33588, 38.69333 ], [ -9.33587510351269, 38.693336390677743 ], [ -9.33587, 38.69335 ] ] } },
{ "type": "Feature", "properties": { "services_sum": 1.0002778549597111, "total_departures_sum": 65, "route_short_name_sum": null, "services_unique": null, "total_departures_unique": null, "route_short_name_unique": "31" }, "geometry": { "type": "LineString", "coordinates": [ [ -9.335865676403047, 38.68754690260328 ], [ -9.335460662841799, 38.687507123395676 ], [ -9.335390925407411, 38.687444314075506 ], [ -9.335307966604345, 38.687271569548493 ], [ -9.333, 38.68701 ] ] } },
{ "type": "Feature", "properties": { "services_sum": 1.0002778549597111, "total_departures_sum": 65, "route_short_name_sum": null, "services_unique": null, "total_departures_unique": null, "route_short_name_unique": "31" }, "geometry": { "type": "LineString", "coordinates": [ [ -9.33434, 38.69039 ], [ -9.333939682562532, 38.690494845084245 ], [ -9.33363, 38.69059 ] ] } },
{ "type": "Feature", "properties": { "services_sum": 1.0002778549597111, "total_departures_sum": 65, "route_short_name_sum": null, "services_unique": null, "total_departures_unique": null, "route_short_name_unique": "31" }, "geometry": { "type": "LineString", "coordinates": [ [ -9.33434, 38.69039 ], [ -9.33529610747285, 38.690242148389956 ], [ -9.33574, 38.6902 ], [ -9.335324495462196, 38.690238651611288 ], [ -9.33531, 38.69024 ], [ -9.33434, 38.69039 ] ] } },
{ "type": "Feature", "properties": { "services_sum": 1.0002778549597111, "total_departures_sum": 65, "route_short_name_sum": null, "services_unique": null, "total_departures_unique": null, "route_short_name_unique": "31" }, "geometry": { "type": "LineString", "coordinates": [ [ -9.33136, 38.68611 ], [ -9.33136, 38.688658572415022 ], [ -9.33136, 38.68866 ], [ -9.33138, 38.68914 ] ] } },
{ "type": "Feature", "properties": { "services_sum": 1.0002778549597111, "total_departures_sum": 65, "route_short_name_sum": null, "services_unique": null, "total_departures_unique": null, "route_short_name_unique": "31" }, "geometry": { "type": "LineString", "coordinates": [ [ -9.33127, 38.68908 ], [ -9.331260094067584, 38.688782822027513 ], [ -9.33126, 38.68878 ], [ -9.33126, 38.68621 ] ] } },
{ "type": "Feature", "properties": { "services_sum": 1.0002778549597111, "total_departures_sum": 65, "route_short_name_sum": null, "services_unique": null, "total_departures_unique": null, "route_short_name_unique": "31" }, "geometry": { "type": "LineString", "coordinates": [ [ -9.40881, 38.73191 ], [ -9.40859, 38.73157 ], [ -9.408587165011888, 38.731570903337513 ], [ -9.40858, 38.73156 ], [ -9.408581898012295, 38.73156288829545 ], [ -9.40881, 38.73191 ] ] } },
{ "type": "Feature", "properties": { "services_sum": 1.0002778549597111, "total_departures_sum": 65, "route_short_name_sum": null, "services_unique": null, "total_departures_unique": null, "route_short_name_unique": "31" }, "geometry": { "type": "LineString", "coordinates": [ [ -9.35224, 38.69817 ], [ -9.35163, 38.69836 ], [ -9.351609490418978, 38.698366400313091 ], [ -9.35022, 38.6988 ], [ -9.351308659953105, 38.69846410748147 ], [ -9.35224, 38.69817 ] ] } },
{ "type": "Feature", "properties": { "services_sum": 1.0002778549597111, "total_departures_sum": 65, "route_short_name_sum": null, "services_unique": null, "total_departures_unique": null, "route_short_name_unique": "31" }, "geometry": { "type": "LineString", "coordinates": [ [ -9.34996, 38.69862 ], [ -9.3494, 38.6987 ], [ -9.34932, 38.6987 ], [ -9.34913, 38.69863 ], [ -9.34895, 38.6985 ], [ -9.34886, 38.69819 ], [ -9.34879, 38.69812 ], [ -9.3487, 38.69807 ], [ -9.34883, 38.69814 ], [ -9.34885, 38.69819 ], [ -9.34932, 38.69804 ], [ -9.34945, 38.69814 ], [ -9.34996, 38.69862 ] ] } },
{ "type": "Feature", "properties": { "services_sum": 4.052422338588558, "total_departures_sum": 162, "route_short_name_sum": null, "services_unique": null, "total_departures_unique": null, "route_short_name_unique": "3, 1" }, "geometry": { "type": "LineString", "coordinates": [ [ -9.41839, 38.72881 ], [ -9.41833, 38.72889 ], [ -9.41828, 38.72891 ], [ -9.41822, 38.72894 ] ] } },
{ "type": "Feature", "properties": { "services_sum": 4.052422338588558, "total_departures_sum": 162, "route_short_name_sum": null, "services_unique": null, "total_departures_unique": null, "route_short_name_unique": "3, 1" }, "geometry": { "type": "LineString", "coordinates": [ [ -9.41816, 38.7285 ], [ -9.41809, 38.72844 ], [ -9.41803, 38.72819 ], [ -9.41802, 38.72808 ], [ -9.41803, 38.72799 ] ] } },
{ "type": "Feature", "properties": { "services_sum": 4.052422338588558, "total_departures_sum": 162, "route_short_name_sum": null, "services_unique": null, "total_departures_unique": null, "route_short_name_unique": "3, 1" }, "geometry": { "type": "LineString", "coordinates": [ [ -9.41797, 38.72861 ], [ -9.41791, 38.72868 ], [ -9.4179, 38.72877 ] ] } },
{ "type": "Feature", "properties": { "services_sum": 4.052422338588558, "total_departures_sum": 162, "route_short_name_sum": null, "services_unique": null, "total_departures_unique": null, "route_short_name_unique": "3, 1" }, "geometry": { "type": "LineString", "coordinates": [ [ -9.41778, 38.72745 ], [ -9.41764, 38.72749 ] ] } },
{ "type": "Feature", "properties": { "services_sum": 2.0005557099194222, "total_departures_sum": 78, "route_short_name_sum": null, "services_unique": null, "total_departures_unique": null, "route_short_name_unique": "1" }, "geometry": { "type": "LineString", "coordinates": [ [ -9.41835, 38.72863 ], [ -9.41816, 38.7285 ] ] } },
{ "type": "Feature", "properties": { "services_sum": 2.0005557099194222, "total_departures_sum": 78, "route_short_name_sum": null, "services_unique": null, "total_departures_unique": null, "route_short_name_unique": "1" }, "geometry": { "type": "LineString", "coordinates": [ [ -9.41808, 38.72795 ], [ -9.41813, 38.72786 ], [ -9.41802, 38.72757 ], [ -9.41791, 38.72747 ] ] } },
{ "type": "Feature", "properties": { "services_sum": 2.0005557099194222, "total_departures_sum": 78, "route_short_name_sum": null, "services_unique": null, "total_departures_unique": null, "route_short_name_unique": "1" }, "geometry": { "type": "LineString", "coordinates": [ [ -9.41801, 38.72843 ], [ -9.41797, 38.72861 ] ] } },
{ "type": "Feature", "properties": { "services_sum": 2.0005557099194222, "total_departures_sum": 78, "route_short_name_sum": null, "services_unique": null, "total_departures_unique": null, "route_short_name_unique": "1" }, "geometry": { "type": "LineString", "coordinates": [ [ -9.41779, 38.72802 ], [ -9.41682, 38.72819 ], [ -9.41586, 38.72847 ], [ -9.41543, 38.72863 ] ] } },
{ "type": "Feature", "properties": { "services_sum": 2.0005557099194222, "total_departures_sum": 78, "route_short_name_sum": null, "services_unique": null, "total_departures_unique": null, "route_short_name_unique": "1" }, "geometry": { "type": "LineString", "coordinates": [ [ -9.41543, 38.7285 ], [ -9.41486, 38.7287 ], [ -9.41446, 38.7287 ] ] } },
{ "type": "Feature", "properties": { "services_sum": 2.0005557099194222, "total_departures_sum": 78, "route_short_name_sum": null, "services_unique": null, "total_departures_unique": null, "route_short_name_unique": "1" }, "geometry": { "type": "LineString", "coordinates": [ [ -9.411951940279357, 38.726294365628554 ], [ -9.41195, 38.72629 ] ] } },
{ "type": "Feature", "properties": { "services_sum": 2.0005557099194222, "total_departures_sum": 78, "route_short_name_sum": null, "services_unique": null, "total_departures_unique": null, "route_short_name_unique": "1" }, "geometry": { "type": "LineString", "coordinates": [ [ -9.41057, 38.72346 ], [ -9.41047, 38.72346 ], [ -9.41039, 38.72345 ], [ -9.41033, 38.72342 ], [ -9.41027, 38.72337 ], [ -9.41011, 38.72311 ], [ -9.40996, 38.72303 ] ] } },
{ "type": "Feature", "properties": { "services_sum": 2.0005557099194222, "total_departures_sum": 78, "route_short_name_sum": null, "services_unique": null, "total_departures_unique": null, "route_short_name_unique": "1" }, "geometry": { "type": "LineString", "coordinates": [ [ -9.40913, 38.72337 ], [ -9.40904, 38.72334 ], [ -9.40893, 38.72324 ], [ -9.40889, 38.72317 ], [ -9.40878, 38.72222 ], [ -9.40851, 38.72224 ], [ -9.4077, 38.72238 ] ] } },
{ "type": "Feature", "properties": { "services_sum": 2.0005557099194222, "total_departures_sum": 78, "route_short_name_sum": null, "services_unique": null, "total_departures_unique": null, "route_short_name_unique": "1" }, "geometry": { "type": "LineString", "coordinates": [ [ -9.407300587908484, 38.721942808896088 ], [ -9.4073, 38.72194 ] ] } },
{ "type": "Feature", "properties": { "services_sum": 2.0005557099194222, "total_departures_sum": 78, "route_short_name_sum": null, "services_unique": null, "total_departures_unique": null, "route_short_name_unique": "1" }, "geometry": { "type": "LineString", "coordinates": [ [ -9.40725, 38.72158 ], [ -9.40723, 38.72124 ], [ -9.40696, 38.72029 ], [ -9.40676, 38.71951 ], [ -9.40675, 38.71942 ] ] } },
{ "type": "Feature", "properties": { "services_sum": 2.0005557099194222, "total_departures_sum": 78, "route_short_name_sum": null, "services_unique": null, "total_departures_unique": null, "route_short_name_unique": "1" }, "geometry": { "type": "LineString", "coordinates": [ [ -9.40667, 38.71858 ], [ -9.40648, 38.71796 ] ] } },
{ "type": "Feature", "properties": { "services_sum": 2.0005557099194222, "total_departures_sum": 78, "route_short_name_sum": null, "services_unique": null, "total_departures_unique": null, "route_short_name_unique": "1" }, "geometry": { "type": "LineString", "coordinates": [ [ -9.405932781422164, 38.716885461701708 ], [ -9.40593, 38.71688 ] ] } },
{ "type": "Feature", "properties": { "services_sum": 2.0005557099194222, "total_departures_sum": 78, "route_short_name_sum": null, "services_unique": null, "total_departures_unique": null, "route_short_name_unique": "1" }, "geometry": { "type": "LineString", "coordinates": [ [ -9.40549, 38.71579 ], [ -9.40533, 38.71514 ], [ -9.4052, 38.71437 ], [ -9.40519, 38.71408 ], [ -9.40503, 38.71283 ] ] } },
{ "type": "Feature", "properties": { "services_sum": 2.0005557099194222, "total_departures_sum": 78, "route_short_name_sum": null, "services_unique": null, "total_departures_unique": null, "route_short_name_unique": "1" }, "geometry": { "type": "LineString", "coordinates": [ [ -9.40502, 38.71272 ], [ -9.40496, 38.71198 ], [ -9.40496, 38.71133 ], [ -9.40488, 38.71108 ] ] } },
{ "type": "Feature", "properties": { "services_sum": 2.0005557099194222, "total_departures_sum": 78, "route_short_name_sum": null, "services_unique": null, "total_departures_unique": null, "route_short_name_unique": "1" }, "geometry": { "type": "LineString", "coordinates": [ [ -9.40471, 38.70891 ], [ -9.40467, 38.7096 ], [ -9.40459, 38.71026 ], [ -9.40459, 38.71046 ] ] } },
{ "type": "Feature", "properties": { "services_sum": 2.0005557099194222, "total_departures_sum": 78, "route_short_name_sum": null, "services_unique": null, "total_departures_unique": null, "route_short_name_unique": "1" }, "geometry": { "type": "LineString", "coordinates": [ [ -9.40429, 38.70722 ], [ -9.40421, 38.70713 ] ] } },
{ "type": "Feature", "properties": { "services_sum": 2.0005557099194222, "total_departures_sum": 78, "route_short_name_sum": null, "services_unique": null, "total_departures_unique": null, "route_short_name_unique": "1" }, "geometry": { "type": "LineString", "coordinates": [ [ -9.403653092460027, 38.707017215740059 ], [ -9.40365, 38.70701 ] ] } },
{ "type": "Feature", "properties": { "services_sum": 2.0005557099194222, "total_departures_sum": 78, "route_short_name_sum": null, "services_unique": null, "total_departures_unique": null, "route_short_name_unique": "1" }, "geometry": { "type": "LineString", "coordinates": [ [ -9.39326, 38.70369 ], [ -9.39314, 38.70366 ], [ -9.39297, 38.70357 ], [ -9.39278, 38.70342 ] ] } },
{ "type": "Feature", "properties": { "services_sum": 2.0005557099194222, "total_departures_sum": 78, "route_short_name_sum": null, "services_unique": null, "total_departures_unique": null, "route_short_name_unique": "1" }, "geometry": { "type": "LineString", "coordinates": [ [ -9.39269, 38.70337 ], [ -9.39262, 38.70336 ], [ -9.39255, 38.70336 ] ] } },
{ "type": "Feature", "properties": { "services_sum": 2.0005557099194222, "total_departures_sum": 78, "route_short_name_sum": null, "services_unique": null, "total_departures_unique": null, "route_short_name_unique": "1" }, "geometry": { "type": "LineString", "coordinates": [ [ -9.389, 38.704 ], [ -9.38738, 38.70447 ], [ -9.38692, 38.70458 ] ] } },
{ "type": "Feature", "properties": { "services_sum": 2.0005557099194222, "total_departures_sum": 78, "route_short_name_sum": null, "services_unique": null, "total_departures_unique": null, "route_short_name_unique": "1" }, "geometry": { "type": "LineString", "coordinates": [ [ -9.38434, 38.70395 ], [ -9.38382, 38.70371 ] ] } },
{ "type": "Feature", "properties": { "services_sum": 2.0005557099194222, "total_departures_sum": 78, "route_short_name_sum": null, "services_unique": null, "total_departures_unique": null, "route_short_name_unique": "1" }, "geometry": { "type": "LineString", "coordinates": [ [ -9.37953, 38.70166 ], [ -9.37951, 38.70157 ], [ -9.37947, 38.70153 ], [ -9.37897, 38.70124 ], [ -9.37816, 38.70075 ] ] } },
{ "type": "Feature", "properties": { "services_sum": 2.0005557099194222, "total_departures_sum": 78, "route_short_name_sum": null, "services_unique": null, "total_departures_unique": null, "route_short_name_unique": "1" }, "geometry": { "type": "LineString", "coordinates": [ [ -9.37943, 38.70233 ], [ -9.379429521779421, 38.702333382967801 ] ] } },
{ "type": "Feature", "properties": { "services_sum": 2.0005557099194222, "total_departures_sum": 78, "route_short_name_sum": null, "services_unique": null, "total_departures_unique": null, "route_short_name_unique": "1" }, "geometry": { "type": "LineString", "coordinates": [ [ -9.376303190411651, 38.699376047496713 ], [ -9.3763, 38.69937 ] ] } },
{ "type": "Feature", "properties": { "services_sum": 2.0005557099194222, "total_departures_sum": 78, "route_short_name_sum": null, "services_unique": null, "total_departures_unique": null, "route_short_name_unique": "1" }, "geometry": { "type": "LineString", "coordinates": [ [ -9.37606, 38.69888 ], [ -9.37593, 38.69849 ], [ -9.37585, 38.6984 ], [ -9.37579, 38.69836 ], [ -9.37341, 38.69772 ] ] } },
{ "type": "Feature", "properties": { "services_sum": 2.0005557099194222, "total_departures_sum": 78, "route_short_name_sum": null, "services_unique": null, "total_departures_unique": null, "route_short_name_unique": "1" }, "geometry": { "type": "LineString", "coordinates": [ [ -9.37309, 38.69768 ], [ -9.37296, 38.69747 ], [ -9.37288, 38.69739 ] ] } },
{ "type": "Feature", "properties": { "services_sum": 2.0005557099194222, "total_departures_sum": 78, "route_short_name_sum": null, "services_unique": null, "total_departures_unique": null, "route_short_name_unique": "1" }, "geometry": { "type": "LineString", "coordinates": [ [ -9.36455, 38.69543 ], [ -9.36431, 38.69536 ] ] } },
{ "type": "Feature", "properties": { "services_sum": 2.0005557099194222, "total_departures_sum": 78, "route_short_name_sum": null, "services_unique": null, "total_departures_unique": null, "route_short_name_unique": "1" }, "geometry": { "type": "LineString", "coordinates": [ [ -9.36293, 38.69224 ], [ -9.362929551651794, 38.692242241741027 ] ] } },
{ "type": "Feature", "properties": { "services_sum": 2.0005557099194222, "total_departures_sum": 78, "route_short_name_sum": null, "services_unique": null, "total_departures_unique": null, "route_short_name_unique": "1" }, "geometry": { "type": "LineString", "coordinates": [ [ -9.36293, 38.69473 ], [ -9.36232, 38.69461 ] ] } },
{ "type": "Feature", "properties": { "services_sum": 2.0005557099194222, "total_departures_sum": 78, "route_short_name_sum": null, "services_unique": null, "total_departures_unique": null, "route_short_name_unique": "1" }, "geometry": { "type": "LineString", "coordinates": [ [ -9.36288, 38.69249 ], [ -9.36272, 38.69302 ], [ -9.36262, 38.69321 ] ] } },
{ "type": "Feature", "properties": { "services_sum": 2.0005557099194222, "total_departures_sum": 78, "route_short_name_sum": null, "services_unique": null, "total_departures_unique": null, "route_short_name_unique": "1" }, "geometry": { "type": "LineString", "coordinates": [ [ -9.35982, 38.6911 ], [ -9.3595, 38.69104 ], [ -9.35928, 38.69102 ] ] } },
{ "type": "Feature", "properties": { "services_sum": 3.0008335648791333, "total_departures_sum": 232, "route_short_name_sum": null, "services_unique": null, "total_departures_unique": null, "route_short_name_unique": "7, 6, 13" }, "geometry": { "type": "LineString", "coordinates": [ [ -9.41832, 38.70736 ], [ -9.41833, 38.70724 ], [ -9.41829, 38.70692 ] ] } },
{ "type": "Feature", "properties": { "services_sum": 3.0008335648791333, "total_departures_sum": 232, "route_short_name_sum": null, "services_unique": null, "total_departures_unique": null, "route_short_name_unique": "7, 6, 13" }, "geometry": { "type": "LineString", "coordinates": [ [ -9.41803, 38.7034 ], [ -9.41798, 38.70337 ], [ -9.41791, 38.70336 ] ] } },
{ "type": "Feature", "properties": { "services_sum": 3.0008335648791333, "total_departures_sum": 232, "route_short_name_sum": null, "services_unique": null, "total_departures_unique": null, "route_short_name_unique": "7, 6, 13" }, "geometry": { "type": "LineString", "coordinates": [ [ -9.41783, 38.70361 ], [ -9.41777, 38.70463 ], [ -9.41779, 38.7049 ] ] } },
{ "type": "Feature", "properties": { "services_sum": 3.0008335648791333, "total_departures_sum": 232, "route_short_name_sum": null, "services_unique": null, "total_departures_unique": null, "route_short_name_unique": "7, 6, 13" }, "geometry": { "type": "LineString", "coordinates": [ [ -9.39924, 38.7038 ], [ -9.39926, 38.70368 ], [ -9.39913, 38.70358 ], [ -9.39899, 38.70353 ], [ -9.39821, 38.70347 ] ] } },
{ "type": "Feature", "properties": { "services_sum": 3.0008335648791333, "total_departures_sum": 232, "route_short_name_sum": null, "services_unique": null, "total_departures_unique": null, "route_short_name_unique": "7, 6, 13" }, "geometry": { "type": "LineString", "coordinates": [ [ -9.39904, 38.70436 ], [ -9.39828, 38.70678 ], [ -9.39832, 38.70732 ], [ -9.39826, 38.70752 ], [ -9.39817, 38.70771 ], [ -9.39798, 38.70795 ], [ -9.39778, 38.70813 ] ] } },
{ "type": "Feature", "properties": { "services_sum": 3.0008335648791333, "total_departures_sum": 232, "route_short_name_sum": null, "services_unique": null, "total_departures_unique": null, "route_short_name_unique": "7, 6, 13" }, "geometry": { "type": "LineString", "coordinates": [ [ -9.39635, 38.70784 ], [ -9.39635, 38.70721 ], [ -9.3962, 38.70705 ], [ -9.3955, 38.70693 ] ] } },
{ "type": "Feature", "properties": { "services_sum": 2.0005557099194222, "total_departures_sum": 114, "route_short_name_sum": null, "services_unique": null, "total_departures_unique": null, "route_short_name_unique": "7, 6" }, "geometry": { "type": "LineString", "coordinates": [ [ -9.41832, 38.70736 ], [ -9.4183, 38.70739 ], [ -9.41823, 38.70774 ] ] } },
{ "type": "Feature", "properties": { "services_sum": 2.0005557099194222, "total_departures_sum": 114, "route_short_name_sum": null, "services_unique": null, "total_departures_unique": null, "route_short_name_unique": "7, 6" }, "geometry": { "type": "LineString", "coordinates": [ [ -9.41813, 38.70795 ], [ -9.41798, 38.70805 ], [ -9.41774, 38.70815 ], [ -9.41739, 38.70818 ] ] } },
{ "type": "Feature", "properties": { "services_sum": 2.0005557099194222, "total_departures_sum": 114, "route_short_name_sum": null, "services_unique": null, "total_departures_unique": null, "route_short_name_unique": "7, 6" }, "geometry": { "type": "LineString", "coordinates": [ [ -9.41791, 38.70336 ], [ -9.41784, 38.70338 ], [ -9.41778, 38.70344 ], [ -9.41783, 38.70361 ] ] } },
{ "type": "Feature", "properties": { "services_sum": 2.0005557099194222, "total_departures_sum": 114, "route_short_name_sum": null, "services_unique": null, "total_departures_unique": null, "route_short_name_unique": "7, 6" }, "geometry": { "type": "LineString", "coordinates": [ [ -9.41782, 38.70511 ], [ -9.41779, 38.7049 ] ] } },
{ "type": "Feature", "properties": { "services_sum": 2.0005557099194222, "total_departures_sum": 114, "route_short_name_sum": null, "services_unique": null, "total_departures_unique": null, "route_short_name_unique": "7, 6" }, "geometry": { "type": "LineString", "coordinates": [ [ -9.41614, 38.70828 ], [ -9.41602, 38.70822 ], [ -9.41594, 38.70819 ], [ -9.41589, 38.7082 ], [ -9.41585, 38.70822 ], [ -9.41581, 38.70828 ], [ -9.41582, 38.70833 ], [ -9.41588, 38.70838 ], [ -9.41592, 38.7084 ], [ -9.41595, 38.70846 ], [ -9.41586, 38.70909 ], [ -9.4157, 38.7096 ], [ -9.41542, 38.71029 ] ] } },
{ "type": "Feature", "properties": { "services_sum": 2.0005557099194222, "total_departures_sum": 114, "route_short_name_sum": null, "services_unique": null, "total_departures_unique": null, "route_short_name_unique": "7, 6" }, "geometry": { "type": "LineString", "coordinates": [ [ -9.4151, 38.71098 ], [ -9.41469, 38.71177 ] ] } },
{ "type": "Feature", "properties": { "services_sum": 2.0005557099194222, "total_departures_sum": 114, "route_short_name_sum": null, "services_unique": null, "total_departures_unique": null, "route_short_name_unique": "7, 6" }, "geometry": { "type": "LineString", "coordinates": [ [ -9.41447, 38.71219 ], [ -9.41436, 38.71219 ], [ -9.41428, 38.71225 ], [ -9.41428, 38.71231 ], [ -9.41433, 38.71236 ], [ -9.41436, 38.71237 ] ] } },
{ "type": "Feature", "properties": { "services_sum": 2.0005557099194222, "total_departures_sum": 114, "route_short_name_sum": null, "services_unique": null, "total_departures_unique": null, "route_short_name_unique": "7, 6" }, "geometry": { "type": "LineString", "coordinates": [ [ -9.39706, 38.70798 ], [ -9.39635, 38.70784 ] ] } },
{ "type": "Feature", "properties": { "services_sum": 2.0005557099194222, "total_departures_sum": 114, "route_short_name_sum": null, "services_unique": null, "total_departures_unique": null, "route_short_name_unique": "7, 6" }, "geometry": { "type": "LineString", "coordinates": [ [ -9.39577, 38.71012 ], [ -9.39561, 38.71134 ] ] } },
{ "type": "Feature", "properties": { "services_sum": 3.0008335648791333, "total_departures_sum": 331, "route_short_name_sum": null, "services_unique": null, "total_departures_unique": null, "route_short_name_unique": "31, 22" }, "geometry": { "type": "LineString", "coordinates": [ [ -9.4183, 38.72859 ], [ -9.41826, 38.72857 ], [ -9.41816, 38.72854 ], [ -9.41809, 38.72846 ], [ -9.418, 38.72814 ], [ -9.41801, 38.728 ], [ -9.41808, 38.72794 ] ] } },
{ "type": "Feature", "properties": { "services_sum": 3.0008335648791333, "total_departures_sum": 331, "route_short_name_sum": null, "services_unique": null, "total_departures_unique": null, "route_short_name_unique": "31, 22" }, "geometry": { "type": "LineString", "coordinates": [ [ -9.41787, 38.72745 ], [ -9.4178, 38.72743 ], [ -9.4177, 38.72745 ] ] } },
{ "type": "Feature", "properties": { "services_sum": 3.0008335648791333, "total_departures_sum": 204, "route_short_name_sum": null, "services_unique": null, "total_departures_unique": null, "route_short_name_unique": "13, 6, 11" }, "geometry": { "type": "LineString", "coordinates": [ [ -9.41822, 38.72009 ], [ -9.41823, 38.72013 ], [ -9.41821, 38.7202 ], [ -9.41814, 38.72024 ], [ -9.41803, 38.72035 ] ] } },
{ "type": "Feature", "properties": { "services_sum": 3.0008335648791333, "total_departures_sum": 204, "route_short_name_sum": null, "services_unique": null, "total_departures_unique": null, "route_short_name_unique": "13, 6, 11" }, "geometry": { "type": "LineString", "coordinates": [ [ -9.41789, 38.7055 ], [ -9.41781, 38.70517 ] ] } },
{ "type": "Feature", "properties": { "services_sum": 3.0008335648791333, "total_departures_sum": 204, "route_short_name_sum": null, "services_unique": null, "total_departures_unique": null, "route_short_name_unique": "13, 6, 11" }, "geometry": { "type": "LineString", "coordinates": [ [ -9.41756, 38.72124 ], [ -9.41738, 38.7214 ], [ -9.4173, 38.72151 ], [ -9.41728, 38.72188 ], [ -9.41711, 38.72257 ] ] } },
{ "type": "Feature", "properties": { "services_sum": 3.0008335648791333, "total_departures_sum": 204, "route_short_name_sum": null, "services_unique": null, "total_departures_unique": null, "route_short_name_unique": "13, 6, 11" }, "geometry": { "type": "LineString", "coordinates": [ [ -9.41709, 38.72287 ], [ -9.41712, 38.72327 ], [ -9.41719, 38.72371 ], [ -9.41723, 38.72379 ], [ -9.41729, 38.72386 ], [ -9.41735, 38.7239 ], [ -9.4174, 38.72396 ], [ -9.41741, 38.72403 ], [ -9.4174, 38.72407 ], [ -9.41736, 38.72413 ], [ -9.41729, 38.72417 ], [ -9.41721, 38.72419 ], [ -9.41713, 38.72418 ], [ -9.41704, 38.72414 ], [ -9.41693, 38.72412 ], [ -9.41685, 38.72415 ], [ -9.41659, 38.72436 ] ] } },
{ "type": "Feature", "properties": { "services_sum": 3.0008335648791333, "total_departures_sum": 204, "route_short_name_sum": null, "services_unique": null, "total_departures_unique": null, "route_short_name_unique": "13, 6, 11" }, "geometry": { "type": "LineString", "coordinates": [ [ -9.41536, 38.72467 ], [ -9.41436, 38.725 ] ] } },
{ "type": "Feature", "properties": { "services_sum": 3.0008335648791333, "total_departures_sum": 204, "route_short_name_sum": null, "services_unique": null, "total_departures_unique": null, "route_short_name_unique": "13, 6, 11" }, "geometry": { "type": "LineString", "coordinates": [ [ -9.41319, 38.72238 ], [ -9.41318, 38.7226 ], [ -9.41315, 38.72269 ] ] } },
{ "type": "Feature", "properties": { "services_sum": 3.0008335648791333, "total_departures_sum": 204, "route_short_name_sum": null, "services_unique": null, "total_departures_unique": null, "route_short_name_unique": "13, 6, 11" }, "geometry": { "type": "LineString", "coordinates": [ [ -9.41123, 38.72862 ], [ -9.41135, 38.72874 ], [ -9.41139, 38.72884 ], [ -9.41138, 38.7289 ], [ -9.41133, 38.72898 ], [ -9.41123, 38.72902 ] ] } },
{ "type": "Feature", "properties": { "services_sum": 2.0005557099194222, "total_departures_sum": 86, "route_short_name_sum": null, "services_unique": null, "total_departures_unique": null, "route_short_name_unique": "6, 11" }, "geometry": { "type": "LineString", "coordinates": [ [ -9.41813, 38.71715 ], [ -9.41806, 38.71703 ], [ -9.41806, 38.71695 ], [ -9.41811, 38.71671 ], [ -9.41809, 38.71581 ] ] } },
{ "type": "Feature", "properties": { "services_sum": 2.0005557099194222, "total_departures_sum": 86, "route_short_name_sum": null, "services_unique": null, "total_departures_unique": null, "route_short_name_unique": "6, 11" }, "geometry": { "type": "LineString", "coordinates": [ [ -9.41813, 38.71734 ], [ -9.41818, 38.71915 ], [ -9.41807, 38.71946 ] ] } },
{ "type": "Feature", "properties": { "services_sum": 2.0005557099194222, "total_departures_sum": 86, "route_short_name_sum": null, "services_unique": null, "total_departures_unique": null, "route_short_name_unique": "6, 11" }, "geometry": { "type": "LineString", "coordinates": [ [ -9.41813, 38.71946 ], [ -9.41807, 38.71946 ] ] } },
{ "type": "Feature", "properties": { "services_sum": 2.0005557099194222, "total_departures_sum": 86, "route_short_name_sum": null, "services_unique": null, "total_departures_unique": null, "route_short_name_unique": "6, 11" }, "geometry": { "type": "LineString", "coordinates": [ [ -9.41811, 38.72004 ], [ -9.41808, 38.72001 ], [ -9.41801, 38.71994 ], [ -9.41797, 38.71985 ], [ -9.418, 38.71969 ], [ -9.41807, 38.71946 ] ] } },
{ "type": "Feature", "properties": { "services_sum": 2.0005557099194222, "total_departures_sum": 86, "route_short_name_sum": null, "services_unique": null, "total_departures_unique": null, "route_short_name_unique": "6, 11" }, "geometry": { "type": "LineString", "coordinates": [ [ -9.41804, 38.7082 ], [ -9.418, 38.70834 ] ] } },
{ "type": "Feature", "properties": { "services_sum": 2.0005557099194222, "total_departures_sum": 86, "route_short_name_sum": null, "services_unique": null, "total_departures_unique": null, "route_short_name_unique": "6, 11" }, "geometry": { "type": "LineString", "coordinates": [ [ -9.41799, 38.71033 ], [ -9.41796, 38.7106 ] ] } },
{ "type": "Feature", "properties": { "services_sum": 2.0005557099194222, "total_departures_sum": 86, "route_short_name_sum": null, "services_unique": null, "total_departures_unique": null, "route_short_name_unique": "6, 11" }, "geometry": { "type": "LineString", "coordinates": [ [ -9.41771, 38.71509 ], [ -9.41776, 38.71503 ], [ -9.41778, 38.71497 ], [ -9.41776, 38.71488 ], [ -9.41769, 38.71481 ], [ -9.41756, 38.71477 ] ] } },
{ "type": "Feature", "properties": { "services_sum": 2.0005557099194222, "total_departures_sum": 86, "route_short_name_sum": null, "services_unique": null, "total_departures_unique": null, "route_short_name_unique": "6, 11" }, "geometry": { "type": "LineString", "coordinates": [ [ -9.41121, 38.72215 ], [ -9.41121, 38.72254 ] ] } },
{ "type": "Feature", "properties": { "services_sum": 2.0005557099194222, "total_departures_sum": 86, "route_short_name_sum": null, "services_unique": null, "total_departures_unique": null, "route_short_name_unique": "6, 11" }, "geometry": { "type": "LineString", "coordinates": [ [ -9.41108, 38.7292 ], [ -9.41105, 38.72973 ] ] } },
{ "type": "Feature", "properties": { "services_sum": 2.0005557099194222, "total_departures_sum": 86, "route_short_name_sum": null, "services_unique": null, "total_departures_unique": null, "route_short_name_unique": "6, 11" }, "geometry": { "type": "LineString", "coordinates": [ [ -9.39874, 38.72428 ], [ -9.397841065259694, 38.729383952128316 ], [ -9.39784, 38.72939 ] ] } },
{ "type": "Feature", "properties": { "services_sum": 2.0005557099194222, "total_departures_sum": 86, "route_short_name_sum": null, "services_unique": null, "total_departures_unique": null, "route_short_name_unique": "6, 11" }, "geometry": { "type": "LineString", "coordinates": [ [ -9.39843, 38.72318 ], [ -9.398101108803287, 38.722811243211652 ], [ -9.3981, 38.72281 ], [ -9.39452, 38.719 ] ] } },
{ "type": "Feature", "properties": { "services_sum": 2.0005557099194222, "total_departures_sum": 86, "route_short_name_sum": null, "services_unique": null, "total_departures_unique": null, "route_short_name_unique": "6, 11" }, "geometry": { "type": "LineString", "coordinates": [ [ -9.39733, 38.73209 ], [ -9.397281968817332, 38.732176456133502 ] ] } },
{ "type": "Feature", "properties": { "services_sum": 2.0005557099194222, "total_departures_sum": 86, "route_short_name_sum": null, "services_unique": null, "total_departures_unique": null, "route_short_name_unique": "6, 11" }, "geometry": { "type": "LineString", "coordinates": [ [ -9.39428, 38.70384 ], [ -9.39426, 38.70432 ], [ -9.394180295455994, 38.70509711933547 ], [ -9.39418, 38.7051 ], [ -9.39412, 38.70573 ], [ -9.39398, 38.70769 ], [ -9.393979960614088, 38.707690571107342 ], [ -9.39388, 38.70914 ], [ -9.39374, 38.71045 ], [ -9.39369, 38.71137 ], [ -9.39367, 38.71229 ], [ -9.393601157314604, 38.712693221481601 ], [ -9.3936, 38.7127 ], [ -9.39355, 38.713 ], [ -9.39348, 38.7132 ], [ -9.39342, 38.7133 ], [ -9.39343, 38.71339 ], [ -9.39346, 38.71343 ], [ -9.39354, 38.71349 ] ] } },
{ "type": "Feature", "properties": { "services_sum": 2.0005557099194222, "total_departures_sum": 86, "route_short_name_sum": null, "services_unique": null, "total_departures_unique": null, "route_short_name_unique": "6, 11" }, "geometry": { "type": "LineString", "coordinates": [ [ -9.39416, 38.71805 ], [ -9.39417, 38.71824 ], [ -9.39417, 38.718241390476571 ], [ -9.39417, 38.71835 ] ] } },
{ "type": "Feature", "properties": { "services_sum": 2.0005557099194222, "total_departures_sum": 198, "route_short_name_sum": null, "services_unique": null, "total_departures_unique": null, "route_short_name_unique": "31, 22" }, "geometry": { "type": "LineString", "coordinates": [ [ -9.41808, 38.72794 ], [ -9.4181, 38.72788 ], [ -9.41809, 38.7278 ], [ -9.41798, 38.72752 ], [ -9.41793, 38.72748 ], [ -9.41787, 38.72745 ] ] } },
{ "type": "Feature", "properties": { "services_sum": 2.0005557099194222, "total_departures_sum": 198, "route_short_name_sum": null, "services_unique": null, "total_departures_unique": null, "route_short_name_unique": "31, 22" }, "geometry": { "type": "LineString", "coordinates": [ [ -9.4177, 38.72745 ], [ -9.41729, 38.72768 ], [ -9.41692, 38.72787 ] ] } },
{ "type": "Feature", "properties": { "services_sum": 2.0005557099194222, "total_departures_sum": 198, "route_short_name_sum": null, "services_unique": null, "total_departures_unique": null, "route_short_name_unique": "31, 22" }, "geometry": { "type": "LineString", "coordinates": [ [ -9.41197, 38.72895 ], [ -9.41175, 38.72892 ], [ -9.41147, 38.72885 ], [ -9.41137, 38.72878 ], [ -9.4113, 38.7287 ], [ -9.41118, 38.72866 ], [ -9.41111, 38.72866 ], [ -9.41104, 38.72868 ], [ -9.41096, 38.72873 ], [ -9.41093, 38.72877 ], [ -9.41092, 38.72888 ], [ -9.41103, 38.72905 ], [ -9.41108, 38.7292 ], [ -9.41102, 38.72988 ] ] } },
{ "type": "Feature", "properties": { "services_sum": 2.0005557099194222, "total_departures_sum": 198, "route_short_name_sum": null, "services_unique": null, "total_departures_unique": null, "route_short_name_unique": "31, 22" }, "geometry": { "type": "LineString", "coordinates": [ [ -9.41098, 38.73022 ], [ -9.40913, 38.73068 ], [ -9.40898, 38.73078 ], [ -9.40848, 38.73085 ], [ -9.40835, 38.73088 ], [ -9.40811, 38.731 ], [ -9.40801, 38.73103 ] ] } },
{ "type": "Feature", "properties": { "services_sum": 2.0005557099194222, "total_departures_sum": 198, "route_short_name_sum": null, "services_unique": null, "total_departures_unique": null, "route_short_name_unique": "31, 22" }, "geometry": { "type": "LineString", "coordinates": [ [ -9.39525, 38.73787 ], [ -9.3952, 38.7379 ] ] } },
{ "type": "Feature", "properties": { "services_sum": 2.0005557099194222, "total_departures_sum": 198, "route_short_name_sum": null, "services_unique": null, "total_departures_unique": null, "route_short_name_unique": "31, 22" }, "geometry": { "type": "LineString", "coordinates": [ [ -9.39507, 38.7379 ], [ -9.39488, 38.73796 ], [ -9.39499, 38.73778 ] ] } },
{ "type": "Feature", "properties": { "services_sum": 2.0005557099194222, "total_departures_sum": 198, "route_short_name_sum": null, "services_unique": null, "total_departures_unique": null, "route_short_name_unique": "31, 22" }, "geometry": { "type": "LineString", "coordinates": [ [ -9.34153, 38.69493 ], [ -9.34147, 38.69486 ], [ -9.33984, 38.6949 ] ] } },
{ "type": "Feature", "properties": { "services_sum": 2.0005557099194222, "total_departures_sum": 198, "route_short_name_sum": null, "services_unique": null, "total_departures_unique": null, "route_short_name_unique": "31, 22" }, "geometry": { "type": "LineString", "coordinates": [ [ -9.3415, 38.69517 ], [ -9.3414, 38.69486 ], [ -9.33984, 38.6949 ] ] } },
{ "type": "Feature", "properties": { "services_sum": 2.0005557099194222, "total_departures_sum": 198, "route_short_name_sum": null, "services_unique": null, "total_departures_unique": null, "route_short_name_unique": "31, 22" }, "geometry": { "type": "LineString", "coordinates": [ [ -9.33984, 38.6949 ], [ -9.33949, 38.69488 ] ] } },
{ "type": "Feature", "properties": { "services_sum": 2.0005557099194222, "total_departures_sum": 198, "route_short_name_sum": null, "services_unique": null, "total_departures_unique": null, "route_short_name_unique": "31, 22" }, "geometry": { "type": "LineString", "coordinates": [ [ -9.33833, 38.69476 ], [ -9.33808, 38.69471 ], [ -9.33701, 38.69445 ], [ -9.33565, 38.69398 ], [ -9.33587, 38.69335 ] ] } },
{ "type": "Feature", "properties": { "services_sum": 2.0005557099194222, "total_departures_sum": 198, "route_short_name_sum": null, "services_unique": null, "total_departures_unique": null, "route_short_name_unique": "31, 22" }, "geometry": { "type": "LineString", "coordinates": [ [ -9.33652, 38.69029 ], [ -9.33688, 38.69035 ], [ -9.33694, 38.69041 ], [ -9.33694, 38.69045 ], [ -9.33689, 38.69052 ], [ -9.33673, 38.69074 ] ] } },
{ "type": "Feature", "properties": { "services_sum": 2.0005557099194222, "total_departures_sum": 198, "route_short_name_sum": null, "services_unique": null, "total_departures_unique": null, "route_short_name_unique": "31, 22" }, "geometry": { "type": "LineString", "coordinates": [ [ -9.33624, 38.69267 ], [ -9.33596, 38.69304 ], [ -9.33596, 38.69311 ] ] } },
{ "type": "Feature", "properties": { "services_sum": 3.0264890242539906, "total_departures_sum": 120, "route_short_name_sum": null, "services_unique": null, "total_departures_unique": null, "route_short_name_unique": "3, 1" }, "geometry": { "type": "LineString", "coordinates": [ [ -9.41808, 38.72795 ], [ -9.41803, 38.72799 ] ] } },
{ "type": "Feature", "properties": { "services_sum": 3.0264890242539906, "total_departures_sum": 120, "route_short_name_sum": null, "services_unique": null, "total_departures_unique": null, "route_short_name_unique": "3, 1" }, "geometry": { "type": "LineString", "coordinates": [ [ -9.41801, 38.72843 ], [ -9.41793, 38.72813 ] ] } },
{ "type": "Feature", "properties": { "services_sum": 3.0264890242539906, "total_departures_sum": 120, "route_short_name_sum": null, "services_unique": null, "total_departures_unique": null, "route_short_name_unique": "3, 1" }, "geometry": { "type": "LineString", "coordinates": [ [ -9.41791, 38.72747 ], [ -9.41778, 38.72745 ] ] } },
{ "type": "Feature", "properties": { "services_sum": 3.0264890242539906, "total_departures_sum": 120, "route_short_name_sum": null, "services_unique": null, "total_departures_unique": null, "route_short_name_unique": "3, 1" }, "geometry": { "type": "LineString", "coordinates": [ [ -9.41764, 38.72749 ], [ -9.41692, 38.72787 ] ] } },
{ "type": "Feature", "properties": { "services_sum": 3.0264890242539906, "total_departures_sum": 120, "route_short_name_sum": null, "services_unique": null, "total_departures_unique": null, "route_short_name_unique": "3, 1" }, "geometry": { "type": "LineString", "coordinates": [ [ -9.41137, 38.72898 ], [ -9.41119, 38.72903 ], [ -9.41105, 38.72901 ], [ -9.41095, 38.72893 ] ] } },
{ "type": "Feature", "properties": { "services_sum": 3.0521444836288474, "total_departures_sum": 149, "route_short_name_sum": null, "services_unique": null, "total_departures_unique": null, "route_short_name_unique": "31, 3" }, "geometry": { "type": "LineString", "coordinates": [ [ -9.41801, 38.72843 ], [ -9.418, 38.72852 ], [ -9.41797, 38.72861 ] ] } },
{ "type": "Feature", "properties": { "services_sum": 3.0521444836288474, "total_departures_sum": 149, "route_short_name_sum": null, "services_unique": null, "total_departures_unique": null, "route_short_name_unique": "31, 3" }, "geometry": { "type": "LineString", "coordinates": [ [ -9.39898, 38.73248 ], [ -9.3979, 38.73311 ] ] } },
{ "type": "Feature", "properties": { "services_sum": 2.026211169294279, "total_departures_sum": 107, "route_short_name_sum": null, "services_unique": null, "total_departures_unique": null, "route_short_name_unique": "31, 3" }, "geometry": { "type": "LineString", "coordinates": [ [ -9.41801, 38.72843 ], [ -9.41795, 38.7282 ], [ -9.41793, 38.72813 ] ] } },
{ "type": "Feature", "properties": { "services_sum": 2.026211169294279, "total_departures_sum": 107, "route_short_name_sum": null, "services_unique": null, "total_departures_unique": null, "route_short_name_unique": "31, 3" }, "geometry": { "type": "LineString", "coordinates": [ [ -9.41779, 38.72802 ], [ -9.41668, 38.72822 ] ] } },
{ "type": "Feature", "properties": { "services_sum": 2.026211169294279, "total_departures_sum": 107, "route_short_name_sum": null, "services_unique": null, "total_departures_unique": null, "route_short_name_unique": "31, 3" }, "geometry": { "type": "LineString", "coordinates": [ [ -9.40486, 38.73072 ], [ -9.4047, 38.73069 ], [ -9.40442, 38.73067 ], [ -9.40421, 38.7307 ], [ -9.40402, 38.73079 ] ] } },
{ "type": "Feature", "properties": { "services_sum": 2.026211169294279, "total_departures_sum": 107, "route_short_name_sum": null, "services_unique": null, "total_departures_unique": null, "route_short_name_unique": "31, 3" }, "geometry": { "type": "LineString", "coordinates": [ [ -9.3978, 38.73314 ], [ -9.39764, 38.73317 ] ] } },
{ "type": "Feature", "properties": { "services_sum": 2.026211169294279, "total_departures_sum": 107, "route_short_name_sum": null, "services_unique": null, "total_departures_unique": null, "route_short_name_unique": "31, 3" }, "geometry": { "type": "LineString", "coordinates": [ [ -9.39742, 38.73318 ], [ -9.39719, 38.73323 ] ] } },
{ "type": "Feature", "properties": { "services_sum": 2.026211169294279, "total_departures_sum": 107, "route_short_name_sum": null, "services_unique": null, "total_departures_unique": null, "route_short_name_unique": "31, 3" }, "geometry": { "type": "LineString", "coordinates": [ [ -9.39566, 38.73702 ], [ -9.3956, 38.73721 ] ] } },
{ "type": "Feature", "properties": { "services_sum": 3.0008335648791333, "total_departures_sum": 224, "route_short_name_sum": null, "services_unique": null, "total_departures_unique": null, "route_short_name_unique": "13, 7, 11" }, "geometry": { "type": "LineString", "coordinates": [ [ -9.41799, 38.70337 ], [ -9.41789, 38.70286 ] ] } },
{ "type": "Feature", "properties": { "services_sum": 3.0008335648791333, "total_departures_sum": 224, "route_short_name_sum": null, "services_unique": null, "total_departures_unique": null, "route_short_name_unique": "13, 7, 11" }, "geometry": { "type": "LineString", "coordinates": [ [ -9.41795, 38.70154 ], [ -9.41773, 38.70152 ], [ -9.41768, 38.70157 ], [ -9.41769, 38.70168 ], [ -9.41769, 38.70187 ], [ -9.41786, 38.70254 ] ] } },
{ "type": "Feature", "properties": { "services_sum": 2.0005557099194222, "total_departures_sum": 114, "route_short_name_sum": null, "services_unique": null, "total_departures_unique": null, "route_short_name_unique": "6, 7" }, "geometry": { "type": "LineString", "coordinates": [ [ -9.41793, 38.71084 ], [ -9.41785, 38.71082 ], [ -9.4178, 38.71077 ], [ -9.41778, 38.71071 ], [ -9.41756, 38.71071 ], [ -9.41659, 38.71059 ], [ -9.41594, 38.71046 ] ] } },
{ "type": "Feature", "properties": { "services_sum": 2.0005557099194222, "total_departures_sum": 114, "route_short_name_sum": null, "services_unique": null, "total_departures_unique": null, "route_short_name_unique": "6, 7" }, "geometry": { "type": "LineString", "coordinates": [ [ -9.41574, 38.71039 ], [ -9.41542, 38.71029 ] ] } },
{ "type": "Feature", "properties": { "services_sum": 2.0005557099194222, "total_departures_sum": 114, "route_short_name_sum": null, "services_unique": null, "total_departures_unique": null, "route_short_name_unique": "6, 7" }, "geometry": { "type": "LineString", "coordinates": [ [ -9.4148, 38.71156 ], [ -9.41447, 38.71219 ], [ -9.4145, 38.71221 ], [ -9.41453, 38.71227 ], [ -9.41451, 38.71233 ], [ -9.41449, 38.71235 ], [ -9.41441, 38.71238 ], [ -9.41436, 38.71237 ] ] } },
{ "type": "Feature", "properties": { "services_sum": 4.0267668792137012, "total_departures_sum": 185, "route_short_name_sum": null, "services_unique": null, "total_departures_unique": null, "route_short_name_unique": "31, 3, 1" }, "geometry": { "type": "LineString", "coordinates": [ [ -9.41793, 38.72813 ], [ -9.41786, 38.72805 ], [ -9.41779, 38.72802 ] ] } },
{ "type": "Feature", "properties": { "services_sum": 4.0267668792137012, "total_departures_sum": 185, "route_short_name_sum": null, "services_unique": null, "total_departures_unique": null, "route_short_name_unique": "31, 3, 1" }, "geometry": { "type": "LineString", "coordinates": [ [ -9.41459, 38.72911 ], [ -9.41451, 38.72914 ], [ -9.41439, 38.72913 ], [ -9.41431, 38.72911 ], [ -9.41424, 38.72907 ] ] } },
{ "type": "Feature", "properties": { "services_sum": 4.0267668792137012, "total_departures_sum": 185, "route_short_name_sum": null, "services_unique": null, "total_departures_unique": null, "route_short_name_unique": "31, 3, 1" }, "geometry": { "type": "LineString", "coordinates": [ [ -9.41211, 38.72904 ], [ -9.41153, 38.72898 ], [ -9.41137, 38.72898 ] ] } },
{ "type": "Feature", "properties": { "services_sum": 2.0005557099194222, "total_departures_sum": 165, "route_short_name_sum": null, "services_unique": null, "total_departures_unique": null, "route_short_name_unique": "6, 13" }, "geometry": { "type": "LineString", "coordinates": [ [ -9.41712, 38.72327 ], [ -9.41711, 38.72373 ], [ -9.41709, 38.7238 ], [ -9.41701, 38.72393 ], [ -9.41682, 38.72416 ], [ -9.41672, 38.72427 ], [ -9.41659, 38.72436 ] ] } },
{ "type": "Feature", "properties": { "services_sum": 2.0005557099194222, "total_departures_sum": 165, "route_short_name_sum": null, "services_unique": null, "total_departures_unique": null, "route_short_name_unique": "6, 13" }, "geometry": { "type": "LineString", "coordinates": [ [ -9.4171, 38.72295 ], [ -9.41709, 38.72279 ], [ -9.41711, 38.72257 ], [ -9.41728, 38.72186 ], [ -9.41722, 38.72175 ], [ -9.41706, 38.72164 ], [ -9.41698, 38.72163 ], [ -9.41692, 38.7216 ], [ -9.41687, 38.72155 ], [ -9.41684, 38.72144 ], [ -9.41686, 38.72138 ] ] } },
{ "type": "Feature", "properties": { "services_sum": 2.0005557099194222, "total_departures_sum": 165, "route_short_name_sum": null, "services_unique": null, "total_departures_unique": null, "route_short_name_unique": "6, 13" }, "geometry": { "type": "LineString", "coordinates": [ [ -9.41643, 38.72443 ], [ -9.41543, 38.72465 ], [ -9.41509, 38.72476 ] ] } },
{ "type": "Feature", "properties": { "services_sum": 2.0005557099194222, "total_departures_sum": 165, "route_short_name_sum": null, "services_unique": null, "total_departures_unique": null, "route_short_name_unique": "6, 13" }, "geometry": { "type": "LineString", "coordinates": [ [ -9.41316, 38.72265 ], [ -9.41302, 38.72309 ] ] } },
{ "type": "Feature", "properties": { "services_sum": 2.0005557099194222, "total_departures_sum": 165, "route_short_name_sum": null, "services_unique": null, "total_departures_unique": null, "route_short_name_unique": "6, 13" }, "geometry": { "type": "LineString", "coordinates": [ [ -9.41121, 38.72215 ], [ -9.41122, 38.72249 ], [ -9.41116, 38.72297 ] ] } },
{ "type": "Feature", "properties": { "services_sum": 2.0005557099194222, "total_departures_sum": 165, "route_short_name_sum": null, "services_unique": null, "total_departures_unique": null, "route_short_name_unique": "6, 13" }, "geometry": { "type": "LineString", "coordinates": [ [ -9.41108, 38.7292 ], [ -9.41099, 38.72898 ], [ -9.41095, 38.72893 ] ] } },
{ "type": "Feature", "properties": { "services_sum": 2.0005557099194222, "total_departures_sum": 165, "route_short_name_sum": null, "services_unique": null, "total_departures_unique": null, "route_short_name_unique": "6, 13" }, "geometry": { "type": "LineString", "coordinates": [ [ -9.411, 38.73022 ], [ -9.40898, 38.73073 ], [ -9.40854, 38.7308 ], [ -9.40833, 38.73086 ], [ -9.40801, 38.73103 ] ] } },
{ "type": "Feature", "properties": { "services_sum": 2.0005557099194222, "total_departures_sum": 165, "route_short_name_sum": null, "services_unique": null, "total_departures_unique": null, "route_short_name_unique": "6, 13" }, "geometry": { "type": "LineString", "coordinates": [ [ -9.3969, 38.73309 ], [ -9.3967, 38.73313 ], [ -9.39614, 38.73308 ], [ -9.39583, 38.73309 ] ] } },
{ "type": "Feature", "properties": { "services_sum": 2.0005557099194222, "total_departures_sum": 165, "route_short_name_sum": null, "services_unique": null, "total_departures_unique": null, "route_short_name_unique": "6, 13" }, "geometry": { "type": "LineString", "coordinates": [ [ -9.39059, 38.7347 ], [ -9.39044, 38.73476 ] ] } },
{ "type": "Feature", "properties": { "services_sum": 2.0005557099194222, "total_departures_sum": 165, "route_short_name_sum": null, "services_unique": null, "total_departures_unique": null, "route_short_name_unique": "6, 13" }, "geometry": { "type": "LineString", "coordinates": [ [ -9.38917, 38.735 ], [ -9.38904, 38.73495 ], [ -9.38891, 38.73488 ], [ -9.38877, 38.73472 ] ] } },
{ "type": "Feature", "properties": { "services_sum": 2.0005557099194222, "total_departures_sum": 165, "route_short_name_sum": null, "services_unique": null, "total_departures_unique": null, "route_short_name_unique": "6, 13" }, "geometry": { "type": "LineString", "coordinates": [ [ -9.38845, 38.73466 ], [ -9.38834, 38.73469 ], [ -9.38827, 38.73474 ] ] } },
{ "type": "Feature", "properties": { "services_sum": 5.0270447341734128, "total_departures_sum": 318, "route_short_name_sum": null, "services_unique": null, "total_departures_unique": null, "route_short_name_unique": "31, 3, 1, 22" }, "geometry": { "type": "LineString", "coordinates": [ [ -9.41692, 38.72787 ], [ -9.41627, 38.72816 ], [ -9.41543, 38.7285 ] ] } },
{ "type": "Feature", "properties": { "services_sum": 5.0270447341734128, "total_departures_sum": 318, "route_short_name_sum": null, "services_unique": null, "total_departures_unique": null, "route_short_name_unique": "31, 3, 1, 22" }, "geometry": { "type": "LineString", "coordinates": [ [ -9.41543, 38.72863 ], [ -9.41487, 38.72885 ], [ -9.41478, 38.72893 ], [ -9.41466, 38.72907 ], [ -9.41459, 38.72911 ] ] } },
{ "type": "Feature", "properties": { "services_sum": 5.0270447341734128, "total_departures_sum": 318, "route_short_name_sum": null, "services_unique": null, "total_departures_unique": null, "route_short_name_unique": "31, 3, 1, 22" }, "geometry": { "type": "LineString", "coordinates": [ [ -9.41446, 38.7287 ], [ -9.4143, 38.72873 ] ] } },
{ "type": "Feature", "properties": { "services_sum": 5.0270447341734128, "total_departures_sum": 318, "route_short_name_sum": null, "services_unique": null, "total_departures_unique": null, "route_short_name_unique": "31, 3, 1, 22" }, "geometry": { "type": "LineString", "coordinates": [ [ -9.41424, 38.72907 ], [ -9.41409, 38.72902 ], [ -9.41396, 38.72901 ], [ -9.41292, 38.72906 ], [ -9.41211, 38.72904 ] ] } },
{ "type": "Feature", "properties": { "services_sum": 3.0264890242539906, "total_departures_sum": 240, "route_short_name_sum": null, "services_unique": null, "total_departures_unique": null, "route_short_name_unique": "31, 3, 22" }, "geometry": { "type": "LineString", "coordinates": [ [ -9.41668, 38.72822 ], [ -9.4163, 38.72833 ], [ -9.41543, 38.72863 ] ] } },
{ "type": "Feature", "properties": { "services_sum": 3.0264890242539906, "total_departures_sum": 240, "route_short_name_sum": null, "services_unique": null, "total_departures_unique": null, "route_short_name_unique": "31, 3, 22" }, "geometry": { "type": "LineString", "coordinates": [ [ -9.41543, 38.7285 ], [ -9.4149, 38.72869 ], [ -9.41475, 38.72871 ], [ -9.41446, 38.7287 ] ] } },
{ "type": "Feature", "properties": { "services_sum": 3.0264890242539906, "total_departures_sum": 240, "route_short_name_sum": null, "services_unique": null, "total_departures_unique": null, "route_short_name_unique": "31, 3, 22" }, "geometry": { "type": "LineString", "coordinates": [ [ -9.3952, 38.7379 ], [ -9.39513, 38.73791 ], [ -9.39507, 38.7379 ] ] } },
{ "type": "Feature", "properties": { "services_sum": 5.0013892747985551, "total_departures_sum": 369, "route_short_name_sum": null, "services_unique": null, "total_departures_unique": null, "route_short_name_unique": "13, 6, 11" }, "geometry": { "type": "LineString", "coordinates": [ [ -9.41659, 38.72436 ], [ -9.41643, 38.72443 ] ] } },
{ "type": "Feature", "properties": { "services_sum": 5.0013892747985551, "total_departures_sum": 369, "route_short_name_sum": null, "services_unique": null, "total_departures_unique": null, "route_short_name_unique": "13, 6, 11" }, "geometry": { "type": "LineString", "coordinates": [ [ -9.41436, 38.725 ], [ -9.4141, 38.72511 ], [ -9.41399, 38.72505 ], [ -9.41363, 38.72467 ], [ -9.41338, 38.72434 ], [ -9.41304, 38.72351 ], [ -9.41299, 38.72332 ], [ -9.41302, 38.72309 ] ] } },
{ "type": "Feature", "properties": { "services_sum": 5.0013892747985551, "total_departures_sum": 369, "route_short_name_sum": null, "services_unique": null, "total_departures_unique": null, "route_short_name_unique": "13, 6, 11" }, "geometry": { "type": "LineString", "coordinates": [ [ -9.41319, 38.72238 ], [ -9.41314, 38.72205 ], [ -9.41259, 38.72208 ], [ -9.41227, 38.72207 ], [ -9.41138, 38.72191 ], [ -9.41125, 38.7219 ], [ -9.41121, 38.72215 ] ] } },
{ "type": "Feature", "properties": { "services_sum": 4.0011114198388444, "total_departures_sum": 243, "route_short_name_sum": null, "services_unique": null, "total_departures_unique": null, "route_short_name_unique": "13, 6, 11, 1" }, "geometry": { "type": "LineString", "coordinates": [ [ -9.41219, 38.72631 ], [ -9.41223, 38.72638 ], [ -9.4122, 38.72646 ], [ -9.41204, 38.72664 ] ] } },
{ "type": "Feature", "properties": { "services_sum": 4.0011114198388444, "total_departures_sum": 243, "route_short_name_sum": null, "services_unique": null, "total_departures_unique": null, "route_short_name_unique": "13, 6, 11, 1" }, "geometry": { "type": "LineString", "coordinates": [ [ -9.41195, 38.72681 ], [ -9.41133, 38.72767 ], [ -9.41121, 38.72787 ], [ -9.41117, 38.72801 ], [ -9.41113, 38.72845 ], [ -9.41123, 38.72862 ] ] } },
{ "type": "Feature", "properties": { "services_sum": 2.0005557099194222, "total_departures_sum": 165, "route_short_name_sum": null, "services_unique": null, "total_departures_unique": null, "route_short_name_unique": "13, 6" }, "geometry": { "type": "LineString", "coordinates": [ [ -9.41205, 38.72627 ], [ -9.41189, 38.72619 ] ] } },
{ "type": "Feature", "properties": { "services_sum": 2.0005557099194222, "total_departures_sum": 165, "route_short_name_sum": null, "services_unique": null, "total_departures_unique": null, "route_short_name_unique": "13, 6" }, "geometry": { "type": "LineString", "coordinates": [ [ -9.39696, 38.73321 ], [ -9.39674, 38.73317 ], [ -9.39658, 38.73312 ], [ -9.39631, 38.73308 ], [ -9.396, 38.73306 ], [ -9.39581, 38.73308 ] ] } },
{ "type": "Feature", "properties": { "services_sum": 2.0005557099194222, "total_departures_sum": 165, "route_short_name_sum": null, "services_unique": null, "total_departures_unique": null, "route_short_name_unique": "13, 6" }, "geometry": { "type": "LineString", "coordinates": [ [ -9.39542, 38.73318 ], [ -9.39522, 38.73325 ] ] } },
{ "type": "Feature", "properties": { "services_sum": 2.0005557099194222, "total_departures_sum": 165, "route_short_name_sum": null, "services_unique": null, "total_departures_unique": null, "route_short_name_unique": "13, 6" }, "geometry": { "type": "LineString", "coordinates": [ [ -9.39059, 38.7347 ], [ -9.39028, 38.73482 ] ] } },
{ "type": "Feature", "properties": { "services_sum": 2.0005557099194222, "total_departures_sum": 165, "route_short_name_sum": null, "services_unique": null, "total_departures_unique": null, "route_short_name_unique": "13, 6" }, "geometry": { "type": "LineString", "coordinates": [ [ -9.38917, 38.735 ], [ -9.38903, 38.73501 ], [ -9.38888, 38.73506 ], [ -9.38882, 38.73515 ] ] } },
{ "type": "Feature", "properties": { "services_sum": 3.0008335648791333, "total_departures_sum": 204, "route_short_name_sum": null, "services_unique": null, "total_departures_unique": null, "route_short_name_unique": "1, 6, 13" }, "geometry": { "type": "LineString", "coordinates": [ [ -9.41204, 38.72664 ], [ -9.41199, 38.72638 ] ] } },
{ "type": "Feature", "properties": { "services_sum": 3.0008335648791333, "total_departures_sum": 204, "route_short_name_sum": null, "services_unique": null, "total_departures_unique": null, "route_short_name_unique": "1, 6, 13" }, "geometry": { "type": "LineString", "coordinates": [ [ -9.41195, 38.72681 ], [ -9.41126, 38.72777 ], [ -9.41117, 38.72801 ], [ -9.41112, 38.72851 ], [ -9.41103, 38.72869 ], [ -9.41094, 38.72877 ], [ -9.41092, 38.72887 ], [ -9.41095, 38.72893 ] ] } },
{ "type": "Feature", "properties": { "services_sum": 3.0008335648791333, "total_departures_sum": 204, "route_short_name_sum": null, "services_unique": null, "total_departures_unique": null, "route_short_name_unique": "1, 6, 13" }, "geometry": { "type": "LineString", "coordinates": [ [ -9.41189, 38.72619 ], [ -9.41125, 38.72534 ] ] } },
{ "type": "Feature", "properties": { "services_sum": 7.0019449847179782, "total_departures_sum": 447, "route_short_name_sum": null, "services_unique": null, "total_departures_unique": null, "route_short_name_unique": "13, 6, 11, 1" }, "geometry": { "type": "LineString", "coordinates": [ [ -9.41204, 38.72664 ], [ -9.41195, 38.72681 ] ] } },
{ "type": "Feature", "properties": { "services_sum": 7.0019449847179782, "total_departures_sum": 447, "route_short_name_sum": null, "services_unique": null, "total_departures_unique": null, "route_short_name_unique": "13, 6, 11, 1" }, "geometry": { "type": "LineString", "coordinates": [ [ -9.4113, 38.72372 ], [ -9.41127, 38.72451 ], [ -9.41118, 38.72486 ], [ -9.41117, 38.72511 ], [ -9.41125, 38.72534 ] ] } },
{ "type": "Feature", "properties": { "services_sum": 2.026211169294279, "total_departures_sum": 81, "route_short_name_sum": null, "services_unique": null, "total_departures_unique": null, "route_short_name_unique": "3, 1" }, "geometry": { "type": "LineString", "coordinates": [ [ -9.41197, 38.72895 ], [ -9.41173, 38.72893 ], [ -9.41156, 38.72889 ], [ -9.41141, 38.72882 ], [ -9.41138, 38.72878 ] ] } },
{ "type": "Feature", "properties": { "services_sum": 2.026211169294279, "total_departures_sum": 81, "route_short_name_sum": null, "services_unique": null, "total_departures_unique": null, "route_short_name_unique": "3, 1" }, "geometry": { "type": "LineString", "coordinates": [ [ -9.41095, 38.72893 ], [ -9.41085, 38.72886 ], [ -9.41069, 38.72877 ], [ -9.41, 38.72862 ], [ -9.40973, 38.72858 ], [ -9.40925, 38.72857 ], [ -9.4087, 38.72865 ], [ -9.40726, 38.72895 ], [ -9.40583, 38.7292 ], [ -9.40515, 38.72922 ], [ -9.40492, 38.72928 ] ] } },
{ "type": "Feature", "properties": { "services_sum": 2.026211169294279, "total_departures_sum": 81, "route_short_name_sum": null, "services_unique": null, "total_departures_unique": null, "route_short_name_unique": "3, 1" }, "geometry": { "type": "LineString", "coordinates": [ [ -9.40189, 38.73898 ], [ -9.40161, 38.73902 ], [ -9.40104, 38.73914 ], [ -9.40099, 38.73913 ], [ -9.4009, 38.73898 ], [ -9.40102, 38.73891 ] ] } },
{ "type": "Feature", "properties": { "services_sum": 2.026211169294279, "total_departures_sum": 81, "route_short_name_sum": null, "services_unique": null, "total_departures_unique": null, "route_short_name_unique": "3, 1" }, "geometry": { "type": "LineString", "coordinates": [ [ -9.40138, 38.73876 ], [ -9.40154, 38.73875 ], [ -9.40186, 38.73866 ], [ -9.40185, 38.73857 ], [ -9.40142, 38.73777 ], [ -9.40137, 38.73772 ] ] } },
{ "type": "Feature", "properties": { "services_sum": 2.026211169294279, "total_departures_sum": 81, "route_short_name_sum": null, "services_unique": null, "total_departures_unique": null, "route_short_name_unique": "3, 1" }, "geometry": { "type": "LineString", "coordinates": [ [ -9.40064, 38.73741 ], [ -9.40059, 38.73738 ], [ -9.40052, 38.73709 ], [ -9.40043, 38.73684 ], [ -9.4004, 38.7368 ], [ -9.40035, 38.73678 ], [ -9.3979, 38.73711 ] ] } },
{ "type": "Feature", "properties": { "services_sum": 2.026211169294279, "total_departures_sum": 81, "route_short_name_sum": null, "services_unique": null, "total_departures_unique": null, "route_short_name_unique": "3, 1" }, "geometry": { "type": "LineString", "coordinates": [ [ -9.39742, 38.73724 ], [ -9.39692, 38.73722 ] ] } },
{ "type": "Feature", "properties": { "services_sum": 2.0005557099194222, "total_departures_sum": 112, "route_short_name_sum": null, "services_unique": null, "total_departures_unique": null, "route_short_name_unique": "31, 6" }, "geometry": { "type": "LineString", "coordinates": [ [ -9.41102, 38.73007 ], [ -9.41098, 38.73032 ], [ -9.41075, 38.73091 ], [ -9.41043, 38.73184 ] ] } },
{ "type": "Feature", "properties": { "services_sum": 2.0005557099194222, "total_departures_sum": 112, "route_short_name_sum": null, "services_unique": null, "total_departures_unique": null, "route_short_name_unique": "31, 6" }, "geometry": { "type": "LineString", "coordinates": [ [ -9.38978, 38.73757 ], [ -9.38998, 38.738 ], [ -9.38969, 38.73733 ] ] } },
{ "type": "Feature", "properties": { "services_sum": 2.0005557099194222, "total_departures_sum": 112, "route_short_name_sum": null, "services_unique": null, "total_departures_unique": null, "route_short_name_unique": "31, 6" }, "geometry": { "type": "LineString", "coordinates": [ [ -9.38959, 38.73707 ], [ -9.38942, 38.7367 ] ] } },
{ "type": "Feature", "properties": { "services_sum": 2.0005557099194222, "total_departures_sum": 112, "route_short_name_sum": null, "services_unique": null, "total_departures_unique": null, "route_short_name_unique": "31, 6" }, "geometry": { "type": "LineString", "coordinates": [ [ -9.38835, 38.73521 ], [ -9.38817, 38.73509 ] ] } },
{ "type": "Feature", "properties": { "services_sum": 2.0005557099194222, "total_departures_sum": 183, "route_short_name_sum": null, "services_unique": null, "total_departures_unique": null, "route_short_name_unique": "31, 13" }, "geometry": { "type": "LineString", "coordinates": [ [ -9.41017, 38.73247 ], [ -9.40907, 38.73198 ], [ -9.40893, 38.73193 ], [ -9.40881, 38.73191 ], [ -9.40864, 38.73164 ] ] } },
{ "type": "Feature", "properties": { "services_sum": 2.0005557099194222, "total_departures_sum": 183, "route_short_name_sum": null, "services_unique": null, "total_departures_unique": null, "route_short_name_unique": "31, 13" }, "geometry": { "type": "LineString", "coordinates": [ [ -9.40513, 38.73079 ], [ -9.40495, 38.73061 ], [ -9.40493, 38.73058 ], [ -9.40485, 38.73056 ], [ -9.4048, 38.73057 ], [ -9.40478, 38.73059 ], [ -9.40476, 38.73065 ], [ -9.40477, 38.73068 ] ] } },
{ "type": "Feature", "properties": { "services_sum": 2.0005557099194222, "total_departures_sum": 183, "route_short_name_sum": null, "services_unique": null, "total_departures_unique": null, "route_short_name_unique": "31, 13" }, "geometry": { "type": "LineString", "coordinates": [ [ -9.40396, 38.73079 ], [ -9.40334, 38.73122 ], [ -9.40311, 38.73134 ] ] } },
{ "type": "Feature", "properties": { "services_sum": 2.0005557099194222, "total_departures_sum": 183, "route_short_name_sum": null, "services_unique": null, "total_departures_unique": null, "route_short_name_unique": "31, 13" }, "geometry": { "type": "LineString", "coordinates": [ [ -9.39788, 38.73311 ], [ -9.39778, 38.73313 ] ] } },
{ "type": "Feature", "properties": { "services_sum": 2.0005557099194222, "total_departures_sum": 183, "route_short_name_sum": null, "services_unique": null, "total_departures_unique": null, "route_short_name_unique": "31, 13" }, "geometry": { "type": "LineString", "coordinates": [ [ -9.3841, 38.7291 ], [ -9.38392, 38.72938 ] ] } },
{ "type": "Feature", "properties": { "services_sum": 2.0005557099194222, "total_departures_sum": 183, "route_short_name_sum": null, "services_unique": null, "total_departures_unique": null, "route_short_name_unique": "31, 13" }, "geometry": { "type": "LineString", "coordinates": [ [ -9.38355, 38.72815 ], [ -9.38332, 38.72785 ] ] } },
{ "type": "Feature", "properties": { "services_sum": 2.0005557099194222, "total_departures_sum": 183, "route_short_name_sum": null, "services_unique": null, "total_departures_unique": null, "route_short_name_unique": "31, 13" }, "geometry": { "type": "LineString", "coordinates": [ [ -9.38248, 38.7269 ], [ -9.3822, 38.72659 ] ] } },
{ "type": "Feature", "properties": { "services_sum": 2.0005557099194222, "total_departures_sum": 183, "route_short_name_sum": null, "services_unique": null, "total_departures_unique": null, "route_short_name_unique": "31, 13" }, "geometry": { "type": "LineString", "coordinates": [ [ -9.3809, 38.72569 ], [ -9.38042, 38.72509 ] ] } },
{ "type": "Feature", "properties": { "services_sum": 2.0005557099194222, "total_departures_sum": 183, "route_short_name_sum": null, "services_unique": null, "total_departures_unique": null, "route_short_name_unique": "31, 13" }, "geometry": { "type": "LineString", "coordinates": [ [ -9.38035, 38.72499 ], [ -9.3801, 38.72464 ], [ -9.37946, 38.72382 ] ] } },
{ "type": "Feature", "properties": { "services_sum": 2.0005557099194222, "total_departures_sum": 183, "route_short_name_sum": null, "services_unique": null, "total_departures_unique": null, "route_short_name_unique": "31, 13" }, "geometry": { "type": "LineString", "coordinates": [ [ -9.37755, 38.72119 ], [ -9.37769, 38.72126 ], [ -9.37774, 38.72131 ], [ -9.37775, 38.72135 ], [ -9.37772, 38.72142 ], [ -9.37775, 38.72169 ], [ -9.37755, 38.72146 ], [ -9.37747, 38.72141 ], [ -9.37745, 38.72133 ] ] } },
{ "type": "Feature", "properties": { "services_sum": 2.0005557099194222, "total_departures_sum": 183, "route_short_name_sum": null, "services_unique": null, "total_departures_unique": null, "route_short_name_unique": "31, 13" }, "geometry": { "type": "LineString", "coordinates": [ [ -9.37738, 38.72107 ], [ -9.37732, 38.72092 ], [ -9.37642, 38.71982 ] ] } },
{ "type": "Feature", "properties": { "services_sum": 2.0005557099194222, "total_departures_sum": 183, "route_short_name_sum": null, "services_unique": null, "total_departures_unique": null, "route_short_name_unique": "31, 13" }, "geometry": { "type": "LineString", "coordinates": [ [ -9.37209, 38.71436 ], [ -9.37201, 38.71422 ] ] } },
{ "type": "Feature", "properties": { "services_sum": 2.0005557099194222, "total_departures_sum": 183, "route_short_name_sum": null, "services_unique": null, "total_departures_unique": null, "route_short_name_unique": "31, 13" }, "geometry": { "type": "LineString", "coordinates": [ [ -9.37165, 38.71378 ], [ -9.37083, 38.71321 ] ] } },
{ "type": "Feature", "properties": { "services_sum": 3.0008335648791333, "total_departures_sum": 301, "route_short_name_sum": null, "services_unique": null, "total_departures_unique": null, "route_short_name_unique": "31, 13" }, "geometry": { "type": "LineString", "coordinates": [ [ -9.41015, 38.73252 ], [ -9.41008, 38.73269 ] ] } },
{ "type": "Feature", "properties": { "services_sum": 3.0008335648791333, "total_departures_sum": 301, "route_short_name_sum": null, "services_unique": null, "total_departures_unique": null, "route_short_name_unique": "31, 13" }, "geometry": { "type": "LineString", "coordinates": [ [ -9.40941, 38.73291 ], [ -9.40927, 38.73262 ] ] } },
{ "type": "Feature", "properties": { "services_sum": 3.0008335648791333, "total_departures_sum": 301, "route_short_name_sum": null, "services_unique": null, "total_departures_unique": null, "route_short_name_unique": "31, 13" }, "geometry": { "type": "LineString", "coordinates": [ [ -9.37905, 38.72345 ], [ -9.37837, 38.72311 ] ] } },
{ "type": "Feature", "properties": { "services_sum": 2.0005557099194222, "total_departures_sum": 180, "route_short_name_sum": null, "services_unique": null, "total_departures_unique": null, "route_short_name_unique": "6, 22" }, "geometry": { "type": "LineString", "coordinates": [ [ -9.41015, 38.73252 ], [ -9.40999, 38.73289 ], [ -9.40967, 38.73353 ], [ -9.40961, 38.73345 ], [ -9.40941, 38.73291 ] ] } },
{ "type": "Feature", "properties": { "services_sum": 2.0005557099194222, "total_departures_sum": 180, "route_short_name_sum": null, "services_unique": null, "total_departures_unique": null, "route_short_name_unique": "6, 22" }, "geometry": { "type": "LineString", "coordinates": [ [ -9.40932, 38.73273 ], [ -9.40927, 38.73262 ] ] } },
{ "type": "Feature", "properties": { "services_sum": 2.0005557099194222, "total_departures_sum": 180, "route_short_name_sum": null, "services_unique": null, "total_departures_unique": null, "route_short_name_unique": "6, 22" }, "geometry": { "type": "LineString", "coordinates": [ [ -9.40837, 38.73475 ], [ -9.40749, 38.73537 ] ] } },
{ "type": "Feature", "properties": { "services_sum": 2.0005557099194222, "total_departures_sum": 180, "route_short_name_sum": null, "services_unique": null, "total_departures_unique": null, "route_short_name_unique": "6, 22" }, "geometry": { "type": "LineString", "coordinates": [ [ -9.40837, 38.73475 ], [ -9.40961, 38.7337 ], [ -9.4087, 38.73447 ], [ -9.40837, 38.73475 ] ] } },
{ "type": "Feature", "properties": { "services_sum": 2.0005557099194222, "total_departures_sum": 180, "route_short_name_sum": null, "services_unique": null, "total_departures_unique": null, "route_short_name_unique": "6, 22" }, "geometry": { "type": "LineString", "coordinates": [ [ -9.40754, 38.73534 ], [ -9.40559, 38.73675 ] ] } },
{ "type": "Feature", "properties": { "services_sum": 2.0005557099194222, "total_departures_sum": 180, "route_short_name_sum": null, "services_unique": null, "total_departures_unique": null, "route_short_name_unique": "6, 22" }, "geometry": { "type": "LineString", "coordinates": [ [ -9.40559, 38.73675 ], [ -9.40555, 38.73686 ], [ -9.40547, 38.73689 ], [ -9.4054, 38.73689 ], [ -9.40533, 38.73684 ], [ -9.40532, 38.73678 ], [ -9.40533, 38.73673 ], [ -9.40538, 38.73669 ], [ -9.40551, 38.73668 ], [ -9.40559, 38.73675 ] ] } },
{ "type": "Feature", "properties": { "services_sum": 2.0005557099194222, "total_departures_sum": 180, "route_short_name_sum": null, "services_unique": null, "total_departures_unique": null, "route_short_name_unique": "6, 22" }, "geometry": { "type": "LineString", "coordinates": [ [ -9.40482, 38.73733 ], [ -9.40415, 38.73781 ] ] } },
{ "type": "Feature", "properties": { "services_sum": 2.0005557099194222, "total_departures_sum": 180, "route_short_name_sum": null, "services_unique": null, "total_departures_unique": null, "route_short_name_unique": "6, 22" }, "geometry": { "type": "LineString", "coordinates": [ [ -9.40422, 38.73777 ], [ -9.404, 38.73796 ], [ -9.40396, 38.73803 ], [ -9.40399, 38.73817 ] ] } },
{ "type": "Feature", "properties": { "services_sum": 2.0005557099194222, "total_departures_sum": 180, "route_short_name_sum": null, "services_unique": null, "total_departures_unique": null, "route_short_name_unique": "6, 22" }, "geometry": { "type": "LineString", "coordinates": [ [ -9.4036, 38.73831 ], [ -9.4035, 38.73839 ], [ -9.40334, 38.73857 ], [ -9.40326, 38.73862 ], [ -9.40247, 38.73887 ] ] } },
{ "type": "Feature", "properties": { "services_sum": 2.0005557099194222, "total_departures_sum": 180, "route_short_name_sum": null, "services_unique": null, "total_departures_unique": null, "route_short_name_unique": "6, 22" }, "geometry": { "type": "LineString", "coordinates": [ [ -9.40189, 38.73898 ], [ -9.40012, 38.73945 ], [ -9.40005, 38.73945 ], [ -9.39986, 38.73949 ] ] } },
{ "type": "Feature", "properties": { "services_sum": 2.0005557099194222, "total_departures_sum": 180, "route_short_name_sum": null, "services_unique": null, "total_departures_unique": null, "route_short_name_unique": "6, 22" }, "geometry": { "type": "LineString", "coordinates": [ [ -9.39976, 38.73951 ], [ -9.39959, 38.73958 ], [ -9.39898, 38.73975 ], [ -9.3983, 38.73996 ], [ -9.39813, 38.74003 ], [ -9.39739, 38.74021 ], [ -9.39655, 38.74048 ], [ -9.39558, 38.74082 ], [ -9.39479, 38.74115 ], [ -9.39463, 38.74118 ], [ -9.39442, 38.74115 ], [ -9.39431, 38.74112 ] ] } },
{ "type": "Feature", "properties": { "services_sum": 2.0005557099194222, "total_departures_sum": 180, "route_short_name_sum": null, "services_unique": null, "total_departures_unique": null, "route_short_name_unique": "6, 22" }, "geometry": { "type": "LineString", "coordinates": [ [ -9.39899, 38.74091 ], [ -9.39877, 38.74099 ], [ -9.39872, 38.74102 ] ] } },
{ "type": "Feature", "properties": { "services_sum": 2.0005557099194222, "total_departures_sum": 180, "route_short_name_sum": null, "services_unique": null, "total_departures_unique": null, "route_short_name_unique": "6, 22" }, "geometry": { "type": "LineString", "coordinates": [ [ -9.38851, 38.74051 ], [ -9.38877, 38.74041 ], [ -9.38837, 38.74058 ] ] } },
{ "type": "Feature", "properties": { "services_sum": 4.0011114198388444, "total_departures_sum": 366, "route_short_name_sum": null, "services_unique": null, "total_departures_unique": null, "route_short_name_unique": "31, 13" }, "geometry": { "type": "LineString", "coordinates": [ [ -9.41008, 38.73269 ], [ -9.40986, 38.73314 ] ] } },
{ "type": "Feature", "properties": { "services_sum": 4.0011114198388444, "total_departures_sum": 366, "route_short_name_sum": null, "services_unique": null, "total_departures_unique": null, "route_short_name_unique": "31, 13" }, "geometry": { "type": "LineString", "coordinates": [ [ -9.3841, 38.72898 ], [ -9.3841, 38.7291 ] ] } },
{ "type": "Feature", "properties": { "services_sum": 4.0011114198388444, "total_departures_sum": 366, "route_short_name_sum": null, "services_unique": null, "total_departures_unique": null, "route_short_name_unique": "31, 13" }, "geometry": { "type": "LineString", "coordinates": [ [ -9.38332, 38.72785 ], [ -9.38297, 38.72747 ] ] } },
{ "type": "Feature", "properties": { "services_sum": 4.0011114198388444, "total_departures_sum": 366, "route_short_name_sum": null, "services_unique": null, "total_departures_unique": null, "route_short_name_unique": "31, 13" }, "geometry": { "type": "LineString", "coordinates": [ [ -9.3822, 38.72659 ], [ -9.3819, 38.72629 ], [ -9.38138, 38.72605 ], [ -9.3812, 38.72599 ], [ -9.3809, 38.72569 ] ] } },
{ "type": "Feature", "properties": { "services_sum": 4.0011114198388444, "total_departures_sum": 366, "route_short_name_sum": null, "services_unique": null, "total_departures_unique": null, "route_short_name_unique": "31, 13" }, "geometry": { "type": "LineString", "coordinates": [ [ -9.37946, 38.72382 ], [ -9.37917, 38.72351 ] ] } },
{ "type": "Feature", "properties": { "services_sum": 4.0011114198388444, "total_departures_sum": 366, "route_short_name_sum": null, "services_unique": null, "total_departures_unique": null, "route_short_name_unique": "31, 13" }, "geometry": { "type": "LineString", "coordinates": [ [ -9.37837, 38.72311 ], [ -9.3781, 38.72242 ], [ -9.37775, 38.72169 ] ] } },
{ "type": "Feature", "properties": { "services_sum": 4.0011114198388444, "total_departures_sum": 366, "route_short_name_sum": null, "services_unique": null, "total_departures_unique": null, "route_short_name_unique": "31, 13" }, "geometry": { "type": "LineString", "coordinates": [ [ -9.37642, 38.71982 ], [ -9.37634, 38.71977 ], [ -9.37473, 38.71891 ], [ -9.37395, 38.71851 ], [ -9.37374, 38.71838 ], [ -9.37357, 38.71824 ], [ -9.37346, 38.71813 ], [ -9.37334, 38.71795 ], [ -9.37323, 38.71772 ], [ -9.37317, 38.7175 ], [ -9.37317, 38.71734 ], [ -9.3732, 38.7172 ], [ -9.37328, 38.71699 ], [ -9.37331, 38.71677 ], [ -9.37324, 38.71641 ], [ -9.37316, 38.71622 ], [ -9.37298, 38.71588 ], [ -9.37279, 38.71559 ] ] } },
{ "type": "Feature", "properties": { "services_sum": 4.0011114198388444, "total_departures_sum": 366, "route_short_name_sum": null, "services_unique": null, "total_departures_unique": null, "route_short_name_unique": "31, 13" }, "geometry": { "type": "LineString", "coordinates": [ [ -9.37201, 38.71422 ], [ -9.37183, 38.71397 ], [ -9.37165, 38.71378 ] ] } },
{ "type": "Feature", "properties": { "services_sum": 4.0011114198388444, "total_departures_sum": 360, "route_short_name_sum": null, "services_unique": null, "total_departures_unique": null, "route_short_name_unique": "6, 22" }, "geometry": { "type": "LineString", "coordinates": [ [ -9.40967, 38.73353 ], [ -9.40961, 38.7337 ] ] } },
{ "type": "Feature", "properties": { "services_sum": 4.0011114198388444, "total_departures_sum": 360, "route_short_name_sum": null, "services_unique": null, "total_departures_unique": null, "route_short_name_unique": "6, 22" }, "geometry": { "type": "LineString", "coordinates": [ [ -9.4054, 38.73689 ], [ -9.40482, 38.73733 ] ] } },
{ "type": "Feature", "properties": { "services_sum": 4.0011114198388444, "total_departures_sum": 360, "route_short_name_sum": null, "services_unique": null, "total_departures_unique": null, "route_short_name_unique": "6, 22" }, "geometry": { "type": "LineString", "coordinates": [ [ -9.39122, 38.73991 ], [ -9.39109, 38.73995 ], [ -9.39096, 38.74004 ], [ -9.39071, 38.74026 ], [ -9.39054, 38.74034 ], [ -9.39024, 38.74039 ] ] } },
{ "type": "Feature", "properties": { "services_sum": 4.0011114198388444, "total_departures_sum": 360, "route_short_name_sum": null, "services_unique": null, "total_departures_unique": null, "route_short_name_unique": "6, 22" }, "geometry": { "type": "LineString", "coordinates": [ [ -9.38901, 38.74037 ], [ -9.38877, 38.74041 ] ] } },
{ "type": "Feature", "properties": { "services_sum": 3.0008335648791333, "total_departures_sum": 230, "route_short_name_sum": null, "services_unique": null, "total_departures_unique": null, "route_short_name_unique": "31, 6, 13" }, "geometry": { "type": "LineString", "coordinates": [ [ -9.40847, 38.73143 ], [ -9.40801, 38.73103 ] ] } },
{ "type": "Feature", "properties": { "services_sum": 3.0008335648791333, "total_departures_sum": 230, "route_short_name_sum": null, "services_unique": null, "total_departures_unique": null, "route_short_name_unique": "31, 6, 13" }, "geometry": { "type": "LineString", "coordinates": [ [ -9.38877, 38.73472 ], [ -9.38866, 38.73467 ], [ -9.38856, 38.73466 ], [ -9.38845, 38.73466 ] ] } },
{ "type": "Feature", "properties": { "services_sum": 3.0008335648791333, "total_departures_sum": 230, "route_short_name_sum": null, "services_unique": null, "total_departures_unique": null, "route_short_name_unique": "31, 6, 13" }, "geometry": { "type": "LineString", "coordinates": [ [ -9.38827, 38.73474 ], [ -9.38821, 38.73482 ], [ -9.38817, 38.73491 ], [ -9.38817, 38.73509 ] ] } },
{ "type": "Feature", "properties": { "services_sum": 4.0011114198388444, "total_departures_sum": 340, "route_short_name_sum": null, "services_unique": null, "total_departures_unique": null, "route_short_name_unique": "13, 31, 11" }, "geometry": { "type": "LineString", "coordinates": [ [ -9.40601, 38.73136 ], [ -9.40573, 38.73118 ], [ -9.4053, 38.73088 ], [ -9.40513, 38.73079 ] ] } },
{ "type": "Feature", "properties": { "services_sum": 4.0011114198388444, "total_departures_sum": 340, "route_short_name_sum": null, "services_unique": null, "total_departures_unique": null, "route_short_name_unique": "13, 31, 11" }, "geometry": { "type": "LineString", "coordinates": [ [ -9.40477, 38.73068 ], [ -9.4043, 38.73067 ], [ -9.40408, 38.73073 ], [ -9.40396, 38.73079 ] ] } },
{ "type": "Feature", "properties": { "services_sum": 4.0011114198388444, "total_departures_sum": 340, "route_short_name_sum": null, "services_unique": null, "total_departures_unique": null, "route_short_name_unique": "13, 31, 11" }, "geometry": { "type": "LineString", "coordinates": [ [ -9.39898, 38.73248 ], [ -9.39837, 38.73284 ], [ -9.39788, 38.73311 ] ] } },
{ "type": "Feature", "properties": { "services_sum": 2.0005557099194222, "total_departures_sum": 157, "route_short_name_sum": null, "services_unique": null, "total_departures_unique": null, "route_short_name_unique": "13, 11" }, "geometry": { "type": "LineString", "coordinates": [ [ -9.40513, 38.73079 ], [ -9.40481, 38.7307 ], [ -9.40477, 38.73068 ] ] } },
{ "type": "Feature", "properties": { "services_sum": 2.0005557099194222, "total_departures_sum": 157, "route_short_name_sum": null, "services_unique": null, "total_departures_unique": null, "route_short_name_unique": "13, 11" }, "geometry": { "type": "LineString", "coordinates": [ [ -9.40321, 38.73129 ], [ -9.40267, 38.73155 ] ] } },
{ "type": "Feature", "properties": { "services_sum": 2.0005557099194222, "total_departures_sum": 157, "route_short_name_sum": null, "services_unique": null, "total_departures_unique": null, "route_short_name_unique": "13, 11" }, "geometry": { "type": "LineString", "coordinates": [ [ -9.39749, 38.73319 ], [ -9.39725, 38.73322 ], [ -9.39709, 38.73327 ] ] } },
{ "type": "Feature", "properties": { "services_sum": 3.0264890242539906, "total_departures_sum": 222, "route_short_name_sum": null, "services_unique": null, "total_departures_unique": null, "route_short_name_unique": "6, 3, 22" }, "geometry": { "type": "LineString", "coordinates": [ [ -9.40399, 38.73817 ], [ -9.40397, 38.73824 ], [ -9.40396, 38.73836 ], [ -9.40414, 38.73882 ], [ -9.40416, 38.73893 ], [ -9.40414, 38.73899 ], [ -9.40409, 38.73906 ], [ -9.40403, 38.73911 ], [ -9.40392, 38.73916 ], [ -9.40367, 38.73922 ], [ -9.40357, 38.73922 ], [ -9.40314, 38.73912 ], [ -9.40298, 38.73912 ], [ -9.40076, 38.73971 ], [ -9.4003, 38.73986 ], [ -9.40022, 38.73995 ], [ -9.4002, 38.74001 ], [ -9.40021, 38.7401 ], [ -9.4003, 38.74033 ], [ -9.4003, 38.74045 ], [ -9.40024, 38.74054 ], [ -9.40018, 38.74058 ], [ -9.40008, 38.74062 ], [ -9.3995, 38.74079 ], [ -9.39899, 38.74091 ] ] } },
{ "type": "Feature", "properties": { "services_sum": 3.0264890242539906, "total_departures_sum": 222, "route_short_name_sum": null, "services_unique": null, "total_departures_unique": null, "route_short_name_unique": "6, 3, 22" }, "geometry": { "type": "LineString", "coordinates": [ [ -9.39816, 38.74101 ], [ -9.39783, 38.74099 ], [ -9.39727, 38.74088 ] ] } },
{ "type": "Feature", "properties": { "services_sum": 3.0264890242539906, "total_departures_sum": 222, "route_short_name_sum": null, "services_unique": null, "total_departures_unique": null, "route_short_name_unique": "6, 3, 22" }, "geometry": { "type": "LineString", "coordinates": [ [ -9.39504, 38.74212 ], [ -9.39512, 38.74221 ], [ -9.39513, 38.7423 ], [ -9.39506, 38.7424 ], [ -9.39497, 38.74245 ], [ -9.39486, 38.74245 ], [ -9.3948, 38.74244 ], [ -9.39471, 38.74239 ] ] } },
{ "type": "Feature", "properties": { "services_sum": 7.0532559034676918, "total_departures_sum": 489, "route_short_name_sum": null, "services_unique": null, "total_departures_unique": null, "route_short_name_unique": "31, 13, 3, 11" }, "geometry": { "type": "LineString", "coordinates": [ [ -9.40223, 38.73173 ], [ -9.40189, 38.73185 ] ] } },
{ "type": "Feature", "properties": { "services_sum": 7.0532559034676918, "total_departures_sum": 489, "route_short_name_sum": null, "services_unique": null, "total_departures_unique": null, "route_short_name_unique": "31, 13, 3, 11" }, "geometry": { "type": "LineString", "coordinates": [ [ -9.39985, 38.73218 ], [ -9.3996, 38.73223 ], [ -9.39938, 38.73229 ], [ -9.39917, 38.73238 ], [ -9.39898, 38.73248 ] ] } },
{ "type": "Feature", "properties": { "services_sum": 1.3333333333333333, "total_departures_sum": 132, "route_short_name_sum": null, "services_unique": null, "total_departures_unique": null, "route_short_name_unique": "23" }, "geometry": { "type": "LineString", "coordinates": [ [ -9.39809, 38.70347 ], [ -9.39821, 38.70348 ], [ -9.39899, 38.70353 ], [ -9.39915, 38.70358 ], [ -9.39925, 38.70367 ], [ -9.39924, 38.7038 ], [ -9.39905, 38.70436 ], [ -9.3983, 38.70657 ], [ -9.39829, 38.70677 ], [ -9.39837, 38.70732 ], [ -9.3983, 38.70757 ], [ -9.39816, 38.70776 ], [ -9.39778, 38.70813 ] ] } },
{ "type": "Feature", "properties": { "services_sum": 1.3333333333333333, "total_departures_sum": 132, "route_short_name_sum": null, "services_unique": null, "total_departures_unique": null, "route_short_name_unique": "23" }, "geometry": { "type": "LineString", "coordinates": [ [ -9.39706, 38.70798 ], [ -9.39633, 38.70783 ], [ -9.39635, 38.70721 ], [ -9.39632, 38.70713 ], [ -9.3962, 38.70705 ], [ -9.39581, 38.70696 ], [ -9.39563, 38.70699 ], [ -9.39554, 38.70698 ], [ -9.39551, 38.70696 ], [ -9.39544, 38.70651 ], [ -9.39535, 38.70551 ], [ -9.39534, 38.70537 ], [ -9.39526, 38.70524 ] ] } },
{ "type": "Feature", "properties": { "services_sum": 1.3333333333333333, "total_departures_sum": 132, "route_short_name_sum": null, "services_unique": null, "total_departures_unique": null, "route_short_name_unique": "23" }, "geometry": { "type": "LineString", "coordinates": [ [ -9.39474, 38.70488 ], [ -9.39441, 38.70455 ], [ -9.39431, 38.70451 ], [ -9.39425, 38.70449 ], [ -9.39373, 38.70447 ], [ -9.39325, 38.70446 ] ] } },
{ "type": "Feature", "properties": { "services_sum": 1.3333333333333333, "total_departures_sum": 132, "route_short_name_sum": null, "services_unique": null, "total_departures_unique": null, "route_short_name_unique": "23" }, "geometry": { "type": "LineString", "coordinates": [ [ -9.39428, 38.70401 ], [ -9.3936, 38.70392 ], [ -9.39326, 38.70387 ], [ -9.39325, 38.7037 ] ] } },
{ "type": "Feature", "properties": { "services_sum": 1.3333333333333333, "total_departures_sum": 132, "route_short_name_sum": null, "services_unique": null, "total_departures_unique": null, "route_short_name_unique": "23" }, "geometry": { "type": "LineString", "coordinates": [ [ -9.392, 38.70351 ], [ -9.39142, 38.70343 ], [ -9.39109, 38.70338 ], [ -9.3913, 38.70341 ] ] } },
{ "type": "Feature", "properties": { "services_sum": 1.3333333333333333, "total_departures_sum": 132, "route_short_name_sum": null, "services_unique": null, "total_departures_unique": null, "route_short_name_unique": "23" }, "geometry": { "type": "LineString", "coordinates": [ [ -9.38367, 38.70342 ], [ -9.38378, 38.70346 ], [ -9.38391, 38.70348 ], [ -9.38374, 38.70356 ], [ -9.38371, 38.70361 ], [ -9.38364, 38.70364 ], [ -9.38328, 38.70374 ], [ -9.38317, 38.70378 ], [ -9.38278, 38.70391 ] ] } },
{ "type": "Feature", "properties": { "services_sum": 1.3333333333333333, "total_departures_sum": 132, "route_short_name_sum": null, "services_unique": null, "total_departures_unique": null, "route_short_name_unique": "23" }, "geometry": { "type": "LineString", "coordinates": [ [ -9.38297, 38.70384 ], [ -9.38278, 38.70391 ] ] } },
{ "type": "Feature", "properties": { "services_sum": 1.3333333333333333, "total_departures_sum": 132, "route_short_name_sum": null, "services_unique": null, "total_departures_unique": null, "route_short_name_unique": "23" }, "geometry": { "type": "LineString", "coordinates": [ [ -9.38278, 38.70391 ], [ -9.38242, 38.704 ], [ -9.38073, 38.70433 ], [ -9.38062, 38.70433 ], [ -9.38058, 38.70431 ], [ -9.38051, 38.70432 ], [ -9.38044, 38.70437 ], [ -9.38043, 38.7044 ], [ -9.38046, 38.70449 ], [ -9.38041, 38.70462 ], [ -9.38028, 38.70475 ] ] } },
{ "type": "Feature", "properties": { "services_sum": 1.3333333333333333, "total_departures_sum": 132, "route_short_name_sum": null, "services_unique": null, "total_departures_unique": null, "route_short_name_unique": "23" }, "geometry": { "type": "LineString", "coordinates": [ [ -9.38278, 38.70391 ], [ -9.38254, 38.70398 ], [ -9.38099, 38.70428 ], [ -9.38087, 38.70436 ], [ -9.38061, 38.70449 ], [ -9.38047, 38.70456 ], [ -9.38028, 38.70475 ] ] } },
{ "type": "Feature", "properties": { "services_sum": 1.3333333333333333, "total_departures_sum": 132, "route_short_name_sum": null, "services_unique": null, "total_departures_unique": null, "route_short_name_unique": "23" }, "geometry": { "type": "LineString", "coordinates": [ [ -9.38028, 38.70475 ], [ -9.37986, 38.70553 ], [ -9.3794, 38.70614 ], [ -9.37987, 38.70552 ] ] } },
{ "type": "Feature", "properties": { "services_sum": 1.3333333333333333, "total_departures_sum": 132, "route_short_name_sum": null, "services_unique": null, "total_departures_unique": null, "route_short_name_unique": "23" }, "geometry": { "type": "LineString", "coordinates": [ [ -9.37828, 38.70683 ], [ -9.37813, 38.70696 ] ] } },
{ "type": "Feature", "properties": { "services_sum": 1.3333333333333333, "total_departures_sum": 132, "route_short_name_sum": null, "services_unique": null, "total_departures_unique": null, "route_short_name_unique": "23" }, "geometry": { "type": "LineString", "coordinates": [ [ -9.37739, 38.70773 ], [ -9.37721, 38.70789 ] ] } },
{ "type": "Feature", "properties": { "services_sum": 1.3333333333333333, "total_departures_sum": 132, "route_short_name_sum": null, "services_unique": null, "total_departures_unique": null, "route_short_name_unique": "23" }, "geometry": { "type": "LineString", "coordinates": [ [ -9.37501, 38.70899 ], [ -9.37474, 38.70911 ] ] } },
{ "type": "Feature", "properties": { "services_sum": 1.3333333333333333, "total_departures_sum": 132, "route_short_name_sum": null, "services_unique": null, "total_departures_unique": null, "route_short_name_unique": "23" }, "geometry": { "type": "LineString", "coordinates": [ [ -9.37404, 38.70934 ], [ -9.37405, 38.70934 ], [ -9.37377, 38.70944 ] ] } },
{ "type": "Feature", "properties": { "services_sum": 1.3333333333333333, "total_departures_sum": 132, "route_short_name_sum": null, "services_unique": null, "total_departures_unique": null, "route_short_name_unique": "23" }, "geometry": { "type": "LineString", "coordinates": [ [ -9.37366, 38.71017 ], [ -9.37354, 38.70996 ] ] } },
{ "type": "Feature", "properties": { "services_sum": 1.3333333333333333, "total_departures_sum": 132, "route_short_name_sum": null, "services_unique": null, "total_departures_unique": null, "route_short_name_unique": "23" }, "geometry": { "type": "LineString", "coordinates": [ [ -9.37332, 38.71171 ], [ -9.37303, 38.71203 ], [ -9.373025436869279, 38.712034867339433 ], [ -9.37288, 38.71219 ], [ -9.372874636543491, 38.712194832421211 ], [ -9.37187, 38.7131 ] ] } },
{ "type": "Feature", "properties": { "services_sum": 1.3333333333333333, "total_departures_sum": 132, "route_short_name_sum": null, "services_unique": null, "total_departures_unique": null, "route_short_name_unique": "23" }, "geometry": { "type": "LineString", "coordinates": [ [ -9.37187, 38.7131 ], [ -9.37174, 38.7131 ] ] } },
{ "type": "Feature", "properties": { "services_sum": 1.3333333333333333, "total_departures_sum": 132, "route_short_name_sum": null, "services_unique": null, "total_departures_unique": null, "route_short_name_unique": "23" }, "geometry": { "type": "LineString", "coordinates": [ [ -9.37187, 38.7131 ], [ -9.371777867774961, 38.713397462787633 ], [ -9.37178, 38.71339 ], [ -9.37176, 38.71346 ], [ -9.3712, 38.71347 ], [ -9.37083, 38.71321 ] ] } },
{ "type": "Feature", "properties": { "services_sum": 1.3333333333333333, "total_departures_sum": 132, "route_short_name_sum": null, "services_unique": null, "total_departures_unique": null, "route_short_name_unique": "23" }, "geometry": { "type": "LineString", "coordinates": [ [ -9.36721, 38.71213 ], [ -9.36723, 38.71212 ], [ -9.3674, 38.71233 ], [ -9.36721, 38.71209 ], [ -9.36697, 38.71188 ], [ -9.36676, 38.71166 ] ] } },
{ "type": "Feature", "properties": { "services_sum": 1.3333333333333333, "total_departures_sum": 132, "route_short_name_sum": null, "services_unique": null, "total_departures_unique": null, "route_short_name_unique": "23" }, "geometry": { "type": "LineString", "coordinates": [ [ -9.36419, 38.71105 ], [ -9.36388, 38.71108 ] ] } },
{ "type": "Feature", "properties": { "services_sum": 1.3333333333333333, "total_departures_sum": 132, "route_short_name_sum": null, "services_unique": null, "total_departures_unique": null, "route_short_name_unique": "23" }, "geometry": { "type": "LineString", "coordinates": [ [ -9.36391, 38.71108 ], [ -9.36348, 38.71113 ] ] } },
{ "type": "Feature", "properties": { "services_sum": 1.3333333333333333, "total_departures_sum": 132, "route_short_name_sum": null, "services_unique": null, "total_departures_unique": null, "route_short_name_unique": "23" }, "geometry": { "type": "LineString", "coordinates": [ [ -9.36222, 38.71188 ], [ -9.3622, 38.71089 ], [ -9.36222, 38.71171 ], [ -9.36221, 38.71259 ] ] } },
{ "type": "Feature", "properties": { "services_sum": 1.3333333333333333, "total_departures_sum": 132, "route_short_name_sum": null, "services_unique": null, "total_departures_unique": null, "route_short_name_unique": "23" }, "geometry": { "type": "LineString", "coordinates": [ [ -9.36219, 38.71078 ], [ -9.36215, 38.7108 ], [ -9.36214, 38.71086 ] ] } },
{ "type": "Feature", "properties": { "services_sum": 1.3333333333333333, "total_departures_sum": 132, "route_short_name_sum": null, "services_unique": null, "total_departures_unique": null, "route_short_name_unique": "23" }, "geometry": { "type": "LineString", "coordinates": [ [ -9.36131, 38.71333 ], [ -9.36265, 38.71334 ], [ -9.36103, 38.71332 ], [ -9.36064, 38.71332 ] ] } },
{ "type": "Feature", "properties": { "services_sum": 1.3333333333333333, "total_departures_sum": 132, "route_short_name_sum": null, "services_unique": null, "total_departures_unique": null, "route_short_name_unique": "23" }, "geometry": { "type": "LineString", "coordinates": [ [ -9.35751, 38.71333 ], [ -9.35933, 38.71357 ], [ -9.3578, 38.71337 ], [ -9.35698, 38.71328 ], [ -9.35673, 38.71327 ], [ -9.35652, 38.7133 ], [ -9.35623, 38.71338 ], [ -9.35566, 38.71358 ], [ -9.35634, 38.71334 ], [ -9.35663, 38.71328 ], [ -9.35682, 38.71327 ] ] } },
{ "type": "Feature", "properties": { "services_sum": 1.3333333333333333, "total_departures_sum": 132, "route_short_name_sum": null, "services_unique": null, "total_departures_unique": null, "route_short_name_unique": "23" }, "geometry": { "type": "LineString", "coordinates": [ [ -9.35021, 38.71271 ], [ -9.35021, 38.71269 ], [ -9.35017, 38.71265 ], [ -9.35013, 38.71264 ], [ -9.3501, 38.71265 ], [ -9.35007, 38.7127 ], [ -9.35008, 38.71273 ], [ -9.35014, 38.71275 ] ] } },
{ "type": "Feature", "properties": { "services_sum": 1.3333333333333333, "total_departures_sum": 132, "route_short_name_sum": null, "services_unique": null, "total_departures_unique": null, "route_short_name_unique": "23" }, "geometry": { "type": "LineString", "coordinates": [ [ -9.34953, 38.71319 ], [ -9.34933, 38.71335 ], [ -9.34925, 38.71337 ], [ -9.34922, 38.71344 ] ] } },
{ "type": "Feature", "properties": { "services_sum": 1.3333333333333333, "total_departures_sum": 132, "route_short_name_sum": null, "services_unique": null, "total_departures_unique": null, "route_short_name_unique": "23" }, "geometry": { "type": "LineString", "coordinates": [ [ -9.34945, 38.71377 ], [ -9.34939, 38.71389 ], [ -9.349385102232624, 38.713899378703481 ], [ -9.34892, 38.71479 ] ] } },
{ "type": "Feature", "properties": { "services_sum": 1.3333333333333333, "total_departures_sum": 132, "route_short_name_sum": null, "services_unique": null, "total_departures_unique": null, "route_short_name_unique": "23" }, "geometry": { "type": "LineString", "coordinates": [ [ -9.34941, 38.71384 ], [ -9.34922, 38.71424 ] ] } },
{ "type": "Feature", "properties": { "services_sum": 1.3333333333333333, "total_departures_sum": 132, "route_short_name_sum": null, "services_unique": null, "total_departures_unique": null, "route_short_name_unique": "23" }, "geometry": { "type": "LineString", "coordinates": [ [ -9.34905, 38.71555 ], [ -9.34894, 38.7159 ] ] } },
{ "type": "Feature", "properties": { "services_sum": 1.3333333333333333, "total_departures_sum": 132, "route_short_name_sum": null, "services_unique": null, "total_departures_unique": null, "route_short_name_unique": "23" }, "geometry": { "type": "LineString", "coordinates": [ [ -9.34825, 38.71922 ], [ -9.34826, 38.71922 ], [ -9.34817, 38.7193 ] ] } },
{ "type": "Feature", "properties": { "services_sum": 1.3333333333333333, "total_departures_sum": 132, "route_short_name_sum": null, "services_unique": null, "total_departures_unique": null, "route_short_name_unique": "23" }, "geometry": { "type": "LineString", "coordinates": [ [ -9.34773, 38.71796 ], [ -9.34758, 38.71811 ], [ -9.34736, 38.71834 ] ] } },
{ "type": "Feature", "properties": { "services_sum": 1.3333333333333333, "total_departures_sum": 132, "route_short_name_sum": null, "services_unique": null, "total_departures_unique": null, "route_short_name_unique": "23" }, "geometry": { "type": "LineString", "coordinates": [ [ -9.3476, 38.71885 ], [ -9.347595119785243, 38.718845900619606 ], [ -9.34735, 38.71864 ] ] } },
{ "type": "Feature", "properties": { "services_sum": 1.3333333333333333, "total_departures_sum": 132, "route_short_name_sum": null, "services_unique": null, "total_departures_unique": null, "route_short_name_unique": "23" }, "geometry": { "type": "LineString", "coordinates": [ [ -9.34731, 38.71842 ], [ -9.34729, 38.71854 ], [ -9.34727, 38.71857 ], [ -9.34717, 38.7186 ], [ -9.34701, 38.71862 ], [ -9.34696, 38.71865 ], [ -9.34646, 38.71902 ], [ -9.3455, 38.71975 ] ] } },
{ "type": "Feature", "properties": { "services_sum": 1.3333333333333333, "total_departures_sum": 132, "route_short_name_sum": null, "services_unique": null, "total_departures_unique": null, "route_short_name_unique": "23" }, "geometry": { "type": "LineString", "coordinates": [ [ -9.3455, 38.71975 ], [ -9.34508, 38.72014 ] ] } },
{ "type": "Feature", "properties": { "services_sum": 1.3333333333333333, "total_departures_sum": 132, "route_short_name_sum": null, "services_unique": null, "total_departures_unique": null, "route_short_name_unique": "23" }, "geometry": { "type": "LineString", "coordinates": [ [ -9.3455, 38.71975 ], [ -9.34491, 38.72031 ], [ -9.34405, 38.72118 ] ] } },
{ "type": "Feature", "properties": { "services_sum": 1.3333333333333333, "total_departures_sum": 132, "route_short_name_sum": null, "services_unique": null, "total_departures_unique": null, "route_short_name_unique": "23" }, "geometry": { "type": "LineString", "coordinates": [ [ -9.34366, 38.72163 ], [ -9.34353, 38.72178 ], [ -9.34336, 38.72195 ] ] } },
{ "type": "Feature", "properties": { "services_sum": 1.3333333333333333, "total_departures_sum": 132, "route_short_name_sum": null, "services_unique": null, "total_departures_unique": null, "route_short_name_unique": "23" }, "geometry": { "type": "LineString", "coordinates": [ [ -9.34195, 38.72275 ], [ -9.34141, 38.72287 ] ] } },
{ "type": "Feature", "properties": { "services_sum": 1.3333333333333333, "total_departures_sum": 132, "route_short_name_sum": null, "services_unique": null, "total_departures_unique": null, "route_short_name_unique": "23" }, "geometry": { "type": "LineString", "coordinates": [ [ -9.34182, 38.72278 ], [ -9.34129, 38.7229 ] ] } },
{ "type": "Feature", "properties": { "services_sum": 1.3333333333333333, "total_departures_sum": 132, "route_short_name_sum": null, "services_unique": null, "total_departures_unique": null, "route_short_name_unique": "23" }, "geometry": { "type": "LineString", "coordinates": [ [ -9.34115, 38.72292 ], [ -9.33661, 38.72377 ], [ -9.33638, 38.72381 ], [ -9.33607, 38.72383 ] ] } },
{ "type": "Feature", "properties": { "services_sum": 1.3333333333333333, "total_departures_sum": 132, "route_short_name_sum": null, "services_unique": null, "total_departures_unique": null, "route_short_name_unique": "23" }, "geometry": { "type": "LineString", "coordinates": [ [ -9.33787, 38.68728 ], [ -9.3377, 38.68737 ], [ -9.33761, 38.68739 ] ] } },
{ "type": "Feature", "properties": { "services_sum": 1.3333333333333333, "total_departures_sum": 132, "route_short_name_sum": null, "services_unique": null, "total_departures_unique": null, "route_short_name_unique": "23" }, "geometry": { "type": "LineString", "coordinates": [ [ -9.33784, 38.68747 ], [ -9.33771, 38.68746 ], [ -9.33746, 38.68751 ], [ -9.337052561120228, 38.68746416312603 ], [ -9.336848706007006, 38.687550043066103 ], [ -9.336628764867784, 38.687566792198801 ] ] } },
{ "type": "Feature", "properties": { "services_sum": 1.3333333333333333, "total_departures_sum": 132, "route_short_name_sum": null, "services_unique": null, "total_departures_unique": null, "route_short_name_unique": "23" }, "geometry": { "type": "LineString", "coordinates": [ [ -9.336627423763277, 38.687565745378102 ], [ -9.336383342742922, 38.68758249450714 ], [ -9.335479438304903, 38.687502936109382 ], [ -9.335396289825441, 38.687458969588469 ], [ -9.335340046463378, 38.687272136352455 ], [ -9.333, 38.68701 ] ] } },
{ "type": "Feature", "properties": { "services_sum": 1.3333333333333333, "total_departures_sum": 132, "route_short_name_sum": null, "services_unique": null, "total_departures_unique": null, "route_short_name_unique": "23" }, "geometry": { "type": "LineString", "coordinates": [ [ -9.33646, 38.72379 ], [ -9.33607, 38.72383 ] ] } },
{ "type": "Feature", "properties": { "services_sum": 1.3333333333333333, "total_departures_sum": 132, "route_short_name_sum": null, "services_unique": null, "total_departures_unique": null, "route_short_name_unique": "23" }, "geometry": { "type": "LineString", "coordinates": [ [ -9.33607, 38.72383 ], [ -9.33605, 38.72387 ] ] } },
{ "type": "Feature", "properties": { "services_sum": 1.3333333333333333, "total_departures_sum": 132, "route_short_name_sum": null, "services_unique": null, "total_departures_unique": null, "route_short_name_unique": "23" }, "geometry": { "type": "LineString", "coordinates": [ [ -9.33607, 38.72383 ], [ -9.33606, 38.72377 ] ] } },
{ "type": "Feature", "properties": { "services_sum": 1.3333333333333333, "total_departures_sum": 132, "route_short_name_sum": null, "services_unique": null, "total_departures_unique": null, "route_short_name_unique": "23" }, "geometry": { "type": "LineString", "coordinates": [ [ -9.33603, 38.72372 ], [ -9.33596, 38.72366 ], [ -9.33583, 38.72364 ] ] } },
{ "type": "Feature", "properties": { "services_sum": 1.3333333333333333, "total_departures_sum": 132, "route_short_name_sum": null, "services_unique": null, "total_departures_unique": null, "route_short_name_unique": "23" }, "geometry": { "type": "LineString", "coordinates": [ [ -9.33418, 38.72432 ], [ -9.33409, 38.72431 ] ] } },
{ "type": "Feature", "properties": { "services_sum": 1.3333333333333333, "total_departures_sum": 132, "route_short_name_sum": null, "services_unique": null, "total_departures_unique": null, "route_short_name_unique": "23" }, "geometry": { "type": "LineString", "coordinates": [ [ -9.33406, 38.7241 ], [ -9.33403, 38.72413 ], [ -9.33382, 38.72417 ] ] } },
{ "type": "Feature", "properties": { "services_sum": 1.3333333333333333, "total_departures_sum": 132, "route_short_name_sum": null, "services_unique": null, "total_departures_unique": null, "route_short_name_unique": "23" }, "geometry": { "type": "LineString", "coordinates": [ [ -9.33382, 38.72417 ], [ -9.33344, 38.72418 ], [ -9.33325, 38.72399 ], [ -9.33314, 38.72382 ], [ -9.33302, 38.72335 ], [ -9.33315, 38.72391 ], [ -9.33318, 38.72404 ], [ -9.33327, 38.72419 ], [ -9.33382, 38.72417 ] ] } },
{ "type": "Feature", "properties": { "services_sum": 1.3333333333333333, "total_departures_sum": 132, "route_short_name_sum": null, "services_unique": null, "total_departures_unique": null, "route_short_name_unique": "23" }, "geometry": { "type": "LineString", "coordinates": [ [ -9.33301, 38.717 ], [ -9.33278, 38.71761 ], [ -9.33264, 38.71796 ], [ -9.33279, 38.7176 ], [ -9.33301, 38.717 ] ] } },
{ "type": "Feature", "properties": { "services_sum": 1.3333333333333333, "total_departures_sum": 132, "route_short_name_sum": null, "services_unique": null, "total_departures_unique": null, "route_short_name_unique": "23" }, "geometry": { "type": "LineString", "coordinates": [ [ -9.33301, 38.717 ], [ -9.33299, 38.71677 ], [ -9.33291, 38.71636 ], [ -9.33289, 38.71594 ], [ -9.3329, 38.71582 ], [ -9.33289, 38.71595 ], [ -9.33291, 38.71628 ], [ -9.33301, 38.717 ] ] } },
{ "type": "Feature", "properties": { "services_sum": 1.3333333333333333, "total_departures_sum": 132, "route_short_name_sum": null, "services_unique": null, "total_departures_unique": null, "route_short_name_unique": "23" }, "geometry": { "type": "LineString", "coordinates": [ [ -9.3324, 38.68694 ], [ -9.33227, 38.68688 ], [ -9.3322, 38.68684 ] ] } },
{ "type": "Feature", "properties": { "services_sum": 1.3333333333333333, "total_departures_sum": 132, "route_short_name_sum": null, "services_unique": null, "total_departures_unique": null, "route_short_name_unique": "23" }, "geometry": { "type": "LineString", "coordinates": [ [ -9.33189, 38.69103 ], [ -9.33196, 38.69109 ], [ -9.33211, 38.69118 ], [ -9.33216, 38.69126 ], [ -9.33213, 38.69137 ], [ -9.33217, 38.69154 ], [ -9.33233, 38.69173 ], [ -9.3329, 38.69228 ], [ -9.33314, 38.69255 ], [ -9.33328, 38.69275 ], [ -9.3334, 38.69299 ], [ -9.33352, 38.69339 ], [ -9.33355, 38.69362 ], [ -9.33354, 38.69384 ], [ -9.33352, 38.69402 ], [ -9.33346, 38.69428 ], [ -9.33333, 38.69459 ], [ -9.33296, 38.69523 ], [ -9.33291, 38.69537 ], [ -9.33293, 38.69554 ], [ -9.33299, 38.69564 ], [ -9.33324, 38.69589 ], [ -9.33335, 38.69605 ], [ -9.3334, 38.69623 ], [ -9.3334, 38.69632 ], [ -9.33337, 38.69646 ], [ -9.3333, 38.69659 ], [ -9.3332, 38.69671 ], [ -9.33307, 38.6968 ], [ -9.33296, 38.69686 ], [ -9.33273, 38.69693 ], [ -9.33255, 38.69695 ], [ -9.33236, 38.69693 ], [ -9.33213, 38.69686 ], [ -9.33188, 38.6967 ], [ -9.33175, 38.69653 ], [ -9.33167, 38.69638 ], [ -9.33155, 38.69624 ], [ -9.3315, 38.69621 ], [ -9.33125, 38.69614 ], [ -9.33065, 38.69599 ], [ -9.33048, 38.69596 ], [ -9.3303, 38.69596 ], [ -9.33013, 38.69601 ], [ -9.33004, 38.69606 ], [ -9.32999, 38.69606 ], [ -9.32983, 38.69612 ], [ -9.32974, 38.69619 ], [ -9.32967, 38.69628 ] ] } },
{ "type": "Feature", "properties": { "services_sum": 1.3333333333333333, "total_departures_sum": 132, "route_short_name_sum": null, "services_unique": null, "total_departures_unique": null, "route_short_name_unique": "23" }, "geometry": { "type": "LineString", "coordinates": [ [ -9.33175, 38.69138 ], [ -9.33179, 38.69142 ], [ -9.33199, 38.69151 ], [ -9.33205, 38.69157 ], [ -9.33228, 38.69182 ], [ -9.33284, 38.69235 ], [ -9.33304, 38.69258 ], [ -9.33318, 38.69278 ], [ -9.33329, 38.693 ], [ -9.33337, 38.69322 ], [ -9.33343, 38.69352 ], [ -9.33345, 38.69376 ], [ -9.33343, 38.69395 ], [ -9.33336, 38.69425 ], [ -9.33328, 38.69447 ], [ -9.33273, 38.69546 ], [ -9.3326, 38.69555 ], [ -9.33236, 38.69562 ], [ -9.33225, 38.69565 ], [ -9.33209, 38.69571 ], [ -9.33191, 38.69583 ], [ -9.33177, 38.69597 ], [ -9.33164, 38.69604 ] ] } },
{ "type": "Feature", "properties": { "services_sum": 1.3333333333333333, "total_departures_sum": 132, "route_short_name_sum": null, "services_unique": null, "total_departures_unique": null, "route_short_name_unique": "23" }, "geometry": { "type": "LineString", "coordinates": [ [ -9.33138, 38.68914 ], [ -9.33136, 38.68861 ], [ -9.33136, 38.68611 ] ] } },
{ "type": "Feature", "properties": { "services_sum": 1.3333333333333333, "total_departures_sum": 132, "route_short_name_sum": null, "services_unique": null, "total_departures_unique": null, "route_short_name_unique": "23" }, "geometry": { "type": "LineString", "coordinates": [ [ -9.33127, 38.68908 ], [ -9.33125, 38.68873 ], [ -9.33126, 38.68621 ] ] } },
{ "type": "Feature", "properties": { "services_sum": 1.3333333333333333, "total_departures_sum": 132, "route_short_name_sum": null, "services_unique": null, "total_departures_unique": null, "route_short_name_unique": "23" }, "geometry": { "type": "LineString", "coordinates": [ [ -9.32976, 38.71046 ], [ -9.32979, 38.71051 ], [ -9.32982, 38.71059 ], [ -9.3298, 38.71081 ], [ -9.32978, 38.71088 ], [ -9.32974, 38.71092 ], [ -9.32973, 38.711 ], [ -9.32976, 38.71108 ], [ -9.32983, 38.71115 ], [ -9.32999, 38.71119 ], [ -9.33007, 38.71118 ], [ -9.33036, 38.71123 ], [ -9.33049, 38.71123 ], [ -9.33067, 38.71128 ], [ -9.33043, 38.71121 ], [ -9.33032, 38.71114 ], [ -9.33024, 38.711 ], [ -9.33024, 38.71096 ], [ -9.3302, 38.71088 ], [ -9.33013, 38.71082 ], [ -9.32998, 38.71076 ], [ -9.32989, 38.71068 ], [ -9.32976, 38.71046 ] ] } },
{ "type": "Feature", "properties": { "services_sum": 1.3333333333333333, "total_departures_sum": 132, "route_short_name_sum": null, "services_unique": null, "total_departures_unique": null, "route_short_name_unique": "23" }, "geometry": { "type": "LineString", "coordinates": [ [ -9.32976, 38.71046 ], [ -9.32934, 38.71005 ], [ -9.32798, 38.70877 ] ] } },
{ "type": "Feature", "properties": { "services_sum": 1.3333333333333333, "total_departures_sum": 132, "route_short_name_sum": null, "services_unique": null, "total_departures_unique": null, "route_short_name_unique": "23" }, "geometry": { "type": "LineString", "coordinates": [ [ -9.32976, 38.71046 ], [ -9.32952, 38.71023 ], [ -9.32798, 38.70877 ] ] } },
{ "type": "Feature", "properties": { "services_sum": 1.3333333333333333, "total_departures_sum": 132, "route_short_name_sum": null, "services_unique": null, "total_departures_unique": null, "route_short_name_unique": "23" }, "geometry": { "type": "LineString", "coordinates": [ [ -9.32966, 38.69728 ], [ -9.32967, 38.69743 ], [ -9.32973, 38.69762 ], [ -9.32972, 38.69769 ], [ -9.3296, 38.69775 ], [ -9.32949, 38.69777 ] ] } },
{ "type": "Feature", "properties": { "services_sum": 1.3333333333333333, "total_departures_sum": 132, "route_short_name_sum": null, "services_unique": null, "total_departures_unique": null, "route_short_name_unique": "23" }, "geometry": { "type": "LineString", "coordinates": [ [ -9.32965, 38.69681 ], [ -9.32966, 38.69722 ], [ -9.32967, 38.69736 ], [ -9.32981, 38.69758 ], [ -9.32995, 38.69768 ], [ -9.32998, 38.69775 ], [ -9.32995, 38.69782 ], [ -9.3299, 38.69784 ], [ -9.32986, 38.69785 ], [ -9.32976, 38.69783 ], [ -9.32973, 38.69781 ], [ -9.32959, 38.69777 ], [ -9.32932, 38.69778 ], [ -9.32782, 38.69792 ] ] } },
{ "type": "Feature", "properties": { "services_sum": 1.3333333333333333, "total_departures_sum": 132, "route_short_name_sum": null, "services_unique": null, "total_departures_unique": null, "route_short_name_unique": "23" }, "geometry": { "type": "LineString", "coordinates": [ [ -9.32879, 38.69783 ], [ -9.32782, 38.69792 ] ] } },
{ "type": "Feature", "properties": { "services_sum": 1.3333333333333333, "total_departures_sum": 132, "route_short_name_sum": null, "services_unique": null, "total_departures_unique": null, "route_short_name_unique": "23" }, "geometry": { "type": "LineString", "coordinates": [ [ -9.32798, 38.70877 ], [ -9.3278, 38.7085 ], [ -9.3277, 38.70836 ] ] } },
{ "type": "Feature", "properties": { "services_sum": 1.3333333333333333, "total_departures_sum": 132, "route_short_name_sum": null, "services_unique": null, "total_departures_unique": null, "route_short_name_unique": "23" }, "geometry": { "type": "LineString", "coordinates": [ [ -9.32798, 38.70877 ], [ -9.32778, 38.70848 ] ] } },
{ "type": "Feature", "properties": { "services_sum": 1.3333333333333333, "total_departures_sum": 132, "route_short_name_sum": null, "services_unique": null, "total_departures_unique": null, "route_short_name_unique": "23" }, "geometry": { "type": "LineString", "coordinates": [ [ -9.32782, 38.69792 ], [ -9.32776, 38.69848 ], [ -9.32737, 38.69857 ], [ -9.32704, 38.6987 ], [ -9.32674, 38.69888 ], [ -9.3265, 38.69909 ], [ -9.32631, 38.69931 ], [ -9.32621, 38.69951 ], [ -9.32608, 38.69978 ], [ -9.326, 38.70007 ], [ -9.32534, 38.70008 ], [ -9.32514, 38.70094 ], [ -9.32541, 38.69972 ] ] } },
{ "type": "Feature", "properties": { "services_sum": 1.3333333333333333, "total_departures_sum": 132, "route_short_name_sum": null, "services_unique": null, "total_departures_unique": null, "route_short_name_unique": "23" }, "geometry": { "type": "LineString", "coordinates": [ [ -9.3277, 38.70836 ], [ -9.32736, 38.70769 ], [ -9.32717, 38.7074 ], [ -9.32713, 38.70728 ], [ -9.32713, 38.70725 ], [ -9.32707, 38.70719 ], [ -9.3269, 38.70715 ], [ -9.32665, 38.70698 ], [ -9.32627, 38.70668 ], [ -9.32689, 38.70718 ], [ -9.32694, 38.70728 ], [ -9.32698, 38.70732 ], [ -9.32726, 38.70752 ], [ -9.3277, 38.70836 ] ] } },
{ "type": "Feature", "properties": { "services_sum": 1.3333333333333333, "total_departures_sum": 132, "route_short_name_sum": null, "services_unique": null, "total_departures_unique": null, "route_short_name_unique": "23" }, "geometry": { "type": "LineString", "coordinates": [ [ -9.32687, 38.69815 ], [ -9.32646, 38.69836 ] ] } },
{ "type": "Feature", "properties": { "services_sum": 1.3333333333333333, "total_departures_sum": 132, "route_short_name_sum": null, "services_unique": null, "total_departures_unique": null, "route_short_name_unique": "23" }, "geometry": { "type": "LineString", "coordinates": [ [ -9.32534, 38.70609 ], [ -9.32613, 38.70661 ], [ -9.3254, 38.70612 ], [ -9.3252, 38.70602 ], [ -9.32481, 38.70584 ] ] } },
{ "type": "Feature", "properties": { "services_sum": 1.3333333333333333, "total_departures_sum": 132, "route_short_name_sum": null, "services_unique": null, "total_departures_unique": null, "route_short_name_unique": "23" }, "geometry": { "type": "LineString", "coordinates": [ [ -9.32443, 38.70336 ], [ -9.32438, 38.7034 ], [ -9.32422, 38.70347 ] ] } },
{ "type": "Feature", "properties": { "services_sum": 1.3333333333333333, "total_departures_sum": 132, "route_short_name_sum": null, "services_unique": null, "total_departures_unique": null, "route_short_name_unique": "23" }, "geometry": { "type": "LineString", "coordinates": [ [ -9.32373, 38.70445 ], [ -9.32342, 38.70394 ], [ -9.32338, 38.70385 ], [ -9.32333, 38.7038 ], [ -9.32323, 38.70374 ], [ -9.32322, 38.70368 ], [ -9.32326, 38.70364 ], [ -9.32333, 38.70363 ], [ -9.32349, 38.7036 ], [ -9.32422, 38.70347 ] ] } },
{ "type": "Feature", "properties": { "services_sum": 1.3333333333333333, "total_departures_sum": 132, "route_short_name_sum": null, "services_unique": null, "total_departures_unique": null, "route_short_name_unique": "23" }, "geometry": { "type": "LineString", "coordinates": [ [ -9.32422, 38.70347 ], [ -9.32359, 38.70359 ], [ -9.32349, 38.70365 ], [ -9.32341, 38.70373 ], [ -9.3234, 38.7039 ], [ -9.32358, 38.70422 ], [ -9.32373, 38.70445 ] ] } },
{ "type": "Feature", "properties": { "services_sum": 1.3333333333333333, "total_departures_sum": 132, "route_short_name_sum": null, "services_unique": null, "total_departures_unique": null, "route_short_name_unique": "23" }, "geometry": { "type": "LineString", "coordinates": [ [ -9.3242, 38.70513 ], [ -9.32462, 38.70568 ], [ -9.32421, 38.70514 ], [ -9.32373, 38.70445 ] ] } },
{ "type": "Feature", "properties": { "services_sum": 1.3333333333333333, "total_departures_sum": 132, "route_short_name_sum": null, "services_unique": null, "total_departures_unique": null, "route_short_name_unique": "23" }, "geometry": { "type": "LineString", "coordinates": [ [ -9.389, 38.704 ], [ -9.38828, 38.70421 ], [ -9.38764, 38.7044 ], [ -9.38753, 38.70421 ], [ -9.38747, 38.70445 ], [ -9.38835, 38.70419 ], [ -9.389, 38.704 ] ] } },
{ "type": "Feature", "properties": { "services_sum": 1.3333333333333333, "total_departures_sum": 132, "route_short_name_sum": null, "services_unique": null, "total_departures_unique": null, "route_short_name_unique": "23" }, "geometry": { "type": "LineString", "coordinates": [ [ -9.38762, 38.70299 ], [ -9.38735, 38.70303 ], [ -9.3858, 38.70324 ], [ -9.38675, 38.70311 ], [ -9.38674, 38.70311 ], [ -9.38762, 38.70299 ] ] } },
{ "type": "Feature", "properties": { "services_sum": 1.3333333333333333, "total_departures_sum": 132, "route_short_name_sum": null, "services_unique": null, "total_departures_unique": null, "route_short_name_unique": "23" }, "geometry": { "type": "LineString", "coordinates": [ [ -9.36348, 38.71378 ], [ -9.36341, 38.71382 ], [ -9.3633, 38.71384 ], [ -9.36341, 38.71383 ], [ -9.36348, 38.71378 ] ] } },
{ "type": "Feature", "properties": { "services_sum": 1.3333333333333333, "total_departures_sum": 132, "route_short_name_sum": null, "services_unique": null, "total_departures_unique": null, "route_short_name_unique": "23" }, "geometry": { "type": "LineString", "coordinates": [ [ -9.35468, 38.71357 ], [ -9.35407, 38.71325 ], [ -9.35375, 38.71308 ], [ -9.35422, 38.71334 ], [ -9.35468, 38.71357 ] ] } },
{ "type": "Feature", "properties": { "services_sum": 1.3333333333333333, "total_departures_sum": 132, "route_short_name_sum": null, "services_unique": null, "total_departures_unique": null, "route_short_name_unique": "23" }, "geometry": { "type": "LineString", "coordinates": [ [ -9.35157, 38.71305 ], [ -9.3513, 38.71293 ], [ -9.35113, 38.71287 ], [ -9.35076, 38.71277 ], [ -9.35102, 38.71284 ], [ -9.35129, 38.71293 ], [ -9.35157, 38.71305 ] ] } },
{ "type": "Feature", "properties": { "services_sum": 1.3333333333333333, "total_departures_sum": 132, "route_short_name_sum": null, "services_unique": null, "total_departures_unique": null, "route_short_name_unique": "23" }, "geometry": { "type": "LineString", "coordinates": [ [ -9.33236, 38.71404 ], [ -9.3323, 38.71369 ], [ -9.33226, 38.71337 ], [ -9.3323, 38.71372 ], [ -9.33236, 38.71404 ] ] } },
{ "type": "Feature", "properties": { "services_sum": 1.3333333333333333, "total_departures_sum": 132, "route_short_name_sum": null, "services_unique": null, "total_departures_unique": null, "route_short_name_unique": "23" }, "geometry": { "type": "LineString", "coordinates": [ [ -9.33232, 38.71967 ], [ -9.33198, 38.71925 ], [ -9.33183, 38.71907 ], [ -9.33197, 38.71924 ], [ -9.33232, 38.71967 ] ] } },
{ "type": "Feature", "properties": { "services_sum": 1.3333333333333333, "total_departures_sum": 132, "route_short_name_sum": null, "services_unique": null, "total_departures_unique": null, "route_short_name_unique": "23" }, "geometry": { "type": "LineString", "coordinates": [ [ -9.33146, 38.71232 ], [ -9.33127, 38.71201 ], [ -9.33101, 38.71164 ], [ -9.33072, 38.71132 ], [ -9.33098, 38.71159 ], [ -9.33115, 38.71184 ], [ -9.33146, 38.71232 ] ] } },
{ "type": "Feature", "properties": { "services_sum": 1.3333333333333333, "total_departures_sum": 132, "route_short_name_sum": null, "services_unique": null, "total_departures_unique": null, "route_short_name_unique": "23" }, "geometry": { "type": "LineString", "coordinates": [ [ -9.32481, 38.70204 ], [ -9.32468, 38.70263 ], [ -9.32459, 38.70311 ], [ -9.32465, 38.70279 ], [ -9.32481, 38.70204 ] ] } },
{ "type": "Feature", "properties": { "services_sum": 7.0008335648791338, "total_departures_sum": 225, "route_short_name_sum": null, "services_unique": null, "total_departures_unique": null, "route_short_name_unique": "29, 6, 11" }, "geometry": { "type": "LineString", "coordinates": [ [ -9.39874, 38.72428 ], [ -9.39875, 38.72389 ], [ -9.39864, 38.72352 ], [ -9.39843, 38.72318 ] ] } },
{ "type": "Feature", "properties": { "services_sum": 7.0008335648791338, "total_departures_sum": 225, "route_short_name_sum": null, "services_unique": null, "total_departures_unique": null, "route_short_name_unique": "29, 6, 11" }, "geometry": { "type": "LineString", "coordinates": [ [ -9.39746, 38.7314 ], [ -9.39733, 38.73209 ] ] } },
{ "type": "Feature", "properties": { "services_sum": 7.0008335648791338, "total_departures_sum": 225, "route_short_name_sum": null, "services_unique": null, "total_departures_unique": null, "route_short_name_unique": "29, 6, 11" }, "geometry": { "type": "LineString", "coordinates": [ [ -9.39452, 38.719 ], [ -9.39427, 38.71865 ], [ -9.39417, 38.71835 ] ] } },
{ "type": "Feature", "properties": { "services_sum": 7.0008335648791338, "total_departures_sum": 225, "route_short_name_sum": null, "services_unique": null, "total_departures_unique": null, "route_short_name_unique": "29, 6, 11" }, "geometry": { "type": "LineString", "coordinates": [ [ -9.39427, 38.71643 ], [ -9.39416, 38.71545 ], [ -9.39398, 38.7147 ] ] } },
{ "type": "Feature", "properties": { "services_sum": 7.0008335648791338, "total_departures_sum": 225, "route_short_name_sum": null, "services_unique": null, "total_departures_unique": null, "route_short_name_unique": "29, 6, 11" }, "geometry": { "type": "LineString", "coordinates": [ [ -9.39421, 38.71767 ], [ -9.39416, 38.71805 ] ] } },
{ "type": "Feature", "properties": { "services_sum": 2.0, "total_departures_sum": 46, "route_short_name_sum": null, "services_unique": null, "total_departures_unique": null, "route_short_name_unique": "29" }, "geometry": { "type": "LineString", "coordinates": [ [ -9.39843, 38.72318 ], [ -9.3981, 38.72281 ], [ -9.39809443429122, 38.722804077117779 ], [ -9.39452, 38.719 ], [ -9.398067705796514, 38.722777557321784 ], [ -9.39807, 38.72278 ] ] } },
{ "type": "Feature", "properties": { "services_sum": 2.0, "total_departures_sum": 46, "route_short_name_sum": null, "services_unique": null, "total_departures_unique": null, "route_short_name_unique": "29" }, "geometry": { "type": "LineString", "coordinates": [ [ -9.39784, 38.72939 ], [ -9.397842611081897, 38.729375175924432 ], [ -9.39874, 38.72428 ], [ -9.397771190692419, 38.729743285995106 ], [ -9.39777, 38.72975 ] ] } },
{ "type": "Feature", "properties": { "services_sum": 2.0, "total_departures_sum": 46, "route_short_name_sum": null, "services_unique": null, "total_departures_unique": null, "route_short_name_unique": "29" }, "geometry": { "type": "LineString", "coordinates": [ [ -9.39733, 38.73209 ], [ -9.397286484482233, 38.732168327945978 ], [ -9.39728, 38.73218 ] ] } },
{ "type": "Feature", "properties": { "services_sum": 2.0, "total_departures_sum": 46, "route_short_name_sum": null, "services_unique": null, "total_departures_unique": null, "route_short_name_unique": "29" }, "geometry": { "type": "LineString", "coordinates": [ [ -9.39733, 38.7322 ], [ -9.39729188184271, 38.732419179437933 ], [ -9.39729, 38.73243 ] ] } },
{ "type": "Feature", "properties": { "services_sum": 2.0, "total_departures_sum": 46, "route_short_name_sum": null, "services_unique": null, "total_departures_unique": null, "route_short_name_unique": "29" }, "geometry": { "type": "LineString", "coordinates": [ [ -9.39716, 38.73325 ], [ -9.39705, 38.7335 ], [ -9.39685, 38.73419 ], [ -9.3968, 38.73428 ] ] } },
{ "type": "Feature", "properties": { "services_sum": 2.0, "total_departures_sum": 46, "route_short_name_sum": null, "services_unique": null, "total_departures_unique": null, "route_short_name_unique": "29" }, "geometry": { "type": "LineString", "coordinates": [ [ -9.3968, 38.73428 ], [ -9.39650059332018, 38.735108358500625 ], [ -9.3965, 38.73511 ], [ -9.39574, 38.73686 ], [ -9.39552, 38.73732 ], [ -9.39539, 38.73766 ] ] } },
{ "type": "Feature", "properties": { "services_sum": 2.0, "total_departures_sum": 46, "route_short_name_sum": null, "services_unique": null, "total_departures_unique": null, "route_short_name_unique": "29" }, "geometry": { "type": "LineString", "coordinates": [ [ -9.3968, 38.73428 ], [ -9.39665, 38.73471 ], [ -9.39652, 38.73483 ], [ -9.396457651045649, 38.734999232927329 ], [ -9.39645, 38.73502 ], [ -9.39637, 38.73524 ], [ -9.39643, 38.7353 ], [ -9.39566, 38.73702 ] ] } },
{ "type": "Feature", "properties": { "services_sum": 2.0, "total_departures_sum": 46, "route_short_name_sum": null, "services_unique": null, "total_departures_unique": null, "route_short_name_unique": "29" }, "geometry": { "type": "LineString", "coordinates": [ [ -9.395385764688481, 38.737669680733603 ], [ -9.39532, 38.73782 ], [ -9.39525, 38.73789 ], [ -9.39519, 38.73792 ], [ -9.39512, 38.73793 ], [ -9.39505, 38.73791 ], [ -9.39501, 38.73787 ], [ -9.39499, 38.73778 ], [ -9.39501, 38.73766 ], [ -9.39511, 38.73726 ] ] } },
{ "type": "Feature", "properties": { "services_sum": 2.0, "total_departures_sum": 46, "route_short_name_sum": null, "services_unique": null, "total_departures_unique": null, "route_short_name_unique": "29" }, "geometry": { "type": "LineString", "coordinates": [ [ -9.39427, 38.71643 ], [ -9.394250001777227, 38.717099940463449 ], [ -9.39425, 38.7171 ] ] } },
{ "type": "Feature", "properties": { "services_sum": 2.0, "total_departures_sum": 46, "route_short_name_sum": null, "services_unique": null, "total_departures_unique": null, "route_short_name_unique": "29" }, "geometry": { "type": "LineString", "coordinates": [ [ -9.39417, 38.71835 ], [ -9.39417, 38.71824 ], [ -9.394169607267356, 38.718232538098817 ], [ -9.39416, 38.71805 ] ] } },
{ "type": "Feature", "properties": { "services_sum": 2.0, "total_departures_sum": 46, "route_short_name_sum": null, "services_unique": null, "total_departures_unique": null, "route_short_name_unique": "29" }, "geometry": { "type": "LineString", "coordinates": [ [ -9.39354, 38.71349 ], [ -9.3935, 38.71347 ], [ -9.39322, 38.71341 ], [ -9.39303, 38.71342 ], [ -9.393024713936196, 38.713420116197632 ], [ -9.39212, 38.71344 ], [ -9.39187, 38.71346 ], [ -9.3917, 38.71351 ], [ -9.39158, 38.71356 ], [ -9.39088, 38.71403 ], [ -9.39056, 38.71428 ], [ -9.390553260886501, 38.71428484376208 ], [ -9.39024, 38.71451 ], [ -9.38925, 38.71516 ], [ -9.38911, 38.71529 ], [ -9.38912, 38.71539 ], [ -9.38907, 38.7155 ], [ -9.38902, 38.71555 ], [ -9.3889, 38.71562 ], [ -9.38878, 38.71566 ], [ -9.3887, 38.71566 ], [ -9.38855, 38.71564 ], [ -9.38842, 38.71557 ], [ -9.38837, 38.71552 ], [ -9.3883, 38.71538 ], [ -9.38833, 38.71523 ], [ -9.38822, 38.71501 ], [ -9.38804, 38.71481 ], [ -9.38773, 38.7145 ], [ -9.38756, 38.71432 ], [ -9.38744, 38.71415 ], [ -9.38732, 38.71394 ], [ -9.3875, 38.71424 ], [ -9.38761, 38.71436 ], [ -9.38785, 38.71457 ], [ -9.38841, 38.71495 ], [ -9.38858, 38.71503 ], [ -9.38879, 38.71503 ], [ -9.38894, 38.71508 ], [ -9.38901, 38.71512 ], [ -9.38929, 38.71504 ], [ -9.38959, 38.71485 ], [ -9.391034754892301, 38.713863581224182 ], [ -9.39104, 38.71386 ], [ -9.39146, 38.71357 ], [ -9.39159, 38.7135 ], [ -9.39172, 38.71345 ], [ -9.39198, 38.7134 ], [ -9.393, 38.71336 ], [ -9.39325, 38.71331 ], [ -9.39343, 38.71326 ], [ -9.39348, 38.7132 ], [ -9.39358, 38.71315 ], [ -9.39371, 38.71315 ], [ -9.39376, 38.71316 ], [ -9.39383, 38.7132 ], [ -9.39387, 38.71324 ], [ -9.39389, 38.71335 ], [ -9.39387, 38.71341 ] ] } },
{ "type": "Feature", "properties": { "services_sum": 2.0, "total_departures_sum": 46, "route_short_name_sum": null, "services_unique": null, "total_departures_unique": null, "route_short_name_unique": "29" }, "geometry": { "type": "LineString", "coordinates": [ [ -9.38662, 38.70671 ], [ -9.38655, 38.70689 ], [ -9.38654, 38.70697 ], [ -9.38651, 38.70697 ], [ -9.386500826985293, 38.70703421110818 ], [ -9.3865, 38.70704 ], [ -9.38638, 38.70864 ], [ -9.38635, 38.70884 ], [ -9.38641, 38.70898 ] ] } },
{ "type": "Feature", "properties": { "services_sum": 2.0, "total_departures_sum": 46, "route_short_name_sum": null, "services_unique": null, "total_departures_unique": null, "route_short_name_unique": "29" }, "geometry": { "type": "LineString", "coordinates": [ [ -9.38662, 38.70671 ], [ -9.38667, 38.70688 ], [ -9.386660647243506, 38.707095113444126 ], [ -9.38666, 38.70711 ], [ -9.38665, 38.70726 ], [ -9.38657, 38.70744 ], [ -9.38654, 38.70789 ], [ -9.38641, 38.70898 ] ] } },
{ "type": "Feature", "properties": { "services_sum": 2.0, "total_departures_sum": 46, "route_short_name_sum": null, "services_unique": null, "total_departures_unique": null, "route_short_name_unique": "29" }, "geometry": { "type": "LineString", "coordinates": [ [ -9.38662, 38.70671 ], [ -9.38668, 38.70514 ], [ -9.38664, 38.70653 ], [ -9.38662, 38.70671 ] ] } },
{ "type": "Feature", "properties": { "services_sum": 2.0, "total_departures_sum": 46, "route_short_name_sum": null, "services_unique": null, "total_departures_unique": null, "route_short_name_unique": "29" }, "geometry": { "type": "LineString", "coordinates": [ [ -9.38641, 38.70898 ], [ -9.38635, 38.70912 ], [ -9.38631, 38.70916 ], [ -9.38625, 38.70919 ], [ -9.3862, 38.70924 ], [ -9.38617, 38.7093 ], [ -9.38617, 38.70936 ], [ -9.3862, 38.70942 ], [ -9.38625, 38.70947 ], [ -9.38629, 38.70961 ], [ -9.3862, 38.71035 ] ] } },
{ "type": "Feature", "properties": { "services_sum": 2.0, "total_departures_sum": 46, "route_short_name_sum": null, "services_unique": null, "total_departures_unique": null, "route_short_name_unique": "29" }, "geometry": { "type": "LineString", "coordinates": [ [ -9.38641, 38.70898 ], [ -9.38644, 38.70907 ], [ -9.38649, 38.70917 ], [ -9.38656, 38.70921 ], [ -9.38662, 38.7093 ], [ -9.38662, 38.70936 ], [ -9.38659, 38.70941 ], [ -9.38651, 38.70948 ], [ -9.38644, 38.70955 ], [ -9.38639, 38.70967 ], [ -9.3862, 38.71035 ] ] } },
{ "type": "Feature", "properties": { "services_sum": 2.0, "total_departures_sum": 46, "route_short_name_sum": null, "services_unique": null, "total_departures_unique": null, "route_short_name_unique": "29" }, "geometry": { "type": "LineString", "coordinates": [ [ -9.38629, 38.70462 ], [ -9.38643, 38.70463 ], [ -9.3865, 38.70459 ], [ -9.38656, 38.70458 ], [ -9.38667, 38.7046 ], [ -9.38671, 38.70464 ], [ -9.38675, 38.70471 ], [ -9.38675, 38.70476 ], [ -9.3867, 38.70483 ], [ -9.38667, 38.70508 ], [ -9.38658, 38.70487 ], [ -9.3865, 38.70486 ], [ -9.38641, 38.70479 ], [ -9.38639, 38.70472 ], [ -9.38629, 38.70462 ] ] } },
{ "type": "Feature", "properties": { "services_sum": 2.0, "total_departures_sum": 46, "route_short_name_sum": null, "services_unique": null, "total_departures_unique": null, "route_short_name_unique": "29" }, "geometry": { "type": "LineString", "coordinates": [ [ -9.38629, 38.70462 ], [ -9.38602, 38.7046 ], [ -9.38581, 38.70456 ], [ -9.385796569408678, 38.704557558087402 ], [ -9.3858, 38.70456 ], [ -9.38559, 38.70452 ] ] } },
{ "type": "Feature", "properties": { "services_sum": 2.0, "total_departures_sum": 46, "route_short_name_sum": null, "services_unique": null, "total_departures_unique": null, "route_short_name_unique": "29" }, "geometry": { "type": "LineString", "coordinates": [ [ -9.38629, 38.70462 ], [ -9.38601, 38.7046 ], [ -9.385993958483397, 38.704596791734083 ], [ -9.38559, 38.70452 ] ] } },
{ "type": "Feature", "properties": { "services_sum": 2.0, "total_departures_sum": 46, "route_short_name_sum": null, "services_unique": null, "total_departures_unique": null, "route_short_name_unique": "29" }, "geometry": { "type": "LineString", "coordinates": [ [ -9.3862, 38.71035 ], [ -9.386160714235814, 38.710978572327576 ], [ -9.38616, 38.71099 ], [ -9.38616, 38.71112 ] ] } },
{ "type": "Feature", "properties": { "services_sum": 2.0, "total_departures_sum": 46, "route_short_name_sum": null, "services_unique": null, "total_departures_unique": null, "route_short_name_unique": "29" }, "geometry": { "type": "LineString", "coordinates": [ [ -9.3862, 38.71035 ], [ -9.38616, 38.71112 ] ] } },
{ "type": "Feature", "properties": { "services_sum": 2.0, "total_departures_sum": 46, "route_short_name_sum": null, "services_unique": null, "total_departures_unique": null, "route_short_name_unique": "29" }, "geometry": { "type": "LineString", "coordinates": [ [ -9.38616, 38.71112 ], [ -9.38672, 38.71258 ], [ -9.38684, 38.71288 ], [ -9.38622, 38.71127 ], [ -9.386215714369522, 38.711259285945687 ], [ -9.38616, 38.71112 ] ] } },
{ "type": "Feature", "properties": { "services_sum": 2.0, "total_departures_sum": 46, "route_short_name_sum": null, "services_unique": null, "total_departures_unique": null, "route_short_name_unique": "29" }, "geometry": { "type": "LineString", "coordinates": [ [ -9.38559, 38.70452 ], [ -9.38522, 38.7044 ], [ -9.38535, 38.70445 ] ] } },
{ "type": "Feature", "properties": { "services_sum": 2.0, "total_departures_sum": 46, "route_short_name_sum": null, "services_unique": null, "total_departures_unique": null, "route_short_name_unique": "29" }, "geometry": { "type": "LineString", "coordinates": [ [ -9.38513, 38.70122 ], [ -9.38524, 38.70129 ], [ -9.3852, 38.70165 ], [ -9.38519986752965, 38.701654371521514 ], [ -9.38519, 38.70198 ] ] } },
{ "type": "Feature", "properties": { "services_sum": 2.0, "total_departures_sum": 46, "route_short_name_sum": null, "services_unique": null, "total_departures_unique": null, "route_short_name_unique": "29" }, "geometry": { "type": "LineString", "coordinates": [ [ -9.384889313828934, 38.701567600664134 ], [ -9.38476, 38.703 ] ] } },
{ "type": "Feature", "properties": { "services_sum": 2.0, "total_departures_sum": 46, "route_short_name_sum": null, "services_unique": null, "total_departures_unique": null, "route_short_name_unique": "29" }, "geometry": { "type": "LineString", "coordinates": [ [ -9.38467, 38.70332 ], [ -9.384294826877516, 38.703400923771873 ], [ -9.38374, 38.7035 ] ] } },
{ "type": "Feature", "properties": { "services_sum": 2.0, "total_departures_sum": 46, "route_short_name_sum": null, "services_unique": null, "total_departures_unique": null, "route_short_name_unique": "29" }, "geometry": { "type": "LineString", "coordinates": [ [ -9.38325, 38.70375 ], [ -9.38314, 38.70374 ] ] } },
{ "type": "Feature", "properties": { "services_sum": 3.0002778549597111, "total_departures_sum": 93, "route_short_name_sum": null, "services_unique": null, "total_departures_unique": null, "route_short_name_unique": "29, 6" }, "geometry": { "type": "LineString", "coordinates": [ [ -9.39843, 38.72318 ], [ -9.39807, 38.72278 ] ] } },
{ "type": "Feature", "properties": { "services_sum": 3.0002778549597111, "total_departures_sum": 93, "route_short_name_sum": null, "services_unique": null, "total_departures_unique": null, "route_short_name_unique": "29, 6" }, "geometry": { "type": "LineString", "coordinates": [ [ -9.39777, 38.72975 ], [ -9.39761, 38.73061 ], [ -9.39767, 38.73078 ], [ -9.39772, 38.73082 ], [ -9.39778, 38.73093 ], [ -9.39777, 38.73101 ], [ -9.39773, 38.73105 ], [ -9.39762, 38.7311 ], [ -9.39753, 38.73121 ], [ -9.39746, 38.7314 ] ] } },
{ "type": "Feature", "properties": { "services_sum": 3.0002778549597111, "total_departures_sum": 93, "route_short_name_sum": null, "services_unique": null, "total_departures_unique": null, "route_short_name_unique": "29, 6" }, "geometry": { "type": "LineString", "coordinates": [ [ -9.39733, 38.73209 ], [ -9.39733, 38.7322 ] ] } },
{ "type": "Feature", "properties": { "services_sum": 3.0002778549597111, "total_departures_sum": 93, "route_short_name_sum": null, "services_unique": null, "total_departures_unique": null, "route_short_name_unique": "29, 6" }, "geometry": { "type": "LineString", "coordinates": [ [ -9.39729, 38.73243 ], [ -9.39719, 38.7329 ], [ -9.39719, 38.73308 ], [ -9.39723, 38.73316 ], [ -9.39721, 38.73321 ], [ -9.39716, 38.73325 ] ] } },
{ "type": "Feature", "properties": { "services_sum": 3.0002778549597111, "total_departures_sum": 93, "route_short_name_sum": null, "services_unique": null, "total_departures_unique": null, "route_short_name_unique": "29, 6" }, "geometry": { "type": "LineString", "coordinates": [ [ -9.39425, 38.7171 ], [ -9.39421, 38.71767 ] ] } },
{ "type": "Feature", "properties": { "services_sum": 3.0002778549597111, "total_departures_sum": 93, "route_short_name_sum": null, "services_unique": null, "total_departures_unique": null, "route_short_name_unique": "29, 6" }, "geometry": { "type": "LineString", "coordinates": [ [ -9.39417, 38.71835 ], [ -9.39416, 38.71805 ] ] } },
{ "type": "Feature", "properties": { "services_sum": 3.0002778549597111, "total_departures_sum": 93, "route_short_name_sum": null, "services_unique": null, "total_departures_unique": null, "route_short_name_unique": "29, 6" }, "geometry": { "type": "LineString", "coordinates": [ [ -9.39387, 38.71341 ], [ -9.39383, 38.71346 ], [ -9.39377, 38.71368 ], [ -9.39377, 38.71387 ], [ -9.39386, 38.71431 ], [ -9.39398, 38.7147 ] ] } },
{ "type": "Feature", "properties": { "services_sum": 2.3336111882930446, "total_departures_sum": 171, "route_short_name_sum": null, "services_unique": null, "total_departures_unique": null, "route_short_name_unique": "23, 1" }, "geometry": { "type": "LineString", "coordinates": [ [ -9.39809, 38.70347 ], [ -9.3973, 38.7034 ], [ -9.39695, 38.7034 ], [ -9.39525, 38.70341 ], [ -9.39479, 38.70335 ], [ -9.39464, 38.70335 ], [ -9.39455, 38.70338 ], [ -9.39446, 38.70342 ] ] } },
{ "type": "Feature", "properties": { "services_sum": 2.3336111882930446, "total_departures_sum": 171, "route_short_name_sum": null, "services_unique": null, "total_departures_unique": null, "route_short_name_unique": "23, 1" }, "geometry": { "type": "LineString", "coordinates": [ [ -9.39526, 38.70524 ], [ -9.39525, 38.70522 ], [ -9.39491, 38.70502 ], [ -9.39474, 38.70488 ] ] } },
{ "type": "Feature", "properties": { "services_sum": 2.3336111882930446, "total_departures_sum": 171, "route_short_name_sum": null, "services_unique": null, "total_departures_unique": null, "route_short_name_unique": "23, 1" }, "geometry": { "type": "LineString", "coordinates": [ [ -9.39433, 38.70355 ], [ -9.39428, 38.70401 ] ] } },
{ "type": "Feature", "properties": { "services_sum": 2.3336111882930446, "total_departures_sum": 171, "route_short_name_sum": null, "services_unique": null, "total_departures_unique": null, "route_short_name_unique": "23, 1" }, "geometry": { "type": "LineString", "coordinates": [ [ -9.38367, 38.70342 ], [ -9.38362, 38.7034 ], [ -9.38351, 38.7034 ], [ -9.38316, 38.7035 ], [ -9.38311, 38.70354 ], [ -9.38308, 38.70358 ], [ -9.38306, 38.7037 ], [ -9.38297, 38.70384 ] ] } },
{ "type": "Feature", "properties": { "services_sum": 4.0005557099194222, "total_departures_sum": 132, "route_short_name_sum": null, "services_unique": null, "total_departures_unique": null, "route_short_name_unique": "6, 11, 29" }, "geometry": { "type": "LineString", "coordinates": [ [ -9.39784, 38.72939 ], [ -9.39761, 38.73061 ], [ -9.39749, 38.73076 ], [ -9.39736, 38.73082 ], [ -9.39732, 38.7309 ], [ -9.39731, 38.73096 ], [ -9.39733, 38.73102 ], [ -9.39738, 38.73107 ], [ -9.39744, 38.7312 ], [ -9.39746, 38.7314 ] ] } },
{ "type": "Feature", "properties": { "services_sum": 4.0005557099194222, "total_departures_sum": 132, "route_short_name_sum": null, "services_unique": null, "total_departures_unique": null, "route_short_name_unique": "6, 11, 29" }, "geometry": { "type": "LineString", "coordinates": [ [ -9.39427, 38.71643 ], [ -9.39426, 38.7168 ], [ -9.39421, 38.71767 ] ] } },
{ "type": "Feature", "properties": { "services_sum": 4.0005557099194222, "total_departures_sum": 132, "route_short_name_sum": null, "services_unique": null, "total_departures_unique": null, "route_short_name_unique": "6, 11, 29" }, "geometry": { "type": "LineString", "coordinates": [ [ -9.39398, 38.7147 ], [ -9.39371, 38.71389 ], [ -9.39354, 38.71349 ] ] } },
{ "type": "Feature", "properties": { "services_sum": 2.3336111882930446, "total_departures_sum": 250, "route_short_name_sum": null, "services_unique": null, "total_departures_unique": null, "route_short_name_unique": "23, 13" }, "geometry": { "type": "LineString", "coordinates": [ [ -9.39778, 38.70813 ], [ -9.39706, 38.70798 ] ] } },
{ "type": "Feature", "properties": { "services_sum": 2.3336111882930446, "total_departures_sum": 250, "route_short_name_sum": null, "services_unique": null, "total_departures_unique": null, "route_short_name_unique": "23, 13" }, "geometry": { "type": "LineString", "coordinates": [ [ -9.39325, 38.7037 ], [ -9.39325, 38.70446 ] ] } },
{ "type": "Feature", "properties": { "services_sum": 2.3336111882930446, "total_departures_sum": 250, "route_short_name_sum": null, "services_unique": null, "total_departures_unique": null, "route_short_name_unique": "23, 13" }, "geometry": { "type": "LineString", "coordinates": [ [ -9.392, 38.70351 ], [ -9.3913, 38.70341 ] ] } },
{ "type": "Feature", "properties": { "services_sum": 2.3336111882930446, "total_departures_sum": 250, "route_short_name_sum": null, "services_unique": null, "total_departures_unique": null, "route_short_name_unique": "23, 13" }, "geometry": { "type": "LineString", "coordinates": [ [ -9.38028, 38.70475 ], [ -9.37987, 38.70552 ] ] } },
{ "type": "Feature", "properties": { "services_sum": 2.3336111882930446, "total_departures_sum": 250, "route_short_name_sum": null, "services_unique": null, "total_departures_unique": null, "route_short_name_unique": "23, 13" }, "geometry": { "type": "LineString", "coordinates": [ [ -9.37828, 38.70683 ], [ -9.37848, 38.70669 ], [ -9.37822, 38.70687 ], [ -9.37739, 38.70773 ] ] } },
{ "type": "Feature", "properties": { "services_sum": 2.3336111882930446, "total_departures_sum": 250, "route_short_name_sum": null, "services_unique": null, "total_departures_unique": null, "route_short_name_unique": "23, 13" }, "geometry": { "type": "LineString", "coordinates": [ [ -9.37813, 38.70696 ], [ -9.3774, 38.70772 ], [ -9.37721, 38.70789 ] ] } },
{ "type": "Feature", "properties": { "services_sum": 2.3336111882930446, "total_departures_sum": 250, "route_short_name_sum": null, "services_unique": null, "total_departures_unique": null, "route_short_name_unique": "23, 13" }, "geometry": { "type": "LineString", "coordinates": [ [ -9.37721, 38.70789 ], [ -9.37672, 38.7082 ] ] } },
{ "type": "Feature", "properties": { "services_sum": 2.3336111882930446, "total_departures_sum": 250, "route_short_name_sum": null, "services_unique": null, "total_departures_unique": null, "route_short_name_unique": "23, 13" }, "geometry": { "type": "LineString", "coordinates": [ [ -9.37721, 38.70789 ], [ -9.377, 38.70803 ], [ -9.37672, 38.7082 ] ] } },
{ "type": "Feature", "properties": { "services_sum": 2.3336111882930446, "total_departures_sum": 250, "route_short_name_sum": null, "services_unique": null, "total_departures_unique": null, "route_short_name_unique": "23, 13" }, "geometry": { "type": "LineString", "coordinates": [ [ -9.37672, 38.7082 ], [ -9.37503, 38.70898 ], [ -9.37474, 38.70911 ] ] } },
{ "type": "Feature", "properties": { "services_sum": 2.3336111882930446, "total_departures_sum": 250, "route_short_name_sum": null, "services_unique": null, "total_departures_unique": null, "route_short_name_unique": "23, 13" }, "geometry": { "type": "LineString", "coordinates": [ [ -9.37672, 38.7082 ], [ -9.37501, 38.70899 ] ] } },
{ "type": "Feature", "properties": { "services_sum": 2.3336111882930446, "total_departures_sum": 250, "route_short_name_sum": null, "services_unique": null, "total_departures_unique": null, "route_short_name_unique": "23, 13" }, "geometry": { "type": "LineString", "coordinates": [ [ -9.37474, 38.70911 ], [ -9.37404, 38.70934 ] ] } },
{ "type": "Feature", "properties": { "services_sum": 2.3336111882930446, "total_departures_sum": 250, "route_short_name_sum": null, "services_unique": null, "total_departures_unique": null, "route_short_name_unique": "23, 13" }, "geometry": { "type": "LineString", "coordinates": [ [ -9.37474, 38.70911 ], [ -9.37386, 38.7094 ], [ -9.37361, 38.7096 ] ] } },
{ "type": "Feature", "properties": { "services_sum": 2.3336111882930446, "total_departures_sum": 250, "route_short_name_sum": null, "services_unique": null, "total_departures_unique": null, "route_short_name_unique": "23, 13" }, "geometry": { "type": "LineString", "coordinates": [ [ -9.37377, 38.70944 ], [ -9.37354, 38.70947 ], [ -9.37346, 38.70945 ], [ -9.37342, 38.70945 ], [ -9.37334, 38.70949 ], [ -9.37332, 38.70952 ], [ -9.37331, 38.70959 ], [ -9.37342, 38.70971 ] ] } },
{ "type": "Feature", "properties": { "services_sum": 2.3336111882930446, "total_departures_sum": 250, "route_short_name_sum": null, "services_unique": null, "total_departures_unique": null, "route_short_name_unique": "23, 13" }, "geometry": { "type": "LineString", "coordinates": [ [ -9.37354, 38.70996 ], [ -9.37353, 38.70993 ] ] } },
{ "type": "Feature", "properties": { "services_sum": 3.0002778549597111, "total_departures_sum": 111, "route_short_name_sum": null, "services_unique": null, "total_departures_unique": null, "route_short_name_unique": "31, 29" }, "geometry": { "type": "LineString", "coordinates": [ [ -9.39694, 38.73316 ], [ -9.397, 38.73329 ], [ -9.39699, 38.73344 ], [ -9.3968, 38.73418 ], [ -9.3968, 38.73428 ] ] } },
{ "type": "Feature", "properties": { "services_sum": 3.0002778549597111, "total_departures_sum": 111, "route_short_name_sum": null, "services_unique": null, "total_departures_unique": null, "route_short_name_unique": "31, 29" }, "geometry": { "type": "LineString", "coordinates": [ [ -9.39566, 38.73702 ], [ -9.3955, 38.73713 ], [ -9.39537, 38.73716 ] ] } },
{ "type": "Feature", "properties": { "services_sum": 3.0002778549597111, "total_departures_sum": 111, "route_short_name_sum": null, "services_unique": null, "total_departures_unique": null, "route_short_name_unique": "31, 29" }, "geometry": { "type": "LineString", "coordinates": [ [ -9.3952, 38.73718 ], [ -9.39511, 38.73726 ] ] } },
{ "type": "Feature", "properties": { "services_sum": 4.0011114198388444, "total_departures_sum": 330, "route_short_name_sum": null, "services_unique": null, "total_departures_unique": null, "route_short_name_unique": "13, 6" }, "geometry": { "type": "LineString", "coordinates": [ [ -9.39522, 38.73325 ], [ -9.39514, 38.73332 ], [ -9.39509, 38.73346 ], [ -9.39502, 38.73357 ], [ -9.39487, 38.73365 ], [ -9.39379, 38.73406 ], [ -9.39359, 38.73412 ], [ -9.39338, 38.73414 ], [ -9.39307, 38.73412 ] ] } },
{ "type": "Feature", "properties": { "services_sum": 4.0011114198388444, "total_departures_sum": 330, "route_short_name_sum": null, "services_unique": null, "total_departures_unique": null, "route_short_name_unique": "13, 6" }, "geometry": { "type": "LineString", "coordinates": [ [ -9.39211, 38.73403 ], [ -9.39192, 38.73404 ], [ -9.39164, 38.73411 ], [ -9.39138, 38.73423 ], [ -9.39059, 38.7347 ] ] } },
{ "type": "Feature", "properties": { "services_sum": 4.0011114198388444, "total_departures_sum": 330, "route_short_name_sum": null, "services_unique": null, "total_departures_unique": null, "route_short_name_unique": "13, 6" }, "geometry": { "type": "LineString", "coordinates": [ [ -9.38952, 38.73504 ], [ -9.38917, 38.735 ] ] } },
{ "type": "Feature", "properties": { "services_sum": 4.0011114198388444, "total_departures_sum": 396, "route_short_name_sum": null, "services_unique": null, "total_departures_unique": null, "route_short_name_unique": "31, 22" }, "geometry": { "type": "LineString", "coordinates": [ [ -9.39488, 38.73796 ], [ -9.39475, 38.73808 ], [ -9.39449, 38.73829 ] ] } },
{ "type": "Feature", "properties": { "services_sum": 4.0011114198388444, "total_departures_sum": 396, "route_short_name_sum": null, "services_unique": null, "total_departures_unique": null, "route_short_name_unique": "31, 22" }, "geometry": { "type": "LineString", "coordinates": [ [ -9.39363, 38.73883 ], [ -9.39308, 38.73907 ], [ -9.3923, 38.73947 ] ] } },
{ "type": "Feature", "properties": { "services_sum": 4.6672223765860892, "total_departures_sum": 500, "route_short_name_sum": null, "services_unique": null, "total_departures_unique": null, "route_short_name_unique": "23, 13" }, "geometry": { "type": "LineString", "coordinates": [ [ -9.39325, 38.7037 ], [ -9.39304, 38.70361 ], [ -9.39278, 38.70342 ] ] } },
{ "type": "Feature", "properties": { "services_sum": 4.6672223765860892, "total_departures_sum": 500, "route_short_name_sum": null, "services_unique": null, "total_departures_unique": null, "route_short_name_unique": "23, 13" }, "geometry": { "type": "LineString", "coordinates": [ [ -9.39269, 38.70337 ], [ -9.39255, 38.70336 ] ] } },
{ "type": "Feature", "properties": { "services_sum": 4.6672223765860892, "total_departures_sum": 500, "route_short_name_sum": null, "services_unique": null, "total_departures_unique": null, "route_short_name_unique": "23, 13" }, "geometry": { "type": "LineString", "coordinates": [ [ -9.3858, 38.70324 ], [ -9.38529, 38.70325 ], [ -9.38487, 38.70328 ] ] } },
{ "type": "Feature", "properties": { "services_sum": 4.6672223765860892, "total_departures_sum": 500, "route_short_name_sum": null, "services_unique": null, "total_departures_unique": null, "route_short_name_unique": "23, 13" }, "geometry": { "type": "LineString", "coordinates": [ [ -9.3794, 38.70614 ], [ -9.37921, 38.7063 ], [ -9.37894, 38.70646 ], [ -9.37848, 38.70669 ] ] } },
{ "type": "Feature", "properties": { "services_sum": 4.6672223765860892, "total_departures_sum": 500, "route_short_name_sum": null, "services_unique": null, "total_departures_unique": null, "route_short_name_unique": "23, 13" }, "geometry": { "type": "LineString", "coordinates": [ [ -9.37393, 38.71075 ], [ -9.3739, 38.71101 ], [ -9.37332, 38.71171 ] ] } },
{ "type": "Feature", "properties": { "services_sum": 6.6677780865055105, "total_departures_sum": 578, "route_short_name_sum": null, "services_unique": null, "total_departures_unique": null, "route_short_name_unique": "23, 13, 1" }, "geometry": { "type": "LineString", "coordinates": [ [ -9.39278, 38.70342 ], [ -9.39269, 38.70337 ] ] } },
{ "type": "Feature", "properties": { "services_sum": 6.6677780865055105, "total_departures_sum": 578, "route_short_name_sum": null, "services_unique": null, "total_departures_unique": null, "route_short_name_unique": "23, 13, 1" }, "geometry": { "type": "LineString", "coordinates": [ [ -9.39255, 38.70336 ], [ -9.3922, 38.70349 ], [ -9.392, 38.70351 ] ] } },
{ "type": "Feature", "properties": { "services_sum": 4.0011114198388444, "total_departures_sum": 224, "route_short_name_sum": null, "services_unique": null, "total_departures_unique": null, "route_short_name_unique": "31, 6" }, "geometry": { "type": "LineString", "coordinates": [ [ -9.39074, 38.73873 ], [ -9.39058, 38.7386 ], [ -9.39019, 38.73824 ], [ -9.38998, 38.738 ] ] } },
{ "type": "Feature", "properties": { "services_sum": 4.0011114198388444, "total_departures_sum": 224, "route_short_name_sum": null, "services_unique": null, "total_departures_unique": null, "route_short_name_unique": "31, 6" }, "geometry": { "type": "LineString", "coordinates": [ [ -9.38942, 38.7367 ], [ -9.38924, 38.7362 ] ] } },
{ "type": "Feature", "properties": { "services_sum": 2.0005557099194222, "total_departures_sum": 130, "route_short_name_sum": null, "services_unique": null, "total_departures_unique": null, "route_short_name_unique": "31" }, "geometry": { "type": "LineString", "coordinates": [ [ -9.3882, 38.7345 ], [ -9.388, 38.7343 ], [ -9.38714, 38.73328 ], [ -9.38706, 38.73321 ], [ -9.38688, 38.73312 ], [ -9.38677, 38.73308 ] ] } },
{ "type": "Feature", "properties": { "services_sum": 2.0005557099194222, "total_departures_sum": 130, "route_short_name_sum": null, "services_unique": null, "total_departures_unique": null, "route_short_name_unique": "31" }, "geometry": { "type": "LineString", "coordinates": [ [ -9.38489, 38.73154 ], [ -9.38433, 38.73094 ], [ -9.38388, 38.73055 ], [ -9.38379, 38.73042 ], [ -9.38364, 38.72997 ], [ -9.38365, 38.72986 ], [ -9.38367, 38.72978 ] ] } },
{ "type": "Feature", "properties": { "services_sum": 2.0005557099194222, "total_departures_sum": 130, "route_short_name_sum": null, "services_unique": null, "total_departures_unique": null, "route_short_name_unique": "31" }, "geometry": { "type": "LineString", "coordinates": [ [ -9.37393, 38.71075 ], [ -9.37392, 38.71092 ], [ -9.37388, 38.71104 ], [ -9.37332, 38.71171 ] ] } },
{ "type": "Feature", "properties": { "services_sum": 2.0005557099194222, "total_departures_sum": 130, "route_short_name_sum": null, "services_unique": null, "total_departures_unique": null, "route_short_name_unique": "31" }, "geometry": { "type": "LineString", "coordinates": [ [ -9.37256, 38.71024 ], [ -9.37227, 38.71038 ], [ -9.36913, 38.71155 ], [ -9.36835, 38.7118 ], [ -9.36799, 38.71194 ], [ -9.36757, 38.71222 ], [ -9.36739, 38.71232 ] ] } },
{ "type": "Feature", "properties": { "services_sum": 2.0005557099194222, "total_departures_sum": 130, "route_short_name_sum": null, "services_unique": null, "total_departures_unique": null, "route_short_name_unique": "31" }, "geometry": { "type": "LineString", "coordinates": [ [ -9.35293, 38.69793 ], [ -9.35224, 38.69817 ] ] } },
{ "type": "Feature", "properties": { "services_sum": 2.0005557099194222, "total_departures_sum": 130, "route_short_name_sum": null, "services_unique": null, "total_departures_unique": null, "route_short_name_unique": "31" }, "geometry": { "type": "LineString", "coordinates": [ [ -9.35022, 38.6988 ], [ -9.35009, 38.69869 ], [ -9.34996, 38.69862 ] ] } },
{ "type": "Feature", "properties": { "services_sum": 2.0005557099194222, "total_departures_sum": 130, "route_short_name_sum": null, "services_unique": null, "total_departures_unique": null, "route_short_name_unique": "31" }, "geometry": { "type": "LineString", "coordinates": [ [ -9.3487, 38.69807 ], [ -9.34848, 38.69799 ] ] } },
{ "type": "Feature", "properties": { "services_sum": 2.0005557099194222, "total_departures_sum": 130, "route_short_name_sum": null, "services_unique": null, "total_departures_unique": null, "route_short_name_unique": "31" }, "geometry": { "type": "LineString", "coordinates": [ [ -9.33392, 38.6905 ], [ -9.333912769735534, 38.690502243886634 ] ] } },
{ "type": "Feature", "properties": { "services_sum": 2.6666666666666665, "total_departures_sum": 264, "route_short_name_sum": null, "services_unique": null, "total_departures_unique": null, "route_short_name_unique": "23" }, "geometry": { "type": "LineString", "coordinates": [ [ -9.38762, 38.70299 ], [ -9.3875, 38.70386 ], [ -9.3875, 38.70404 ], [ -9.38753, 38.70421 ] ] } },
{ "type": "Feature", "properties": { "services_sum": 2.6666666666666665, "total_departures_sum": 264, "route_short_name_sum": null, "services_unique": null, "total_departures_unique": null, "route_short_name_unique": "23" }, "geometry": { "type": "LineString", "coordinates": [ [ -9.38487, 38.70328 ], [ -9.38391, 38.70348 ] ] } },
{ "type": "Feature", "properties": { "services_sum": 2.6666666666666665, "total_departures_sum": 264, "route_short_name_sum": null, "services_unique": null, "total_departures_unique": null, "route_short_name_unique": "23" }, "geometry": { "type": "LineString", "coordinates": [ [ -9.37083, 38.71321 ], [ -9.37073, 38.71318 ], [ -9.37061, 38.71316 ], [ -9.37045, 38.71318 ], [ -9.37016, 38.71326 ], [ -9.37002, 38.71327 ], [ -9.36985, 38.71326 ], [ -9.36974, 38.71323 ], [ -9.36964, 38.71315 ], [ -9.36892, 38.71235 ], [ -9.36832, 38.71181 ], [ -9.36799, 38.71194 ], [ -9.3674, 38.71233 ] ] } },
{ "type": "Feature", "properties": { "services_sum": 2.6666666666666665, "total_departures_sum": 264, "route_short_name_sum": null, "services_unique": null, "total_departures_unique": null, "route_short_name_unique": "23" }, "geometry": { "type": "LineString", "coordinates": [ [ -9.3635, 38.7137 ], [ -9.36345, 38.71363 ], [ -9.36299, 38.71348 ], [ -9.36265, 38.71334 ] ] } },
{ "type": "Feature", "properties": { "services_sum": 2.6666666666666665, "total_departures_sum": 264, "route_short_name_sum": null, "services_unique": null, "total_departures_unique": null, "route_short_name_unique": "23" }, "geometry": { "type": "LineString", "coordinates": [ [ -9.3633, 38.71384 ], [ -9.36322, 38.71379 ] ] } },
{ "type": "Feature", "properties": { "services_sum": 2.6666666666666665, "total_departures_sum": 264, "route_short_name_sum": null, "services_unique": null, "total_departures_unique": null, "route_short_name_unique": "23" }, "geometry": { "type": "LineString", "coordinates": [ [ -9.35566, 38.71358 ], [ -9.35545, 38.71363 ], [ -9.35515, 38.71366 ], [ -9.35496, 38.71364 ], [ -9.35468, 38.71357 ] ] } },
{ "type": "Feature", "properties": { "services_sum": 2.6666666666666665, "total_departures_sum": 264, "route_short_name_sum": null, "services_unique": null, "total_departures_unique": null, "route_short_name_unique": "23" }, "geometry": { "type": "LineString", "coordinates": [ [ -9.35375, 38.71308 ], [ -9.35352, 38.71303 ], [ -9.35285, 38.71283 ], [ -9.35261, 38.71284 ], [ -9.35234, 38.71293 ], [ -9.35173, 38.7131 ], [ -9.35157, 38.71305 ] ] } },
{ "type": "Feature", "properties": { "services_sum": 2.6666666666666665, "total_departures_sum": 264, "route_short_name_sum": null, "services_unique": null, "total_departures_unique": null, "route_short_name_unique": "23" }, "geometry": { "type": "LineString", "coordinates": [ [ -9.35076, 38.71277 ], [ -9.35021, 38.71269 ] ] } },
{ "type": "Feature", "properties": { "services_sum": 2.6666666666666665, "total_departures_sum": 264, "route_short_name_sum": null, "services_unique": null, "total_departures_unique": null, "route_short_name_unique": "23" }, "geometry": { "type": "LineString", "coordinates": [ [ -9.33302, 38.72335 ], [ -9.33298, 38.72289 ], [ -9.33288, 38.72233 ], [ -9.33266, 38.72132 ], [ -9.33249, 38.72009 ], [ -9.33232, 38.71967 ] ] } },
{ "type": "Feature", "properties": { "services_sum": 2.6666666666666665, "total_departures_sum": 264, "route_short_name_sum": null, "services_unique": null, "total_departures_unique": null, "route_short_name_unique": "23" }, "geometry": { "type": "LineString", "coordinates": [ [ -9.3329, 38.71582 ], [ -9.33287, 38.71551 ], [ -9.3327, 38.71504 ], [ -9.33268, 38.71491 ], [ -9.33259, 38.71479 ], [ -9.33249, 38.71451 ], [ -9.33236, 38.71404 ] ] } },
{ "type": "Feature", "properties": { "services_sum": 2.6666666666666665, "total_departures_sum": 264, "route_short_name_sum": null, "services_unique": null, "total_departures_unique": null, "route_short_name_unique": "23" }, "geometry": { "type": "LineString", "coordinates": [ [ -9.33264, 38.71796 ], [ -9.33255, 38.7181 ], [ -9.33241, 38.71829 ], [ -9.33214, 38.71858 ], [ -9.33188, 38.71881 ], [ -9.33182, 38.71898 ], [ -9.33183, 38.71907 ] ] } },
{ "type": "Feature", "properties": { "services_sum": 2.6666666666666665, "total_departures_sum": 264, "route_short_name_sum": null, "services_unique": null, "total_departures_unique": null, "route_short_name_unique": "23" }, "geometry": { "type": "LineString", "coordinates": [ [ -9.33226, 38.71337 ], [ -9.33194, 38.71298 ], [ -9.33146, 38.71232 ] ] } },
{ "type": "Feature", "properties": { "services_sum": 2.6666666666666665, "total_departures_sum": 264, "route_short_name_sum": null, "services_unique": null, "total_departures_unique": null, "route_short_name_unique": "23" }, "geometry": { "type": "LineString", "coordinates": [ [ -9.33072, 38.71132 ], [ -9.33067, 38.71128 ] ] } },
{ "type": "Feature", "properties": { "services_sum": 2.6666666666666665, "total_departures_sum": 264, "route_short_name_sum": null, "services_unique": null, "total_departures_unique": null, "route_short_name_unique": "23" }, "geometry": { "type": "LineString", "coordinates": [ [ -9.32627, 38.70668 ], [ -9.32613, 38.70661 ] ] } },
{ "type": "Feature", "properties": { "services_sum": 2.6666666666666665, "total_departures_sum": 264, "route_short_name_sum": null, "services_unique": null, "total_departures_unique": null, "route_short_name_unique": "23" }, "geometry": { "type": "LineString", "coordinates": [ [ -9.32514, 38.70094 ], [ -9.325, 38.70147 ], [ -9.32481, 38.70204 ] ] } },
{ "type": "Feature", "properties": { "services_sum": 2.6666666666666665, "total_departures_sum": 264, "route_short_name_sum": null, "services_unique": null, "total_departures_unique": null, "route_short_name_unique": "23" }, "geometry": { "type": "LineString", "coordinates": [ [ -9.32459, 38.70311 ], [ -9.32452, 38.70326 ] ] } },
{ "type": "Feature", "properties": { "services_sum": 4.0, "total_departures_sum": 92, "route_short_name_sum": null, "services_unique": null, "total_departures_unique": null, "route_short_name_unique": "29" }, "geometry": { "type": "LineString", "coordinates": [ [ -9.38732, 38.71394 ], [ -9.38684, 38.71288 ] ] } },
{ "type": "Feature", "properties": { "services_sum": 4.0, "total_departures_sum": 92, "route_short_name_sum": null, "services_unique": null, "total_departures_unique": null, "route_short_name_unique": "29" }, "geometry": { "type": "LineString", "coordinates": [ [ -9.38668, 38.70514 ], [ -9.38667, 38.70508 ] ] } },
{ "type": "Feature", "properties": { "services_sum": 4.0, "total_departures_sum": 92, "route_short_name_sum": null, "services_unique": null, "total_departures_unique": null, "route_short_name_unique": "29" }, "geometry": { "type": "LineString", "coordinates": [ [ -9.38522, 38.7044 ], [ -9.38434, 38.70395 ], [ -9.38366, 38.70364 ] ] } },
{ "type": "Feature", "properties": { "services_sum": 4.0005557099194222, "total_departures_sum": 282, "route_short_name_sum": null, "services_unique": null, "total_departures_unique": null, "route_short_name_unique": "13, 29" }, "geometry": { "type": "LineString", "coordinates": [ [ -9.38519, 38.70198 ], [ -9.38485, 38.70197 ], [ -9.38476, 38.703 ] ] } },
{ "type": "Feature", "properties": { "services_sum": 4.0005557099194222, "total_departures_sum": 282, "route_short_name_sum": null, "services_unique": null, "total_departures_unique": null, "route_short_name_unique": "13, 29" }, "geometry": { "type": "LineString", "coordinates": [ [ -9.38487, 38.70328 ], [ -9.38476, 38.703 ] ] } },
{ "type": "Feature", "properties": { "services_sum": 4.0005557099194222, "total_departures_sum": 282, "route_short_name_sum": null, "services_unique": null, "total_departures_unique": null, "route_short_name_unique": "13, 29" }, "geometry": { "type": "LineString", "coordinates": [ [ -9.38476, 38.703 ], [ -9.38472, 38.70311 ], [ -9.38471, 38.70324 ], [ -9.38467, 38.70332 ] ] } },
{ "type": "Feature", "properties": { "services_sum": 3.0002778549597111, "total_departures_sum": 164, "route_short_name_sum": null, "services_unique": null, "total_departures_unique": null, "route_short_name_unique": "13, 29" }, "geometry": { "type": "LineString", "coordinates": [ [ -9.38374, 38.7035 ], [ -9.38368, 38.70343 ], [ -9.38356, 38.70339 ], [ -9.38314, 38.7035 ], [ -9.38306, 38.70358 ], [ -9.38307, 38.70367 ], [ -9.38314, 38.70374 ] ] } },
{ "type": "Feature", "properties": { "services_sum": 3.0002778549597111, "total_departures_sum": 164, "route_short_name_sum": null, "services_unique": null, "total_departures_unique": null, "route_short_name_unique": "13, 29" }, "geometry": { "type": "LineString", "coordinates": [ [ -9.38366, 38.70364 ], [ -9.38325, 38.70375 ] ] } },
{ "type": "Feature", "properties": { "services_sum": 3.3338890432527553, "total_departures_sum": 315, "route_short_name_sum": null, "services_unique": null, "total_departures_unique": null, "route_short_name_unique": "31, 23, 13" }, "geometry": { "type": "LineString", "coordinates": [ [ -9.37366, 38.71017 ], [ -9.37352, 38.70993 ], [ -9.37342, 38.70971 ] ] } },
{ "type": "Feature", "properties": { "services_sum": 3.3338890432527553, "total_departures_sum": 315, "route_short_name_sum": null, "services_unique": null, "total_departures_unique": null, "route_short_name_unique": "31, 23, 13" }, "geometry": { "type": "LineString", "coordinates": [ [ -9.37361, 38.7096 ], [ -9.37358, 38.70965 ], [ -9.37354, 38.7098 ], [ -9.37353, 38.70993 ] ] } },
{ "type": "Feature", "properties": { "services_sum": 3.3338890432527553, "total_departures_sum": 315, "route_short_name_sum": null, "services_unique": null, "total_departures_unique": null, "route_short_name_unique": "31, 23, 13" }, "geometry": { "type": "LineString", "coordinates": [ [ -9.37288, 38.71219 ], [ -9.37187, 38.7131 ] ] } },
{ "type": "Feature", "properties": { "services_sum": 3.3338890432527553, "total_departures_sum": 315, "route_short_name_sum": null, "services_unique": null, "total_departures_unique": null, "route_short_name_unique": "31, 23, 13" }, "geometry": { "type": "LineString", "coordinates": [ [ -9.371, 38.71308 ], [ -9.3709, 38.71312 ], [ -9.37083, 38.71321 ] ] } },
{ "type": "Feature", "properties": { "services_sum": 2.3336111882930446, "total_departures_sum": 197, "route_short_name_sum": null, "services_unique": null, "total_departures_unique": null, "route_short_name_unique": "31, 23" }, "geometry": { "type": "LineString", "coordinates": [ [ -9.37332, 38.71171 ], [ -9.37288, 38.71219 ] ] } },
{ "type": "Feature", "properties": { "services_sum": 2.3336111882930446, "total_departures_sum": 197, "route_short_name_sum": null, "services_unique": null, "total_departures_unique": null, "route_short_name_unique": "31, 23" }, "geometry": { "type": "LineString", "coordinates": [ [ -9.37174, 38.7131 ], [ -9.371, 38.71308 ] ] } },
{ "type": "Feature", "properties": { "services_sum": 2.3336111882930446, "total_departures_sum": 197, "route_short_name_sum": null, "services_unique": null, "total_departures_unique": null, "route_short_name_unique": "31, 23" }, "geometry": { "type": "LineString", "coordinates": [ [ -9.36721, 38.71213 ], [ -9.36676, 38.71166 ] ] } },
{ "type": "Feature", "properties": { "services_sum": 2.3336111882930446, "total_departures_sum": 197, "route_short_name_sum": null, "services_unique": null, "total_departures_unique": null, "route_short_name_unique": "31, 23" }, "geometry": { "type": "LineString", "coordinates": [ [ -9.36388, 38.71108 ], [ -9.36348, 38.71113 ] ] } },
{ "type": "Feature", "properties": { "services_sum": 2.3336111882930446, "total_departures_sum": 197, "route_short_name_sum": null, "services_unique": null, "total_departures_unique": null, "route_short_name_unique": "31, 23" }, "geometry": { "type": "LineString", "coordinates": [ [ -9.36229, 38.71083 ], [ -9.36226, 38.71088 ] ] } },
{ "type": "Feature", "properties": { "services_sum": 2.3336111882930446, "total_departures_sum": 197, "route_short_name_sum": null, "services_unique": null, "total_departures_unique": null, "route_short_name_unique": "31, 23" }, "geometry": { "type": "LineString", "coordinates": [ [ -9.3622, 38.71089 ], [ -9.36214, 38.71086 ] ] } },
{ "type": "Feature", "properties": { "services_sum": 4.6672223765860892, "total_departures_sum": 394, "route_short_name_sum": null, "services_unique": null, "total_departures_unique": null, "route_short_name_unique": "31, 23" }, "geometry": { "type": "LineString", "coordinates": [ [ -9.36676, 38.71166 ], [ -9.36657, 38.71143 ], [ -9.36641, 38.71145 ], [ -9.36617, 38.71144 ], [ -9.36482, 38.71122 ], [ -9.36451, 38.71111 ], [ -9.36419, 38.71105 ] ] } },
{ "type": "Feature", "properties": { "services_sum": 4.6672223765860892, "total_departures_sum": 394, "route_short_name_sum": null, "services_unique": null, "total_departures_unique": null, "route_short_name_unique": "31, 23" }, "geometry": { "type": "LineString", "coordinates": [ [ -9.36348, 38.71113 ], [ -9.36237, 38.71083 ], [ -9.36229, 38.71083 ] ] } },
{ "type": "Feature", "properties": { "services_sum": 2.3336111882930446, "total_departures_sum": 197, "route_short_name_sum": null, "services_unique": null, "total_departures_unique": null, "route_short_name_unique": "23, 31" }, "geometry": { "type": "LineString", "coordinates": [ [ -9.36419, 38.71105 ], [ -9.36391, 38.71108 ] ] } },
{ "type": "Feature", "properties": { "services_sum": 2.3336111882930446, "total_departures_sum": 197, "route_short_name_sum": null, "services_unique": null, "total_departures_unique": null, "route_short_name_unique": "23, 31" }, "geometry": { "type": "LineString", "coordinates": [ [ -9.36229, 38.71083 ], [ -9.36226, 38.71078 ] ] } },
{ "type": "Feature", "properties": { "services_sum": 1.0106681639528354, "total_departures_sum": 50, "route_short_name_sum": null, "services_unique": null, "total_departures_unique": null, "route_short_name_unique": "26" }, "geometry": { "type": "LineString", "coordinates": [ [ -9.3635, 38.7137 ], [ -9.36348, 38.71366 ], [ -9.3634, 38.7136 ], [ -9.362981812580774, 38.71347662872774 ], [ -9.36265, 38.71334 ], [ -9.36132, 38.71333 ], [ -9.361311639822675, 38.713330012246828 ], [ -9.36131, 38.71333 ] ] } },
{ "type": "Feature", "properties": { "services_sum": 1.0106681639528354, "total_departures_sum": 50, "route_short_name_sum": null, "services_unique": null, "total_departures_unique": null, "route_short_name_unique": "26" }, "geometry": { "type": "LineString", "coordinates": [ [ -9.36348, 38.71378 ], [ -9.36345, 38.71381 ], [ -9.36335, 38.71384 ], [ -9.36329938927418, 38.713825539792623 ], [ -9.36328, 38.71382 ], [ -9.36322, 38.71379 ] ] } },
{ "type": "Feature", "properties": { "services_sum": 1.0106681639528354, "total_departures_sum": 50, "route_short_name_sum": null, "services_unique": null, "total_departures_unique": null, "route_short_name_unique": "26" }, "geometry": { "type": "LineString", "coordinates": [ [ -9.36226, 38.71088 ], [ -9.36229, 38.71085 ], [ -9.36228, 38.7108 ], [ -9.36226, 38.71078 ] ] } },
{ "type": "Feature", "properties": { "services_sum": 1.0106681639528354, "total_departures_sum": 50, "route_short_name_sum": null, "services_unique": null, "total_departures_unique": null, "route_short_name_unique": "26" }, "geometry": { "type": "LineString", "coordinates": [ [ -9.36222, 38.71188 ], [ -9.362219842978059, 38.711872227520679 ], [ -9.3622, 38.71089 ] ] } },
{ "type": "Feature", "properties": { "services_sum": 1.0106681639528354, "total_departures_sum": 50, "route_short_name_sum": null, "services_unique": null, "total_departures_unique": null, "route_short_name_unique": "26" }, "geometry": { "type": "LineString", "coordinates": [ [ -9.35933, 38.71357 ], [ -9.357515161336996, 38.713330680658032 ], [ -9.35751, 38.71333 ] ] } },
{ "type": "Feature", "properties": { "services_sum": 1.0106681639528354, "total_departures_sum": 50, "route_short_name_sum": null, "services_unique": null, "total_departures_unique": null, "route_short_name_unique": "26" }, "geometry": { "type": "LineString", "coordinates": [ [ -9.35814, 38.70947 ], [ -9.358124587584847, 38.709468120464351 ], [ -9.35773, 38.70942 ] ] } },
{ "type": "Feature", "properties": { "services_sum": 1.0106681639528354, "total_departures_sum": 50, "route_short_name_sum": null, "services_unique": null, "total_departures_unique": null, "route_short_name_unique": "26" }, "geometry": { "type": "LineString", "coordinates": [ [ -9.35682, 38.71327 ], [ -9.35657, 38.71329 ], [ -9.35643, 38.71328 ], [ -9.35632, 38.71315 ], [ -9.35624, 38.7131 ], [ -9.35577, 38.71299 ], [ -9.35549, 38.71287 ], [ -9.35501, 38.71254 ], [ -9.35456043424608, 38.711960559700323 ], [ -9.35456, 38.71196 ], [ -9.35387, 38.71102 ], [ -9.35349, 38.71048 ], [ -9.35333, 38.71023 ], [ -9.35158, 38.7113 ], [ -9.35146, 38.7114 ], [ -9.35106, 38.71191 ], [ -9.35101, 38.71194 ], [ -9.35056, 38.71212 ], [ -9.35036, 38.71223 ], [ -9.35035, 38.71224 ], [ -9.350327695653844, 38.712259118026452 ], [ -9.35028, 38.7123 ], [ -9.35021, 38.71245 ], [ -9.35015, 38.71264 ], [ -9.3502, 38.71267 ], [ -9.35021, 38.71271 ] ] } },
{ "type": "Feature", "properties": { "services_sum": 1.0106681639528354, "total_departures_sum": 50, "route_short_name_sum": null, "services_unique": null, "total_departures_unique": null, "route_short_name_unique": "26" }, "geometry": { "type": "LineString", "coordinates": [ [ -9.35644, 38.69069 ], [ -9.356161210436081, 38.690613092550727 ], [ -9.35615, 38.69061 ] ] } },
{ "type": "Feature", "properties": { "services_sum": 1.0106681639528354, "total_departures_sum": 50, "route_short_name_sum": null, "services_unique": null, "total_departures_unique": null, "route_short_name_unique": "26" }, "geometry": { "type": "LineString", "coordinates": [ [ -9.35632, 38.69048 ], [ -9.356224741983473, 38.690451422597526 ], [ -9.35622, 38.69045 ] ] } },
{ "type": "Feature", "properties": { "services_sum": 1.0106681639528354, "total_departures_sum": 50, "route_short_name_sum": null, "services_unique": null, "total_departures_unique": null, "route_short_name_unique": "26" }, "geometry": { "type": "LineString", "coordinates": [ [ -9.3561, 38.69041 ], [ -9.356013068221209, 38.690418693177882 ], [ -9.355899194160026, 38.690439684255203 ], [ -9.35587, 38.69048 ] ] } },
{ "type": "Feature", "properties": { "services_sum": 1.0106681639528354, "total_departures_sum": 50, "route_short_name_sum": null, "services_unique": null, "total_departures_unique": null, "route_short_name_unique": "26" }, "geometry": { "type": "LineString", "coordinates": [ [ -9.35552, 38.70328 ], [ -9.35504, 38.70228 ], [ -9.35502684420435, 38.702258472387527 ], [ -9.35493, 38.7021 ] ] } },
{ "type": "Feature", "properties": { "services_sum": 1.0106681639528354, "total_departures_sum": 50, "route_short_name_sum": null, "services_unique": null, "total_departures_unique": null, "route_short_name_unique": "26" }, "geometry": { "type": "LineString", "coordinates": [ [ -9.35541, 38.70334 ], [ -9.3554, 38.70342 ], [ -9.35542, 38.70345 ], [ -9.354771741640398, 38.703669263977467 ], [ -9.35474, 38.70368 ], [ -9.35332, 38.70406 ], [ -9.3531, 38.70406 ], [ -9.3531, 38.70434 ], [ -9.35331, 38.70434 ], [ -9.35331, 38.70445419352572 ], [ -9.35331, 38.70448 ], [ -9.35336, 38.70592 ], [ -9.35325, 38.70606 ], [ -9.35301, 38.7063 ], [ -9.35286, 38.70631 ], [ -9.35228, 38.70649 ], [ -9.35215, 38.70664 ], [ -9.35203, 38.70682 ] ] } },
{ "type": "Feature", "properties": { "services_sum": 1.0106681639528354, "total_departures_sum": 50, "route_short_name_sum": null, "services_unique": null, "total_departures_unique": null, "route_short_name_unique": "26" }, "geometry": { "type": "LineString", "coordinates": [ [ -9.35525, 38.70117 ], [ -9.35503, 38.70062 ], [ -9.355020890456824, 38.700601780919619 ], [ -9.35482, 38.70012 ], [ -9.355194934759677, 38.700090399887394 ], [ -9.35562, 38.70005 ], [ -9.35575, 38.69999 ], [ -9.355806635824925, 38.699942803479225 ], [ -9.35581, 38.69994 ], [ -9.35586, 38.6999 ], [ -9.35592, 38.69978 ], [ -9.356, 38.69949 ], [ -9.355996286375037, 38.699497605147286 ], [ -9.35631, 38.69838 ], [ -9.35639, 38.69805 ], [ -9.35647, 38.69779 ], [ -9.356477462523268, 38.697766546421889 ], [ -9.35654, 38.69757 ], [ -9.35665, 38.69748 ], [ -9.356886364454516, 38.697686818910555 ], [ -9.35689, 38.69769 ], [ -9.35784, 38.69858 ], [ -9.358498217232169, 38.699028784489116 ], [ -9.3585, 38.69903 ], [ -9.35978, 38.69988 ], [ -9.35981, 38.69982 ], [ -9.35988, 38.69979 ], [ -9.35996, 38.6998 ], [ -9.35999, 38.69982 ], [ -9.36001, 38.69985 ], [ -9.36001, 38.69991 ], [ -9.36, 38.69994 ], [ -9.35993, 38.69997 ], [ -9.3599, 38.69998 ], [ -9.36013, 38.70018 ], [ -9.360134407009554, 38.700183305301813 ], [ -9.36097, 38.70081 ], [ -9.36272, 38.70208 ], [ -9.36298, 38.70221 ], [ -9.362991741653724, 38.702213118915452 ], [ -9.36362, 38.70238 ], [ -9.36412, 38.70279 ], [ -9.36396, 38.70288 ], [ -9.36384, 38.70291 ], [ -9.363830351414569, 38.702911929718965 ], [ -9.36379, 38.70292 ], [ -9.36321, 38.70291 ], [ -9.36221, 38.70287 ], [ -9.36185, 38.70284 ], [ -9.361839675505099, 38.702839617646625 ], [ -9.36104, 38.70281 ], [ -9.36076, 38.70289 ], [ -9.3605, 38.70302 ], [ -9.3604, 38.70311 ], [ -9.36005, 38.70347 ], [ -9.3597, 38.70375 ], [ -9.35946, 38.70389 ], [ -9.35945788682792, 38.703891173986086 ], [ -9.35937, 38.70394 ], [ -9.35932, 38.70403 ], [ -9.35908, 38.7039 ], [ -9.35843, 38.70426 ], [ -9.35779, 38.70473 ], [ -9.35738, 38.70481 ], [ -9.35626, 38.70479 ], [ -9.355770877783103, 38.704799782467035 ], [ -9.35576, 38.7048 ], [ -9.35533, 38.7048 ], [ -9.355182225311504, 38.705804868095832 ], [ -9.35518, 38.70582 ] ] } },
{ "type": "Feature", "properties": { "services_sum": 1.0106681639528354, "total_departures_sum": 50, "route_short_name_sum": null, "services_unique": null, "total_departures_unique": null, "route_short_name_unique": "26" }, "geometry": { "type": "LineString", "coordinates": [ [ -9.35489, 38.70697 ], [ -9.354747374674945, 38.707236233995843 ], [ -9.35474, 38.70725 ] ] } },
{ "type": "Feature", "properties": { "services_sum": 1.0106681639528354, "total_departures_sum": 50, "route_short_name_sum": null, "services_unique": null, "total_departures_unique": null, "route_short_name_unique": "26" }, "geometry": { "type": "LineString", "coordinates": [ [ -9.35454, 38.69016 ], [ -9.354202354700226, 38.69016964702638 ], [ -9.35419, 38.69017 ] ] } },
{ "type": "Feature", "properties": { "services_sum": 1.0106681639528354, "total_departures_sum": 50, "route_short_name_sum": null, "services_unique": null, "total_departures_unique": null, "route_short_name_unique": "26" }, "geometry": { "type": "LineString", "coordinates": [ [ -9.35419, 38.68991 ], [ -9.353535845092205, 38.689656148907694 ], [ -9.35352, 38.68965 ] ] } },
{ "type": "Feature", "properties": { "services_sum": 1.0106681639528354, "total_departures_sum": 50, "route_short_name_sum": null, "services_unique": null, "total_departures_unique": null, "route_short_name_unique": "26" }, "geometry": { "type": "LineString", "coordinates": [ [ -9.35391, 38.69019 ], [ -9.35386, 38.69116 ], [ -9.35357, 38.69142 ], [ -9.35259, 38.69073 ], [ -9.3525, 38.69062 ], [ -9.35243, 38.69059 ], [ -9.35214, 38.69043 ] ] } },
{ "type": "Feature", "properties": { "services_sum": 1.0106681639528354, "total_departures_sum": 50, "route_short_name_sum": null, "services_unique": null, "total_departures_unique": null, "route_short_name_unique": "26" }, "geometry": { "type": "LineString", "coordinates": [ [ -9.35329, 38.68957 ], [ -9.3524, 38.6892 ], [ -9.35229, 38.68914 ], [ -9.35109, 38.68886 ] ] } },
{ "type": "Feature", "properties": { "services_sum": 1.0106681639528354, "total_departures_sum": 50, "route_short_name_sum": null, "services_unique": null, "total_departures_unique": null, "route_short_name_unique": "26" }, "geometry": { "type": "LineString", "coordinates": [ [ -9.35201, 38.69038 ], [ -9.3518, 38.69034 ], [ -9.351780456710895, 38.690336873139636 ], [ -9.35105, 38.69022 ], [ -9.35098, 38.69018 ], [ -9.35094, 38.69012 ], [ -9.35092, 38.69004 ] ] } },
{ "type": "Feature", "properties": { "services_sum": 1.0106681639528354, "total_departures_sum": 50, "route_short_name_sum": null, "services_unique": null, "total_departures_unique": null, "route_short_name_unique": "26" }, "geometry": { "type": "LineString", "coordinates": [ [ -9.35143, 38.70688 ], [ -9.351031742126775, 38.706842952811336 ], [ -9.351, 38.70684 ], [ -9.35037, 38.70677 ] ] } },
{ "type": "Feature", "properties": { "services_sum": 1.0106681639528354, "total_departures_sum": 50, "route_short_name_sum": null, "services_unique": null, "total_departures_unique": null, "route_short_name_unique": "26" }, "geometry": { "type": "LineString", "coordinates": [ [ -9.3497, 38.71653 ], [ -9.349689126054734, 38.716514525627716 ], [ -9.34944, 38.71616 ] ] } },
{ "type": "Feature", "properties": { "services_sum": 1.0106681639528354, "total_departures_sum": 50, "route_short_name_sum": null, "services_unique": null, "total_departures_unique": null, "route_short_name_unique": "26" }, "geometry": { "type": "LineString", "coordinates": [ [ -9.34945, 38.71377 ], [ -9.349398086475174, 38.713873827074941 ], [ -9.34939, 38.71389 ], [ -9.34892, 38.71479 ] ] } },
{ "type": "Feature", "properties": { "services_sum": 1.0106681639528354, "total_departures_sum": 50, "route_short_name_sum": null, "services_unique": null, "total_departures_unique": null, "route_short_name_unique": "26" }, "geometry": { "type": "LineString", "coordinates": [ [ -9.34941, 38.71384 ], [ -9.349398437861394, 38.713864341481141 ], [ -9.34922, 38.71424 ] ] } },
{ "type": "Feature", "properties": { "services_sum": 1.0106681639528354, "total_departures_sum": 50, "route_short_name_sum": null, "services_unique": null, "total_departures_unique": null, "route_short_name_unique": "26" }, "geometry": { "type": "LineString", "coordinates": [ [ -9.34922, 38.71344 ], [ -9.3491, 38.71334 ], [ -9.34866, 38.7131 ], [ -9.34854, 38.71298 ], [ -9.34831, 38.71261 ], [ -9.34814, 38.71224 ], [ -9.34808, 38.70898 ], [ -9.348, 38.70862 ], [ -9.34792, 38.70842 ], [ -9.3478, 38.70822 ], [ -9.3474, 38.70786 ], [ -9.34694, 38.70764 ], [ -9.34622, 38.7074 ], [ -9.34594, 38.70732 ], [ -9.34553, 38.70725 ], [ -9.34544, 38.70718 ], [ -9.34542, 38.70713 ], [ -9.34544, 38.70706 ], [ -9.34546, 38.70703 ] ] } },
{ "type": "Feature", "properties": { "services_sum": 1.0106681639528354, "total_departures_sum": 50, "route_short_name_sum": null, "services_unique": null, "total_departures_unique": null, "route_short_name_unique": "26" }, "geometry": { "type": "LineString", "coordinates": [ [ -9.34916, 38.71492 ], [ -9.349146266675042, 38.714919471809672 ], [ -9.3489, 38.71491 ] ] } },
{ "type": "Feature", "properties": { "services_sum": 1.0106681639528354, "total_departures_sum": 50, "route_short_name_sum": null, "services_unique": null, "total_departures_unique": null, "route_short_name_unique": "26" }, "geometry": { "type": "LineString", "coordinates": [ [ -9.34866, 38.71896 ], [ -9.348270531403593, 38.719206980164579 ], [ -9.34825, 38.71922 ], [ -9.34817, 38.7193 ], [ -9.347614183960516, 38.7188611979659 ], [ -9.3476, 38.71885 ], [ -9.34735, 38.71864 ] ] } },
{ "type": "Feature", "properties": { "services_sum": 1.0106681639528354, "total_departures_sum": 50, "route_short_name_sum": null, "services_unique": null, "total_departures_unique": null, "route_short_name_unique": "26" }, "geometry": { "type": "LineString", "coordinates": [ [ -9.34864, 38.7151 ], [ -9.34841, 38.7151 ], [ -9.348, 38.715 ], [ -9.34792, 38.71496 ] ] } },
{ "type": "Feature", "properties": { "services_sum": 1.0106681639528354, "total_departures_sum": 50, "route_short_name_sum": null, "services_unique": null, "total_departures_unique": null, "route_short_name_unique": "26" }, "geometry": { "type": "LineString", "coordinates": [ [ -9.34721, 38.71434 ], [ -9.34716, 38.71434 ], [ -9.347121529162605, 38.714351366468428 ], [ -9.34672, 38.71447 ] ] } },
{ "type": "Feature", "properties": { "services_sum": 1.0106681639528354, "total_departures_sum": 50, "route_short_name_sum": null, "services_unique": null, "total_departures_unique": null, "route_short_name_unique": "26" }, "geometry": { "type": "LineString", "coordinates": [ [ -9.34692, 38.7063 ], [ -9.346257102409069, 38.706722717483061 ], [ -9.34623, 38.70674 ], [ -9.34593, 38.70693 ] ] } },
{ "type": "Feature", "properties": { "services_sum": 1.0106681639528354, "total_departures_sum": 50, "route_short_name_sum": null, "services_unique": null, "total_departures_unique": null, "route_short_name_unique": "26" }, "geometry": { "type": "LineString", "coordinates": [ [ -9.3455, 38.71975 ], [ -9.345097760632472, 38.720123508100762 ], [ -9.34508, 38.72014 ] ] } },
{ "type": "Feature", "properties": { "services_sum": 1.0106681639528354, "total_departures_sum": 50, "route_short_name_sum": null, "services_unique": null, "total_departures_unique": null, "route_short_name_unique": "26" }, "geometry": { "type": "LineString", "coordinates": [ [ -9.34545, 38.71405 ], [ -9.34513, 38.71402 ], [ -9.345096117857407, 38.714013839693003 ], [ -9.34458, 38.71392 ], [ -9.34436, 38.71451 ], [ -9.34434866546812, 38.714540461731879 ], [ -9.3442, 38.71494 ] ] } },
{ "type": "Feature", "properties": { "services_sum": 1.0106681639528354, "total_departures_sum": 50, "route_short_name_sum": null, "services_unique": null, "total_departures_unique": null, "route_short_name_unique": "26" }, "geometry": { "type": "LineString", "coordinates": [ [ -9.34407, 38.71534 ], [ -9.34402, 38.71548 ], [ -9.344008533886187, 38.715512634834312 ], [ -9.34363, 38.71659 ] ] } },
{ "type": "Feature", "properties": { "services_sum": 1.0106681639528354, "total_departures_sum": 50, "route_short_name_sum": null, "services_unique": null, "total_departures_unique": null, "route_short_name_unique": "26" }, "geometry": { "type": "LineString", "coordinates": [ [ -9.34371, 38.72107 ], [ -9.343212259729023, 38.720240433144888 ], [ -9.3432, 38.72022 ], [ -9.34278, 38.71948 ] ] } },
{ "type": "Feature", "properties": { "services_sum": 1.0106681639528354, "total_departures_sum": 50, "route_short_name_sum": null, "services_unique": null, "total_departures_unique": null, "route_short_name_unique": "26" }, "geometry": { "type": "LineString", "coordinates": [ [ -9.3429, 38.71735 ], [ -9.34265, 38.71742 ], [ -9.342618122241753, 38.717431591948724 ], [ -9.34243, 38.7175 ] ] } },
{ "type": "Feature", "properties": { "services_sum": 1.0106681639528354, "total_departures_sum": 50, "route_short_name_sum": null, "services_unique": null, "total_departures_unique": null, "route_short_name_unique": "26" }, "geometry": { "type": "LineString", "coordinates": [ [ -9.34254, 38.71896 ], [ -9.342303149108067, 38.718571564667705 ], [ -9.34229, 38.71855 ], [ -9.34192, 38.71793 ] ] } },
{ "type": "Feature", "properties": { "services_sum": 1.0106681639528354, "total_departures_sum": 50, "route_short_name_sum": null, "services_unique": null, "total_departures_unique": null, "route_short_name_unique": "26" }, "geometry": { "type": "LineString", "coordinates": [ [ -9.35567, 38.69519 ], [ -9.35529, 38.69463 ], [ -9.355288535786697, 38.694627842221529 ], [ -9.3551, 38.69435 ], [ -9.35465, 38.69354 ], [ -9.35514069238023, 38.694403618806426 ], [ -9.35515, 38.69442 ], [ -9.35567, 38.69519 ] ] } },
{ "type": "Feature", "properties": { "services_sum": 1.0106681639528354, "total_departures_sum": 50, "route_short_name_sum": null, "services_unique": null, "total_departures_unique": null, "route_short_name_unique": "26" }, "geometry": { "type": "LineString", "coordinates": [ [ -9.35419, 38.69242 ], [ -9.35412, 38.69227 ], [ -9.35411267799747, 38.692257335036928 ], [ -9.35375, 38.69163 ], [ -9.35412, 38.69228 ], [ -9.354120385390759, 38.692280770783121 ], [ -9.35419, 38.69242 ] ] } },
{ "type": "Feature", "properties": { "services_sum": 3.6773348306195022, "total_departures_sum": 314, "route_short_name_sum": null, "services_unique": null, "total_departures_unique": null, "route_short_name_unique": "23, 26" }, "geometry": { "type": "LineString", "coordinates": [ [ -9.3635, 38.7137 ], [ -9.36348, 38.71378 ] ] } },
{ "type": "Feature", "properties": { "services_sum": 3.6773348306195022, "total_departures_sum": 314, "route_short_name_sum": null, "services_unique": null, "total_departures_unique": null, "route_short_name_unique": "23, 26" }, "geometry": { "type": "LineString", "coordinates": [ [ -9.36322, 38.71379 ], [ -9.36318, 38.71372 ], [ -9.36304, 38.7135 ], [ -9.36265, 38.71334 ], [ -9.36241, 38.71313 ], [ -9.36226, 38.71286 ], [ -9.36221, 38.71259 ] ] } },
{ "type": "Feature", "properties": { "services_sum": 3.6773348306195022, "total_departures_sum": 314, "route_short_name_sum": null, "services_unique": null, "total_departures_unique": null, "route_short_name_unique": "23, 26" }, "geometry": { "type": "LineString", "coordinates": [ [ -9.36064, 38.71332 ], [ -9.36045, 38.71335 ], [ -9.35977, 38.71352 ], [ -9.35933, 38.71357 ] ] } },
{ "type": "Feature", "properties": { "services_sum": 3.6773348306195022, "total_departures_sum": 314, "route_short_name_sum": null, "services_unique": null, "total_departures_unique": null, "route_short_name_unique": "23, 26" }, "geometry": { "type": "LineString", "coordinates": [ [ -9.35014, 38.71275 ], [ -9.35014, 38.71279 ], [ -9.35006, 38.71287 ], [ -9.34982, 38.71305 ], [ -9.34953, 38.71319 ] ] } },
{ "type": "Feature", "properties": { "services_sum": 2.3440014972861687, "total_departures_sum": 182, "route_short_name_sum": null, "services_unique": null, "total_departures_unique": null, "route_short_name_unique": "26, 23" }, "geometry": { "type": "LineString", "coordinates": [ [ -9.36222, 38.71188 ], [ -9.36221, 38.71259 ] ] } },
{ "type": "Feature", "properties": { "services_sum": 2.3440014972861687, "total_departures_sum": 182, "route_short_name_sum": null, "services_unique": null, "total_departures_unique": null, "route_short_name_unique": "26, 23" }, "geometry": { "type": "LineString", "coordinates": [ [ -9.36131, 38.71333 ], [ -9.36064, 38.71332 ] ] } },
{ "type": "Feature", "properties": { "services_sum": 2.3440014972861687, "total_departures_sum": 182, "route_short_name_sum": null, "services_unique": null, "total_departures_unique": null, "route_short_name_unique": "26, 23" }, "geometry": { "type": "LineString", "coordinates": [ [ -9.35751, 38.71333 ], [ -9.35702, 38.71328 ], [ -9.35682, 38.71327 ] ] } },
{ "type": "Feature", "properties": { "services_sum": 2.3440014972861687, "total_departures_sum": 182, "route_short_name_sum": null, "services_unique": null, "total_departures_unique": null, "route_short_name_unique": "26, 23" }, "geometry": { "type": "LineString", "coordinates": [ [ -9.35021, 38.71271 ], [ -9.35014, 38.71275 ] ] } },
{ "type": "Feature", "properties": { "services_sum": 2.3440014972861687, "total_departures_sum": 182, "route_short_name_sum": null, "services_unique": null, "total_departures_unique": null, "route_short_name_unique": "26, 23" }, "geometry": { "type": "LineString", "coordinates": [ [ -9.34953, 38.71319 ], [ -9.34946, 38.71325 ], [ -9.34944, 38.71344 ], [ -9.3495, 38.71371 ], [ -9.34945, 38.71377 ], [ -9.34941, 38.71384 ] ] } },
{ "type": "Feature", "properties": { "services_sum": 2.3440014972861687, "total_departures_sum": 182, "route_short_name_sum": null, "services_unique": null, "total_departures_unique": null, "route_short_name_unique": "26, 23" }, "geometry": { "type": "LineString", "coordinates": [ [ -9.34922, 38.71424 ], [ -9.34892, 38.71479 ], [ -9.34892, 38.71486 ], [ -9.34884, 38.71506 ] ] } },
{ "type": "Feature", "properties": { "services_sum": 2.0109460189125468, "total_departures_sum": 115, "route_short_name_sum": null, "services_unique": null, "total_departures_unique": null, "route_short_name_unique": "31, 26" }, "geometry": { "type": "LineString", "coordinates": [ [ -9.36219, 38.71078 ], [ -9.36217, 38.71079 ] ] } },
{ "type": "Feature", "properties": { "services_sum": 2.0109460189125468, "total_departures_sum": 115, "route_short_name_sum": null, "services_unique": null, "total_departures_unique": null, "route_short_name_unique": "31, 26" }, "geometry": { "type": "LineString", "coordinates": [ [ -9.35882, 38.70955 ], [ -9.35814, 38.70947 ] ] } },
{ "type": "Feature", "properties": { "services_sum": 2.0109460189125468, "total_departures_sum": 115, "route_short_name_sum": null, "services_unique": null, "total_departures_unique": null, "route_short_name_unique": "31, 26" }, "geometry": { "type": "LineString", "coordinates": [ [ -9.35458, 38.70861 ], [ -9.35417, 38.70834 ], [ -9.35416, 38.7083 ] ] } },
{ "type": "Feature", "properties": { "services_sum": 3.0112238738722574, "total_departures_sum": 180, "route_short_name_sum": null, "services_unique": null, "total_departures_unique": null, "route_short_name_unique": "31, 26" }, "geometry": { "type": "LineString", "coordinates": [ [ -9.36217, 38.71079 ], [ -9.36185, 38.71055 ], [ -9.36002, 38.70985 ], [ -9.35961, 38.70974 ], [ -9.35882, 38.70955 ] ] } },
{ "type": "Feature", "properties": { "services_sum": 3.0112238738722574, "total_departures_sum": 180, "route_short_name_sum": null, "services_unique": null, "total_departures_unique": null, "route_short_name_unique": "31, 26" }, "geometry": { "type": "LineString", "coordinates": [ [ -9.35773, 38.70942 ], [ -9.35686, 38.70939 ], [ -9.35652, 38.70927 ], [ -9.35643, 38.70919 ], [ -9.35623, 38.70909 ], [ -9.35581, 38.70897 ], [ -9.35488, 38.70875 ], [ -9.35458, 38.70861 ] ] } },
{ "type": "Feature", "properties": { "services_sum": 1.0002778549597111, "total_departures_sum": 50, "route_short_name_sum": null, "services_unique": null, "total_departures_unique": null, "route_short_name_unique": "30" }, "geometry": { "type": "LineString", "coordinates": [ [ -9.3593, 38.69102 ], [ -9.359105715257856, 38.691935913784398 ], [ -9.359211623668672, 38.692041810610149 ] ] } },
{ "type": "Feature", "properties": { "services_sum": 1.0002778549597111, "total_departures_sum": 50, "route_short_name_sum": null, "services_unique": null, "total_departures_unique": null, "route_short_name_unique": "30" }, "geometry": { "type": "LineString", "coordinates": [ [ -9.35922, 38.69146 ], [ -9.35907, 38.6921 ], [ -9.35898, 38.69215 ], [ -9.35893, 38.69214 ], [ -9.35886, 38.69216 ], [ -9.35883, 38.69218 ], [ -9.35881, 38.69224 ], [ -9.35882, 38.69227 ], [ -9.35887, 38.69232 ], [ -9.35892, 38.69233 ], [ -9.359203577041628, 38.692370490985958 ], [ -9.359270632267, 38.6922710496303 ], [ -9.359298795461656, 38.692130784746283 ], [ -9.359206259250643, 38.692038670344495 ] ] } },
{ "type": "Feature", "properties": { "services_sum": 1.0002778549597111, "total_departures_sum": 50, "route_short_name_sum": null, "services_unique": null, "total_departures_unique": null, "route_short_name_unique": "30" }, "geometry": { "type": "LineString", "coordinates": [ [ -9.35644, 38.69069 ], [ -9.35622, 38.69063 ], [ -9.356217511204681, 38.690628623860533 ], [ -9.35615, 38.69061 ] ] } },
{ "type": "Feature", "properties": { "services_sum": 1.0002778549597111, "total_departures_sum": 50, "route_short_name_sum": null, "services_unique": null, "total_departures_unique": null, "route_short_name_unique": "30" }, "geometry": { "type": "LineString", "coordinates": [ [ -9.35632, 38.69048 ], [ -9.356221342981188, 38.690450402895088 ], [ -9.35622, 38.69045 ] ] } },
{ "type": "Feature", "properties": { "services_sum": 1.0002778549597111, "total_departures_sum": 50, "route_short_name_sum": null, "services_unique": null, "total_departures_unique": null, "route_short_name_unique": "30" }, "geometry": { "type": "LineString", "coordinates": [ [ -9.3561, 38.69041 ], [ -9.356000859006132, 38.690419914099387 ], [ -9.355870083856011, 38.690479884198844 ], [ -9.35587, 38.69048 ] ] } },
{ "type": "Feature", "properties": { "services_sum": 1.0002778549597111, "total_departures_sum": 50, "route_short_name_sum": null, "services_unique": null, "total_departures_unique": null, "route_short_name_unique": "30" }, "geometry": { "type": "LineString", "coordinates": [ [ -9.35552, 38.70328 ], [ -9.355030685791332, 38.702301371582664 ], [ -9.35503, 38.7023 ], [ -9.35497, 38.70216 ], [ -9.35497, 38.70201 ], [ -9.35522, 38.70132 ], [ -9.35525, 38.70117 ], [ -9.35504, 38.70065 ], [ -9.355043885401169, 38.700654713765232 ], [ -9.35503, 38.70062 ] ] } },
{ "type": "Feature", "properties": { "services_sum": 1.0002778549597111, "total_departures_sum": 50, "route_short_name_sum": null, "services_unique": null, "total_departures_unique": null, "route_short_name_unique": "30" }, "geometry": { "type": "LineString", "coordinates": [ [ -9.35549, 38.70398 ], [ -9.355493012249182, 38.703962428628856 ], [ -9.35555, 38.70363 ], [ -9.355483918767774, 38.704020786577615 ], [ -9.35533, 38.7048 ], [ -9.355183894233098, 38.705793519585299 ], [ -9.35518, 38.70582 ] ] } },
{ "type": "Feature", "properties": { "services_sum": 1.0002778549597111, "total_departures_sum": 50, "route_short_name_sum": null, "services_unique": null, "total_departures_unique": null, "route_short_name_unique": "30" }, "geometry": { "type": "LineString", "coordinates": [ [ -9.35512, 38.70084 ], [ -9.35510592706933, 38.700806225307616 ], [ -9.35482, 38.70012 ] ] } },
{ "type": "Feature", "properties": { "services_sum": 1.0002778549597111, "total_departures_sum": 50, "route_short_name_sum": null, "services_unique": null, "total_departures_unique": null, "route_short_name_unique": "30" }, "geometry": { "type": "LineString", "coordinates": [ [ -9.35507, 38.7064 ], [ -9.355064776873384, 38.706427160347836 ], [ -9.35502, 38.70666 ] ] } },
{ "type": "Feature", "properties": { "services_sum": 1.0002778549597111, "total_departures_sum": 50, "route_short_name_sum": null, "services_unique": null, "total_departures_unique": null, "route_short_name_unique": "30" }, "geometry": { "type": "LineString", "coordinates": [ [ -9.35503, 38.70227 ], [ -9.355011712258763, 38.702238910906644 ], [ -9.35493, 38.7021 ] ] } },
{ "type": "Feature", "properties": { "services_sum": 1.0002778549597111, "total_departures_sum": 50, "route_short_name_sum": null, "services_unique": null, "total_departures_unique": null, "route_short_name_unique": "30" }, "geometry": { "type": "LineString", "coordinates": [ [ -9.35489, 38.70697 ], [ -9.354753020659835, 38.707225694862814 ], [ -9.35474, 38.70725 ] ] } },
{ "type": "Feature", "properties": { "services_sum": 1.0002778549597111, "total_departures_sum": 50, "route_short_name_sum": null, "services_unique": null, "total_departures_unique": null, "route_short_name_unique": "30" }, "geometry": { "type": "LineString", "coordinates": [ [ -9.35454, 38.69016 ], [ -9.354262028016652, 38.690167942142146 ], [ -9.35419, 38.69017 ] ] } },
{ "type": "Feature", "properties": { "services_sum": 1.0002778549597111, "total_departures_sum": 50, "route_short_name_sum": null, "services_unique": null, "total_departures_unique": null, "route_short_name_unique": "30" }, "geometry": { "type": "LineString", "coordinates": [ [ -9.35452, 38.69954 ], [ -9.354534610046356, 38.699573394454234 ], [ -9.35459, 38.6997 ], [ -9.3545, 38.69949 ], [ -9.354488873465018, 38.699465456437366 ], [ -9.35449, 38.69946 ], [ -9.35416, 38.69874 ] ] } },
{ "type": "Feature", "properties": { "services_sum": 1.0002778549597111, "total_departures_sum": 50, "route_short_name_sum": null, "services_unique": null, "total_departures_unique": null, "route_short_name_unique": "30" }, "geometry": { "type": "LineString", "coordinates": [ [ -9.35419, 38.68991 ], [ -9.353533141406052, 38.689655099705028 ], [ -9.35352, 38.68965 ] ] } },
{ "type": "Feature", "properties": { "services_sum": 1.0002778549597111, "total_departures_sum": 50, "route_short_name_sum": null, "services_unique": null, "total_departures_unique": null, "route_short_name_unique": "30" }, "geometry": { "type": "LineString", "coordinates": [ [ -9.35416, 38.7083 ], [ -9.35416, 38.70837 ], [ -9.35414, 38.7084 ], [ -9.35408, 38.70844 ], [ -9.35403, 38.70844 ] ] } },
{ "type": "Feature", "properties": { "services_sum": 1.0002778549597111, "total_departures_sum": 50, "route_short_name_sum": null, "services_unique": null, "total_departures_unique": null, "route_short_name_unique": "30" }, "geometry": { "type": "LineString", "coordinates": [ [ -9.35393, 38.70829 ], [ -9.35388, 38.70816 ], [ -9.35373, 38.70802 ], [ -9.35329898598148, 38.707851342420554 ], [ -9.35327, 38.70784 ], [ -9.35287, 38.70768 ], [ -9.353692373585233, 38.708008949581682 ], [ -9.35372, 38.70802 ], [ -9.35399, 38.70825 ] ] } },
{ "type": "Feature", "properties": { "services_sum": 1.0002778549597111, "total_departures_sum": 50, "route_short_name_sum": null, "services_unique": null, "total_departures_unique": null, "route_short_name_unique": "30" }, "geometry": { "type": "LineString", "coordinates": [ [ -9.35391, 38.69019 ], [ -9.35334, 38.69025 ], [ -9.35265, 38.69052 ], [ -9.35255, 38.69058 ], [ -9.35252, 38.69062 ], [ -9.35248, 38.69062 ], [ -9.35214, 38.69043 ] ] } },
{ "type": "Feature", "properties": { "services_sum": 1.0002778549597111, "total_departures_sum": 50, "route_short_name_sum": null, "services_unique": null, "total_departures_unique": null, "route_short_name_unique": "30" }, "geometry": { "type": "LineString", "coordinates": [ [ -9.35369, 38.69827 ], [ -9.35328, 38.69807 ], [ -9.35312, 38.69792 ], [ -9.35309, 38.69784 ], [ -9.3531, 38.69772 ], [ -9.35320830498406, 38.697454160493677 ], [ -9.35321, 38.69745 ], [ -9.35327, 38.69732 ], [ -9.35313, 38.69767 ], [ -9.35302, 38.69785 ] ] } },
{ "type": "Feature", "properties": { "services_sum": 1.0002778549597111, "total_departures_sum": 50, "route_short_name_sum": null, "services_unique": null, "total_departures_unique": null, "route_short_name_unique": "30" }, "geometry": { "type": "LineString", "coordinates": [ [ -9.35329, 38.68957 ], [ -9.35245, 38.68923 ], [ -9.3522, 38.68907 ], [ -9.3521, 38.68909 ], [ -9.35109, 38.68886 ] ] } },
{ "type": "Feature", "properties": { "services_sum": 1.0002778549597111, "total_departures_sum": 50, "route_short_name_sum": null, "services_unique": null, "total_departures_unique": null, "route_short_name_unique": "30" }, "geometry": { "type": "LineString", "coordinates": [ [ -9.35203, 38.70682 ], [ -9.35212, 38.70684 ], [ -9.35223, 38.7069 ], [ -9.35232, 38.707 ], [ -9.35231, 38.7072 ], [ -9.35224, 38.70717 ], [ -9.35181, 38.70739 ], [ -9.35142, 38.70742 ], [ -9.350868231231416, 38.707362920540895 ], [ -9.35084, 38.70736 ], [ -9.35029, 38.70733 ], [ -9.35019, 38.70705 ], [ -9.35013, 38.70697 ], [ -9.35001, 38.70675 ], [ -9.34995, 38.70669 ] ] } },
{ "type": "Feature", "properties": { "services_sum": 1.0002778549597111, "total_departures_sum": 50, "route_short_name_sum": null, "services_unique": null, "total_departures_unique": null, "route_short_name_unique": "30" }, "geometry": { "type": "LineString", "coordinates": [ [ -9.35201, 38.69038 ], [ -9.351864963457093, 38.690352374036728 ], [ -9.3518, 38.69034 ], [ -9.35057, 38.69015 ], [ -9.35042, 38.69019 ], [ -9.35081, 38.6901 ], [ -9.35092, 38.69004 ] ] } },
{ "type": "Feature", "properties": { "services_sum": 1.0002778549597111, "total_departures_sum": 50, "route_short_name_sum": null, "services_unique": null, "total_departures_unique": null, "route_short_name_unique": "30" }, "geometry": { "type": "LineString", "coordinates": [ [ -9.35143, 38.70688 ], [ -9.351, 38.70684 ], [ -9.350965430169451, 38.706836158998925 ], [ -9.35037, 38.70677 ] ] } },
{ "type": "Feature", "properties": { "services_sum": 1.0002778549597111, "total_departures_sum": 50, "route_short_name_sum": null, "services_unique": null, "total_departures_unique": null, "route_short_name_unique": "30" }, "geometry": { "type": "LineString", "coordinates": [ [ -9.35137, 38.69546 ], [ -9.35135, 38.6955 ], [ -9.35131, 38.69554 ], [ -9.35039, 38.69584 ], [ -9.35076, 38.69659 ], [ -9.35115, 38.69735 ], [ -9.352446876676884, 38.697150480529835 ], [ -9.35245, 38.69715 ], [ -9.35296, 38.69707 ], [ -9.352906119040053, 38.69654978440466 ], [ -9.3529, 38.69655 ], [ -9.35277, 38.69549 ], [ -9.35271, 38.69542 ], [ -9.35249, 38.69539 ], [ -9.35206, 38.69541 ], [ -9.35156, 38.69546 ], [ -9.35137, 38.69546 ] ] } },
{ "type": "Feature", "properties": { "services_sum": 1.0002778549597111, "total_departures_sum": 50, "route_short_name_sum": null, "services_unique": null, "total_departures_unique": null, "route_short_name_unique": "30" }, "geometry": { "type": "LineString", "coordinates": [ [ -9.35137, 38.69546 ], [ -9.351282210350135, 38.695274666294729 ], [ -9.35128, 38.69527 ], [ -9.35106, 38.69488 ], [ -9.35126, 38.69523 ], [ -9.351261790342965, 38.695233743444383 ], [ -9.35137, 38.69546 ] ] } },
{ "type": "Feature", "properties": { "services_sum": 1.0002778549597111, "total_departures_sum": 50, "route_short_name_sum": null, "services_unique": null, "total_departures_unique": null, "route_short_name_unique": "30" }, "geometry": { "type": "LineString", "coordinates": [ [ -9.3488, 38.69167 ], [ -9.34873, 38.69183 ], [ -9.34871, 38.69192 ], [ -9.34866, 38.69197 ], [ -9.34857, 38.69207 ], [ -9.34852, 38.69217 ], [ -9.34845, 38.69187 ], [ -9.34849, 38.69182 ], [ -9.34857, 38.69179 ], [ -9.34866, 38.69176 ], [ -9.3488, 38.69167 ] ] } },
{ "type": "Feature", "properties": { "services_sum": 1.0002778549597111, "total_departures_sum": 50, "route_short_name_sum": null, "services_unique": null, "total_departures_unique": null, "route_short_name_unique": "30" }, "geometry": { "type": "LineString", "coordinates": [ [ -9.3488, 38.69167 ], [ -9.349133960116475, 38.691290000996268 ], [ -9.3502, 38.69032 ], [ -9.35031, 38.69024 ], [ -9.349481439503885, 38.690979786303224 ], [ -9.34948, 38.69097 ], [ -9.34911, 38.69131 ], [ -9.3488, 38.69167 ] ] } },
{ "type": "Feature", "properties": { "services_sum": 1.0002778549597111, "total_departures_sum": 50, "route_short_name_sum": null, "services_unique": null, "total_departures_unique": null, "route_short_name_unique": "30" }, "geometry": { "type": "LineString", "coordinates": [ [ -9.34593, 38.70693 ], [ -9.346205242784963, 38.706755679636785 ], [ -9.34623, 38.70674 ], [ -9.34692, 38.7063 ], [ -9.346046710322957, 38.706853083692323 ], [ -9.34602, 38.70687 ], [ -9.34586, 38.70699 ], [ -9.3458, 38.70708 ], [ -9.34579, 38.70717 ], [ -9.34571, 38.70725 ], [ -9.34559, 38.70727 ], [ -9.3453, 38.70731 ], [ -9.34542, 38.70713 ], [ -9.34546, 38.70703 ] ] } },
{ "type": "Feature", "properties": { "services_sum": 1.0002778549597111, "total_departures_sum": 50, "route_short_name_sum": null, "services_unique": null, "total_departures_unique": null, "route_short_name_unique": "30" }, "geometry": { "type": "LineString", "coordinates": [ [ -9.34586, 38.71403 ], [ -9.3461, 38.71383 ], [ -9.346, 38.71341 ], [ -9.34592, 38.71324 ], [ -9.34586, 38.71315 ], [ -9.345850807901249, 38.71313451864355 ], [ -9.34567, 38.71283 ], [ -9.34525, 38.71202 ], [ -9.34522, 38.71186 ], [ -9.34517, 38.71133 ], [ -9.34511, 38.71106 ], [ -9.34502, 38.71092 ], [ -9.34486, 38.7108 ], [ -9.34485, 38.71079 ], [ -9.34479, 38.71075 ], [ -9.34472, 38.71077 ], [ -9.34475, 38.71069 ] ] } },
{ "type": "Feature", "properties": { "services_sum": 1.0002778549597111, "total_departures_sum": 50, "route_short_name_sum": null, "services_unique": null, "total_departures_unique": null, "route_short_name_unique": "30" }, "geometry": { "type": "LineString", "coordinates": [ [ -9.34545, 38.71405 ], [ -9.345150373007657, 38.71402190999622 ], [ -9.34513, 38.71402 ] ] } },
{ "type": "Feature", "properties": { "services_sum": 1.0002778549597111, "total_departures_sum": 50, "route_short_name_sum": null, "services_unique": null, "total_departures_unique": null, "route_short_name_unique": "30" }, "geometry": { "type": "LineString", "coordinates": [ [ -9.34458, 38.71392 ], [ -9.344571207246256, 38.71370018124928 ], [ -9.34457, 38.71367 ], [ -9.34457, 38.7136 ], [ -9.34452, 38.71338 ], [ -9.34446, 38.71293 ], [ -9.34443, 38.71222 ], [ -9.34443, 38.71182 ], [ -9.34448, 38.71156 ], [ -9.34473, 38.71086 ], [ -9.3447, 38.7108 ], [ -9.34475, 38.71069 ] ] } },
{ "type": "Feature", "properties": { "services_sum": 1.0002778549597111, "total_departures_sum": 50, "route_short_name_sum": null, "services_unique": null, "total_departures_unique": null, "route_short_name_unique": "30" }, "geometry": { "type": "LineString", "coordinates": [ [ -9.34475, 38.71069 ], [ -9.344783997324013, 38.710494515482154 ], [ -9.34479, 38.71046 ], [ -9.34503, 38.70921 ], [ -9.344795150059971, 38.710413606392159 ], [ -9.34479, 38.71044 ], [ -9.34475, 38.71069 ] ] } },
{ "type": "Feature", "properties": { "services_sum": 1.0002778549597111, "total_departures_sum": 50, "route_short_name_sum": null, "services_unique": null, "total_departures_unique": null, "route_short_name_unique": "30" }, "geometry": { "type": "LineString", "coordinates": [ [ -9.34458, 38.71392 ], [ -9.344364094887542, 38.71449901834886 ], [ -9.34436, 38.71451 ], [ -9.3442, 38.71494 ] ] } },
{ "type": "Feature", "properties": { "services_sum": 1.0002778549597111, "total_departures_sum": 50, "route_short_name_sum": null, "services_unique": null, "total_departures_unique": null, "route_short_name_unique": "30" }, "geometry": { "type": "LineString", "coordinates": [ [ -9.34458, 38.71392 ], [ -9.3442, 38.71494 ] ] } },
{ "type": "Feature", "properties": { "services_sum": 1.0002778549597111, "total_departures_sum": 50, "route_short_name_sum": null, "services_unique": null, "total_departures_unique": null, "route_short_name_unique": "30" }, "geometry": { "type": "LineString", "coordinates": [ [ -9.3442, 38.71494 ], [ -9.34412, 38.71505 ], [ -9.34405, 38.71507 ], [ -9.34402, 38.71513 ], [ -9.34406, 38.71528 ], [ -9.34407, 38.71534 ] ] } },
{ "type": "Feature", "properties": { "services_sum": 1.0002778549597111, "total_departures_sum": 50, "route_short_name_sum": null, "services_unique": null, "total_departures_unique": null, "route_short_name_unique": "30" }, "geometry": { "type": "LineString", "coordinates": [ [ -9.34407, 38.71534 ], [ -9.34398, 38.71558 ], [ -9.343970324059569, 38.715607922397197 ], [ -9.34363, 38.71659 ] ] } },
{ "type": "Feature", "properties": { "services_sum": 1.0002778549597111, "total_departures_sum": 50, "route_short_name_sum": null, "services_unique": null, "total_departures_unique": null, "route_short_name_unique": "30" }, "geometry": { "type": "LineString", "coordinates": [ [ -9.34407, 38.71534 ], [ -9.34363, 38.71659 ] ] } },
{ "type": "Feature", "properties": { "services_sum": 1.0002778549597111, "total_departures_sum": 50, "route_short_name_sum": null, "services_unique": null, "total_departures_unique": null, "route_short_name_unique": "30" }, "geometry": { "type": "LineString", "coordinates": [ [ -9.34366, 38.72163 ], [ -9.343637329307045, 38.72165615854756 ], [ -9.34353, 38.72178 ], [ -9.343370769344856, 38.721939230686452 ], [ -9.34336, 38.72195 ] ] } },
{ "type": "Feature", "properties": { "services_sum": 1.0002778549597111, "total_departures_sum": 50, "route_short_name_sum": null, "services_unique": null, "total_departures_unique": null, "route_short_name_unique": "30" }, "geometry": { "type": "LineString", "coordinates": [ [ -9.34363, 38.71659 ], [ -9.34349, 38.71672 ], [ -9.34341, 38.71672 ], [ -9.34326, 38.71678 ], [ -9.34321, 38.71683 ], [ -9.34316, 38.71693 ], [ -9.34315, 38.71708 ] ] } },
{ "type": "Feature", "properties": { "services_sum": 1.0002778549597111, "total_departures_sum": 50, "route_short_name_sum": null, "services_unique": null, "total_departures_unique": null, "route_short_name_unique": "30" }, "geometry": { "type": "LineString", "coordinates": [ [ -9.34195, 38.72275 ], [ -9.341435437750095, 38.722864347231443 ], [ -9.34141, 38.72287 ] ] } },
{ "type": "Feature", "properties": { "services_sum": 1.0002778549597111, "total_departures_sum": 50, "route_short_name_sum": null, "services_unique": null, "total_departures_unique": null, "route_short_name_unique": "30" }, "geometry": { "type": "LineString", "coordinates": [ [ -9.34182, 38.72278 ], [ -9.341777670770842, 38.722789584079145 ], [ -9.34129, 38.7229 ] ] } },
{ "type": "Feature", "properties": { "services_sum": 1.0002778549597111, "total_departures_sum": 50, "route_short_name_sum": null, "services_unique": null, "total_departures_unique": null, "route_short_name_unique": "30" }, "geometry": { "type": "LineString", "coordinates": [ [ -9.34115, 38.72292 ], [ -9.3366204420857, 38.723768045208601 ] ] } },
{ "type": "Feature", "properties": { "services_sum": 1.0002778549597111, "total_departures_sum": 50, "route_short_name_sum": null, "services_unique": null, "total_departures_unique": null, "route_short_name_unique": "30" }, "geometry": { "type": "LineString", "coordinates": [ [ -9.34991, 38.69325 ], [ -9.34988, 38.69332 ], [ -9.34984, 38.69336 ], [ -9.34974, 38.69337 ], [ -9.34963, 38.69333 ], [ -9.3496, 38.6933 ], [ -9.34959, 38.69322 ], [ -9.34938, 38.69307 ], [ -9.34957, 38.69311 ], [ -9.34968, 38.69316 ], [ -9.34981, 38.69317 ], [ -9.3499, 38.69322 ], [ -9.34991, 38.69325 ] ] } },
{ "type": "Feature", "properties": { "services_sum": 1.0002778549597111, "total_departures_sum": 50, "route_short_name_sum": null, "services_unique": null, "total_departures_unique": null, "route_short_name_unique": "30" }, "geometry": { "type": "LineString", "coordinates": [ [ -9.34851, 38.69257 ], [ -9.3485, 38.69251 ], [ -9.34849, 38.69236 ], [ -9.34851, 38.69257 ] ] } },
{ "type": "Feature", "properties": { "services_sum": 1.0002778549597111, "total_departures_sum": 50, "route_short_name_sum": null, "services_unique": null, "total_departures_unique": null, "route_short_name_unique": "30" }, "geometry": { "type": "LineString", "coordinates": [ [ -9.34459, 38.70741 ], [ -9.34452, 38.70746 ], [ -9.34446, 38.7075 ], [ -9.3444, 38.70759 ], [ -9.34449, 38.70776 ], [ -9.34437, 38.7077 ], [ -9.34413, 38.70763 ], [ -9.34409, 38.7076 ], [ -9.34404, 38.70752 ], [ -9.34404, 38.70747 ], [ -9.3441, 38.70739 ], [ -9.34416, 38.70736 ], [ -9.34422, 38.70735 ], [ -9.34435, 38.70738 ], [ -9.34459, 38.70741 ] ] } },
{ "type": "Feature", "properties": { "services_sum": 1.0002778549597111, "total_departures_sum": 50, "route_short_name_sum": null, "services_unique": null, "total_departures_unique": null, "route_short_name_unique": "30" }, "geometry": { "type": "LineString", "coordinates": [ [ -9.34371, 38.72107 ], [ -9.343096957274179, 38.72003853174278 ], [ -9.34308, 38.72001 ], [ -9.34299, 38.71985 ], [ -9.34278, 38.71948 ], [ -9.343189335552324, 38.720201210467067 ], [ -9.3432, 38.72022 ], [ -9.34371, 38.72107 ] ] } },
{ "type": "Feature", "properties": { "services_sum": 1.0002778549597111, "total_departures_sum": 50, "route_short_name_sum": null, "services_unique": null, "total_departures_unique": null, "route_short_name_unique": "30" }, "geometry": { "type": "LineString", "coordinates": [ [ -9.3429, 38.71735 ], [ -9.34278, 38.71738 ], [ -9.342742094440069, 38.717392996261815 ], [ -9.34243, 38.7175 ], [ -9.34265, 38.71742 ], [ -9.342668946115937, 38.717414695110982 ], [ -9.3429, 38.71735 ] ] } },
{ "type": "Feature", "properties": { "services_sum": 1.0002778549597111, "total_departures_sum": 50, "route_short_name_sum": null, "services_unique": null, "total_departures_unique": null, "route_short_name_unique": "30" }, "geometry": { "type": "LineString", "coordinates": [ [ -9.34254, 38.71896 ], [ -9.342350301406221, 38.718643835843118 ], [ -9.34233, 38.71861 ], [ -9.34192, 38.71793 ], [ -9.34227957705551, 38.718532534688663 ], [ -9.34229, 38.71855 ], [ -9.34254, 38.71896 ] ] } },
{ "type": "Feature", "properties": { "services_sum": 4.0218920378250935, "total_departures_sum": 200, "route_short_name_sum": null, "services_unique": null, "total_departures_unique": null, "route_short_name_unique": "30, 26" }, "geometry": { "type": "LineString", "coordinates": [ [ -9.3593, 38.69102 ], [ -9.35871, 38.69098 ], [ -9.35857, 38.69095 ], [ -9.35804, 38.69078 ], [ -9.35763, 38.69068 ], [ -9.35751, 38.69067 ], [ -9.35691, 38.69073 ] ] } },
{ "type": "Feature", "properties": { "services_sum": 4.0218920378250935, "total_departures_sum": 200, "route_short_name_sum": null, "services_unique": null, "total_departures_unique": null, "route_short_name_unique": "30, 26" }, "geometry": { "type": "LineString", "coordinates": [ [ -9.35549, 38.69029 ], [ -9.35511, 38.69025 ], [ -9.35454, 38.69016 ] ] } },
{ "type": "Feature", "properties": { "services_sum": 2.0213363279056709, "total_departures_sum": 100, "route_short_name_sum": null, "services_unique": null, "total_departures_unique": null, "route_short_name_unique": "26" }, "geometry": { "type": "LineString", "coordinates": [ [ -9.35922, 38.69146 ], [ -9.35908, 38.69207 ] ] } },
{ "type": "Feature", "properties": { "services_sum": 2.0213363279056709, "total_departures_sum": 100, "route_short_name_sum": null, "services_unique": null, "total_departures_unique": null, "route_short_name_unique": "26" }, "geometry": { "type": "LineString", "coordinates": [ [ -9.35665, 38.69748 ], [ -9.35648, 38.69725 ], [ -9.35629, 38.69688 ], [ -9.356, 38.69594 ], [ -9.35587, 38.6956 ], [ -9.35567, 38.69519 ] ] } },
{ "type": "Feature", "properties": { "services_sum": 2.0213363279056709, "total_departures_sum": 100, "route_short_name_sum": null, "services_unique": null, "total_departures_unique": null, "route_short_name_unique": "26" }, "geometry": { "type": "LineString", "coordinates": [ [ -9.35465, 38.69354 ], [ -9.35443, 38.69336 ], [ -9.35428, 38.6932 ], [ -9.35424, 38.69297 ], [ -9.3543, 38.69275 ], [ -9.35419, 38.69242 ] ] } },
{ "type": "Feature", "properties": { "services_sum": 2.0213363279056709, "total_departures_sum": 100, "route_short_name_sum": null, "services_unique": null, "total_departures_unique": null, "route_short_name_unique": "26" }, "geometry": { "type": "LineString", "coordinates": [ [ -9.35375, 38.69163 ], [ -9.35357, 38.69142 ] ] } },
{ "type": "Feature", "properties": { "services_sum": 2.0109460189125468, "total_departures_sum": 100, "route_short_name_sum": null, "services_unique": null, "total_departures_unique": null, "route_short_name_unique": "26, 30" }, "geometry": { "type": "LineString", "coordinates": [ [ -9.35691, 38.69073 ], [ -9.35644, 38.69069 ] ] } },
{ "type": "Feature", "properties": { "services_sum": 2.0109460189125468, "total_departures_sum": 100, "route_short_name_sum": null, "services_unique": null, "total_departures_unique": null, "route_short_name_unique": "26, 30" }, "geometry": { "type": "LineString", "coordinates": [ [ -9.35615, 38.69061 ], [ -9.35593, 38.69052 ], [ -9.35549, 38.69029 ] ] } },
{ "type": "Feature", "properties": { "services_sum": 2.0109460189125468, "total_departures_sum": 100, "route_short_name_sum": null, "services_unique": null, "total_departures_unique": null, "route_short_name_unique": "26, 30" }, "geometry": { "type": "LineString", "coordinates": [ [ -9.35419, 38.69017 ], [ -9.35391, 38.69019 ] ] } },
{ "type": "Feature", "properties": { "services_sum": 2.0109460189125468, "total_departures_sum": 100, "route_short_name_sum": null, "services_unique": null, "total_departures_unique": null, "route_short_name_unique": "26, 30" }, "geometry": { "type": "LineString", "coordinates": [ [ -9.35214, 38.69043 ], [ -9.35201, 38.69038 ] ] } },
{ "type": "Feature", "properties": { "services_sum": 2.0109460189125468, "total_departures_sum": 100, "route_short_name_sum": null, "services_unique": null, "total_departures_unique": null, "route_short_name_unique": "26, 30" }, "geometry": { "type": "LineString", "coordinates": [ [ -9.34427, 38.71512 ], [ -9.34425, 38.71521 ], [ -9.34419, 38.71524 ], [ -9.34407, 38.71534 ] ] } },
{ "type": "Feature", "properties": { "services_sum": 2.0109460189125468, "total_departures_sum": 100, "route_short_name_sum": null, "services_unique": null, "total_departures_unique": null, "route_short_name_unique": "26, 30" }, "geometry": { "type": "LineString", "coordinates": [ [ -9.34423, 38.71507 ], [ -9.3442, 38.71494 ] ] } },
{ "type": "Feature", "properties": { "services_sum": 2.0109460189125468, "total_departures_sum": 100, "route_short_name_sum": null, "services_unique": null, "total_departures_unique": null, "route_short_name_unique": "26, 30" }, "geometry": { "type": "LineString", "coordinates": [ [ -9.34363, 38.71659 ], [ -9.34361, 38.71671 ], [ -9.34353, 38.71681 ], [ -9.34348, 38.71686 ], [ -9.34331, 38.71691 ], [ -9.34323, 38.71696 ], [ -9.34315, 38.71708 ] ] } },
{ "type": "Feature", "properties": { "services_sum": 2.0109460189125468, "total_departures_sum": 100, "route_short_name_sum": null, "services_unique": null, "total_departures_unique": null, "route_short_name_unique": "30, 26" }, "geometry": { "type": "LineString", "coordinates": [ [ -9.35691, 38.69073 ], [ -9.35635, 38.69067 ], [ -9.35632, 38.69048 ] ] } },
{ "type": "Feature", "properties": { "services_sum": 2.0109460189125468, "total_departures_sum": 100, "route_short_name_sum": null, "services_unique": null, "total_departures_unique": null, "route_short_name_unique": "30, 26" }, "geometry": { "type": "LineString", "coordinates": [ [ -9.35622, 38.69045 ], [ -9.3561, 38.69041 ] ] } },
{ "type": "Feature", "properties": { "services_sum": 2.0109460189125468, "total_departures_sum": 100, "route_short_name_sum": null, "services_unique": null, "total_departures_unique": null, "route_short_name_unique": "30, 26" }, "geometry": { "type": "LineString", "coordinates": [ [ -9.35587, 38.69048 ], [ -9.35549, 38.69029 ] ] } },
{ "type": "Feature", "properties": { "services_sum": 2.0109460189125468, "total_departures_sum": 100, "route_short_name_sum": null, "services_unique": null, "total_departures_unique": null, "route_short_name_unique": "30, 26" }, "geometry": { "type": "LineString", "coordinates": [ [ -9.35454, 38.69016 ], [ -9.35435, 38.69 ], [ -9.35419, 38.68991 ] ] } },
{ "type": "Feature", "properties": { "services_sum": 2.0109460189125468, "total_departures_sum": 100, "route_short_name_sum": null, "services_unique": null, "total_departures_unique": null, "route_short_name_unique": "30, 26" }, "geometry": { "type": "LineString", "coordinates": [ [ -9.35352, 38.68965 ], [ -9.35329, 38.68957 ] ] } },
{ "type": "Feature", "properties": { "services_sum": 2.0109460189125468, "total_departures_sum": 100, "route_short_name_sum": null, "services_unique": null, "total_departures_unique": null, "route_short_name_unique": "30, 26" }, "geometry": { "type": "LineString", "coordinates": [ [ -9.35203, 38.70682 ], [ -9.35188, 38.70684 ], [ -9.35172, 38.70688 ], [ -9.35143, 38.70688 ] ] } },
{ "type": "Feature", "properties": { "services_sum": 2.0109460189125468, "total_departures_sum": 100, "route_short_name_sum": null, "services_unique": null, "total_departures_unique": null, "route_short_name_unique": "30, 26" }, "geometry": { "type": "LineString", "coordinates": [ [ -9.35109, 38.68886 ], [ -9.35104, 38.6889 ], [ -9.35097, 38.68898 ], [ -9.35102, 38.68945 ], [ -9.35096, 38.6899 ], [ -9.35092, 38.69004 ] ] } },
{ "type": "Feature", "properties": { "services_sum": 2.0109460189125468, "total_departures_sum": 100, "route_short_name_sum": null, "services_unique": null, "total_departures_unique": null, "route_short_name_unique": "30, 26" }, "geometry": { "type": "LineString", "coordinates": [ [ -9.35037, 38.70677 ], [ -9.34995, 38.70669 ] ] } },
{ "type": "Feature", "properties": { "services_sum": 2.0109460189125468, "total_departures_sum": 100, "route_short_name_sum": null, "services_unique": null, "total_departures_unique": null, "route_short_name_unique": "30, 26" }, "geometry": { "type": "LineString", "coordinates": [ [ -9.34593, 38.70693 ], [ -9.34567, 38.70697 ], [ -9.34558, 38.70697 ], [ -9.34553, 38.70698 ], [ -9.34546, 38.70703 ] ] } },
{ "type": "Feature", "properties": { "services_sum": 2.0005557099194222, "total_departures_sum": 115, "route_short_name_sum": null, "services_unique": null, "total_departures_unique": null, "route_short_name_unique": "31, 30" }, "geometry": { "type": "LineString", "coordinates": [ [ -9.35549, 38.70398 ], [ -9.35533, 38.7048 ], [ -9.35519, 38.70575 ], [ -9.35507, 38.7064 ] ] } },
{ "type": "Feature", "properties": { "services_sum": 2.0005557099194222, "total_departures_sum": 115, "route_short_name_sum": null, "services_unique": null, "total_departures_unique": null, "route_short_name_unique": "31, 30" }, "geometry": { "type": "LineString", "coordinates": [ [ -9.35541, 38.70334 ], [ -9.3554, 38.70338 ], [ -9.3554, 38.70342 ], [ -9.35546, 38.70347 ], [ -9.35555, 38.70349 ], [ -9.35563, 38.70346 ], [ -9.35566, 38.70343 ], [ -9.35566, 38.70336 ], [ -9.35561, 38.7033 ], [ -9.35552, 38.70328 ], [ -9.35503, 38.70227 ] ] } },
{ "type": "Feature", "properties": { "services_sum": 2.0005557099194222, "total_departures_sum": 115, "route_short_name_sum": null, "services_unique": null, "total_departures_unique": null, "route_short_name_unique": "31, 30" }, "geometry": { "type": "LineString", "coordinates": [ [ -9.35525, 38.70117 ], [ -9.35512, 38.70084 ] ] } },
{ "type": "Feature", "properties": { "services_sum": 2.0005557099194222, "total_departures_sum": 115, "route_short_name_sum": null, "services_unique": null, "total_departures_unique": null, "route_short_name_unique": "31, 30" }, "geometry": { "type": "LineString", "coordinates": [ [ -9.35503, 38.70062 ], [ -9.35482, 38.70012 ] ] } },
{ "type": "Feature", "properties": { "services_sum": 2.0005557099194222, "total_departures_sum": 115, "route_short_name_sum": null, "services_unique": null, "total_departures_unique": null, "route_short_name_unique": "31, 30" }, "geometry": { "type": "LineString", "coordinates": [ [ -9.35489, 38.70697 ], [ -9.35458, 38.70754 ] ] } },
{ "type": "Feature", "properties": { "services_sum": 2.0005557099194222, "total_departures_sum": 115, "route_short_name_sum": null, "services_unique": null, "total_departures_unique": null, "route_short_name_unique": "31, 30" }, "geometry": { "type": "LineString", "coordinates": [ [ -9.35452, 38.69954 ], [ -9.35416, 38.69874 ] ] } },
{ "type": "Feature", "properties": { "services_sum": 2.0005557099194222, "total_departures_sum": 115, "route_short_name_sum": null, "services_unique": null, "total_departures_unique": null, "route_short_name_unique": "31, 30" }, "geometry": { "type": "LineString", "coordinates": [ [ -9.35411, 38.70826 ], [ -9.35403, 38.70824 ], [ -9.35399, 38.70825 ] ] } },
{ "type": "Feature", "properties": { "services_sum": 2.0005557099194222, "total_departures_sum": 115, "route_short_name_sum": null, "services_unique": null, "total_departures_unique": null, "route_short_name_unique": "31, 30" }, "geometry": { "type": "LineString", "coordinates": [ [ -9.35403, 38.70844 ], [ -9.35396, 38.70842 ], [ -9.35391, 38.70836 ], [ -9.35393, 38.70829 ] ] } },
{ "type": "Feature", "properties": { "services_sum": 2.0005557099194222, "total_departures_sum": 115, "route_short_name_sum": null, "services_unique": null, "total_departures_unique": null, "route_short_name_unique": "31, 30" }, "geometry": { "type": "LineString", "coordinates": [ [ -9.35302, 38.69785 ], [ -9.353, 38.69785 ], [ -9.35293, 38.69786 ], [ -9.35293, 38.69793 ], [ -9.35299, 38.69795 ], [ -9.35303, 38.69794 ] ] } },
{ "type": "Feature", "properties": { "services_sum": 4.0011114198388444, "total_departures_sum": 230, "route_short_name_sum": null, "services_unique": null, "total_departures_unique": null, "route_short_name_unique": "31, 30" }, "geometry": { "type": "LineString", "coordinates": [ [ -9.35555, 38.70349 ], [ -9.35555, 38.70363 ] ] } },
{ "type": "Feature", "properties": { "services_sum": 4.0011114198388444, "total_departures_sum": 230, "route_short_name_sum": null, "services_unique": null, "total_departures_unique": null, "route_short_name_unique": "31, 30" }, "geometry": { "type": "LineString", "coordinates": [ [ -9.35482, 38.70012 ], [ -9.35459, 38.6997 ] ] } },
{ "type": "Feature", "properties": { "services_sum": 4.0011114198388444, "total_departures_sum": 230, "route_short_name_sum": null, "services_unique": null, "total_departures_unique": null, "route_short_name_unique": "31, 30" }, "geometry": { "type": "LineString", "coordinates": [ [ -9.35416, 38.69874 ], [ -9.35399, 38.69852 ], [ -9.35384, 38.69837 ], [ -9.35369, 38.69827 ] ] } },
{ "type": "Feature", "properties": { "services_sum": 3.0112238738722574, "total_departures_sum": 165, "route_short_name_sum": null, "services_unique": null, "total_departures_unique": null, "route_short_name_unique": "31, 26, 30" }, "geometry": { "type": "LineString", "coordinates": [ [ -9.35518, 38.70582 ], [ -9.35502, 38.70666 ] ] } },
{ "type": "Feature", "properties": { "services_sum": 3.0112238738722574, "total_departures_sum": 165, "route_short_name_sum": null, "services_unique": null, "total_departures_unique": null, "route_short_name_unique": "31, 26, 30" }, "geometry": { "type": "LineString", "coordinates": [ [ -9.35474, 38.70725 ], [ -9.35458, 38.70754 ] ] } },
{ "type": "Feature", "properties": { "services_sum": 3.0112238738722574, "total_departures_sum": 165, "route_short_name_sum": null, "services_unique": null, "total_departures_unique": null, "route_short_name_unique": "31, 26, 30" }, "geometry": { "type": "LineString", "coordinates": [ [ -9.35416, 38.7083 ], [ -9.35411, 38.70826 ] ] } },
{ "type": "Feature", "properties": { "services_sum": 2.0005557099194222, "total_departures_sum": 100, "route_short_name_sum": null, "services_unique": null, "total_departures_unique": null, "route_short_name_unique": "30" }, "geometry": { "type": "LineString", "coordinates": [ [ -9.35327, 38.69732 ], [ -9.35296, 38.69707 ] ] } },
{ "type": "Feature", "properties": { "services_sum": 2.0005557099194222, "total_departures_sum": 100, "route_short_name_sum": null, "services_unique": null, "total_departures_unique": null, "route_short_name_unique": "30" }, "geometry": { "type": "LineString", "coordinates": [ [ -9.35287, 38.70768 ], [ -9.35261, 38.70752 ], [ -9.35231, 38.7072 ] ] } },
{ "type": "Feature", "properties": { "services_sum": 2.0005557099194222, "total_departures_sum": 100, "route_short_name_sum": null, "services_unique": null, "total_departures_unique": null, "route_short_name_unique": "30" }, "geometry": { "type": "LineString", "coordinates": [ [ -9.35106, 38.69488 ], [ -9.35037, 38.69411 ], [ -9.35022, 38.69393 ], [ -9.35003, 38.69375 ], [ -9.34991, 38.69348 ], [ -9.34984, 38.69336 ] ] } },
{ "type": "Feature", "properties": { "services_sum": 2.0005557099194222, "total_departures_sum": 100, "route_short_name_sum": null, "services_unique": null, "total_departures_unique": null, "route_short_name_unique": "30" }, "geometry": { "type": "LineString", "coordinates": [ [ -9.35042, 38.69019 ], [ -9.35031, 38.69024 ] ] } },
{ "type": "Feature", "properties": { "services_sum": 2.0005557099194222, "total_departures_sum": 100, "route_short_name_sum": null, "services_unique": null, "total_departures_unique": null, "route_short_name_unique": "30" }, "geometry": { "type": "LineString", "coordinates": [ [ -9.34938, 38.69307 ], [ -9.34892, 38.69293 ], [ -9.34879, 38.69288 ], [ -9.34863, 38.69274 ], [ -9.34851, 38.69257 ] ] } },
{ "type": "Feature", "properties": { "services_sum": 2.0005557099194222, "total_departures_sum": 100, "route_short_name_sum": null, "services_unique": null, "total_departures_unique": null, "route_short_name_unique": "30" }, "geometry": { "type": "LineString", "coordinates": [ [ -9.34852, 38.69217 ], [ -9.34849, 38.69236 ] ] } },
{ "type": "Feature", "properties": { "services_sum": 2.0005557099194222, "total_departures_sum": 100, "route_short_name_sum": null, "services_unique": null, "total_departures_unique": null, "route_short_name_unique": "30" }, "geometry": { "type": "LineString", "coordinates": [ [ -9.3453, 38.70731 ], [ -9.34515, 38.70735 ], [ -9.34476, 38.70736 ], [ -9.34459, 38.70741 ] ] } },
{ "type": "Feature", "properties": { "services_sum": 2.0005557099194222, "total_departures_sum": 100, "route_short_name_sum": null, "services_unique": null, "total_departures_unique": null, "route_short_name_unique": "30" }, "geometry": { "type": "LineString", "coordinates": [ [ -9.34503, 38.70921 ], [ -9.34504, 38.70902 ], [ -9.34501, 38.70868 ], [ -9.34485, 38.70829 ], [ -9.34449, 38.70776 ] ] } },
{ "type": "Feature", "properties": { "services_sum": 3.0112238738722574, "total_departures_sum": 150, "route_short_name_sum": null, "services_unique": null, "total_departures_unique": null, "route_short_name_unique": "30, 26" }, "geometry": { "type": "LineString", "coordinates": [ [ -9.34995, 38.70669 ], [ -9.34892, 38.70644 ], [ -9.34822, 38.70625 ], [ -9.34746, 38.70621 ], [ -9.34707, 38.70623 ], [ -9.34692, 38.7063 ] ] } },
{ "type": "Feature", "properties": { "services_sum": 3.0112238738722574, "total_departures_sum": 150, "route_short_name_sum": null, "services_unique": null, "total_departures_unique": null, "route_short_name_unique": "30, 26" }, "geometry": { "type": "LineString", "coordinates": [ [ -9.34405, 38.72118 ], [ -9.34371, 38.72107 ] ] } },
{ "type": "Feature", "properties": { "services_sum": 3.0112238738722574, "total_departures_sum": 150, "route_short_name_sum": null, "services_unique": null, "total_departures_unique": null, "route_short_name_unique": "30, 26" }, "geometry": { "type": "LineString", "coordinates": [ [ -9.34315, 38.71708 ], [ -9.3429, 38.71735 ] ] } },
{ "type": "Feature", "properties": { "services_sum": 3.0112238738722574, "total_departures_sum": 150, "route_short_name_sum": null, "services_unique": null, "total_departures_unique": null, "route_short_name_unique": "30, 26" }, "geometry": { "type": "LineString", "coordinates": [ [ -9.34278, 38.71948 ], [ -9.34254, 38.71896 ] ] } },
{ "type": "Feature", "properties": { "services_sum": 3.0112238738722574, "total_departures_sum": 150, "route_short_name_sum": null, "services_unique": null, "total_departures_unique": null, "route_short_name_unique": "30, 26" }, "geometry": { "type": "LineString", "coordinates": [ [ -9.34243, 38.7175 ], [ -9.34219, 38.71768 ], [ -9.34192, 38.71793 ] ] } },
{ "type": "Feature", "properties": { "services_sum": 2.3440014972861687, "total_departures_sum": 182, "route_short_name_sum": null, "services_unique": null, "total_departures_unique": null, "route_short_name_unique": "23, 26" }, "geometry": { "type": "LineString", "coordinates": [ [ -9.34984, 38.71808 ], [ -9.3498, 38.71704 ], [ -9.34972, 38.71657 ], [ -9.3497, 38.71653 ] ] } },
{ "type": "Feature", "properties": { "services_sum": 2.3440014972861687, "total_departures_sum": 182, "route_short_name_sum": null, "services_unique": null, "total_departures_unique": null, "route_short_name_unique": "23, 26" }, "geometry": { "type": "LineString", "coordinates": [ [ -9.34945, 38.71377 ], [ -9.34943, 38.71365 ], [ -9.34938, 38.71357 ], [ -9.34927, 38.7135 ], [ -9.34922, 38.71344 ] ] } },
{ "type": "Feature", "properties": { "services_sum": 2.3440014972861687, "total_departures_sum": 182, "route_short_name_sum": null, "services_unique": null, "total_departures_unique": null, "route_short_name_unique": "23, 26" }, "geometry": { "type": "LineString", "coordinates": [ [ -9.34935, 38.71492 ], [ -9.34916, 38.71492 ] ] } },
{ "type": "Feature", "properties": { "services_sum": 2.3440014972861687, "total_departures_sum": 182, "route_short_name_sum": null, "services_unique": null, "total_departures_unique": null, "route_short_name_unique": "23, 26" }, "geometry": { "type": "LineString", "coordinates": [ [ -9.34892, 38.71479 ], [ -9.34871, 38.71491 ], [ -9.34864, 38.71493 ], [ -9.3486, 38.71496 ], [ -9.34859, 38.71504 ], [ -9.34864, 38.7151 ] ] } },
{ "type": "Feature", "properties": { "services_sum": 2.3440014972861687, "total_departures_sum": 182, "route_short_name_sum": null, "services_unique": null, "total_departures_unique": null, "route_short_name_unique": "23, 26" }, "geometry": { "type": "LineString", "coordinates": [ [ -9.3489, 38.71491 ], [ -9.34884, 38.71506 ] ] } },
{ "type": "Feature", "properties": { "services_sum": 2.3440014972861687, "total_departures_sum": 182, "route_short_name_sum": null, "services_unique": null, "total_departures_unique": null, "route_short_name_unique": "23, 26" }, "geometry": { "type": "LineString", "coordinates": [ [ -9.34721, 38.71841 ], [ -9.34717, 38.71841 ], [ -9.34709, 38.71843 ] ] } },
{ "type": "Feature", "properties": { "services_sum": 2.3440014972861687, "total_departures_sum": 182, "route_short_name_sum": null, "services_unique": null, "total_departures_unique": null, "route_short_name_unique": "23, 26" }, "geometry": { "type": "LineString", "coordinates": [ [ -9.34705, 38.71848 ], [ -9.34704, 38.71857 ], [ -9.347, 38.71861 ], [ -9.3455, 38.71975 ] ] } },
{ "type": "Feature", "properties": { "services_sum": 2.3440014972861687, "total_departures_sum": 182, "route_short_name_sum": null, "services_unique": null, "total_departures_unique": null, "route_short_name_unique": "23, 26" }, "geometry": { "type": "LineString", "coordinates": [ [ -9.34508, 38.72014 ], [ -9.34405, 38.72118 ] ] } },
{ "type": "Feature", "properties": { "services_sum": 3.3442793522458798, "total_departures_sum": 315, "route_short_name_sum": null, "services_unique": null, "total_departures_unique": null, "route_short_name_unique": "23, 26, 22" }, "geometry": { "type": "LineString", "coordinates": [ [ -9.34984, 38.71808 ], [ -9.34962, 38.71833 ], [ -9.34929, 38.71863 ], [ -9.34866, 38.71896 ] ] } },
{ "type": "Feature", "properties": { "services_sum": 3.3442793522458798, "total_departures_sum": 315, "route_short_name_sum": null, "services_unique": null, "total_departures_unique": null, "route_short_name_unique": "23, 26, 22" }, "geometry": { "type": "LineString", "coordinates": [ [ -9.34935, 38.71492 ], [ -9.34953, 38.71533 ], [ -9.34951, 38.71575 ], [ -9.34944, 38.71616 ] ] } },
{ "type": "Feature", "properties": { "services_sum": 3.3442793522458798, "total_departures_sum": 315, "route_short_name_sum": null, "services_unique": null, "total_departures_unique": null, "route_short_name_unique": "23, 26, 22" }, "geometry": { "type": "LineString", "coordinates": [ [ -9.3473, 38.71851 ], [ -9.34727, 38.71845 ], [ -9.34721, 38.71841 ] ] } },
{ "type": "Feature", "properties": { "services_sum": 3.3442793522458798, "total_departures_sum": 315, "route_short_name_sum": null, "services_unique": null, "total_departures_unique": null, "route_short_name_unique": "23, 26, 22" }, "geometry": { "type": "LineString", "coordinates": [ [ -9.34709, 38.71843 ], [ -9.34705, 38.71848 ] ] } },
{ "type": "Feature", "properties": { "services_sum": 2.3336111882930446, "total_departures_sum": 265, "route_short_name_sum": null, "services_unique": null, "total_departures_unique": null, "route_short_name_unique": "23, 22" }, "geometry": { "type": "LineString", "coordinates": [ [ -9.3497, 38.71653 ], [ -9.34944, 38.71616 ] ] } },
{ "type": "Feature", "properties": { "services_sum": 2.3336111882930446, "total_departures_sum": 265, "route_short_name_sum": null, "services_unique": null, "total_departures_unique": null, "route_short_name_unique": "23, 22" }, "geometry": { "type": "LineString", "coordinates": [ [ -9.34916, 38.71492 ], [ -9.3489, 38.71491 ] ] } },
{ "type": "Feature", "properties": { "services_sum": 2.3336111882930446, "total_departures_sum": 265, "route_short_name_sum": null, "services_unique": null, "total_departures_unique": null, "route_short_name_unique": "23, 22" }, "geometry": { "type": "LineString", "coordinates": [ [ -9.34905, 38.71555 ], [ -9.34904, 38.7155 ], [ -9.3489, 38.7154 ], [ -9.34883, 38.71533 ], [ -9.34882, 38.71525 ], [ -9.34884, 38.71514 ], [ -9.34884, 38.71506 ] ] } },
{ "type": "Feature", "properties": { "services_sum": 2.3336111882930446, "total_departures_sum": 265, "route_short_name_sum": null, "services_unique": null, "total_departures_unique": null, "route_short_name_unique": "23, 22" }, "geometry": { "type": "LineString", "coordinates": [ [ -9.34894, 38.7159 ], [ -9.34876, 38.71639 ], [ -9.34864, 38.71662 ], [ -9.34853, 38.71668 ], [ -9.34824, 38.71688 ], [ -9.34802, 38.71715 ], [ -9.34794, 38.71731 ], [ -9.34773, 38.71796 ] ] } },
{ "type": "Feature", "properties": { "services_sum": 2.3336111882930446, "total_departures_sum": 265, "route_short_name_sum": null, "services_unique": null, "total_departures_unique": null, "route_short_name_unique": "23, 22" }, "geometry": { "type": "LineString", "coordinates": [ [ -9.34866, 38.71896 ], [ -9.34825, 38.71922 ] ] } },
{ "type": "Feature", "properties": { "services_sum": 2.3336111882930446, "total_departures_sum": 265, "route_short_name_sum": null, "services_unique": null, "total_departures_unique": null, "route_short_name_unique": "23, 22" }, "geometry": { "type": "LineString", "coordinates": [ [ -9.34817, 38.7193 ], [ -9.3476, 38.71885 ] ] } },
{ "type": "Feature", "properties": { "services_sum": 2.3336111882930446, "total_departures_sum": 265, "route_short_name_sum": null, "services_unique": null, "total_departures_unique": null, "route_short_name_unique": "23, 22" }, "geometry": { "type": "LineString", "coordinates": [ [ -9.34736, 38.71834 ], [ -9.34731, 38.71842 ] ] } },
{ "type": "Feature", "properties": { "services_sum": 3.0112238738722574, "total_departures_sum": 233, "route_short_name_sum": null, "services_unique": null, "total_departures_unique": null, "route_short_name_unique": "26, 22, 30" }, "geometry": { "type": "LineString", "coordinates": [ [ -9.34586, 38.71403 ], [ -9.34545, 38.71405 ] ] } },
{ "type": "Feature", "properties": { "services_sum": 3.0112238738722574, "total_departures_sum": 233, "route_short_name_sum": null, "services_unique": null, "total_departures_unique": null, "route_short_name_unique": "26, 22, 30" }, "geometry": { "type": "LineString", "coordinates": [ [ -9.34427, 38.71512 ], [ -9.34423, 38.71507 ] ] } },
{ "type": "Feature", "properties": { "services_sum": 2.3336111882930446, "total_departures_sum": 182, "route_short_name_sum": null, "services_unique": null, "total_departures_unique": null, "route_short_name_unique": "23, 30" }, "geometry": { "type": "LineString", "coordinates": [ [ -9.34366, 38.72163 ], [ -9.34405, 38.72118 ], [ -9.34353, 38.72178 ], [ -9.34311, 38.72219 ], [ -9.34336, 38.72195 ] ] } },
{ "type": "Feature", "properties": { "services_sum": 2.3336111882930446, "total_departures_sum": 182, "route_short_name_sum": null, "services_unique": null, "total_departures_unique": null, "route_short_name_unique": "23, 30" }, "geometry": { "type": "LineString", "coordinates": [ [ -9.34195, 38.72275 ], [ -9.34223, 38.72267 ], [ -9.34182, 38.72278 ] ] } },
{ "type": "Feature", "properties": { "services_sum": 2.3336111882930446, "total_departures_sum": 182, "route_short_name_sum": null, "services_unique": null, "total_departures_unique": null, "route_short_name_unique": "23, 30" }, "geometry": { "type": "LineString", "coordinates": [ [ -9.34141, 38.72287 ], [ -9.34129, 38.7229 ] ] } },
{ "type": "Feature", "properties": { "services_sum": 2.3336111882930446, "total_departures_sum": 182, "route_short_name_sum": null, "services_unique": null, "total_departures_unique": null, "route_short_name_unique": "23, 30" }, "geometry": { "type": "LineString", "coordinates": [ [ -9.34129, 38.7229 ], [ -9.3413, 38.72292 ], [ -9.34125, 38.72297 ], [ -9.34118, 38.72296 ], [ -9.34115, 38.72292 ] ] } },
{ "type": "Feature", "properties": { "services_sum": 2.3336111882930446, "total_departures_sum": 182, "route_short_name_sum": null, "services_unique": null, "total_departures_unique": null, "route_short_name_unique": "23, 30" }, "geometry": { "type": "LineString", "coordinates": [ [ -9.34129, 38.7229 ], [ -9.34128, 38.72287 ], [ -9.34122, 38.72286 ], [ -9.34117, 38.72288 ], [ -9.34115, 38.72292 ] ] } },
{ "type": "Feature", "properties": { "services_sum": 2.3336111882930446, "total_departures_sum": 182, "route_short_name_sum": null, "services_unique": null, "total_departures_unique": null, "route_short_name_unique": "23, 30" }, "geometry": { "type": "LineString", "coordinates": [ [ -9.34115, 38.72292 ], [ -9.33646, 38.72379 ] ] } },
{ "type": "Feature", "properties": { "services_sum": 2.2335769299854049, "total_departures_sum": 195, "route_short_name_sum": null, "services_unique": null, "total_departures_unique": null, "route_short_name_unique": "35, 22" }, "geometry": { "type": "LineString", "coordinates": [ [ -9.34181, 38.69537 ], [ -9.34183, 38.69534 ], [ -9.34182, 38.69526 ], [ -9.34166, 38.69513 ] ] } },
{ "type": "Feature", "properties": { "services_sum": 2.2335769299854049, "total_departures_sum": 195, "route_short_name_sum": null, "services_unique": null, "total_departures_unique": null, "route_short_name_unique": "35, 22" }, "geometry": { "type": "LineString", "coordinates": [ [ -9.34175, 38.69541 ], [ -9.34168, 38.6955 ], [ -9.3416, 38.6957 ] ] } },
{ "type": "Feature", "properties": { "services_sum": 2.2335769299854049, "total_departures_sum": 195, "route_short_name_sum": null, "services_unique": null, "total_departures_unique": null, "route_short_name_unique": "35, 22" }, "geometry": { "type": "LineString", "coordinates": [ [ -9.34162, 38.69578 ], [ -9.34158, 38.69564 ], [ -9.34157, 38.69547 ], [ -9.34159, 38.69537 ] ] } },
{ "type": "Feature", "properties": { "services_sum": 2.2335769299854049, "total_departures_sum": 195, "route_short_name_sum": null, "services_unique": null, "total_departures_unique": null, "route_short_name_unique": "35, 22" }, "geometry": { "type": "LineString", "coordinates": [ [ -9.34147, 38.69806 ], [ -9.34175, 38.69696 ], [ -9.34141, 38.69832 ] ] } },
{ "type": "Feature", "properties": { "services_sum": 2.2335769299854049, "total_departures_sum": 195, "route_short_name_sum": null, "services_unique": null, "total_departures_unique": null, "route_short_name_unique": "35, 22" }, "geometry": { "type": "LineString", "coordinates": [ [ -9.34141, 38.69832 ], [ -9.34124, 38.69844 ], [ -9.3412, 38.69842 ], [ -9.3411, 38.69842 ], [ -9.34106, 38.69843 ], [ -9.34099, 38.6985 ], [ -9.34098, 38.69855 ], [ -9.34103, 38.69863 ], [ -9.34124, 38.69872 ], [ -9.3413, 38.69877 ], [ -9.34131, 38.69882 ] ] } },
{ "type": "Feature", "properties": { "services_sum": 2.2335769299854049, "total_departures_sum": 195, "route_short_name_sum": null, "services_unique": null, "total_departures_unique": null, "route_short_name_unique": "35, 22" }, "geometry": { "type": "LineString", "coordinates": [ [ -9.34141, 38.69832 ], [ -9.3413, 38.69859 ] ] } },
{ "type": "Feature", "properties": { "services_sum": 2.2335769299854049, "total_departures_sum": 195, "route_short_name_sum": null, "services_unique": null, "total_departures_unique": null, "route_short_name_unique": "35, 22" }, "geometry": { "type": "LineString", "coordinates": [ [ -9.34131, 38.69882 ], [ -9.34113, 38.69969 ] ] } },
{ "type": "Feature", "properties": { "services_sum": 2.2335769299854049, "total_departures_sum": 195, "route_short_name_sum": null, "services_unique": null, "total_departures_unique": null, "route_short_name_unique": "35, 22" }, "geometry": { "type": "LineString", "coordinates": [ [ -9.34131, 38.69882 ], [ -9.34072, 38.70169 ], [ -9.34083, 38.70184 ], [ -9.34086, 38.70184 ], [ -9.34094, 38.70188 ], [ -9.34095, 38.70191 ], [ -9.34095, 38.70197 ], [ -9.34092, 38.702 ], [ -9.34086, 38.70202 ] ] } },
{ "type": "Feature", "properties": { "services_sum": 2.2335769299854049, "total_departures_sum": 195, "route_short_name_sum": null, "services_unique": null, "total_departures_unique": null, "route_short_name_unique": "35, 22" }, "geometry": { "type": "LineString", "coordinates": [ [ -9.34095, 38.70307 ], [ -9.34093, 38.70322 ], [ -9.34047, 38.70405 ], [ -9.34039, 38.70414 ], [ -9.34028, 38.70417 ], [ -9.3402, 38.70424 ], [ -9.34019, 38.70433 ], [ -9.34024, 38.70441 ], [ -9.3402, 38.70454 ], [ -9.33999, 38.70492 ], [ -9.33982, 38.70514 ], [ -9.33948, 38.70544 ], [ -9.33916, 38.70563 ], [ -9.3382, 38.70603 ], [ -9.33803, 38.70616 ], [ -9.33797, 38.70626 ], [ -9.33793, 38.70636 ], [ -9.33792, 38.70646 ], [ -9.33794, 38.70655 ], [ -9.338, 38.70667 ], [ -9.33833, 38.70712 ], [ -9.33843, 38.70729 ], [ -9.33852, 38.70756 ], [ -9.33859, 38.7078 ], [ -9.3386, 38.70999 ], [ -9.33862, 38.71048 ] ] } },
{ "type": "Feature", "properties": { "services_sum": 2.2335769299854049, "total_departures_sum": 195, "route_short_name_sum": null, "services_unique": null, "total_departures_unique": null, "route_short_name_unique": "35, 22" }, "geometry": { "type": "LineString", "coordinates": [ [ -9.34095, 38.70307 ], [ -9.34093, 38.70332 ], [ -9.34063, 38.70396 ], [ -9.34058, 38.70409 ], [ -9.34057, 38.7042 ], [ -9.3406, 38.70425 ], [ -9.34061, 38.70432 ], [ -9.34055, 38.70442 ], [ -9.34048, 38.70446 ], [ -9.3404, 38.70447 ], [ -9.34006, 38.70497 ], [ -9.33979, 38.70531 ], [ -9.33912, 38.70601 ], [ -9.33893, 38.70623 ], [ -9.33886, 38.70639 ], [ -9.3388, 38.70651 ], [ -9.33875, 38.70675 ], [ -9.33871, 38.70728 ] ] } },
{ "type": "Feature", "properties": { "services_sum": 2.2335769299854049, "total_departures_sum": 195, "route_short_name_sum": null, "services_unique": null, "total_departures_unique": null, "route_short_name_unique": "35, 22" }, "geometry": { "type": "LineString", "coordinates": [ [ -9.34095, 38.70307 ], [ -9.34081, 38.70262 ] ] } },
{ "type": "Feature", "properties": { "services_sum": 2.2335769299854049, "total_departures_sum": 195, "route_short_name_sum": null, "services_unique": null, "total_departures_unique": null, "route_short_name_unique": "35, 22" }, "geometry": { "type": "LineString", "coordinates": [ [ -9.34085, 38.70276 ], [ -9.34081, 38.70262 ] ] } },
{ "type": "Feature", "properties": { "services_sum": 2.2335769299854049, "total_departures_sum": 195, "route_short_name_sum": null, "services_unique": null, "total_departures_unique": null, "route_short_name_unique": "35, 22" }, "geometry": { "type": "LineString", "coordinates": [ [ -9.34081, 38.70262 ], [ -9.34074, 38.70199 ], [ -9.34072, 38.70192 ], [ -9.34073, 38.70189 ], [ -9.34069, 38.70178 ] ] } },
{ "type": "Feature", "properties": { "services_sum": 2.2335769299854049, "total_departures_sum": 195, "route_short_name_sum": null, "services_unique": null, "total_departures_unique": null, "route_short_name_unique": "35, 22" }, "geometry": { "type": "LineString", "coordinates": [ [ -9.34078, 38.70211 ], [ -9.34076, 38.70213 ], [ -9.34076, 38.70219 ], [ -9.34081, 38.70262 ] ] } },
{ "type": "Feature", "properties": { "services_sum": 2.2335769299854049, "total_departures_sum": 195, "route_short_name_sum": null, "services_unique": null, "total_departures_unique": null, "route_short_name_unique": "35, 22" }, "geometry": { "type": "LineString", "coordinates": [ [ -9.33898, 38.71209 ], [ -9.3388, 38.71151 ], [ -9.33876, 38.71129 ], [ -9.33873, 38.71071 ], [ -9.33871, 38.71 ] ] } },
{ "type": "Feature", "properties": { "services_sum": 2.2335769299854049, "total_departures_sum": 195, "route_short_name_sum": null, "services_unique": null, "total_departures_unique": null, "route_short_name_unique": "35, 22" }, "geometry": { "type": "LineString", "coordinates": [ [ -9.33893, 38.71267 ], [ -9.33885, 38.71262 ], [ -9.33882, 38.71253 ], [ -9.33867, 38.71251 ], [ -9.33852, 38.71243 ], [ -9.33835, 38.71215 ], [ -9.33829, 38.71189 ] ] } },
{ "type": "Feature", "properties": { "services_sum": 2.2335769299854049, "total_departures_sum": 195, "route_short_name_sum": null, "services_unique": null, "total_departures_unique": null, "route_short_name_unique": "35, 22" }, "geometry": { "type": "LineString", "coordinates": [ [ -9.33864, 38.71082 ], [ -9.33846, 38.71092 ], [ -9.3384, 38.71088 ], [ -9.33832, 38.71087 ], [ -9.33829, 38.71088 ], [ -9.33823, 38.71092 ], [ -9.33822, 38.71097 ], [ -9.33823, 38.71101 ], [ -9.33826, 38.71138 ] ] } },
{ "type": "Feature", "properties": { "services_sum": 2.2335769299854049, "total_departures_sum": 195, "route_short_name_sum": null, "services_unique": null, "total_departures_unique": null, "route_short_name_unique": "35, 22" }, "geometry": { "type": "LineString", "coordinates": [ [ -9.33574, 38.6902 ], [ -9.33531, 38.69024 ] ] } },
{ "type": "Feature", "properties": { "services_sum": 2.2335769299854049, "total_departures_sum": 195, "route_short_name_sum": null, "services_unique": null, "total_departures_unique": null, "route_short_name_unique": "35, 22" }, "geometry": { "type": "LineString", "coordinates": [ [ -9.335313644070098, 38.690239661023547 ], [ -9.33434, 38.69039 ] ] } },
{ "type": "Feature", "properties": { "services_sum": 3.233854784945116, "total_departures_sum": 260, "route_short_name_sum": null, "services_unique": null, "total_departures_unique": null, "route_short_name_unique": "31, 35, 22" }, "geometry": { "type": "LineString", "coordinates": [ [ -9.34181, 38.69537 ], [ -9.34175, 38.69541 ] ] } },
{ "type": "Feature", "properties": { "services_sum": 3.233854784945116, "total_departures_sum": 260, "route_short_name_sum": null, "services_unique": null, "total_departures_unique": null, "route_short_name_unique": "31, 35, 22" }, "geometry": { "type": "LineString", "coordinates": [ [ -9.34166, 38.69513 ], [ -9.34156, 38.695 ], [ -9.34153, 38.69493 ] ] } },
{ "type": "Feature", "properties": { "services_sum": 3.233854784945116, "total_departures_sum": 260, "route_short_name_sum": null, "services_unique": null, "total_departures_unique": null, "route_short_name_unique": "31, 35, 22" }, "geometry": { "type": "LineString", "coordinates": [ [ -9.34159, 38.69537 ], [ -9.34157, 38.6953 ], [ -9.3415, 38.69517 ] ] } },
{ "type": "Feature", "properties": { "services_sum": 3.233854784945116, "total_departures_sum": 260, "route_short_name_sum": null, "services_unique": null, "total_departures_unique": null, "route_short_name_unique": "31, 35, 22" }, "geometry": { "type": "LineString", "coordinates": [ [ -9.33434, 38.69039 ], [ -9.33392, 38.6905 ], [ -9.33363, 38.69059 ], [ -9.33358, 38.69056 ], [ -9.3335, 38.69057 ], [ -9.33344, 38.69062 ], [ -9.33313, 38.69072 ], [ -9.33301, 38.69077 ], [ -9.33299, 38.69079 ] ] } },
{ "type": "Feature", "properties": { "services_sum": 3.233854784945116, "total_departures_sum": 260, "route_short_name_sum": null, "services_unique": null, "total_departures_unique": null, "route_short_name_unique": "31, 35, 22" }, "geometry": { "type": "LineString", "coordinates": [ [ -9.33284, 38.69087 ], [ -9.33244, 38.69113 ], [ -9.33224, 38.69117 ], [ -9.33203, 38.69113 ], [ -9.33189, 38.69103 ] ] } },
{ "type": "Feature", "properties": { "services_sum": 3.233854784945116, "total_departures_sum": 260, "route_short_name_sum": null, "services_unique": null, "total_departures_unique": null, "route_short_name_unique": "31, 35, 22" }, "geometry": { "type": "LineString", "coordinates": [ [ -9.3324, 38.68694 ], [ -9.3322, 38.68684 ] ] } },
{ "type": "Feature", "properties": { "services_sum": 1.2332990750256938, "total_departures_sum": 62, "route_short_name_sum": null, "services_unique": null, "total_departures_unique": null, "route_short_name_unique": "35" }, "geometry": { "type": "LineString", "coordinates": [ [ -9.34171, 38.74437 ], [ -9.34127, 38.74168 ], [ -9.341269816827865, 38.741678789048962 ], [ -9.34109, 38.74049 ], [ -9.34132, 38.742 ], [ -9.341324304098372, 38.742026303630595 ], [ -9.34168, 38.7442 ] ] } },
{ "type": "Feature", "properties": { "services_sum": 1.2332990750256938, "total_departures_sum": 62, "route_short_name_sum": null, "services_unique": null, "total_departures_unique": null, "route_short_name_unique": "35" }, "geometry": { "type": "LineString", "coordinates": [ [ -9.34162, 38.69578 ], [ -9.341623201942539, 38.695791384734875 ], [ -9.34171, 38.6961 ], [ -9.341630467222053, 38.695791810493432 ], [ -9.34163, 38.69579 ], [ -9.3416, 38.6957 ] ] } },
{ "type": "Feature", "properties": { "services_sum": 1.2332990750256938, "total_departures_sum": 62, "route_short_name_sum": null, "services_unique": null, "total_departures_unique": null, "route_short_name_unique": "35" }, "geometry": { "type": "LineString", "coordinates": [ [ -9.34159, 38.69099 ], [ -9.34164, 38.69159 ], [ -9.34144, 38.69201 ], [ -9.341435571638556, 38.692021316959902 ], [ -9.34135, 38.69224 ], [ -9.34119, 38.69297 ], [ -9.34114, 38.69345 ], [ -9.34118, 38.69414 ], [ -9.3415, 38.69517 ] ] } },
{ "type": "Feature", "properties": { "services_sum": 1.2332990750256938, "total_departures_sum": 62, "route_short_name_sum": null, "services_unique": null, "total_departures_unique": null, "route_short_name_unique": "35" }, "geometry": { "type": "LineString", "coordinates": [ [ -9.34159, 38.69099 ], [ -9.341679862313468, 38.691938546661504 ], [ -9.34168, 38.69194 ], [ -9.34168, 38.69233 ], [ -9.34161, 38.69356 ], [ -9.34166, 38.69399 ], [ -9.34167, 38.69429 ], [ -9.34164, 38.69456 ], [ -9.34153, 38.69493 ] ] } },
{ "type": "Feature", "properties": { "services_sum": 1.2332990750256938, "total_departures_sum": 62, "route_short_name_sum": null, "services_unique": null, "total_departures_unique": null, "route_short_name_unique": "35" }, "geometry": { "type": "LineString", "coordinates": [ [ -9.34159, 38.69099 ], [ -9.341444087149576, 38.690620354168288 ], [ -9.34125, 38.69016 ], [ -9.34159, 38.69099 ] ] } },
{ "type": "Feature", "properties": { "services_sum": 1.2332990750256938, "total_departures_sum": 62, "route_short_name_sum": null, "services_unique": null, "total_departures_unique": null, "route_short_name_unique": "35" }, "geometry": { "type": "LineString", "coordinates": [ [ -9.34147, 38.69806 ], [ -9.341466543243769, 38.698074979329142 ], [ -9.34141, 38.69832 ] ] } },
{ "type": "Feature", "properties": { "services_sum": 1.2332990750256938, "total_departures_sum": 62, "route_short_name_sum": null, "services_unique": null, "total_departures_unique": null, "route_short_name_unique": "35" }, "geometry": { "type": "LineString", "coordinates": [ [ -9.34131, 38.69882 ], [ -9.341309910443192, 38.698817940199987 ], [ -9.3413, 38.69859 ] ] } },
{ "type": "Feature", "properties": { "services_sum": 1.2332990750256938, "total_departures_sum": 62, "route_short_name_sum": null, "services_unique": null, "total_departures_unique": null, "route_short_name_unique": "35" }, "geometry": { "type": "LineString", "coordinates": [ [ -9.34113, 38.69969 ], [ -9.341128169409824, 38.699698695559825 ], [ -9.34069, 38.70178 ] ] } },
{ "type": "Feature", "properties": { "services_sum": 1.2332990750256938, "total_departures_sum": 62, "route_short_name_sum": null, "services_unique": null, "total_departures_unique": null, "route_short_name_unique": "35" }, "geometry": { "type": "LineString", "coordinates": [ [ -9.34095, 38.70307 ], [ -9.340854381774417, 38.702773583558788 ], [ -9.34085, 38.70276 ] ] } },
{ "type": "Feature", "properties": { "services_sum": 1.2332990750256938, "total_departures_sum": 62, "route_short_name_sum": null, "services_unique": null, "total_departures_unique": null, "route_short_name_unique": "35" }, "geometry": { "type": "LineString", "coordinates": [ [ -9.34086, 38.70202 ], [ -9.340782645527039, 38.702107023786581 ], [ -9.34078, 38.70211 ] ] } },
{ "type": "Feature", "properties": { "services_sum": 1.2332990750256938, "total_departures_sum": 62, "route_short_name_sum": null, "services_unique": null, "total_departures_unique": null, "route_short_name_unique": "35" }, "geometry": { "type": "LineString", "coordinates": [ [ -9.33959, 38.73868 ], [ -9.33969, 38.73869 ], [ -9.33977, 38.73874 ], [ -9.33979, 38.73882 ], [ -9.33977, 38.73886 ], [ -9.3397, 38.73892 ], [ -9.3396, 38.73894 ], [ -9.3395, 38.7389 ], [ -9.33947, 38.73887 ], [ -9.33945, 38.73879 ], [ -9.3395, 38.73872 ] ] } },
{ "type": "Feature", "properties": { "services_sum": 1.2332990750256938, "total_departures_sum": 62, "route_short_name_sum": null, "services_unique": null, "total_departures_unique": null, "route_short_name_unique": "35" }, "geometry": { "type": "LineString", "coordinates": [ [ -9.33938, 38.72044 ], [ -9.33931, 38.72049 ], [ -9.33931, 38.72052 ], [ -9.33934, 38.72056 ], [ -9.33942, 38.72056 ], [ -9.33947, 38.72051 ], [ -9.33945, 38.72047 ], [ -9.33938, 38.72044 ] ] } },
{ "type": "Feature", "properties": { "services_sum": 1.2332990750256938, "total_departures_sum": 62, "route_short_name_sum": null, "services_unique": null, "total_departures_unique": null, "route_short_name_unique": "35" }, "geometry": { "type": "LineString", "coordinates": [ [ -9.33938, 38.72044 ], [ -9.339409241586919, 38.719796685238109 ], [ -9.33941, 38.71978 ], [ -9.33951, 38.71754 ], [ -9.33943, 38.71934 ], [ -9.339429881674096, 38.719342603209881 ], [ -9.33938, 38.72044 ] ] } },
{ "type": "Feature", "properties": { "services_sum": 1.2332990750256938, "total_departures_sum": 62, "route_short_name_sum": null, "services_unique": null, "total_departures_unique": null, "route_short_name_unique": "35" }, "geometry": { "type": "LineString", "coordinates": [ [ -9.33924, 38.73699 ], [ -9.339258911444963, 38.737007607291439 ], [ -9.33953, 38.73726 ], [ -9.339294608270473, 38.737044224265318 ], [ -9.33929, 38.73704 ], [ -9.3392, 38.73695 ] ] } },
{ "type": "Feature", "properties": { "services_sum": 1.2332990750256938, "total_departures_sum": 62, "route_short_name_sum": null, "services_unique": null, "total_departures_unique": null, "route_short_name_unique": "35" }, "geometry": { "type": "LineString", "coordinates": [ [ -9.33898, 38.71209 ], [ -9.33908, 38.71233 ], [ -9.339081019744066, 38.712331761381229 ], [ -9.33919, 38.71252 ], [ -9.33918, 38.71258 ], [ -9.33915, 38.71262 ], [ -9.33908, 38.71267 ], [ -9.33907, 38.7128 ], [ -9.33909, 38.71294 ], [ -9.339061626004066, 38.712890345522645 ], [ -9.33905, 38.71287 ], [ -9.33893, 38.71267 ] ] } },
{ "type": "Feature", "properties": { "services_sum": 1.2332990750256938, "total_departures_sum": 62, "route_short_name_sum": null, "services_unique": null, "total_departures_unique": null, "route_short_name_unique": "35" }, "geometry": { "type": "LineString", "coordinates": [ [ -9.33893, 38.73457 ], [ -9.338661411862743, 38.734092509996607 ], [ -9.33866, 38.73409 ], [ -9.336504235344242, 38.730437176961388 ], [ -9.3365, 38.73043 ], [ -9.33539, 38.72854 ], [ -9.33526, 38.72819 ], [ -9.33525, 38.72804 ], [ -9.33534, 38.72802 ], [ -9.3354, 38.72797 ], [ -9.33543, 38.72791 ], [ -9.33542, 38.72784 ], [ -9.33538, 38.72778 ], [ -9.3353, 38.72775 ], [ -9.33521, 38.72774 ], [ -9.33513, 38.72776 ], [ -9.33495, 38.72771 ], [ -9.33464515236566, 38.727267479293495 ], [ -9.33464, 38.72726 ], [ -9.33385, 38.72592 ], [ -9.33376, 38.72559 ], [ -9.333807454115325, 38.725400183566251 ], [ -9.33381, 38.72539 ], [ -9.33401, 38.72478 ], [ -9.33414, 38.72432 ], [ -9.33418, 38.72432 ] ] } },
{ "type": "Feature", "properties": { "services_sum": 1.2332990750256938, "total_departures_sum": 62, "route_short_name_sum": null, "services_unique": null, "total_departures_unique": null, "route_short_name_unique": "35" }, "geometry": { "type": "LineString", "coordinates": [ [ -9.3388, 38.73431 ], [ -9.338484508855807, 38.733784181623847 ], [ -9.33847, 38.73376 ], [ -9.336746179410937, 38.730837431851562 ], [ -9.33527, 38.72834 ] ] } },
{ "type": "Feature", "properties": { "services_sum": 1.2332990750256938, "total_departures_sum": 62, "route_short_name_sum": null, "services_unique": null, "total_departures_unique": null, "route_short_name_unique": "35" }, "geometry": { "type": "LineString", "coordinates": [ [ -9.33871, 38.70728 ], [ -9.33871, 38.709998420271354 ], [ -9.33871, 38.71 ] ] } },
{ "type": "Feature", "properties": { "services_sum": 1.2332990750256938, "total_departures_sum": 62, "route_short_name_sum": null, "services_unique": null, "total_departures_unique": null, "route_short_name_unique": "35" }, "geometry": { "type": "LineString", "coordinates": [ [ -9.33864, 38.71082 ], [ -9.338620792246978, 38.710493468260189 ], [ -9.33862, 38.71048 ] ] } },
{ "type": "Feature", "properties": { "services_sum": 1.2332990750256938, "total_departures_sum": 62, "route_short_name_sum": null, "services_unique": null, "total_departures_unique": null, "route_short_name_unique": "35" }, "geometry": { "type": "LineString", "coordinates": [ [ -9.33829, 38.71189 ], [ -9.338261935179448, 38.711412898270417 ], [ -9.33826, 38.71138 ] ] } },
{ "type": "Feature", "properties": { "services_sum": 1.2332990750256938, "total_departures_sum": 62, "route_short_name_sum": null, "services_unique": null, "total_departures_unique": null, "route_short_name_unique": "35" }, "geometry": { "type": "LineString", "coordinates": [ [ -9.33747, 38.68749 ], [ -9.337075509000556, 38.687461822071469 ], [ -9.336848706007006, 38.687545855782304 ], [ -9.336624741554262, 38.687568885840115 ] ] } },
{ "type": "Feature", "properties": { "services_sum": 1.2332990750256938, "total_departures_sum": 62, "route_short_name_sum": null, "services_unique": null, "total_departures_unique": null, "route_short_name_unique": "35" }, "geometry": { "type": "LineString", "coordinates": [ [ -9.33735, 38.69031 ], [ -9.33714, 38.69037 ], [ -9.33694, 38.69046 ], [ -9.33689, 38.69052 ], [ -9.33684, 38.69053 ], [ -9.33676, 38.69052 ], [ -9.33672, 38.69049 ] ] } },
{ "type": "Feature", "properties": { "services_sum": 1.2332990750256938, "total_departures_sum": 62, "route_short_name_sum": null, "services_unique": null, "total_departures_unique": null, "route_short_name_unique": "35" }, "geometry": { "type": "LineString", "coordinates": [ [ -9.33735, 38.69031 ], [ -9.339834485046151, 38.690260110800466 ], [ -9.33984, 38.69026 ], [ -9.34111, 38.6902 ], [ -9.33953, 38.69027 ], [ -9.33937, 38.69034 ], [ -9.33925, 38.69035 ], [ -9.339239895342125, 38.69035 ], [ -9.33919, 38.69035 ], [ -9.33906, 38.69028 ], [ -9.33735, 38.69031 ] ] } },
{ "type": "Feature", "properties": { "services_sum": 1.2332990750256938, "total_departures_sum": 62, "route_short_name_sum": null, "services_unique": null, "total_departures_unique": null, "route_short_name_unique": "35" }, "geometry": { "type": "LineString", "coordinates": [ [ -9.33735, 38.69031 ], [ -9.33728, 38.6903 ], [ -9.33688, 38.69033 ], [ -9.33683, 38.69034 ], [ -9.33652, 38.69029 ] ] } },
{ "type": "Feature", "properties": { "services_sum": 1.2332990750256938, "total_departures_sum": 62, "route_short_name_sum": null, "services_unique": null, "total_departures_unique": null, "route_short_name_unique": "35" }, "geometry": { "type": "LineString", "coordinates": [ [ -9.33735, 38.72235 ], [ -9.33621, 38.72329 ], [ -9.336198826054138, 38.723299311638549 ], [ -9.33609, 38.72339 ], [ -9.33603, 38.72354 ], [ -9.33603, 38.72372 ] ] } },
{ "type": "Feature", "properties": { "services_sum": 1.2332990750256938, "total_departures_sum": 62, "route_short_name_sum": null, "services_unique": null, "total_departures_unique": null, "route_short_name_unique": "35" }, "geometry": { "type": "LineString", "coordinates": [ [ -9.33735, 38.72235 ], [ -9.33618, 38.72332 ], [ -9.336154459290738, 38.723340432660059 ], [ -9.33588, 38.72356 ], [ -9.33583, 38.72364 ] ] } },
{ "type": "Feature", "properties": { "services_sum": 1.2332990750256938, "total_departures_sum": 62, "route_short_name_sum": null, "services_unique": null, "total_departures_unique": null, "route_short_name_unique": "35" }, "geometry": { "type": "LineString", "coordinates": [ [ -9.33735, 38.72235 ], [ -9.338184566480413, 38.721634657368433 ], [ -9.33819, 38.72163 ], [ -9.33922, 38.72074 ], [ -9.33831, 38.72152 ], [ -9.338280138405981, 38.721545818245332 ], [ -9.33735, 38.72235 ] ] } },
{ "type": "Feature", "properties": { "services_sum": 1.2332990750256938, "total_departures_sum": 62, "route_short_name_sum": null, "services_unique": null, "total_departures_unique": null, "route_short_name_unique": "35" }, "geometry": { "type": "LineString", "coordinates": [ [ -9.336630105972292, 38.687563651736717 ], [ -9.336314946413042, 38.687580400866231 ], [ -9.335457980632784, 38.687508170217235 ], [ -9.335396289825441, 38.687461063232938 ], [ -9.335322626392692, 38.687273230991174 ], [ -9.333, 38.68701 ] ] } },
{ "type": "Feature", "properties": { "services_sum": 1.2332990750256938, "total_departures_sum": 62, "route_short_name_sum": null, "services_unique": null, "total_departures_unique": null, "route_short_name_unique": "35" }, "geometry": { "type": "LineString", "coordinates": [ [ -9.33606, 38.72377 ], [ -9.33605, 38.72387 ] ] } },
{ "type": "Feature", "properties": { "services_sum": 1.2332990750256938, "total_departures_sum": 62, "route_short_name_sum": null, "services_unique": null, "total_departures_unique": null, "route_short_name_unique": "35" }, "geometry": { "type": "LineString", "coordinates": [ [ -9.33574, 38.6902 ], [ -9.33532, 38.69024 ], [ -9.335313644070098, 38.690239661023547 ] ] } },
{ "type": "Feature", "properties": { "services_sum": 1.2332990750256938, "total_departures_sum": 62, "route_short_name_sum": null, "services_unique": null, "total_departures_unique": null, "route_short_name_unique": "35" }, "geometry": { "type": "LineString", "coordinates": [ [ -9.33531, 38.69024 ], [ -9.335297417383636, 38.690241945820745 ], [ -9.33434, 38.69039 ] ] } },
{ "type": "Feature", "properties": { "services_sum": 1.2332990750256938, "total_departures_sum": 62, "route_short_name_sum": null, "services_unique": null, "total_departures_unique": null, "route_short_name_unique": "35" }, "geometry": { "type": "LineString", "coordinates": [ [ -9.33489, 38.72765 ], [ -9.334784106219857, 38.72750559939071 ], [ -9.33478, 38.7275 ] ] } },
{ "type": "Feature", "properties": { "services_sum": 1.2332990750256938, "total_departures_sum": 62, "route_short_name_sum": null, "services_unique": null, "total_departures_unique": null, "route_short_name_unique": "35" }, "geometry": { "type": "LineString", "coordinates": [ [ -9.33406, 38.7241 ], [ -9.33401, 38.72416 ], [ -9.334, 38.72422 ], [ -9.33401, 38.72426 ] ] } },
{ "type": "Feature", "properties": { "services_sum": 1.2332990750256938, "total_departures_sum": 62, "route_short_name_sum": null, "services_unique": null, "total_departures_unique": null, "route_short_name_unique": "35" }, "geometry": { "type": "LineString", "coordinates": [ [ -9.33402, 38.72475 ], [ -9.334009957342113, 38.724780128209005 ], [ -9.33383, 38.72532 ] ] } },
{ "type": "Feature", "properties": { "services_sum": 1.2332990750256938, "total_departures_sum": 62, "route_short_name_sum": null, "services_unique": null, "total_departures_unique": null, "route_short_name_unique": "35" }, "geometry": { "type": "LineString", "coordinates": [ [ -9.33138, 38.68914 ], [ -9.331370237116365, 38.688827587723715 ], [ -9.33137, 38.68882 ], [ -9.33136, 38.68611 ] ] } },
{ "type": "Feature", "properties": { "services_sum": 1.2332990750256938, "total_departures_sum": 62, "route_short_name_sum": null, "services_unique": null, "total_departures_unique": null, "route_short_name_unique": "35" }, "geometry": { "type": "LineString", "coordinates": [ [ -9.33127, 38.68908 ], [ -9.33125016537738, 38.688574217123168 ], [ -9.33125, 38.68857 ], [ -9.33126, 38.68621 ] ] } },
{ "type": "Feature", "properties": { "services_sum": 1.2332990750256938, "total_departures_sum": 62, "route_short_name_sum": null, "services_unique": null, "total_departures_unique": null, "route_short_name_unique": "35" }, "geometry": { "type": "LineString", "coordinates": [ [ -9.33972, 38.73856 ], [ -9.339711378499098, 38.738413434532809 ], [ -9.33971, 38.73839 ], [ -9.33965, 38.7375 ], [ -9.3397, 38.73826 ], [ -9.339700118430654, 38.738261776467212 ], [ -9.33972, 38.73856 ] ] } },
{ "type": "Feature", "properties": { "services_sum": 1.2332990750256938, "total_departures_sum": 62, "route_short_name_sum": null, "services_unique": null, "total_departures_unique": null, "route_short_name_unique": "35" }, "geometry": { "type": "LineString", "coordinates": [ [ -9.33956, 38.71608 ], [ -9.33908, 38.71559 ], [ -9.33904, 38.71553 ], [ -9.33956, 38.71608 ] ] } },
{ "type": "Feature", "properties": { "services_sum": 1.2332990750256938, "total_departures_sum": 62, "route_short_name_sum": null, "services_unique": null, "total_departures_unique": null, "route_short_name_unique": "35" }, "geometry": { "type": "LineString", "coordinates": [ [ -9.33925, 38.71407 ], [ -9.33911, 38.71482 ], [ -9.339109739071796, 38.714821080992721 ], [ -9.33904, 38.71511 ], [ -9.33925, 38.71407 ] ] } },
{ "type": "Feature", "properties": { "services_sum": 1.0002778549597111, "total_departures_sum": 26, "route_short_name_sum": null, "services_unique": null, "total_departures_unique": null, "route_short_name_unique": "36" }, "geometry": { "type": "LineString", "coordinates": [ [ -9.34171, 38.7442 ], [ -9.34136, 38.74199 ], [ -9.34115, 38.74069 ], [ -9.34109, 38.74049 ] ] } },
{ "type": "Feature", "properties": { "services_sum": 1.0002778549597111, "total_departures_sum": 26, "route_short_name_sum": null, "services_unique": null, "total_departures_unique": null, "route_short_name_unique": "36" }, "geometry": { "type": "LineString", "coordinates": [ [ -9.34098, 38.74036 ], [ -9.34048, 38.73983 ], [ -9.33988, 38.73926 ], [ -9.33978, 38.73907 ], [ -9.33968, 38.73898 ], [ -9.3396, 38.73894 ], [ -9.33954, 38.73892 ], [ -9.33947, 38.73887 ], [ -9.33945, 38.73883 ], [ -9.33947, 38.73875 ], [ -9.3395, 38.73872 ] ] } },
{ "type": "Feature", "properties": { "services_sum": 1.0002778549597111, "total_departures_sum": 26, "route_short_name_sum": null, "services_unique": null, "total_departures_unique": null, "route_short_name_unique": "36" }, "geometry": { "type": "LineString", "coordinates": [ [ -9.33959, 38.73868 ], [ -9.33964, 38.73865 ], [ -9.33971, 38.73852 ], [ -9.33971, 38.738398034585416 ], [ -9.33971, 38.73839 ], [ -9.33967, 38.73768 ], [ -9.33962, 38.73742 ], [ -9.33953, 38.73726 ], [ -9.33926, 38.73701 ], [ -9.339263422172005, 38.737011806952175 ], [ -9.33924, 38.73699 ] ] } },
{ "type": "Feature", "properties": { "services_sum": 1.0002778549597111, "total_departures_sum": 26, "route_short_name_sum": null, "services_unique": null, "total_departures_unique": null, "route_short_name_unique": "36" }, "geometry": { "type": "LineString", "coordinates": [ [ -9.3388, 38.73431 ], [ -9.338487486131781, 38.733789143788755 ], [ -9.33847, 38.73376 ], [ -9.336749114992454, 38.730842409065886 ], [ -9.33527, 38.72834 ] ] } },
{ "type": "Feature", "properties": { "services_sum": 1.0002778549597111, "total_departures_sum": 26, "route_short_name_sum": null, "services_unique": null, "total_departures_unique": null, "route_short_name_unique": "36" }, "geometry": { "type": "LineString", "coordinates": [ [ -9.33747, 38.68749 ], [ -9.337071232457678, 38.68746082188715 ], [ -9.336854070425035, 38.68754690260328 ], [ -9.336624741554262, 38.687568885840115 ] ] } },
{ "type": "Feature", "properties": { "services_sum": 1.0002778549597111, "total_departures_sum": 26, "route_short_name_sum": null, "services_unique": null, "total_departures_unique": null, "route_short_name_unique": "36" }, "geometry": { "type": "LineString", "coordinates": [ [ -9.33672, 38.69097 ], [ -9.336719583327259, 38.690978500244185 ], [ -9.33667, 38.69199 ] ] } },
{ "type": "Feature", "properties": { "services_sum": 1.0002778549597111, "total_departures_sum": 26, "route_short_name_sum": null, "services_unique": null, "total_departures_unique": null, "route_short_name_unique": "36" }, "geometry": { "type": "LineString", "coordinates": [ [ -9.33574, 38.6902 ], [ -9.335316038676151, 38.690239438273899 ], [ -9.33434, 38.69039 ] ] } },
{ "type": "Feature", "properties": { "services_sum": 1.0002778549597111, "total_departures_sum": 26, "route_short_name_sum": null, "services_unique": null, "total_departures_unique": null, "route_short_name_unique": "36" }, "geometry": { "type": "LineString", "coordinates": [ [ -9.33561, 38.69396 ], [ -9.33467, 38.694 ], [ -9.334660303923526, 38.694000461726255 ], [ -9.33446, 38.69401 ], [ -9.3337, 38.69409 ], [ -9.33321, 38.69419 ], [ -9.33197, 38.69456 ], [ -9.33183, 38.69467 ], [ -9.33177, 38.6948 ], [ -9.33167, 38.6951 ], [ -9.33168, 38.69528 ], [ -9.33171, 38.69534 ], [ -9.33176, 38.69541 ], [ -9.33195, 38.6956 ], [ -9.33198, 38.69569 ], [ -9.33194, 38.69578 ], [ -9.33187, 38.69586 ], [ -9.33177, 38.69596 ], [ -9.33164, 38.69604 ] ] } },
{ "type": "Feature", "properties": { "services_sum": 1.0002778549597111, "total_departures_sum": 26, "route_short_name_sum": null, "services_unique": null, "total_departures_unique": null, "route_short_name_unique": "36" }, "geometry": { "type": "LineString", "coordinates": [ [ -9.33489, 38.72765 ], [ -9.334783856176401, 38.727505258422362 ], [ -9.33478, 38.7275 ] ] } },
{ "type": "Feature", "properties": { "services_sum": 1.0002778549597111, "total_departures_sum": 26, "route_short_name_sum": null, "services_unique": null, "total_departures_unique": null, "route_short_name_unique": "36" }, "geometry": { "type": "LineString", "coordinates": [ [ -9.33402, 38.72475 ], [ -9.334008189885608, 38.72478543061721 ], [ -9.33401, 38.72478 ], [ -9.33383, 38.72532 ] ] } },
{ "type": "Feature", "properties": { "services_sum": 1.0002778549597111, "total_departures_sum": 26, "route_short_name_sum": null, "services_unique": null, "total_departures_unique": null, "route_short_name_unique": "36" }, "geometry": { "type": "LineString", "coordinates": [ [ -9.33382, 38.72417 ], [ -9.33314, 38.72419 ], [ -9.333, 38.72422 ], [ -9.33272, 38.72429 ], [ -9.33248, 38.72437 ], [ -9.33205, 38.7246 ], [ -9.33158, 38.72482 ], [ -9.33132, 38.72487 ], [ -9.331290941065557, 38.724870000006298 ], [ -9.33124, 38.72487 ], [ -9.33084, 38.72486 ], [ -9.33063, 38.7248 ], [ -9.33035, 38.72465 ], [ -9.33017, 38.72459 ], [ -9.33015, 38.72454 ], [ -9.33015, 38.72448 ], [ -9.33022, 38.72441 ], [ -9.33026, 38.72434 ], [ -9.330304008952126, 38.724128757115949 ], [ -9.33031, 38.7241 ], [ -9.33036, 38.72377 ], [ -9.33038, 38.72341 ], [ -9.33034, 38.72321 ], [ -9.33026, 38.72301 ], [ -9.33014, 38.72282 ], [ -9.32998, 38.72264 ], [ -9.32988, 38.72258 ], [ -9.32924, 38.72208 ], [ -9.32908, 38.72194 ], [ -9.328652748547919, 38.721417804025364 ], [ -9.32863, 38.72139 ], [ -9.32806, 38.72065 ], [ -9.3277, 38.71999 ], [ -9.32754, 38.71974 ], [ -9.32736, 38.71954 ], [ -9.326709968450004, 38.718928205924414 ], [ -9.32668, 38.7189 ], [ -9.32656, 38.71878 ], [ -9.32618, 38.71846 ], [ -9.32597, 38.71836 ], [ -9.32575, 38.71831 ], [ -9.32551, 38.71829 ], [ -9.32525, 38.71832 ], [ -9.32499, 38.71838 ], [ -9.32392, 38.71871 ], [ -9.32376, 38.71871 ], [ -9.32365, 38.71867 ], [ -9.32355, 38.71857 ], [ -9.32352, 38.71846 ], [ -9.32352, 38.71835 ], [ -9.323654870594623, 38.718198270655506 ], [ -9.32368, 38.71817 ], [ -9.3238, 38.71804 ], [ -9.32425, 38.71761 ], [ -9.32469, 38.71738 ], [ -9.32517, 38.7171 ], [ -9.325346551273556, 38.716965484817067 ], [ -9.32538, 38.71694 ], [ -9.32547, 38.71687 ], [ -9.32584, 38.71651 ], [ -9.32612, 38.71611 ], [ -9.32619, 38.71585 ], [ -9.32624, 38.71552 ], [ -9.32665847127222, 38.714911314818174 ], [ -9.32668, 38.71488 ], [ -9.32674, 38.71479 ], [ -9.32707, 38.71415 ], [ -9.32727, 38.71387 ], [ -9.32755, 38.71365 ], [ -9.32796, 38.71339 ], [ -9.328174094354738, 38.713140223382034 ], [ -9.3282, 38.71311 ], [ -9.32859, 38.71271 ], [ -9.32893, 38.71245 ], [ -9.32942, 38.71211 ], [ -9.32966, 38.71181 ], [ -9.329662831654895, 38.711804336693142 ], [ -9.32968, 38.71177 ], [ -9.32983, 38.71141 ], [ -9.32984, 38.71128 ], [ -9.32982, 38.71116 ], [ -9.32974, 38.71107 ], [ -9.32972, 38.71099 ], [ -9.32974, 38.71091 ], [ -9.32983, 38.71081 ], [ -9.32981, 38.71056 ], [ -9.329798642958545, 38.710541071606713 ], [ -9.32978, 38.71051 ], [ -9.32967, 38.71037 ], [ -9.32798, 38.70877 ], [ -9.327801949855701, 38.708511827422342 ], [ -9.32778, 38.70848 ] ] } },
{ "type": "Feature", "properties": { "services_sum": 1.0002778549597111, "total_departures_sum": 26, "route_short_name_sum": null, "services_unique": null, "total_departures_unique": null, "route_short_name_unique": "36" }, "geometry": { "type": "LineString", "coordinates": [ [ -9.33127, 38.68908 ], [ -9.33126, 38.6888 ], [ -9.33126, 38.68621 ] ] } },
{ "type": "Feature", "properties": { "services_sum": 1.0002778549597111, "total_departures_sum": 26, "route_short_name_sum": null, "services_unique": null, "total_departures_unique": null, "route_short_name_unique": "36" }, "geometry": { "type": "LineString", "coordinates": [ [ -9.32966, 38.69728 ], [ -9.32973, 38.69762 ], [ -9.32972, 38.69767 ], [ -9.3297, 38.6977 ], [ -9.32949, 38.69777 ] ] } },
{ "type": "Feature", "properties": { "services_sum": 1.0002778549597111, "total_departures_sum": 26, "route_short_name_sum": null, "services_unique": null, "total_departures_unique": null, "route_short_name_unique": "36" }, "geometry": { "type": "LineString", "coordinates": [ [ -9.32879, 38.69783 ], [ -9.328776578043486, 38.697831245392393 ], [ -9.32782, 38.69792 ] ] } },
{ "type": "Feature", "properties": { "services_sum": 1.0002778549597111, "total_departures_sum": 26, "route_short_name_sum": null, "services_unique": null, "total_departures_unique": null, "route_short_name_unique": "36" }, "geometry": { "type": "LineString", "coordinates": [ [ -9.3277, 38.70836 ], [ -9.3273, 38.70758 ], [ -9.3271, 38.70735 ], [ -9.32698, 38.70735 ], [ -9.32695, 38.70733 ], [ -9.32692, 38.7073 ], [ -9.32691, 38.70724 ], [ -9.32693, 38.7072 ], [ -9.32615, 38.70657 ], [ -9.325369368756075, 38.706107403917542 ], [ -9.32534, 38.70609 ] ] } },
{ "type": "Feature", "properties": { "services_sum": 1.0002778549597111, "total_departures_sum": 26, "route_short_name_sum": null, "services_unique": null, "total_departures_unique": null, "route_short_name_unique": "36" }, "geometry": { "type": "LineString", "coordinates": [ [ -9.32687, 38.69815 ], [ -9.326853100095008, 38.698158656101548 ], [ -9.32646, 38.69836 ] ] } },
{ "type": "Feature", "properties": { "services_sum": 1.0002778549597111, "total_departures_sum": 26, "route_short_name_sum": null, "services_unique": null, "total_departures_unique": null, "route_short_name_unique": "36" }, "geometry": { "type": "LineString", "coordinates": [ [ -9.32541, 38.69972 ], [ -9.325406848588182, 38.699734239956321 ], [ -9.3254, 38.69973 ], [ -9.32534, 38.70008 ], [ -9.32608, 38.70007 ], [ -9.32637, 38.70003 ], [ -9.32659, 38.69998 ], [ -9.32681, 38.6999 ], [ -9.32691, 38.69988 ], [ -9.32704, 38.69987 ], [ -9.32711, 38.69989 ], [ -9.32746, 38.70008 ], [ -9.3276, 38.70018 ], [ -9.32766, 38.70027 ], [ -9.32764, 38.70039 ], [ -9.32742, 38.7012 ], [ -9.32713, 38.7026 ], [ -9.32699, 38.70314 ], [ -9.3269, 38.70359 ], [ -9.32682, 38.70394 ], [ -9.32665, 38.70403 ], [ -9.32651, 38.70402 ], [ -9.32584, 38.70373 ], [ -9.325763390923685, 38.70370127159638 ], [ -9.32576, 38.7037 ], [ -9.32529, 38.70358 ], [ -9.32482, 38.70348 ], [ -9.32463, 38.70336 ], [ -9.32452, 38.70326 ] ] } },
{ "type": "Feature", "properties": { "services_sum": 1.0002778549597111, "total_departures_sum": 26, "route_short_name_sum": null, "services_unique": null, "total_departures_unique": null, "route_short_name_unique": "36" }, "geometry": { "type": "LineString", "coordinates": [ [ -9.32462, 38.70568 ], [ -9.324216399488979, 38.705151475708192 ], [ -9.3242, 38.70513 ] ] } },
{ "type": "Feature", "properties": { "services_sum": 1.0002778549597111, "total_departures_sum": 26, "route_short_name_sum": null, "services_unique": null, "total_departures_unique": null, "route_short_name_unique": "36" }, "geometry": { "type": "LineString", "coordinates": [ [ -9.32422, 38.70347 ], [ -9.3234830159822, 38.703622123007015 ], [ -9.32342, 38.70363 ], [ -9.32337, 38.70361 ], [ -9.32328, 38.70361 ], [ -9.32323, 38.70364 ], [ -9.32321, 38.70371 ], [ -9.32327, 38.70377 ], [ -9.32337, 38.70378 ], [ -9.32341, 38.70393 ], [ -9.32373, 38.70445 ] ] } },
{ "type": "Feature", "properties": { "services_sum": 2.4665981500513876, "total_departures_sum": 124, "route_short_name_sum": null, "services_unique": null, "total_departures_unique": null, "route_short_name_unique": "35" }, "geometry": { "type": "LineString", "coordinates": [ [ -9.34125, 38.69016 ], [ -9.34111, 38.6902 ] ] } },
{ "type": "Feature", "properties": { "services_sum": 2.4665981500513876, "total_departures_sum": 124, "route_short_name_sum": null, "services_unique": null, "total_departures_unique": null, "route_short_name_unique": "35" }, "geometry": { "type": "LineString", "coordinates": [ [ -9.34098, 38.74036 ], [ -9.33989, 38.73924 ], [ -9.3397, 38.73892 ] ] } },
{ "type": "Feature", "properties": { "services_sum": 2.4665981500513876, "total_departures_sum": 124, "route_short_name_sum": null, "services_unique": null, "total_departures_unique": null, "route_short_name_unique": "35" }, "geometry": { "type": "LineString", "coordinates": [ [ -9.33972, 38.73856 ], [ -9.33969, 38.73869 ] ] } },
{ "type": "Feature", "properties": { "services_sum": 2.4665981500513876, "total_departures_sum": 124, "route_short_name_sum": null, "services_unique": null, "total_departures_unique": null, "route_short_name_unique": "35" }, "geometry": { "type": "LineString", "coordinates": [ [ -9.33965, 38.7375 ], [ -9.3396, 38.73736 ], [ -9.33953, 38.73726 ] ] } },
{ "type": "Feature", "properties": { "services_sum": 2.4665981500513876, "total_departures_sum": 124, "route_short_name_sum": null, "services_unique": null, "total_departures_unique": null, "route_short_name_unique": "35" }, "geometry": { "type": "LineString", "coordinates": [ [ -9.33956, 38.71608 ], [ -9.33962, 38.71617 ], [ -9.33964, 38.71626 ], [ -9.33963, 38.71657 ], [ -9.33951, 38.71754 ] ] } },
{ "type": "Feature", "properties": { "services_sum": 2.4665981500513876, "total_departures_sum": 124, "route_short_name_sum": null, "services_unique": null, "total_departures_unique": null, "route_short_name_unique": "35" }, "geometry": { "type": "LineString", "coordinates": [ [ -9.33934, 38.72056 ], [ -9.33922, 38.72074 ] ] } },
{ "type": "Feature", "properties": { "services_sum": 2.4665981500513876, "total_departures_sum": 124, "route_short_name_sum": null, "services_unique": null, "total_departures_unique": null, "route_short_name_unique": "35" }, "geometry": { "type": "LineString", "coordinates": [ [ -9.33925, 38.71407 ], [ -9.33926, 38.71379 ], [ -9.33919, 38.71325 ], [ -9.33909, 38.71294 ] ] } },
{ "type": "Feature", "properties": { "services_sum": 2.4665981500513876, "total_departures_sum": 124, "route_short_name_sum": null, "services_unique": null, "total_departures_unique": null, "route_short_name_unique": "35" }, "geometry": { "type": "LineString", "coordinates": [ [ -9.33904, 38.71511 ], [ -9.339, 38.71542 ], [ -9.33904, 38.71553 ] ] } },
{ "type": "Feature", "properties": { "services_sum": 2.4665981500513876, "total_departures_sum": 124, "route_short_name_sum": null, "services_unique": null, "total_departures_unique": null, "route_short_name_unique": "35" }, "geometry": { "type": "LineString", "coordinates": [ [ -9.33392, 38.6905 ], [ -9.333914010623278, 38.690501858781623 ] ] } },
{ "type": "Feature", "properties": { "services_sum": 3.4668760050110987, "total_departures_sum": 150, "route_short_name_sum": null, "services_unique": null, "total_departures_unique": null, "route_short_name_unique": "35, 36" }, "geometry": { "type": "LineString", "coordinates": [ [ -9.34109, 38.74049 ], [ -9.34098, 38.74036 ] ] } },
{ "type": "Feature", "properties": { "services_sum": 3.4668760050110987, "total_departures_sum": 150, "route_short_name_sum": null, "services_unique": null, "total_departures_unique": null, "route_short_name_unique": "35, 36" }, "geometry": { "type": "LineString", "coordinates": [ [ -9.33893, 38.73457 ], [ -9.33915, 38.73543 ], [ -9.33932, 38.73599 ], [ -9.33931, 38.73605 ], [ -9.33921, 38.7363 ], [ -9.33918, 38.73644 ], [ -9.33918, 38.73683 ], [ -9.3392, 38.73695 ] ] } },
{ "type": "Feature", "properties": { "services_sum": 2.2335769299854049, "total_departures_sum": 88, "route_short_name_sum": null, "services_unique": null, "total_departures_unique": null, "route_short_name_unique": "36, 35" }, "geometry": { "type": "LineString", "coordinates": [ [ -9.33959, 38.73868 ], [ -9.3395, 38.73872 ] ] } },
{ "type": "Feature", "properties": { "services_sum": 2.2335769299854049, "total_departures_sum": 88, "route_short_name_sum": null, "services_unique": null, "total_departures_unique": null, "route_short_name_unique": "36, 35" }, "geometry": { "type": "LineString", "coordinates": [ [ -9.33924, 38.73699 ], [ -9.3392, 38.73695 ] ] } },
{ "type": "Feature", "properties": { "services_sum": 2.2335769299854049, "total_departures_sum": 88, "route_short_name_sum": null, "services_unique": null, "total_departures_unique": null, "route_short_name_unique": "36, 35" }, "geometry": { "type": "LineString", "coordinates": [ [ -9.33893, 38.73457 ], [ -9.3388, 38.73431 ] ] } },
{ "type": "Feature", "properties": { "services_sum": 2.2335769299854049, "total_departures_sum": 88, "route_short_name_sum": null, "services_unique": null, "total_departures_unique": null, "route_short_name_unique": "36, 35" }, "geometry": { "type": "LineString", "coordinates": [ [ -9.33527, 38.72834 ], [ -9.33522, 38.72805 ], [ -9.33514, 38.72799 ], [ -9.33509, 38.72792 ], [ -9.33509, 38.72784 ], [ -9.33494, 38.72769 ], [ -9.33489, 38.72765 ] ] } },
{ "type": "Feature", "properties": { "services_sum": 2.2335769299854049, "total_departures_sum": 88, "route_short_name_sum": null, "services_unique": null, "total_departures_unique": null, "route_short_name_unique": "36, 35" }, "geometry": { "type": "LineString", "coordinates": [ [ -9.33478, 38.7275 ], [ -9.33385, 38.72592 ], [ -9.3338, 38.72575 ], [ -9.33376, 38.72559 ], [ -9.33383, 38.72532 ] ] } },
{ "type": "Feature", "properties": { "services_sum": 2.2335769299854049, "total_departures_sum": 88, "route_short_name_sum": null, "services_unique": null, "total_departures_unique": null, "route_short_name_unique": "36, 35" }, "geometry": { "type": "LineString", "coordinates": [ [ -9.33409, 38.72431 ], [ -9.33414, 38.72432 ], [ -9.33402, 38.72475 ] ] } },
{ "type": "Feature", "properties": { "services_sum": 5.5674659732381606, "total_departures_sum": 418, "route_short_name_sum": null, "services_unique": null, "total_departures_unique": null, "route_short_name_unique": "31, 36, 35, 23, 22" }, "geometry": { "type": "LineString", "coordinates": [ [ -9.33787, 38.68728 ], [ -9.33796, 38.68727 ], [ -9.33805, 38.68731 ], [ -9.33808, 38.68735 ], [ -9.33807, 38.68742 ], [ -9.33801, 38.68748 ], [ -9.33797, 38.68749 ], [ -9.33792, 38.6875 ], [ -9.33784, 38.68747 ] ] } },
{ "type": "Feature", "properties": { "services_sum": 5.5674659732381606, "total_departures_sum": 418, "route_short_name_sum": null, "services_unique": null, "total_departures_unique": null, "route_short_name_unique": "31, 36, 35, 23, 22" }, "geometry": { "type": "LineString", "coordinates": [ [ -9.33761, 38.68739 ], [ -9.33284, 38.68687 ], [ -9.33281, 38.68684 ], [ -9.33273, 38.68681 ], [ -9.33264, 38.68682 ], [ -9.3326, 38.68684 ], [ -9.33245, 38.68681 ], [ -9.33234, 38.68675 ], [ -9.33225, 38.68667 ], [ -9.33217, 38.68656 ], [ -9.33206, 38.68619 ], [ -9.33197, 38.68605 ], [ -9.33184, 38.68594 ], [ -9.33153, 38.68576 ], [ -9.33151, 38.68572 ], [ -9.33143, 38.68567 ], [ -9.33139, 38.68565 ], [ -9.33124, 38.68565 ], [ -9.33115, 38.68569 ], [ -9.33109, 38.68575 ], [ -9.33107, 38.68582 ], [ -9.3311, 38.68591 ], [ -9.33118, 38.68598 ], [ -9.33122, 38.68606 ], [ -9.33126, 38.68621 ] ] } },
{ "type": "Feature", "properties": { "services_sum": 5.5674659732381606, "total_departures_sum": 418, "route_short_name_sum": null, "services_unique": null, "total_departures_unique": null, "route_short_name_unique": "31, 36, 35, 23, 22" }, "geometry": { "type": "LineString", "coordinates": [ [ -9.33175, 38.69138 ], [ -9.33172, 38.69134 ], [ -9.33171, 38.69125 ], [ -9.33173, 38.69121 ], [ -9.33177, 38.69108 ], [ -9.33176, 38.69101 ], [ -9.33147, 38.69002 ], [ -9.33131, 38.68942 ], [ -9.33127, 38.68908 ] ] } },
{ "type": "Feature", "properties": { "services_sum": 4.2341326399048267, "total_departures_sum": 286, "route_short_name_sum": null, "services_unique": null, "total_departures_unique": null, "route_short_name_unique": "31, 36, 35, 22" }, "geometry": { "type": "LineString", "coordinates": [ [ -9.33787, 38.68728 ], [ -9.33771, 38.68736 ], [ -9.33761, 38.68739 ] ] } },
{ "type": "Feature", "properties": { "services_sum": 4.2341326399048267, "total_departures_sum": 286, "route_short_name_sum": null, "services_unique": null, "total_departures_unique": null, "route_short_name_unique": "31, 36, 35, 22" }, "geometry": { "type": "LineString", "coordinates": [ [ -9.33784, 38.68747 ], [ -9.33776, 38.68746 ], [ -9.33747, 38.68749 ] ] } },
{ "type": "Feature", "properties": { "services_sum": 4.2341326399048267, "total_departures_sum": 286, "route_short_name_sum": null, "services_unique": null, "total_departures_unique": null, "route_short_name_unique": "31, 36, 35, 22" }, "geometry": { "type": "LineString", "coordinates": [ [ -9.33672, 38.69049 ], [ -9.3367, 38.69042 ], [ -9.33652, 38.69029 ] ] } },
{ "type": "Feature", "properties": { "services_sum": 4.2341326399048267, "total_departures_sum": 286, "route_short_name_sum": null, "services_unique": null, "total_departures_unique": null, "route_short_name_unique": "31, 36, 35, 22" }, "geometry": { "type": "LineString", "coordinates": [ [ -9.33363, 38.69059 ], [ -9.33362, 38.69064 ], [ -9.3336, 38.69066 ], [ -9.33355, 38.69067 ], [ -9.3335, 38.69065 ], [ -9.33299, 38.69079 ] ] } },
{ "type": "Feature", "properties": { "services_sum": 4.2341326399048267, "total_departures_sum": 286, "route_short_name_sum": null, "services_unique": null, "total_departures_unique": null, "route_short_name_unique": "31, 36, 35, 22" }, "geometry": { "type": "LineString", "coordinates": [ [ -9.33284, 38.69087 ], [ -9.33219, 38.69131 ], [ -9.33206, 38.69143 ], [ -9.332, 38.69145 ], [ -9.3319, 38.69146 ], [ -9.33184, 38.69144 ], [ -9.33175, 38.69138 ] ] } },
{ "type": "Feature", "properties": { "services_sum": 3.0008335648791333, "total_departures_sum": 224, "route_short_name_sum": null, "services_unique": null, "total_departures_unique": null, "route_short_name_unique": "31, 36, 22" }, "geometry": { "type": "LineString", "coordinates": [ [ -9.33672, 38.69049 ], [ -9.33672, 38.69097 ] ] } },
{ "type": "Feature", "properties": { "services_sum": 3.0008335648791333, "total_departures_sum": 224, "route_short_name_sum": null, "services_unique": null, "total_departures_unique": null, "route_short_name_unique": "31, 36, 22" }, "geometry": { "type": "LineString", "coordinates": [ [ -9.33624, 38.69267 ], [ -9.33591, 38.6931 ] ] } },
{ "type": "Feature", "properties": { "services_sum": 7.4679874248499427, "total_departures_sum": 546, "route_short_name_sum": null, "services_unique": null, "total_departures_unique": null, "route_short_name_unique": "31, 35, 36, 22" }, "geometry": { "type": "LineString", "coordinates": [ [ -9.33652, 38.69029 ], [ -9.33605, 38.6902 ], [ -9.33574, 38.6902 ] ] } },
{ "type": "Feature", "properties": { "services_sum": 7.4679874248499427, "total_departures_sum": 546, "route_short_name_sum": null, "services_unique": null, "total_departures_unique": null, "route_short_name_unique": "31, 35, 36, 22" }, "geometry": { "type": "LineString", "coordinates": [ [ -9.33299, 38.69079 ], [ -9.33284, 38.69087 ] ] } },
{ "type": "Feature", "properties": { "services_sum": 2.5666324083590268, "total_departures_sum": 194, "route_short_name_sum": null, "services_unique": null, "total_departures_unique": null, "route_short_name_unique": "23, 35" }, "geometry": { "type": "LineString", "coordinates": [ [ -9.33606, 38.72377 ], [ -9.33603, 38.72372 ] ] } },
{ "type": "Feature", "properties": { "services_sum": 2.5666324083590268, "total_departures_sum": 194, "route_short_name_sum": null, "services_unique": null, "total_departures_unique": null, "route_short_name_unique": "23, 35" }, "geometry": { "type": "LineString", "coordinates": [ [ -9.33583, 38.72364 ], [ -9.33572, 38.72368 ], [ -9.33567, 38.72372 ], [ -9.33565, 38.72378 ], [ -9.3354, 38.72399 ] ] } },
{ "type": "Feature", "properties": { "services_sum": 2.5666324083590268, "total_departures_sum": 194, "route_short_name_sum": null, "services_unique": null, "total_departures_unique": null, "route_short_name_unique": "23, 35" }, "geometry": { "type": "LineString", "coordinates": [ [ -9.33512, 38.72403 ], [ -9.33419, 38.72408 ], [ -9.33415, 38.72408 ], [ -9.33406, 38.7241 ] ] } },
{ "type": "Feature", "properties": { "services_sum": 2.5666324083590268, "total_departures_sum": 194, "route_short_name_sum": null, "services_unique": null, "total_departures_unique": null, "route_short_name_unique": "35, 23" }, "geometry": { "type": "LineString", "coordinates": [ [ -9.33605, 38.72387 ], [ -9.33597, 38.72394 ], [ -9.33591, 38.72397 ], [ -9.33583, 38.72397 ], [ -9.33576, 38.72395 ], [ -9.33551, 38.72396 ], [ -9.3354, 38.72399 ] ] } },
{ "type": "Feature", "properties": { "services_sum": 2.5666324083590268, "total_departures_sum": 194, "route_short_name_sum": null, "services_unique": null, "total_departures_unique": null, "route_short_name_unique": "35, 23" }, "geometry": { "type": "LineString", "coordinates": [ [ -9.33512, 38.72403 ], [ -9.33457, 38.72406 ], [ -9.33437, 38.72415 ], [ -9.33431, 38.72419 ], [ -9.33429, 38.72426 ], [ -9.33426, 38.72429 ], [ -9.33418, 38.72432 ] ] } },
{ "type": "Feature", "properties": { "services_sum": 2.3336111882930446, "total_departures_sum": 158, "route_short_name_sum": null, "services_unique": null, "total_departures_unique": null, "route_short_name_unique": "36, 23" }, "geometry": { "type": "LineString", "coordinates": [ [ -9.33401, 38.72426 ], [ -9.33382, 38.72417 ] ] } },
{ "type": "Feature", "properties": { "services_sum": 2.3336111882930446, "total_departures_sum": 158, "route_short_name_sum": null, "services_unique": null, "total_departures_unique": null, "route_short_name_unique": "36, 23" }, "geometry": { "type": "LineString", "coordinates": [ [ -9.33164, 38.69604 ], [ -9.33151, 38.69607 ], [ -9.3314, 38.69607 ], [ -9.33051, 38.69586 ], [ -9.33018, 38.69584 ], [ -9.33009, 38.69581 ], [ -9.33005, 38.69579 ], [ -9.32995, 38.69579 ], [ -9.32987, 38.69582 ], [ -9.32983, 38.69586 ], [ -9.32981, 38.69594 ], [ -9.32974, 38.69607 ], [ -9.32967, 38.69628 ] ] } },
{ "type": "Feature", "properties": { "services_sum": 2.3336111882930446, "total_departures_sum": 158, "route_short_name_sum": null, "services_unique": null, "total_departures_unique": null, "route_short_name_unique": "36, 23" }, "geometry": { "type": "LineString", "coordinates": [ [ -9.32966, 38.69728 ], [ -9.32965, 38.69681 ] ] } },
{ "type": "Feature", "properties": { "services_sum": 2.3336111882930446, "total_departures_sum": 158, "route_short_name_sum": null, "services_unique": null, "total_departures_unique": null, "route_short_name_unique": "36, 23" }, "geometry": { "type": "LineString", "coordinates": [ [ -9.32949, 38.69777 ], [ -9.32879, 38.69783 ] ] } },
{ "type": "Feature", "properties": { "services_sum": 2.3336111882930446, "total_departures_sum": 158, "route_short_name_sum": null, "services_unique": null, "total_departures_unique": null, "route_short_name_unique": "36, 23" }, "geometry": { "type": "LineString", "coordinates": [ [ -9.32782, 38.69792 ], [ -9.32745, 38.69797 ], [ -9.32716, 38.69803 ], [ -9.32687, 38.69815 ] ] } },
{ "type": "Feature", "properties": { "services_sum": 2.3336111882930446, "total_departures_sum": 158, "route_short_name_sum": null, "services_unique": null, "total_departures_unique": null, "route_short_name_unique": "36, 23" }, "geometry": { "type": "LineString", "coordinates": [ [ -9.32778, 38.70848 ], [ -9.3277, 38.70836 ] ] } },
{ "type": "Feature", "properties": { "services_sum": 2.3336111882930446, "total_departures_sum": 158, "route_short_name_sum": null, "services_unique": null, "total_departures_unique": null, "route_short_name_unique": "36, 23" }, "geometry": { "type": "LineString", "coordinates": [ [ -9.32646, 38.69836 ], [ -9.32612, 38.6986 ], [ -9.32585, 38.69886 ], [ -9.32561, 38.69918 ], [ -9.32541, 38.69972 ] ] } },
{ "type": "Feature", "properties": { "services_sum": 2.3336111882930446, "total_departures_sum": 158, "route_short_name_sum": null, "services_unique": null, "total_departures_unique": null, "route_short_name_unique": "36, 23" }, "geometry": { "type": "LineString", "coordinates": [ [ -9.32534, 38.70609 ], [ -9.32481, 38.70584 ] ] } },
{ "type": "Feature", "properties": { "services_sum": 2.3336111882930446, "total_departures_sum": 158, "route_short_name_sum": null, "services_unique": null, "total_departures_unique": null, "route_short_name_unique": "36, 23" }, "geometry": { "type": "LineString", "coordinates": [ [ -9.3242, 38.70513 ], [ -9.32373, 38.70445 ] ] } },
{ "type": "Feature", "properties": { "services_sum": 4.5671881182784491, "total_departures_sum": 392, "route_short_name_sum": null, "services_unique": null, "total_departures_unique": null, "route_short_name_unique": "23, 31, 35, 22" }, "geometry": { "type": "LineString", "coordinates": [ [ -9.333, 38.68701 ], [ -9.33282, 38.687 ], [ -9.33276, 38.68703 ], [ -9.33267, 38.68704 ], [ -9.33258, 38.68699 ], [ -9.3324, 38.68694 ] ] } },
{ "type": "Feature", "properties": { "services_sum": 4.5671881182784491, "total_departures_sum": 392, "route_short_name_sum": null, "services_unique": null, "total_departures_unique": null, "route_short_name_unique": "23, 31, 35, 22" }, "geometry": { "type": "LineString", "coordinates": [ [ -9.3322, 38.68684 ], [ -9.33209, 38.68672 ], [ -9.33202, 38.68661 ], [ -9.33189, 38.68616 ], [ -9.33184, 38.68607 ], [ -9.33176, 38.686 ], [ -9.33168, 38.68596 ], [ -9.33149, 38.68594 ], [ -9.3314, 38.68599 ], [ -9.33136, 38.68611 ] ] } },
{ "type": "Feature", "properties": { "services_sum": 4.5671881182784491, "total_departures_sum": 392, "route_short_name_sum": null, "services_unique": null, "total_departures_unique": null, "route_short_name_unique": "23, 31, 35, 22" }, "geometry": { "type": "LineString", "coordinates": [ [ -9.33189, 38.69103 ], [ -9.33183, 38.69091 ], [ -9.33145, 38.68958 ], [ -9.33138, 38.68914 ] ] } },
{ "type": "Feature", "properties": { "services_sum": 2.0005557099194222, "total_departures_sum": 52, "route_short_name_sum": null, "services_unique": null, "total_departures_unique": null, "route_short_name_unique": "36" }, "geometry": { "type": "LineString", "coordinates": [ [ -9.33126031334354, 38.688808773619108 ], [ -9.33126, 38.6888 ] ] } },
{ "type": "Feature", "properties": { "services_sum": 2.0005557099194222, "total_departures_sum": 52, "route_short_name_sum": null, "services_unique": null, "total_departures_unique": null, "route_short_name_unique": "36" }, "geometry": { "type": "LineString", "coordinates": [ [ -9.32742, 38.7012 ], [ -9.327418846706896, 38.70120576646552 ] ] } },
{ "type": "Feature", "properties": { "services_sum": 2.0005557099194222, "total_departures_sum": 52, "route_short_name_sum": null, "services_unique": null, "total_departures_unique": null, "route_short_name_unique": "36" }, "geometry": { "type": "LineString", "coordinates": [ [ -9.3269, 38.70359 ], [ -9.326898168800346, 38.703598011498485 ] ] } },
{ "type": "Feature", "properties": { "services_sum": 3.6669445216263776, "total_departures_sum": 290, "route_short_name_sum": null, "services_unique": null, "total_departures_unique": null, "route_short_name_unique": "23, 36" }, "geometry": { "type": "LineString", "coordinates": [ [ -9.32967, 38.69628 ], [ -9.32965, 38.69681 ] ] } },
{ "type": "Feature", "properties": { "services_sum": 3.6669445216263776, "total_departures_sum": 290, "route_short_name_sum": null, "services_unique": null, "total_departures_unique": null, "route_short_name_unique": "23, 36" }, "geometry": { "type": "LineString", "coordinates": [ [ -9.32481, 38.70584 ], [ -9.32462, 38.70568 ] ] } },
{ "type": "Feature", "properties": { "services_sum": 3.6669445216263776, "total_departures_sum": 290, "route_short_name_sum": null, "services_unique": null, "total_departures_unique": null, "route_short_name_unique": "23, 36" }, "geometry": { "type": "LineString", "coordinates": [ [ -9.32452, 38.70326 ], [ -9.32443, 38.70336 ] ] } }
]
}
