Dicofre,services,lines
"110501",52.6715383506791,"CarrisMetropolitana 1621, CarrisMetropolitana 1623, CarrisMetropolitana 1624, CarrisMetropolitana 1625, CarrisMetropolitana 1626, CarrisMetropolitana 1627, CarrisMetropolitana 1629, CarrisMetropolitana 1630, CarrisMetropolitana 1631, MobiCascais 8, MobiCascais 31, MobiCascais 7, MobiCascais 22, MobiCascais 19, MobiCascais 20, MobiCascais 6, MobiCascais 11, MobiCascais 14, MobiCascais 13, MobiCascais 12, MobiCascais 17, MobiCascais 24, MobiCascais 2, MobiCascais 18"
"110506",60.2368510435789,"CarrisMetropolitana 1607, CarrisMetropolitana 1608, CarrisMetropolitana 1613, CarrisMetropolitana 1614, CarrisMetropolitana 1615, CarrisMetropolitana 1622, CarrisMetropolitana 1638, CarrisMetropolitana 1610, CarrisMetropolitana 1616, CarrisMetropolitana 1617, MobiCascais 31, MobiCascais 16, MobiCascais 22, MobiCascais 37, MobiCascais 35, MobiCascais 23, MobiCascais 36, MobiCascais 30, MobiCascais 32, MobiCascais 33, MobiCascais 26, MobiCascais 25, MobiCascais 24"
"110507",63.7976145936055,"CarrisMetropolitana 1604, CarrisMetropolitana 1607, CarrisMetropolitana 1608, CarrisMetropolitana 1612, CarrisMetropolitana 1613, CarrisMetropolitana 1614, CarrisMetropolitana 1615, CarrisMetropolitana 1622, CarrisMetropolitana 1638, CarrisMetropolitana 1121, CarrisMetropolitana 1601, CP Linha de Cascais, MobiCascais 31, MobiCascais 16, MobiCascais 22, MobiCascais 35, MobiCascais 36, MobiCascais 30, MobiCascais 32, MobiCascais 33, MobiCascais 26, MobiCascais 25, MobiCascais 24"
"110508",61.7697943810781,"CarrisMetropolitana 1621, CarrisMetropolitana 1623, CarrisMetropolitana 1624, CarrisMetropolitana 1625, CarrisMetropolitana 1629, CarrisMetropolitana 1630, CarrisMetropolitana 1631, CP Linha de Cascais, MobiCascais 34, MobiCascais 8, MobiCascais 31, MobiCascais 7, MobiCascais 19, MobiCascais 20, MobiCascais 6, MobiCascais 11, MobiCascais 14, MobiCascais 9, MobiCascais 13, MobiCascais 23, MobiCascais 12, MobiCascais 17, MobiCascais 32, MobiCascais 22, MobiCascais 2, MobiCascais 15, MobiCascais 5, MobiCascais 4, MobiCascais 18"
"110601",56.3498539229224,"Carris 714, Carris 727, Carris 729, Carris 732, Carris 742, Carris 723, Carris 748, Carris 760, Carris 771, Carris 203, Carris 18E, CarrisMetropolitana 1714, CarrisMetropolitana 1724, CarrisMetropolitana 1725, CarrisMetropolitana 1729, CarrisMetropolitana 1730, CarrisMetropolitana 1733, CarrisMetropolitana 1716, CarrisMetropolitana 1704, CP Linha de Cascais"
"110602",175.140291885733,"Carris 711, Carris 714, Carris 727, Carris 729, Carris 732, Carris 751, Carris 742, Carris 738, Carris 723, Carris 713, Carris 720, Carris 753, Carris 748, Carris 760, Carris 756, Carris 724, Carris 712, Carris 728, Carris 771, Carris 201, Carris 203, Carris 15E, Carris 18E, CarrisMetropolitana 1724, CarrisMetropolitana 1725, CarrisMetropolitana 1729, CarrisMetropolitana 1730, CarrisMetropolitana 1733, CarrisMetropolitana 3701, CarrisMetropolitana 3702, CarrisMetropolitana 3703, CarrisMetropolitana 3704, CarrisMetropolitana 3705, CarrisMetropolitana 3706, CarrisMetropolitana 3708, CarrisMetropolitana 3709, CarrisMetropolitana 3710, CarrisMetropolitana 3711, CarrisMetropolitana 3715, CarrisMetropolitana 3716, CarrisMetropolitana 3717, CarrisMetropolitana 3720, CarrisMetropolitana 3721, CarrisMetropolitana 1716, CarrisMetropolitana 1704, CarrisMetropolitana 4725, CarrisMetropolitana 4730, CP Linha de Cascais, Fertagus"
"110607",81.7282292681323,"Carris 718, Carris 742, Carris 794, Carris 720, Carris 759, Carris 793, Carris 781, Carris 756, Carris 730, Carris 728, Carris 203, Carris 208, Carris 210, CP R, CP IC, CP IR, CP AP, CP Linha da Azambuja, MetroLisboa Vm"
"110608",180.527919137865,"Carris 711, Carris 714, Carris 729, Carris 750, Carris 746, Carris 765, Carris 767, Carris 799, Carris 723, Carris 758, Carris 716, Carris 703, Carris 764, Carris 748, Carris 724, Carris 778, Carris 770, Carris 754, Carris 771, Carris 763, Carris 202, CarrisMetropolitana 1001, CarrisMetropolitana 1713, CarrisMetropolitana 1714, CarrisMetropolitana 1720, CarrisMetropolitana 1715, CarrisMetropolitana 2811, CarrisMetropolitana 2813, CarrisMetropolitana 2817, CarrisMetropolitana 2818, CarrisMetropolitana 2830, CarrisMetropolitana 1724, CarrisMetropolitana 1725, CarrisMetropolitana 1729, CarrisMetropolitana 1730, CarrisMetropolitana 1733, CarrisMetropolitana 1741, CarrisMetropolitana 1507, CarrisMetropolitana 1716, CarrisMetropolitana 1717, CarrisMetropolitana 1718, CarrisMetropolitana 1721, CarrisMetropolitana 1704, CarrisMetropolitana 1706, CarrisMetropolitana 1707, CarrisMetropolitana 1709, CP R, CP IR, CP Linha da Azambuja, CP Linha de Sintra"
"110610",165.156319775386,"Carris 711, Carris 746, Carris 751, Carris 768, Carris 742, Carris 726, Carris 755, Carris 723, Carris 713, Carris 701, Carris 702, Carris 758, Carris 716, Carris 753, Carris 748, Carris 756, Carris 712, Carris 731, Carris 770, Carris 754, Carris 783, Carris 771, Carris 202, Carris 203, CarrisMetropolitana 1724, CarrisMetropolitana 1725, CarrisMetropolitana 1729, CarrisMetropolitana 1730, CarrisMetropolitana 1733, CarrisMetropolitana 1741, CarrisMetropolitana 3702, CarrisMetropolitana 3703, CarrisMetropolitana 3704, CarrisMetropolitana 3705, CarrisMetropolitana 3706, CarrisMetropolitana 3709, CarrisMetropolitana 3710, CarrisMetropolitana 3711, CarrisMetropolitana 3715, CarrisMetropolitana 3716, CarrisMetropolitana 3717, CarrisMetropolitana 3720, CarrisMetropolitana 3721, CarrisMetropolitana 1716, CarrisMetropolitana 1704, CarrisMetropolitana 4725, CarrisMetropolitana 4730, CP R, CP IR, CP Linha da Azambuja, CP Linha de Sintra, Fertagus, MetroLisboa Az"
"110611",142.380475875248,"Carris 729, Carris 750, Carris 765, Carris 768, Carris 767, Carris 726, Carris 799, Carris 703, Carris 764, Carris 747, Carris 724, Carris 778, Carris 763, Carris 202, CarrisMetropolitana 2780, CarrisMetropolitana 2781, CarrisMetropolitana 2811, CarrisMetropolitana 2813, CarrisMetropolitana 2814, CarrisMetropolitana 2817, CarrisMetropolitana 2818, CarrisMetropolitana 2821, CarrisMetropolitana 2824, CarrisMetropolitana 2830, CarrisMetropolitana 2831, CarrisMetropolitana 1703, CarrisMetropolitana 1706, CarrisMetropolitana 1709, CarrisMetropolitana 1710, CarrisMetropolitana 1711, MetroLisboa Az"
"110618",273.203980238338,"Carris 750, Carris 767, Carris 701, Carris 206, Carris 703, Carris 717, Carris 796, Carris 747, Carris 778, Carris 798, Carris 736, Carris 763, Carris 207, CarrisMetropolitana 2706, CarrisMetropolitana 2710, CarrisMetropolitana 2713, CarrisMetropolitana 2714, CarrisMetropolitana 2715, CarrisMetropolitana 2716, CarrisMetropolitana 2717, CarrisMetropolitana 2718, CarrisMetropolitana 2719, CarrisMetropolitana 2720, CarrisMetropolitana 2723, CarrisMetropolitana 2736, CarrisMetropolitana 2740, CarrisMetropolitana 2743, CarrisMetropolitana 2744, CarrisMetropolitana 2745, CarrisMetropolitana 2746, CarrisMetropolitana 2750, CarrisMetropolitana 2751, CarrisMetropolitana 2754, CarrisMetropolitana 2756, CarrisMetropolitana 2761, CarrisMetropolitana 2762, CarrisMetropolitana 2764, CarrisMetropolitana 2765, CarrisMetropolitana 2768, CarrisMetropolitana 2769, CarrisMetropolitana 2770, CarrisMetropolitana 2772, CarrisMetropolitana 2774, CarrisMetropolitana 2776, CarrisMetropolitana 2785, CarrisMetropolitana 2793, CarrisMetropolitana 2795, CarrisMetropolitana 2797, CarrisMetropolitana 2801, CarrisMetropolitana 2802, CarrisMetropolitana 2803, CarrisMetropolitana 2804, CarrisMetropolitana 2807, CarrisMetropolitana 2810, CarrisMetropolitana 2812, CarrisMetropolitana 2816, CarrisMetropolitana 2841, CarrisMetropolitana 2900, MetroLisboa Am, MetroLisboa Vd"
"110621",80.7751466736826,"Carris 708, Carris 718, Carris 750, Carris 794, Carris 755, Carris 759, Carris 793, Carris 781, Carris 731, Carris 749, Carris 728, Carris 208, Carris 210, CP R, CP IC, CP IR, CP AP, CP Linha da Azambuja, CP Linha de Sintra, MetroLisboa Vm"
"110633",224.124146268552,"Carris 708, Carris 750, Carris 794, Carris 759, Carris 781, Carris 705, Carris 731, Carris 722, Carris 725, Carris 744, Carris 783, Carris 728, Carris 208, Carris 210, CarrisMetropolitana 2708, CarrisMetropolitana 2711, CarrisMetropolitana 2713, CarrisMetropolitana 2722, CarrisMetropolitana 2724, CarrisMetropolitana 2725, CarrisMetropolitana 2728, CarrisMetropolitana 2729, CarrisMetropolitana 2730, CarrisMetropolitana 2735, CarrisMetropolitana 2736, CarrisMetropolitana 2790, CarrisMetropolitana 2792, CarrisMetropolitana 2793, CarrisMetropolitana 2794, CarrisMetropolitana 2795, CarrisMetropolitana 2841, CarrisMetropolitana 4701, CarrisMetropolitana 4702, CarrisMetropolitana 4704, CarrisMetropolitana 4705, CarrisMetropolitana 4706, CarrisMetropolitana 4707, CarrisMetropolitana 4708, CarrisMetropolitana 4710, CarrisMetropolitana 4715, CarrisMetropolitana 4720, CarrisMetropolitana 4741, CP R, CP IC, CP IR, CP AP, MetroLisboa Vm"
"110639",111.135206223266,"Carris 750, Carris 746, Carris 768, Carris 726, Carris 738, Carris 755, Carris 701, Carris 758, Carris 716, Carris 764, Carris 731, Carris 770, Carris 754, Carris 771, Carris 202, CarrisMetropolitana 3702, CarrisMetropolitana 3705, CarrisMetropolitana 3706, CarrisMetropolitana 3711, CarrisMetropolitana 3716, CarrisMetropolitana 3717, CarrisMetropolitana 3720, CarrisMetropolitana 3721, CarrisMetropolitana 4725, CarrisMetropolitana 4730, CP R, CP IR, CP Linha da Azambuja, CP Linha de Sintra, Fertagus, MetroLisboa Az"
"110654",184.35990375084,"Carris 708, Carris 727, Carris 750, Carris 732, Carris 768, Carris 767, Carris 738, Carris 755, Carris 701, Carris 206, Carris 764, Carris 717, Carris 735, Carris 796, Carris 705, Carris 747, Carris 731, Carris 798, Carris 749, Carris 722, Carris 736, Carris 744, Carris 754, Carris 783, Carris 207, CarrisMetropolitana 2713, CarrisMetropolitana 2722, CarrisMetropolitana 2736, CarrisMetropolitana 2790, CarrisMetropolitana 2793, CarrisMetropolitana 2795, CarrisMetropolitana 2841, CarrisMetropolitana 3702, CP R, CP IR, CP Linha da Azambuja, CP AP, CP Linha de Sintra, Fertagus, MetroLisboa Am, MetroLisboa Vd"
"110655",128.619495275792,"Carris 708, Carris 718, Carris 767, Carris 742, Carris 726, Carris 713, Carris 206, Carris 720, Carris 793, Carris 797, Carris 716, Carris 717, Carris 735, Carris 756, Carris 705, Carris 749, Carris 722, Carris 730, Carris 736, Carris 203, Carris 208, CarrisMetropolitana 2722, CarrisMetropolitana 2790, CarrisMetropolitana 3703, CarrisMetropolitana 3710, CP R, CP IR, CP Linha da Azambuja, CP AP, CP Linha de Sintra, MetroLisboa Vm, MetroLisboa Vd"
"110656",155.353199436718,"Carris 708, Carris 727, Carris 718, Carris 732, Carris 767, Carris 742, Carris 726, Carris 738, Carris 723, Carris 713, Carris 206, Carris 720, Carris 706, Carris 797, Carris 716, Carris 753, Carris 717, Carris 760, Carris 735, Carris 712, Carris 774, Carris 798, Carris 722, Carris 730, Carris 736, Carris 744, Carris 783, Carris 203, Carris 207, Carris 208, Carris 28E, CP R, CP IR, CP AP, MetroLisboa Vm, MetroLisboa Am, MetroLisboa Vd"
"110657",188.894194430711,"Carris 711, Carris 727, Carris 732, Carris 746, Carris 742, Carris 726, Carris 738, Carris 723, Carris 713, Carris 701, Carris 720, Carris 702, Carris 709, Carris 716, Carris 753, Carris 748, Carris 756, Carris 712, Carris 731, Carris 798, Carris 749, Carris 722, Carris 736, Carris 744, Carris 754, Carris 783, Carris 203, Carris 207, CarrisMetropolitana 1724, CarrisMetropolitana 1725, CarrisMetropolitana 1729, CarrisMetropolitana 1730, CarrisMetropolitana 1733, CarrisMetropolitana 1741, CarrisMetropolitana 3702, CarrisMetropolitana 3703, CarrisMetropolitana 3704, CarrisMetropolitana 3705, CarrisMetropolitana 3706, CarrisMetropolitana 3709, CarrisMetropolitana 3710, CarrisMetropolitana 3715, CarrisMetropolitana 1716, CarrisMetropolitana 1704, CarrisMetropolitana 4725, CarrisMetropolitana 4730, CP R, CP IR, CP Linha da Azambuja, CP AP, CP Linha de Sintra, Fertagus, MetroLisboa Az, MetroLisboa Vm, MetroLisboa Am"
"110658",109.06754987473,"Carris 714, Carris 727, Carris 729, Carris 750, Carris 732, Carris 751, Carris 723, Carris 748, Carris 760, Carris 728, Carris 201, Carris 203, Carris 15E, CarrisMetropolitana 1714, CarrisMetropolitana 1715, CarrisMetropolitana 1731, CarrisMetropolitana 1722, CarrisMetropolitana 1724, CarrisMetropolitana 1725, CarrisMetropolitana 1729, CarrisMetropolitana 1730, CarrisMetropolitana 1733, CarrisMetropolitana 1741, CarrisMetropolitana 3701, CarrisMetropolitana 1716, CarrisMetropolitana 1718, CarrisMetropolitana 1704, CarrisMetropolitana 1713, CP Linha de Cascais, TTSL"
"110659",151.364651643754,"Carris 711, Carris 727, Carris 751, Carris 742, Carris 738, Carris 723, Carris 713, Carris 701, Carris 773, Carris 720, Carris 706, Carris 709, Carris 758, Carris 753, Carris 748, Carris 756, Carris 712, Carris 774, Carris 783, Carris 771, Carris 202, Carris 203, Carris 28E, Carris 25E, CarrisMetropolitana 1724, CarrisMetropolitana 1725, CarrisMetropolitana 1729, CarrisMetropolitana 1730, CarrisMetropolitana 1733, CarrisMetropolitana 3701, CarrisMetropolitana 3702, CarrisMetropolitana 3703, CarrisMetropolitana 3704, CarrisMetropolitana 3705, CarrisMetropolitana 3708, CarrisMetropolitana 3709, CarrisMetropolitana 3710, CarrisMetropolitana 3711, CarrisMetropolitana 3715, CarrisMetropolitana 3716, CarrisMetropolitana 3717, CarrisMetropolitana 3720, CarrisMetropolitana 3721, CarrisMetropolitana 1716, CarrisMetropolitana 1704, CarrisMetropolitana 4725, CarrisMetropolitana 4730, CP Linha da Azambuja, Fertagus"
"110660",145.261694616653,"Carris 714, Carris 727, Carris 732, Carris 751, Carris 742, Carris 738, Carris 713, Carris 701, Carris 773, Carris 720, Carris 706, Carris 709, Carris 760, Carris 756, Carris 712, Carris 774, Carris 728, Carris 201, Carris 203, Carris 28E, Carris 15E, Carris 18E, Carris 25E, CarrisMetropolitana 3701, CarrisMetropolitana 3702, CarrisMetropolitana 3703, CarrisMetropolitana 3705, CarrisMetropolitana 3708, CarrisMetropolitana 3710, CarrisMetropolitana 3711, CarrisMetropolitana 3716, CarrisMetropolitana 3717, CarrisMetropolitana 3720, CarrisMetropolitana 3721, CarrisMetropolitana 4725, CarrisMetropolitana 4730, CP Linha de Cascais, CP Linha da Azambuja"
"110661",115.295624199204,"Carris 714, Carris 727, Carris 732, Carris 773, Carris 206, Carris 706, Carris 758, Carris 781, Carris 760, Carris 735, Carris 736, Carris 728, Carris 201, Carris 202, Carris 207, Carris 208, Carris 210, Carris 28E, Carris 15E, Carris 18E, Carris 25E, CarrisMetropolitana 3708, CP Linha de Cascais, CP Linha de Sintra, MetroLisboa Vd, TTSL"
"110662",200.602995368798,"Carris 708, Carris 750, Carris 794, Carris 759, Carris 781, Carris 705, Carris 731, Carris 725, Carris 744, Carris 728, Carris 208, Carris 210, CarrisMetropolitana 2708, CarrisMetropolitana 2711, CarrisMetropolitana 2724, CarrisMetropolitana 2725, CarrisMetropolitana 2727, CarrisMetropolitana 2728, CarrisMetropolitana 2729, CarrisMetropolitana 2730, CarrisMetropolitana 2792, CarrisMetropolitana 2793, CarrisMetropolitana 2794, CarrisMetropolitana 4701, CarrisMetropolitana 4702, CarrisMetropolitana 4704, CarrisMetropolitana 4705, CarrisMetropolitana 4706, CarrisMetropolitana 4707, CarrisMetropolitana 4708, CarrisMetropolitana 4710, CarrisMetropolitana 4715, CarrisMetropolitana 4720, CarrisMetropolitana 4741, CP R, CP IC, CP IR, CP AP, CP Linha da Azambuja, CP Linha de Sintra, MetroLisboa Vm"
"110663",98.5429861214905,"Carris 718, Carris 742, Carris 794, Carris 726, Carris 206, Carris 720, Carris 759, Carris 793, Carris 706, Carris 781, Carris 797, Carris 735, Carris 756, Carris 712, Carris 730, Carris 728, Carris 203, Carris 208, Carris 210, Carris 28E, CP R, CP IC, CP IR, CP AP, CP Linha da Azambuja"
"110664",229.139890430935,"Carris 703, Carris 717, Carris 796, Carris 798, Carris 736, Carris 207, CarrisMetropolitana 2706, CarrisMetropolitana 2710, CarrisMetropolitana 2711, CarrisMetropolitana 2713, CarrisMetropolitana 2714, CarrisMetropolitana 2715, CarrisMetropolitana 2716, CarrisMetropolitana 2717, CarrisMetropolitana 2718, CarrisMetropolitana 2719, CarrisMetropolitana 2720, CarrisMetropolitana 2723, CarrisMetropolitana 2736, CarrisMetropolitana 2740, CarrisMetropolitana 2743, CarrisMetropolitana 2744, CarrisMetropolitana 2745, CarrisMetropolitana 2746, CarrisMetropolitana 2750, CarrisMetropolitana 2751, CarrisMetropolitana 2754, CarrisMetropolitana 2756, CarrisMetropolitana 2761, CarrisMetropolitana 2762, CarrisMetropolitana 2764, CarrisMetropolitana 2765, CarrisMetropolitana 2768, CarrisMetropolitana 2769, CarrisMetropolitana 2770, CarrisMetropolitana 2772, CarrisMetropolitana 2774, CarrisMetropolitana 2776, CarrisMetropolitana 2785, CarrisMetropolitana 2797, CarrisMetropolitana 2801, CarrisMetropolitana 2802, CarrisMetropolitana 2803, CarrisMetropolitana 2804, CarrisMetropolitana 2807, CarrisMetropolitana 2810, CarrisMetropolitana 2812, CarrisMetropolitana 2816, CarrisMetropolitana 2900, MetroLisboa Am"
"110665",139.699988321429,"Carris 708, Carris 711, Carris 732, Carris 746, Carris 794, Carris 206, Carris 759, Carris 706, Carris 709, Carris 758, Carris 781, Carris 760, Carris 735, Carris 712, Carris 722, Carris 736, Carris 744, Carris 783, Carris 728, Carris 202, Carris 207, Carris 208, Carris 210, Carris 28E, Carris 15E, Carris 25E, MetroLisboa Az, MetroLisboa Vd, TTSL"
"110666",161.231514462204,"Carris 711, Carris 727, Carris 732, Carris 746, Carris 726, Carris 738, Carris 723, Carris 713, Carris 773, Carris 720, Carris 759, Carris 702, Carris 706, Carris 709, Carris 758, Carris 753, Carris 748, Carris 712, Carris 774, Carris 722, Carris 730, Carris 736, Carris 744, Carris 783, Carris 771, Carris 202, Carris 207, CarrisMetropolitana 1724, CarrisMetropolitana 1725, CarrisMetropolitana 1729, CarrisMetropolitana 1730, CarrisMetropolitana 1733, CarrisMetropolitana 3704, CarrisMetropolitana 3709, CarrisMetropolitana 3715, CarrisMetropolitana 1716, CarrisMetropolitana 1704, CP Linha de Sintra, MetroLisboa Az, MetroLisboa Am"
"110667",78.1370030243978,"Carris 794, Carris 726, Carris 206, Carris 759, Carris 706, Carris 781, Carris 797, Carris 735, Carris 712, Carris 730, Carris 728, Carris 210, Carris 28E, CP R, CP IC, CP IR, CP AP, CP Linha da Azambuja, MetroLisboa Az"
"110702",33.0351715116571,"CarrisMetropolitana 2006, CarrisMetropolitana 2008, CarrisMetropolitana 2039, CarrisMetropolitana 2530, CarrisMetropolitana 2706, CarrisMetropolitana 2750, CarrisMetropolitana 2761, CarrisMetropolitana 2762, CarrisMetropolitana 2764"
"110705",14.1456282636166,"CarrisMetropolitana 2719, CarrisMetropolitana 2743, CarrisMetropolitana 2745, CarrisMetropolitana 2750, CarrisMetropolitana 2761, CarrisMetropolitana 2762, CarrisMetropolitana 2765"
"110707",156.423272286631,"CarrisMetropolitana 2003, CarrisMetropolitana 2020, CarrisMetropolitana 2026, CarrisMetropolitana 2037, CarrisMetropolitana 2039, CarrisMetropolitana 2504, CarrisMetropolitana 2511, CarrisMetropolitana 2513, CarrisMetropolitana 2522, CarrisMetropolitana 2524, CarrisMetropolitana 2525, CarrisMetropolitana 2526, CarrisMetropolitana 2532, CarrisMetropolitana 2605, CarrisMetropolitana 2611, CarrisMetropolitana 2706, CarrisMetropolitana 2717, CarrisMetropolitana 2718, CarrisMetropolitana 2719, CarrisMetropolitana 2720, CarrisMetropolitana 2723, CarrisMetropolitana 2724, CarrisMetropolitana 2725, CarrisMetropolitana 2727, CarrisMetropolitana 2740, CarrisMetropolitana 2743, CarrisMetropolitana 2744, CarrisMetropolitana 2745, CarrisMetropolitana 2746, CarrisMetropolitana 2750, CarrisMetropolitana 2751, CarrisMetropolitana 2754, CarrisMetropolitana 2756, CarrisMetropolitana 2761, CarrisMetropolitana 2762, CarrisMetropolitana 2764, CarrisMetropolitana 2765, CarrisMetropolitana 2776, CarrisMetropolitana 2780, CarrisMetropolitana 2781, CarrisMetropolitana 2785, CarrisMetropolitana 2797, CarrisMetropolitana 2801, CarrisMetropolitana 2802, CarrisMetropolitana 2803, CarrisMetropolitana 2804, CarrisMetropolitana 2807, CarrisMetropolitana 2821, CarrisMetropolitana 2900"
"110708",28.3738114257977,"CarrisMetropolitana 2504, CarrisMetropolitana 2740, CarrisMetropolitana 2743, CarrisMetropolitana 2744, CarrisMetropolitana 2745, CarrisMetropolitana 2746, CarrisMetropolitana 2750, CarrisMetropolitana 2751, CarrisMetropolitana 2754, CarrisMetropolitana 2756, CarrisMetropolitana 2761, CarrisMetropolitana 2765, CarrisMetropolitana 2801, CarrisMetropolitana 2802, CarrisMetropolitana 2803, CarrisMetropolitana 2804, CarrisMetropolitana 2807, CarrisMetropolitana 2900"
"110726",169.222899293227,"Carris 759, Carris 705, Carris 731, Carris 722, Carris 725, Carris 744, Carris 728, Carris 210, CarrisMetropolitana 2708, CarrisMetropolitana 2711, CarrisMetropolitana 2713, CarrisMetropolitana 2722, CarrisMetropolitana 2724, CarrisMetropolitana 2725, CarrisMetropolitana 2728, CarrisMetropolitana 2729, CarrisMetropolitana 2730, CarrisMetropolitana 2735, CarrisMetropolitana 2736, CarrisMetropolitana 2792, CarrisMetropolitana 2793, CarrisMetropolitana 2794, CarrisMetropolitana 4701, CarrisMetropolitana 4702, CarrisMetropolitana 4704, CarrisMetropolitana 4705, CarrisMetropolitana 4706, CarrisMetropolitana 4707, CarrisMetropolitana 4708, CarrisMetropolitana 4710, CarrisMetropolitana 4715, CarrisMetropolitana 4720, CarrisMetropolitana 4741, CP Linha da Azambuja, MetroLisboa Vm"
"110727",207.090903936613,"Carris 708, Carris 781, Carris 705, Carris 731, Carris 725, Carris 783, Carris 210, CarrisMetropolitana 2032, CarrisMetropolitana 2708, CarrisMetropolitana 2711, CarrisMetropolitana 2713, CarrisMetropolitana 2714, CarrisMetropolitana 2722, CarrisMetropolitana 2724, CarrisMetropolitana 2725, CarrisMetropolitana 2727, CarrisMetropolitana 2728, CarrisMetropolitana 2729, CarrisMetropolitana 2730, CarrisMetropolitana 2735, CarrisMetropolitana 2736, CarrisMetropolitana 2790, CarrisMetropolitana 2792, CarrisMetropolitana 2793, CarrisMetropolitana 2794, CarrisMetropolitana 2795, CarrisMetropolitana 2841, CarrisMetropolitana 4701, CarrisMetropolitana 4702, CarrisMetropolitana 4704, CarrisMetropolitana 4705, CarrisMetropolitana 4706, CarrisMetropolitana 4707, CarrisMetropolitana 4708, CarrisMetropolitana 4710, CarrisMetropolitana 4715, CarrisMetropolitana 4720, CarrisMetropolitana 4741, CP Linha da Azambuja"
"110728",94.4924524648063,"CarrisMetropolitana 2032, CarrisMetropolitana 2034, CarrisMetropolitana 2539, CarrisMetropolitana 2540, CarrisMetropolitana 2722, CarrisMetropolitana 2728, CarrisMetropolitana 2729, CarrisMetropolitana 2730, CarrisMetropolitana 2790, CarrisMetropolitana 2792, CarrisMetropolitana 2793, CarrisMetropolitana 2794, CarrisMetropolitana 2795, CarrisMetropolitana 2841, CP R, CP Linha da Azambuja"
"110729",90.5410100769466,"CarrisMetropolitana 2035, CarrisMetropolitana 2037, CarrisMetropolitana 2039, CarrisMetropolitana 2525, CarrisMetropolitana 2532, CarrisMetropolitana 2533, CarrisMetropolitana 2537, CarrisMetropolitana 2540, CarrisMetropolitana 2706, CarrisMetropolitana 2719, CarrisMetropolitana 2723, CarrisMetropolitana 2740, CarrisMetropolitana 2743, CarrisMetropolitana 2744, CarrisMetropolitana 2745, CarrisMetropolitana 2746, CarrisMetropolitana 2750, CarrisMetropolitana 2761, CarrisMetropolitana 2762, CarrisMetropolitana 2764, CarrisMetropolitana 2765, CarrisMetropolitana 2792, CarrisMetropolitana 2797, CarrisMetropolitana 2801, CarrisMetropolitana 2802, CarrisMetropolitana 2803, CarrisMetropolitana 2804, CarrisMetropolitana 2807, CarrisMetropolitana 2900"
"110730",202.909811037005,"CarrisMetropolitana 2020, CarrisMetropolitana 2511, CarrisMetropolitana 2513, CarrisMetropolitana 2515, CarrisMetropolitana 2522, CarrisMetropolitana 2524, CarrisMetropolitana 2525, CarrisMetropolitana 2526, CarrisMetropolitana 2605, CarrisMetropolitana 2611, CarrisMetropolitana 2706, CarrisMetropolitana 2714, CarrisMetropolitana 2715, CarrisMetropolitana 2716, CarrisMetropolitana 2717, CarrisMetropolitana 2718, CarrisMetropolitana 2719, CarrisMetropolitana 2720, CarrisMetropolitana 2723, CarrisMetropolitana 2724, CarrisMetropolitana 2725, CarrisMetropolitana 2727, CarrisMetropolitana 2736, CarrisMetropolitana 2740, CarrisMetropolitana 2743, CarrisMetropolitana 2744, CarrisMetropolitana 2745, CarrisMetropolitana 2746, CarrisMetropolitana 2750, CarrisMetropolitana 2751, CarrisMetropolitana 2754, CarrisMetropolitana 2756, CarrisMetropolitana 2761, CarrisMetropolitana 2762, CarrisMetropolitana 2764, CarrisMetropolitana 2765, CarrisMetropolitana 2768, CarrisMetropolitana 2769, CarrisMetropolitana 2770, CarrisMetropolitana 2772, CarrisMetropolitana 2774, CarrisMetropolitana 2776, CarrisMetropolitana 2780, CarrisMetropolitana 2781, CarrisMetropolitana 2785, CarrisMetropolitana 2797, CarrisMetropolitana 2801, CarrisMetropolitana 2802, CarrisMetropolitana 2803, CarrisMetropolitana 2804, CarrisMetropolitana 2807, CarrisMetropolitana 2818, CarrisMetropolitana 2821, CarrisMetropolitana 2900"
"110731",81.5603495534397,"Carris 717, Carris 207, CarrisMetropolitana 2708, CarrisMetropolitana 2710, CarrisMetropolitana 2711, CarrisMetropolitana 2713, CarrisMetropolitana 2714, CarrisMetropolitana 2724, CarrisMetropolitana 2725, CarrisMetropolitana 2727, CarrisMetropolitana 2736"
"110902",4.33789114801107,"CarrisMetropolitana 2801, CarrisMetropolitana 1633"
"110904",3.00083356487913,"CarrisMetropolitana 2116, CarrisMetropolitana 2905, CarrisMetropolitana 2914"
"110906",16.0124789617385,"CarrisMetropolitana 2126, CarrisMetropolitana 2740, CarrisMetropolitana 2751, CarrisMetropolitana 2801, CarrisMetropolitana 2803, CarrisMetropolitana 2905, CarrisMetropolitana 1633"
"110909",17.4357859274462,"CarrisMetropolitana 2116, CarrisMetropolitana 2626, CarrisMetropolitana 2740, CarrisMetropolitana 2751, CarrisMetropolitana 2801, CarrisMetropolitana 2802, CarrisMetropolitana 2803, CarrisMetropolitana 2804, CarrisMetropolitana 2807, CarrisMetropolitana 2913, CarrisMetropolitana 2914"
"110911",17.2401915682383,"CarrisMetropolitana 2146, CarrisMetropolitana 2743, CarrisMetropolitana 2744, CarrisMetropolitana 2745, CarrisMetropolitana 2746, CarrisMetropolitana 2750, CarrisMetropolitana 2754, CarrisMetropolitana 2756, CarrisMetropolitana 2761, CarrisMetropolitana 2765, CarrisMetropolitana 2900, CP IR"
"110913",3.00083356487913,"CarrisMetropolitana 2116, CarrisMetropolitana 2905, CarrisMetropolitana 2914"
"110918",1.00027785495971,CarrisMetropolitana 2913
"110919",3.00083356487913,"CarrisMetropolitana 2900, CarrisMetropolitana 2913, CP IR"
"110920",20.5239549304169,"CarrisMetropolitana 2626, CarrisMetropolitana 2740, CarrisMetropolitana 2751, CarrisMetropolitana 2801, CarrisMetropolitana 2802, CarrisMetropolitana 2803, CarrisMetropolitana 2804, CarrisMetropolitana 2807, CarrisMetropolitana 1632, CarrisMetropolitana 1633, CP R, CP IR"
"110921",17.1352869873176,"CarrisMetropolitana 2146, CarrisMetropolitana 2740, CarrisMetropolitana 2751, CarrisMetropolitana 2801, CarrisMetropolitana 2802, CarrisMetropolitana 2803, CarrisMetropolitana 2804, CarrisMetropolitana 2807, CarrisMetropolitana 2900, CP R, CP IR"
"110922",21.1363984071565,"CarrisMetropolitana 2146, CarrisMetropolitana 2504, CarrisMetropolitana 2740, CarrisMetropolitana 2744, CarrisMetropolitana 2746, CarrisMetropolitana 2751, CarrisMetropolitana 2801, CarrisMetropolitana 2802, CarrisMetropolitana 2803, CarrisMetropolitana 2804, CarrisMetropolitana 2807, CarrisMetropolitana 2900, CarrisMetropolitana 1634, CP R, CP IR"
"111002",53.3853668788619,"CarrisMetropolitana 1215, CarrisMetropolitana 1216, CarrisMetropolitana 1220, CarrisMetropolitana 1233, CarrisMetropolitana 1523, CarrisMetropolitana 1524, CarrisMetropolitana 1731, CarrisMetropolitana 1608, CarrisMetropolitana 1612, CarrisMetropolitana 1106, CarrisMetropolitana 1107, CarrisMetropolitana 1522, CarrisMetropolitana 1529, CarrisMetropolitana 1531, CarrisMetropolitana 1616, CarrisMetropolitana 1617, CarrisMetropolitana 1729, CarrisMetropolitana 1730, CarrisMetropolitana 1733, CarrisMetropolitana 1741, CarrisMetropolitana 1525, CarrisMetropolitana 1527, CarrisMetropolitana 1601, CarrisMetropolitana 1717"
"111009",41.3592048041078,"CarrisMetropolitana 1216, CarrisMetropolitana 1220, CarrisMetropolitana 1233, CarrisMetropolitana 1523, CarrisMetropolitana 1524, CarrisMetropolitana 1731, CarrisMetropolitana 1608, CarrisMetropolitana 1612, CarrisMetropolitana 1115, CarrisMetropolitana 1123, CarrisMetropolitana 1529, CarrisMetropolitana 1531, CarrisMetropolitana 1610, CarrisMetropolitana 1616, CarrisMetropolitana 1617, CarrisMetropolitana 1733, CarrisMetropolitana 1601"
"111012",84.9627887368293,"Carris 729, Carris 750, Carris 751, Carris 723, Carris 748, Carris 776, Carris 201, Carris 15E, CarrisMetropolitana 1713, CarrisMetropolitana 1715, CarrisMetropolitana 1731, CarrisMetropolitana 1106, CarrisMetropolitana 1107, CarrisMetropolitana 1504, CarrisMetropolitana 1522, CarrisMetropolitana 1722, CarrisMetropolitana 1724, CarrisMetropolitana 1725, CarrisMetropolitana 1729, CarrisMetropolitana 1502, CarrisMetropolitana 1733, CarrisMetropolitana 1741, CarrisMetropolitana 1507, CarrisMetropolitana 3701, CarrisMetropolitana 1527, CP Linha de Cascais"
"111013",62.8181489164329,"Carris 714, Carris 750, Carris 748, CarrisMetropolitana 1713, CarrisMetropolitana 1714, CarrisMetropolitana 1715, CarrisMetropolitana 1731, CarrisMetropolitana 1106, CarrisMetropolitana 1107, CarrisMetropolitana 1504, CarrisMetropolitana 1522, CarrisMetropolitana 1002, CarrisMetropolitana 1722, CarrisMetropolitana 1724, CarrisMetropolitana 1501, CarrisMetropolitana 1729, CarrisMetropolitana 1502, CarrisMetropolitana 1730, CarrisMetropolitana 1733, CarrisMetropolitana 1741, CarrisMetropolitana 1506, CarrisMetropolitana 1507, CarrisMetropolitana 1527, CarrisMetropolitana 1716, CarrisMetropolitana 1718, CarrisMetropolitana 1704"
"111014",72.7293457733502,"CarrisMetropolitana 1523, CarrisMetropolitana 1604, CarrisMetropolitana 1607, CarrisMetropolitana 1608, CarrisMetropolitana 1612, CarrisMetropolitana 1613, CarrisMetropolitana 1614, CarrisMetropolitana 1615, CarrisMetropolitana 1638, CarrisMetropolitana 1106, CarrisMetropolitana 1115, CarrisMetropolitana 1120, CarrisMetropolitana 1121, CarrisMetropolitana 1123, CarrisMetropolitana 1124, CarrisMetropolitana 1529, CarrisMetropolitana 1531, CarrisMetropolitana 1610, CarrisMetropolitana 1616, CarrisMetropolitana 1617, CarrisMetropolitana 1725, CarrisMetropolitana 1729, CarrisMetropolitana 1733, CarrisMetropolitana 1507, CarrisMetropolitana 1525, CarrisMetropolitana 1527, CarrisMetropolitana 1601, CP Linha de Cascais, MobiCascais 36, MobiCascais 33"
"111102",45.3377791311481,"CarrisMetropolitana 1614, CarrisMetropolitana 1615, CarrisMetropolitana 1205, CarrisMetropolitana 1206, CarrisMetropolitana 1208, CarrisMetropolitana 1223, CarrisMetropolitana 1232, CarrisMetropolitana 1234, CarrisMetropolitana 1235, CarrisMetropolitana 1241, CarrisMetropolitana 1251, CarrisMetropolitana 1625, CarrisMetropolitana 1627, CarrisMetropolitana 1631, CarrisMetropolitana 1255, CarrisMetropolitana 1512, CP R, CP IR, CP Linha da Azambuja, CP Linha de Sintra"
"111105",16.3918042264889,"CarrisMetropolitana 1241, CarrisMetropolitana 1242, CarrisMetropolitana 1247, CarrisMetropolitana 1248, CarrisMetropolitana 1250, CarrisMetropolitana 1253, CarrisMetropolitana 1254, CarrisMetropolitana 1624"
"111108",60.9527239559846,"CarrisMetropolitana 1204, CarrisMetropolitana 1216, CarrisMetropolitana 1220, CarrisMetropolitana 1233, CarrisMetropolitana 1523, CarrisMetropolitana 1209, CarrisMetropolitana 1612, CarrisMetropolitana 1613, CarrisMetropolitana 1614, CarrisMetropolitana 1615, CarrisMetropolitana 1622, CarrisMetropolitana 1529, CarrisMetropolitana 1616, CarrisMetropolitana 1617, CarrisMetropolitana 1733, CarrisMetropolitana 1205, CarrisMetropolitana 1223, CarrisMetropolitana 1232, CarrisMetropolitana 1234, CarrisMetropolitana 1235, CarrisMetropolitana 1251, CarrisMetropolitana 1625, CarrisMetropolitana 1627, CarrisMetropolitana 1631, CP R, CP IR, CP Linha da Azambuja, CP Linha de Sintra"
"111115",56.1906825216528,"CarrisMetropolitana 1720, CarrisMetropolitana 2209, CarrisMetropolitana 2605, CarrisMetropolitana 2632, CarrisMetropolitana 2830, CarrisMetropolitana 2831, CarrisMetropolitana 1516, CarrisMetropolitana 1509, CarrisMetropolitana 1517, CarrisMetropolitana 1603, CarrisMetropolitana 1508, CarrisMetropolitana 1636, CarrisMetropolitana 1637, CarrisMetropolitana 1709, CarrisMetropolitana 1710, CarrisMetropolitana 1711"
"111122",72.1909401819821,"CarrisMetropolitana 1211, CarrisMetropolitana 1215, CarrisMetropolitana 1217, CarrisMetropolitana 1218, CarrisMetropolitana 1219, CarrisMetropolitana 1220, CarrisMetropolitana 1221, CarrisMetropolitana 1222, CarrisMetropolitana 1233, CarrisMetropolitana 1523, CarrisMetropolitana 1715, CarrisMetropolitana 1731, CarrisMetropolitana 1209, CarrisMetropolitana 1612, CarrisMetropolitana 1613, CarrisMetropolitana 1622, CarrisMetropolitana 2605, CarrisMetropolitana 1212, CarrisMetropolitana 1228, CarrisMetropolitana 1229, CarrisMetropolitana 1718, CarrisMetropolitana 1721, CarrisMetropolitana 1223, CarrisMetropolitana 1234, CarrisMetropolitana 1512, CP R, CP IR, CP Linha da Azambuja, CP Linha de Sintra"
"111123",26.5832625404322,"CarrisMetropolitana 2626, CarrisMetropolitana 2785, CarrisMetropolitana 1208, CarrisMetropolitana 1235, CarrisMetropolitana 1603, CarrisMetropolitana 1240, CarrisMetropolitana 1255, CarrisMetropolitana 1508, CarrisMetropolitana 1512, CarrisMetropolitana 1634, CarrisMetropolitana 1635, CarrisMetropolitana 1636, CarrisMetropolitana 1637, CP R, CP IR"
"111124",44.5192796622828,"CarrisMetropolitana 1215, CarrisMetropolitana 1216, CarrisMetropolitana 1220, CarrisMetropolitana 1222, CarrisMetropolitana 1233, CarrisMetropolitana 1523, CarrisMetropolitana 1524, CarrisMetropolitana 1731, CarrisMetropolitana 1209, CarrisMetropolitana 1612, CarrisMetropolitana 1613, CarrisMetropolitana 1615, CarrisMetropolitana 1622, CarrisMetropolitana 1529, CarrisMetropolitana 1531, CarrisMetropolitana 1616, CarrisMetropolitana 1617, CarrisMetropolitana 1733, CarrisMetropolitana 1223, CP R, CP IR, CP Linha da Azambuja, CP Linha de Sintra"
"111125",62.9296568042552,"CarrisMetropolitana 1720, CarrisMetropolitana 1216, CarrisMetropolitana 1524, CarrisMetropolitana 1715, CarrisMetropolitana 1522, CarrisMetropolitana 1224, CarrisMetropolitana 1226, CarrisMetropolitana 1228, CarrisMetropolitana 1229, CarrisMetropolitana 1230, CarrisMetropolitana 1511, CarrisMetropolitana 1513, CarrisMetropolitana 1516, CarrisMetropolitana 1518, CarrisMetropolitana 1525, CarrisMetropolitana 1527, CarrisMetropolitana 1601, CarrisMetropolitana 1716, CarrisMetropolitana 1717, CarrisMetropolitana 1721, CarrisMetropolitana 1512, CP R, CP IR, CP Linha da Azambuja, CP Linha de Sintra"
"111126",101.995750323002,"CarrisMetropolitana 1720, CarrisMetropolitana 1211, CarrisMetropolitana 1217, CarrisMetropolitana 1715, CarrisMetropolitana 1009, CarrisMetropolitana 2605, CarrisMetropolitana 1522, CarrisMetropolitana 1212, CarrisMetropolitana 1224, CarrisMetropolitana 1226, CarrisMetropolitana 1228, CarrisMetropolitana 1229, CarrisMetropolitana 1230, CarrisMetropolitana 1511, CarrisMetropolitana 1513, CarrisMetropolitana 1516, CarrisMetropolitana 1518, CarrisMetropolitana 1519, CarrisMetropolitana 1527, CarrisMetropolitana 1601, CarrisMetropolitana 1509, CarrisMetropolitana 1716, CarrisMetropolitana 1717, CarrisMetropolitana 1718, CarrisMetropolitana 1721, CarrisMetropolitana 1510, CarrisMetropolitana 1234, CarrisMetropolitana 1235, CarrisMetropolitana 1514, CarrisMetropolitana 1603, CarrisMetropolitana 1508, CarrisMetropolitana 1512, CarrisMetropolitana 1636, CarrisMetropolitana 1637, CP R, CP IR, CP Linha da Azambuja, CP Linha de Sintra"
"111127",22.7463940252557,"CarrisMetropolitana 2626, CarrisMetropolitana 1242, CarrisMetropolitana 1245, CarrisMetropolitana 1247, CarrisMetropolitana 1248, CarrisMetropolitana 1249, CarrisMetropolitana 1254, CarrisMetropolitana 1632, CarrisMetropolitana 1633, CarrisMetropolitana 1240, CarrisMetropolitana 1255"
"111128",79.7389638819927,"CarrisMetropolitana 1209, CarrisMetropolitana 1613, CarrisMetropolitana 1614, CarrisMetropolitana 1615, CarrisMetropolitana 1622, CarrisMetropolitana 2626, CarrisMetropolitana 1206, CarrisMetropolitana 1208, CarrisMetropolitana 1223, CarrisMetropolitana 1232, CarrisMetropolitana 1234, CarrisMetropolitana 1241, CarrisMetropolitana 1242, CarrisMetropolitana 1245, CarrisMetropolitana 1247, CarrisMetropolitana 1248, CarrisMetropolitana 1249, CarrisMetropolitana 1250, CarrisMetropolitana 1251, CarrisMetropolitana 1252, CarrisMetropolitana 1253, CarrisMetropolitana 1254, CarrisMetropolitana 1621, CarrisMetropolitana 1623, CarrisMetropolitana 1624, CarrisMetropolitana 1625, CarrisMetropolitana 1626, CarrisMetropolitana 1627, CarrisMetropolitana 1629, CarrisMetropolitana 1630, CarrisMetropolitana 1631, CarrisMetropolitana 1633, CarrisMetropolitana 1240, CarrisMetropolitana 1255, CP Linha da Azambuja, CP Linha de Sintra, MobiCascais 20, MobiCascais 17, MobiCascais 18"
"111408",51.2022916561504,"CarrisMetropolitana 2035, CarrisMetropolitana 2317, CarrisMetropolitana 2325, CarrisMetropolitana 2327, CarrisMetropolitana 2532, CarrisMetropolitana 2533, CarrisMetropolitana 2537, CarrisMetropolitana 2540, CarrisMetropolitana 2792, CarrisMetropolitana 2797, CarrisMetropolitana 2841"
"111409",50.5715931185727,"CarrisMetropolitana 2306, CarrisMetropolitana 2307, CarrisMetropolitana 2309, CarrisMetropolitana 2328, CarrisMetropolitana 2331, CarrisMetropolitana 2333, CarrisMetropolitana 2921, CarrisMetropolitana 2926, CarrisMetropolitana 2927, CarrisMetropolitana 2928, CP R, CP IC, CP IR, CP AP, CP Linha da Azambuja"
"111412",50.5715931185727,"CarrisMetropolitana 2008, CarrisMetropolitana 2306, CarrisMetropolitana 2307, CarrisMetropolitana 2309, CarrisMetropolitana 2328, CarrisMetropolitana 2329, CarrisMetropolitana 2920, CarrisMetropolitana 2921, CarrisMetropolitana 2926, CarrisMetropolitana 2927, CP R, CP IC, CP IR, CP AP, CP Linha da Azambuja"
"111413",86.5251640225536,"CarrisMetropolitana 2301, CarrisMetropolitana 2303, CarrisMetropolitana 2306, CarrisMetropolitana 2307, CarrisMetropolitana 2328, CarrisMetropolitana 2329, CarrisMetropolitana 2530, CarrisMetropolitana 2532, CarrisMetropolitana 2533, CarrisMetropolitana 2790, CarrisMetropolitana 2792, CarrisMetropolitana 2841, CarrisMetropolitana 2920, CP R, CP IC, CP IR, CP AP, CP Linha da Azambuja"
"111414",27.0041678243957,"CarrisMetropolitana 2926, CarrisMetropolitana 2927, CarrisMetropolitana 2928, CP R, CP IC, CP IR, CP AP, CP Linha da Azambuja"
"111415",90.7515082578754,"CarrisMetropolitana 2317, CarrisMetropolitana 2318, CarrisMetropolitana 2325, CarrisMetropolitana 2327, CarrisMetropolitana 2328, CarrisMetropolitana 2335, CarrisMetropolitana 2336, CarrisMetropolitana 2532, CarrisMetropolitana 2537, CarrisMetropolitana 2539, CarrisMetropolitana 2540, CarrisMetropolitana 2790, CarrisMetropolitana 2792, CarrisMetropolitana 2793, CarrisMetropolitana 2794, CarrisMetropolitana 2841, CP R, CP IC, CP IR, CP AP, CP Linha da Azambuja"
"111512",51.5629778070283,"Carris 714, Carris 750, Carris 799, Carris 748, Carris 754, CarrisMetropolitana 1001, CarrisMetropolitana 1713, CarrisMetropolitana 1714, CarrisMetropolitana 1715, CarrisMetropolitana 1504, CarrisMetropolitana 1002, CarrisMetropolitana 1501, CarrisMetropolitana 1502, CarrisMetropolitana 1730, CarrisMetropolitana 1741, CarrisMetropolitana 1506, CarrisMetropolitana 1507, CarrisMetropolitana 1716, CarrisMetropolitana 1718, CarrisMetropolitana 1514, CarrisMetropolitana 1704"
"111513",64.0905961888831,"Carris 711, Carris 750, Carris 746, Carris 767, Carris 799, Carris 764, Carris 754, CarrisMetropolitana 1001, CarrisMetropolitana 1713, CarrisMetropolitana 1714, CarrisMetropolitana 1002, CarrisMetropolitana 1501, CarrisMetropolitana 1502, CarrisMetropolitana 1506, CarrisMetropolitana 1507, CarrisMetropolitana 1716, CarrisMetropolitana 1718, CarrisMetropolitana 1510, CarrisMetropolitana 1514, CarrisMetropolitana 1704, CP R, CP IR, CP Linha da Azambuja, CP Linha de Sintra"
"111514",56.9268539791901,"Carris 726, Carris 724, Carris 202, CarrisMetropolitana 1005, CarrisMetropolitana 1011, CarrisMetropolitana 2611, CarrisMetropolitana 2831, CarrisMetropolitana 1514, CarrisMetropolitana 1703, CarrisMetropolitana 1706, CarrisMetropolitana 1707, CarrisMetropolitana 1709, CarrisMetropolitana 1710, CarrisMetropolitana 1711, MetroLisboa Az"
"111515",96.7946161009991,"Carris 711, Carris 746, Carris 765, Carris 767, Carris 758, Carris 202, CarrisMetropolitana 1005, CarrisMetropolitana 1713, CarrisMetropolitana 1720, CarrisMetropolitana 1011, CarrisMetropolitana 1002, CarrisMetropolitana 1507, CarrisMetropolitana 1518, CarrisMetropolitana 1601, CarrisMetropolitana 1003, CarrisMetropolitana 1717, CarrisMetropolitana 1721, CarrisMetropolitana 1510, CarrisMetropolitana 1514, CarrisMetropolitana 1517, CarrisMetropolitana 1508, CarrisMetropolitana 1703, CarrisMetropolitana 1706, CarrisMetropolitana 1707, CP R, CP IR, CP Linha da Azambuja, CP Linha de Sintra, MetroLisboa Az"
"111516",79.3945253472149,"CarrisMetropolitana 1005, CarrisMetropolitana 1720, CarrisMetropolitana 1009, CarrisMetropolitana 2605, CarrisMetropolitana 1516, CarrisMetropolitana 1518, CarrisMetropolitana 1519, CarrisMetropolitana 1601, CarrisMetropolitana 1003, CarrisMetropolitana 1509, CarrisMetropolitana 1717, CarrisMetropolitana 1721, CarrisMetropolitana 1514, CarrisMetropolitana 1517, CarrisMetropolitana 1603, CarrisMetropolitana 1508, CarrisMetropolitana 1004, CarrisMetropolitana 1703, CarrisMetropolitana 1707, CarrisMetropolitana 1709, CarrisMetropolitana 1710, CarrisMetropolitana 1711, CP Linha da Azambuja, CP Linha de Sintra"
"111517",72.4752958873324,"CarrisMetropolitana 1714, CarrisMetropolitana 1720, CarrisMetropolitana 1715, CarrisMetropolitana 1009, CarrisMetropolitana 1522, CarrisMetropolitana 1002, CarrisMetropolitana 1501, CarrisMetropolitana 1502, CarrisMetropolitana 1506, CarrisMetropolitana 1230, CarrisMetropolitana 1511, CarrisMetropolitana 1513, CarrisMetropolitana 1507, CarrisMetropolitana 1518, CarrisMetropolitana 1519, CarrisMetropolitana 1527, CarrisMetropolitana 1601, CarrisMetropolitana 1509, CarrisMetropolitana 1716, CarrisMetropolitana 1717, CarrisMetropolitana 1718, CarrisMetropolitana 1721, CarrisMetropolitana 1510, CarrisMetropolitana 1514, CarrisMetropolitana 1603, CarrisMetropolitana 1508, CarrisMetropolitana 1512, CarrisMetropolitana 1004, CarrisMetropolitana 1704, CP R, CP IR, CP Linha da Azambuja, CP Linha de Sintra"
"111603",212.166393184089,"Carris 736, CarrisMetropolitana 2202, CarrisMetropolitana 2203, CarrisMetropolitana 2206, CarrisMetropolitana 2209, CarrisMetropolitana 2215, CarrisMetropolitana 2217, CarrisMetropolitana 2219, CarrisMetropolitana 2221, CarrisMetropolitana 2223, CarrisMetropolitana 2224, CarrisMetropolitana 2225, CarrisMetropolitana 2511, CarrisMetropolitana 2515, CarrisMetropolitana 2522, CarrisMetropolitana 2524, CarrisMetropolitana 2525, CarrisMetropolitana 2526, CarrisMetropolitana 2611, CarrisMetropolitana 2632, CarrisMetropolitana 2715, CarrisMetropolitana 2716, CarrisMetropolitana 2717, CarrisMetropolitana 2750, CarrisMetropolitana 2751, CarrisMetropolitana 2754, CarrisMetropolitana 2756, CarrisMetropolitana 2761, CarrisMetropolitana 2764, CarrisMetropolitana 2765, CarrisMetropolitana 2768, CarrisMetropolitana 2769, CarrisMetropolitana 2770, CarrisMetropolitana 2772, CarrisMetropolitana 2774, CarrisMetropolitana 2776, CarrisMetropolitana 2780, CarrisMetropolitana 2781, CarrisMetropolitana 2785, CarrisMetropolitana 2810, CarrisMetropolitana 2811, CarrisMetropolitana 2812, CarrisMetropolitana 2816, CarrisMetropolitana 2817, CarrisMetropolitana 2818, CarrisMetropolitana 2821, CarrisMetropolitana 2824, MetroLisboa Am"
"111608",141.8658965308,"Carris 729, Carris 768, Carris 726, Carris 747, Carris 724, Carris 763, Carris 202, CarrisMetropolitana 2202, CarrisMetropolitana 2203, CarrisMetropolitana 2206, CarrisMetropolitana 2209, CarrisMetropolitana 2223, CarrisMetropolitana 2224, CarrisMetropolitana 2611, CarrisMetropolitana 2632, CarrisMetropolitana 2780, CarrisMetropolitana 2781, CarrisMetropolitana 2810, CarrisMetropolitana 2811, CarrisMetropolitana 2813, CarrisMetropolitana 2814, CarrisMetropolitana 2817, CarrisMetropolitana 2818, CarrisMetropolitana 2821, CarrisMetropolitana 2824, CarrisMetropolitana 2830, CarrisMetropolitana 2831, CarrisMetropolitana 1703, CarrisMetropolitana 1706, CarrisMetropolitana 1709, CarrisMetropolitana 1710, CarrisMetropolitana 1711, MetroLisboa Az"
"111609",202.353252054785,"Carris 736, CarrisMetropolitana 2020, CarrisMetropolitana 2202, CarrisMetropolitana 2219, CarrisMetropolitana 2221, CarrisMetropolitana 2223, CarrisMetropolitana 2515, CarrisMetropolitana 2522, CarrisMetropolitana 2525, CarrisMetropolitana 2526, CarrisMetropolitana 2706, CarrisMetropolitana 2715, CarrisMetropolitana 2716, CarrisMetropolitana 2717, CarrisMetropolitana 2718, CarrisMetropolitana 2719, CarrisMetropolitana 2720, CarrisMetropolitana 2723, CarrisMetropolitana 2740, CarrisMetropolitana 2743, CarrisMetropolitana 2744, CarrisMetropolitana 2745, CarrisMetropolitana 2746, CarrisMetropolitana 2750, CarrisMetropolitana 2751, CarrisMetropolitana 2754, CarrisMetropolitana 2756, CarrisMetropolitana 2761, CarrisMetropolitana 2762, CarrisMetropolitana 2764, CarrisMetropolitana 2765, CarrisMetropolitana 2768, CarrisMetropolitana 2769, CarrisMetropolitana 2770, CarrisMetropolitana 2772, CarrisMetropolitana 2774, CarrisMetropolitana 2776, CarrisMetropolitana 2780, CarrisMetropolitana 2785, CarrisMetropolitana 2797, CarrisMetropolitana 2801, CarrisMetropolitana 2802, CarrisMetropolitana 2803, CarrisMetropolitana 2804, CarrisMetropolitana 2807, CarrisMetropolitana 2810, CarrisMetropolitana 2812, CarrisMetropolitana 2816, CarrisMetropolitana 2821, CarrisMetropolitana 2824, CarrisMetropolitana 2900, MetroLisboa Am"
"111610",144.172005586855,"CarrisMetropolitana 2206, CarrisMetropolitana 2209, CarrisMetropolitana 2215, CarrisMetropolitana 2217, CarrisMetropolitana 2223, CarrisMetropolitana 2225, CarrisMetropolitana 2511, CarrisMetropolitana 2513, CarrisMetropolitana 2515, CarrisMetropolitana 2522, CarrisMetropolitana 2524, CarrisMetropolitana 2605, CarrisMetropolitana 2611, CarrisMetropolitana 2632, CarrisMetropolitana 2715, CarrisMetropolitana 2716, CarrisMetropolitana 2717, CarrisMetropolitana 2761, CarrisMetropolitana 2781, CarrisMetropolitana 2811, CarrisMetropolitana 2812, CarrisMetropolitana 2813, CarrisMetropolitana 2814, CarrisMetropolitana 2816, CarrisMetropolitana 2818, CarrisMetropolitana 2830, CarrisMetropolitana 2831, CarrisMetropolitana 1603, CarrisMetropolitana 1635, CarrisMetropolitana 1636, CarrisMetropolitana 1637, CarrisMetropolitana 1709, CarrisMetropolitana 1710, CarrisMetropolitana 1711"
"150201",47.8908864064866,"CarrisMetropolitana 4501, CarrisMetropolitana 4504, CarrisMetropolitana 4512, CarrisMetropolitana 4514, CarrisMetropolitana 4515, CarrisMetropolitana 4516, CarrisMetropolitana 4600, CarrisMetropolitana 4701, CarrisMetropolitana 4702, CarrisMetropolitana 4704, CarrisMetropolitana 4705, CarrisMetropolitana 4706, CarrisMetropolitana 4707, CarrisMetropolitana 4708, CarrisMetropolitana 4710, CarrisMetropolitana 4715, CarrisMetropolitana 4720, CarrisMetropolitana 4741"
"150202",72.2015955697546,"CarrisMetropolitana 4501, CarrisMetropolitana 4600, CarrisMetropolitana 4701, CarrisMetropolitana 4702, CarrisMetropolitana 4704, CarrisMetropolitana 4705, CarrisMetropolitana 4706, CarrisMetropolitana 4707, CarrisMetropolitana 4708, CarrisMetropolitana 4710, CarrisMetropolitana 4715, CarrisMetropolitana 4720, CarrisMetropolitana 4741"
"150203",42.6362930924973,"CarrisMetropolitana 4501, CarrisMetropolitana 4512, CarrisMetropolitana 4600, CarrisMetropolitana 4701, CarrisMetropolitana 4702, CarrisMetropolitana 4704, CarrisMetropolitana 4705, CarrisMetropolitana 4706, CarrisMetropolitana 4707, CarrisMetropolitana 4708, CarrisMetropolitana 4710, CarrisMetropolitana 4715, CarrisMetropolitana 4720, CarrisMetropolitana 4741"
"150303",36.3005268556444,"CarrisMetropolitana 3011, CarrisMetropolitana 3012, CarrisMetropolitana 3021, CarrisMetropolitana 3022, CarrisMetropolitana 3023, CarrisMetropolitana 3024, CarrisMetropolitana 3025, CarrisMetropolitana 3030, CarrisMetropolitana 3039, CarrisMetropolitana 3521, CarrisMetropolitana 3523, CarrisMetropolitana 3708, CarrisMetropolitana 3709, CarrisMetropolitana 3710"
"150312",189.767682217134,"Carris 753, CarrisMetropolitana 3001, CarrisMetropolitana 3003, CarrisMetropolitana 3007, CarrisMetropolitana 3009, CarrisMetropolitana 3011, CarrisMetropolitana 3012, CarrisMetropolitana 3013, CarrisMetropolitana 3017, CarrisMetropolitana 3022, CarrisMetropolitana 3024, CarrisMetropolitana 3025, CarrisMetropolitana 3027, CarrisMetropolitana 3040, CarrisMetropolitana 3041, CarrisMetropolitana 3504, CarrisMetropolitana 3505, CarrisMetropolitana 3506, CarrisMetropolitana 3507, CarrisMetropolitana 3508, CarrisMetropolitana 3512, CarrisMetropolitana 3513, CarrisMetropolitana 3514, CarrisMetropolitana 3524, CarrisMetropolitana 3525, CarrisMetropolitana 3536, CarrisMetropolitana 3605, CarrisMetropolitana 3701, CarrisMetropolitana 3702, CarrisMetropolitana 3703, CarrisMetropolitana 3704, CarrisMetropolitana 3705, CarrisMetropolitana 3706, CarrisMetropolitana 3708, CarrisMetropolitana 3709, CarrisMetropolitana 3710, CarrisMetropolitana 3711, CarrisMetropolitana 3715, CarrisMetropolitana 3716, CarrisMetropolitana 3717, CarrisMetropolitana 3720, CarrisMetropolitana 3721, CarrisMetropolitana 4725, CarrisMetropolitana 4730, Fertagus, MTS 1, MTS 2, MTS 3, TTSL"
"150313",101.647504845219,"CarrisMetropolitana 3007, CarrisMetropolitana 3008, CarrisMetropolitana 3009, CarrisMetropolitana 3011, CarrisMetropolitana 3012, CarrisMetropolitana 3017, CarrisMetropolitana 3021, CarrisMetropolitana 3022, CarrisMetropolitana 3023, CarrisMetropolitana 3024, CarrisMetropolitana 3025, CarrisMetropolitana 3027, CarrisMetropolitana 3030, CarrisMetropolitana 3033, CarrisMetropolitana 3034, CarrisMetropolitana 3038, CarrisMetropolitana 3039, CarrisMetropolitana 3041, CarrisMetropolitana 3504, CarrisMetropolitana 3507, CarrisMetropolitana 3515, CarrisMetropolitana 3524, CarrisMetropolitana 3704, CarrisMetropolitana 3705, CarrisMetropolitana 3708, CarrisMetropolitana 3709, CarrisMetropolitana 3710, CarrisMetropolitana 3711, CarrisMetropolitana 3716, Fertagus, MTS 3, TTSL"
"150314",79.4962484138825,"CarrisMetropolitana 3004, CarrisMetropolitana 3008, CarrisMetropolitana 3011, CarrisMetropolitana 3012, CarrisMetropolitana 3017, CarrisMetropolitana 3022, CarrisMetropolitana 3023, CarrisMetropolitana 3024, CarrisMetropolitana 3025, CarrisMetropolitana 3027, CarrisMetropolitana 3030, CarrisMetropolitana 3034, CarrisMetropolitana 3040, CarrisMetropolitana 3041, CarrisMetropolitana 3042, CarrisMetropolitana 3116, CarrisMetropolitana 3118, CarrisMetropolitana 3504, CarrisMetropolitana 3507, CarrisMetropolitana 3515, CarrisMetropolitana 3516, CarrisMetropolitana 3521, CarrisMetropolitana 3523, CarrisMetropolitana 3524, CarrisMetropolitana 3526, CarrisMetropolitana 3704, CarrisMetropolitana 3705, CarrisMetropolitana 3706, CarrisMetropolitana 3709, CarrisMetropolitana 3710, CarrisMetropolitana 3711, CarrisMetropolitana 3716, Fertagus"
"150315",139.656000734635,"Carris 753, CarrisMetropolitana 3003, CarrisMetropolitana 3004, CarrisMetropolitana 3011, CarrisMetropolitana 3013, CarrisMetropolitana 3017, CarrisMetropolitana 3023, CarrisMetropolitana 3024, CarrisMetropolitana 3040, CarrisMetropolitana 3041, CarrisMetropolitana 3504, CarrisMetropolitana 3505, CarrisMetropolitana 3506, CarrisMetropolitana 3508, CarrisMetropolitana 3512, CarrisMetropolitana 3513, CarrisMetropolitana 3514, CarrisMetropolitana 3515, CarrisMetropolitana 3516, CarrisMetropolitana 3517, CarrisMetropolitana 3525, CarrisMetropolitana 3526, CarrisMetropolitana 3536, CarrisMetropolitana 3605, CarrisMetropolitana 3701, CarrisMetropolitana 3702, CarrisMetropolitana 3704, CarrisMetropolitana 3705, CarrisMetropolitana 3706, CarrisMetropolitana 3708, CarrisMetropolitana 3709, CarrisMetropolitana 3710, CarrisMetropolitana 3711, CarrisMetropolitana 3715, CarrisMetropolitana 3716, CarrisMetropolitana 3717, CarrisMetropolitana 3720, CarrisMetropolitana 3721, CarrisMetropolitana 4725, CarrisMetropolitana 4730, Fertagus, MTS 1, MTS 2"
"150407",19.3434272711519,"CarrisMetropolitana 4611, CarrisMetropolitana 4621, TCB 3, TCB 4, TCB 16, TCB 18"
"150409",78.2493629503452,"CarrisMetropolitana 4600, CarrisMetropolitana 4602, CarrisMetropolitana 4620, CP Linha do Sado, TCB 1, TCB 3, TCB 7, TCB 6, TCB 4, TCB 14, TCB 8, TCB 15, TCB 16, TCB 2, TCB 18, TTSL"
"150410",69.5365196303991,"CarrisMetropolitana 4600, CarrisMetropolitana 4602, CarrisMetropolitana 4620, CP Linha do Sado, CP AP, TCB 1, TCB 3, TCB 7, TCB 6, TCB 14, TCB 8, TCB 15, TCB 2, TCB 18, TTSL"
"150411",31.0467432236872,"CarrisMetropolitana 3543, CarrisMetropolitana 3605, CarrisMetropolitana 3620, CarrisMetropolitana 3626, CarrisMetropolitana 3635, CarrisMetropolitana 4620, CarrisMetropolitana 4621, CarrisMetropolitana 4632, CarrisMetropolitana 4725, CarrisMetropolitana 4730, Fertagus, TCB 6, TCB 16"
"150601",33.3001549163697,"CarrisMetropolitana 4600, CarrisMetropolitana 4602, CarrisMetropolitana 4611, CarrisMetropolitana 4620, CarrisMetropolitana 4621, CarrisMetropolitana 4701, CarrisMetropolitana 4741, CP Linha do Sado, TCB 1, TCB 2, TCB 18"
"150603",22.9749446492958,"CarrisMetropolitana 4102, CarrisMetropolitana 4531, CarrisMetropolitana 4600, CarrisMetropolitana 4611, CarrisMetropolitana 4620, CarrisMetropolitana 4621, CarrisMetropolitana 4701, CarrisMetropolitana 4741, CP Linha do Sado, CP AP"
"150607",66.1017553422989,"CarrisMetropolitana 4600, CarrisMetropolitana 4602, CarrisMetropolitana 4620, CarrisMetropolitana 4701, CarrisMetropolitana 4741, CP Linha do Sado, TCB 1, TCB 3, TCB 4, TCB 14, TCB 8, TCB 15, TCB 2, TCB 18"
"150608",2.00055570991942,"CarrisMetropolitana 4102, CP AP"
"150701",3.00083356487913,"CarrisMetropolitana 4514, CarrisMetropolitana 4906"
"150704",14.9531696362492,"CarrisMetropolitana 4600, CarrisMetropolitana 4701, CarrisMetropolitana 4741, CP AP"
"150709",25.0998547260659,"CarrisMetropolitana 4204, CarrisMetropolitana 4504, CarrisMetropolitana 4512, CarrisMetropolitana 4514, CarrisMetropolitana 4515, CarrisMetropolitana 4516, CarrisMetropolitana 4600, CarrisMetropolitana 4701, CarrisMetropolitana 4704, CarrisMetropolitana 4741"
"150710",53.248224998031,"CarrisMetropolitana 4203, CarrisMetropolitana 4204, CarrisMetropolitana 4501, CarrisMetropolitana 4504, CarrisMetropolitana 4512, CarrisMetropolitana 4514, CarrisMetropolitana 4515, CarrisMetropolitana 4516, CarrisMetropolitana 4600, CarrisMetropolitana 4701, CarrisMetropolitana 4702, CarrisMetropolitana 4704, CarrisMetropolitana 4705, CarrisMetropolitana 4706, CarrisMetropolitana 4707, CarrisMetropolitana 4708, CarrisMetropolitana 4710, CarrisMetropolitana 4715, CarrisMetropolitana 4720, CarrisMetropolitana 4741, CP AP, TTSL"
"150711",6.00166712975827,"CarrisMetropolitana 4514, CarrisMetropolitana 4515, CarrisMetropolitana 4521, CarrisMetropolitana 4524, CarrisMetropolitana 4906"
"150802",32.1037032064621,"CarrisMetropolitana 4304, CarrisMetropolitana 4512, CarrisMetropolitana 4521, CarrisMetropolitana 4524, CarrisMetropolitana 4531, CarrisMetropolitana 4540, CarrisMetropolitana 4548, CarrisMetropolitana 4550, CarrisMetropolitana 4551, CarrisMetropolitana 4562, CarrisMetropolitana 4710, CarrisMetropolitana 4715, CarrisMetropolitana 4720, CarrisMetropolitana 4725, CarrisMetropolitana 4906, CP Linha do Sado, CP AP, Fertagus"
"150803",21.5088352107025,"CarrisMetropolitana 4512, CarrisMetropolitana 4516, CarrisMetropolitana 4521, CarrisMetropolitana 4531, CarrisMetropolitana 4710, CarrisMetropolitana 4715, CarrisMetropolitana 4720, CP Linha do Sado, CP AP, Fertagus"
"150804",15.5261101519585,"CarrisMetropolitana 4304, CarrisMetropolitana 4531, CarrisMetropolitana 4550, CarrisMetropolitana 4562, CarrisMetropolitana 4611, CarrisMetropolitana 4632, CarrisMetropolitana 4725, Fertagus"
"150806",8.00222283967769,"CarrisMetropolitana 4514, CarrisMetropolitana 4515, CarrisMetropolitana 4521, CarrisMetropolitana 4524, CarrisMetropolitana 4540, CarrisMetropolitana 4548, CarrisMetropolitana 4906"
"151002",49.1136194980792,"CarrisMetropolitana 3101, CarrisMetropolitana 3103, CarrisMetropolitana 3108, CarrisMetropolitana 3114, CarrisMetropolitana 3116, CarrisMetropolitana 3118, CarrisMetropolitana 3119, CarrisMetropolitana 3505, CarrisMetropolitana 3508, CarrisMetropolitana 3512, CarrisMetropolitana 3521, CarrisMetropolitana 3523, CarrisMetropolitana 3536, CarrisMetropolitana 3605, CarrisMetropolitana 3720, CarrisMetropolitana 3721, CarrisMetropolitana 4725, CarrisMetropolitana 4730, Fertagus"
"151005",115.697777800781,"CarrisMetropolitana 3103, CarrisMetropolitana 3104, CarrisMetropolitana 3116, CarrisMetropolitana 3118, CarrisMetropolitana 3504, CarrisMetropolitana 3505, CarrisMetropolitana 3506, CarrisMetropolitana 3507, CarrisMetropolitana 3508, CarrisMetropolitana 3512, CarrisMetropolitana 3513, CarrisMetropolitana 3514, CarrisMetropolitana 3515, CarrisMetropolitana 3516, CarrisMetropolitana 3517, CarrisMetropolitana 3521, CarrisMetropolitana 3523, CarrisMetropolitana 3524, CarrisMetropolitana 3525, CarrisMetropolitana 3526, CarrisMetropolitana 3536, CarrisMetropolitana 3605, CarrisMetropolitana 3715, CarrisMetropolitana 3716, CarrisMetropolitana 3717, CarrisMetropolitana 3720, CarrisMetropolitana 3721, CarrisMetropolitana 4725, CarrisMetropolitana 4730, Fertagus, MTS 1, MTS 2"
"151006",21.2396619098066,"CarrisMetropolitana 3105, CarrisMetropolitana 3106, CarrisMetropolitana 3110, CarrisMetropolitana 3536, CarrisMetropolitana 3540, CarrisMetropolitana 3541, CarrisMetropolitana 3543, CarrisMetropolitana 3544, CarrisMetropolitana 3720, CarrisMetropolitana 3721, CarrisMetropolitana 4725"
"151007",91.4256469081408,"CarrisMetropolitana 3103, CarrisMetropolitana 3105, CarrisMetropolitana 3106, CarrisMetropolitana 3109, CarrisMetropolitana 3110, CarrisMetropolitana 3111, CarrisMetropolitana 3112, CarrisMetropolitana 3113, CarrisMetropolitana 3114, CarrisMetropolitana 3116, CarrisMetropolitana 3118, CarrisMetropolitana 3119, CarrisMetropolitana 3505, CarrisMetropolitana 3508, CarrisMetropolitana 3523, CarrisMetropolitana 3536, CarrisMetropolitana 3540, CarrisMetropolitana 3541, CarrisMetropolitana 3543, CarrisMetropolitana 3544, CarrisMetropolitana 3605, CarrisMetropolitana 3620, CarrisMetropolitana 3626, CarrisMetropolitana 3635, CarrisMetropolitana 3720, CarrisMetropolitana 3721, CarrisMetropolitana 4620, CarrisMetropolitana 4621, CarrisMetropolitana 4632, CarrisMetropolitana 4725, CarrisMetropolitana 4730, Fertagus, TCB 6, TCB 16, TTSL"
"151101",15.997690731639,"CarrisMetropolitana 3201, CarrisMetropolitana 3203, CarrisMetropolitana 3206, CarrisMetropolitana 3208, CarrisMetropolitana 3213, CarrisMetropolitana 3218, CarrisMetropolitana 3536, CarrisMetropolitana 3540, CarrisMetropolitana 3544, CarrisMetropolitana 3635, CarrisMetropolitana 3642, CarrisMetropolitana 3721"
"151102",14.9974128766793,"CarrisMetropolitana 3201, CarrisMetropolitana 3203, CarrisMetropolitana 3206, CarrisMetropolitana 3208, CarrisMetropolitana 3213, CarrisMetropolitana 3218, CarrisMetropolitana 3536, CarrisMetropolitana 3544, CarrisMetropolitana 3635, CarrisMetropolitana 3642, CarrisMetropolitana 3721"
"151103",30.7997480436502,"CarrisMetropolitana 3222, CarrisMetropolitana 3536, CarrisMetropolitana 3540, CarrisMetropolitana 3541, CarrisMetropolitana 3543, CarrisMetropolitana 3544, CarrisMetropolitana 3605, CarrisMetropolitana 3620, CarrisMetropolitana 3626, CarrisMetropolitana 3635, CarrisMetropolitana 3720, CarrisMetropolitana 3721, CarrisMetropolitana 4632, CarrisMetropolitana 4725, CarrisMetropolitana 4730, TCB 16"
"151205",44.868819820593,"CarrisMetropolitana 3642, CarrisMetropolitana 4404, CarrisMetropolitana 4405, CarrisMetropolitana 4407, CarrisMetropolitana 4410, CarrisMetropolitana 4412, CarrisMetropolitana 4419, CarrisMetropolitana 4422, CarrisMetropolitana 4426, CarrisMetropolitana 4428, CarrisMetropolitana 4434, CarrisMetropolitana 4436, CarrisMetropolitana 4437, CarrisMetropolitana 4441, CarrisMetropolitana 4540, CarrisMetropolitana 4548, CarrisMetropolitana 4562, CarrisMetropolitana 4715, CarrisMetropolitana 4720, CarrisMetropolitana 4725, CarrisMetropolitana 4906, CP Linha do Sado, CP AP, Fertagus"
"151207",7.00194498471798,"CarrisMetropolitana 4410, CarrisMetropolitana 4419, CarrisMetropolitana 4428, CarrisMetropolitana 4540, CarrisMetropolitana 4548, CarrisMetropolitana 4906"
"151208",7.39042794286191,"CarrisMetropolitana 4412, CarrisMetropolitana 4419, CarrisMetropolitana 4437, CP AP"
"151209",21.8483047439443,"CarrisMetropolitana 3605, CarrisMetropolitana 3626, CarrisMetropolitana 3635, CarrisMetropolitana 3642, CarrisMetropolitana 4550, CarrisMetropolitana 4562, CarrisMetropolitana 4632, CarrisMetropolitana 4725, CarrisMetropolitana 4730, Fertagus, TCB 16"
"151210",53.9013625016302,"CarrisMetropolitana 3605, CarrisMetropolitana 3642, CarrisMetropolitana 4403, CarrisMetropolitana 4404, CarrisMetropolitana 4405, CarrisMetropolitana 4407, CarrisMetropolitana 4412, CarrisMetropolitana 4419, CarrisMetropolitana 4422, CarrisMetropolitana 4426, CarrisMetropolitana 4428, CarrisMetropolitana 4431, CarrisMetropolitana 4434, CarrisMetropolitana 4436, CarrisMetropolitana 4437, CarrisMetropolitana 4441, CarrisMetropolitana 4512, CarrisMetropolitana 4540, CarrisMetropolitana 4548, CarrisMetropolitana 4551, CarrisMetropolitana 4562, CarrisMetropolitana 4715, CarrisMetropolitana 4720, CarrisMetropolitana 4725, CarrisMetropolitana 4730, CarrisMetropolitana 4906, CP Linha do Sado, CP AP, Fertagus"
"110501","52.67153835067908","CarrisMetropolitana 1621, CarrisMetropolitana 1623, CarrisMetropolitana 1624, CarrisMetropolitana 1625, CarrisMetropolitana 1626, CarrisMetropolitana 1627, CarrisMetropolitana 1629, CarrisMetropolitana 1630, CarrisMetropolitana 1631, MobiCascais 8, MobiCascais 31, MobiCascais 7, MobiCascais 22, MobiCascais 19, MobiCascais 20, MobiCascais 6, MobiCascais 11, MobiCascais 14, MobiCascais 13, MobiCascais 12, MobiCascais 17, MobiCascais 24, MobiCascais 2, MobiCascais 18"
"110506","60.23685104357893","CarrisMetropolitana 1607, CarrisMetropolitana 1608, CarrisMetropolitana 1613, CarrisMetropolitana 1614, CarrisMetropolitana 1615, CarrisMetropolitana 1622, CarrisMetropolitana 1638, CarrisMetropolitana 1610, CarrisMetropolitana 1616, CarrisMetropolitana 1617, MobiCascais 31, MobiCascais 16, MobiCascais 22, MobiCascais 37, MobiCascais 35, MobiCascais 23, MobiCascais 36, MobiCascais 30, MobiCascais 32, MobiCascais 33, MobiCascais 26, MobiCascais 25, MobiCascais 24"
"110507","66.7984481584846","CarrisMetropolitana 1604, CarrisMetropolitana 1607, CarrisMetropolitana 1608, CarrisMetropolitana 1612, CarrisMetropolitana 1613, CarrisMetropolitana 1614, CarrisMetropolitana 1615, CarrisMetropolitana 1622, CarrisMetropolitana 1638, CarrisMetropolitana 1121, CarrisMetropolitana 1601, CP Linha de Cascais, MobiCascais 31, MobiCascais 16, MobiCascais 22, MobiCascais 35, MobiCascais 36, MobiCascais 30, MobiCascais 32, MobiCascais 33, MobiCascais 26, MobiCascais 25, MobiCascais 24"
"110508","64.77062794595727","CarrisMetropolitana 1621, CarrisMetropolitana 1623, CarrisMetropolitana 1624, CarrisMetropolitana 1625, CarrisMetropolitana 1629, CarrisMetropolitana 1630, CarrisMetropolitana 1631, CP Linha de Cascais, MobiCascais 34, MobiCascais 8, MobiCascais 31, MobiCascais 7, MobiCascais 19, MobiCascais 20, MobiCascais 6, MobiCascais 11, MobiCascais 14, MobiCascais 9, MobiCascais 13, MobiCascais 23, MobiCascais 12, MobiCascais 17, MobiCascais 32, MobiCascais 22, MobiCascais 2, MobiCascais 15, MobiCascais 5, MobiCascais 4, MobiCascais 18"
"110601","57.35013177788207","Carris 714, Carris 727, Carris 729, Carris 732, Carris 742, Carris 723, Carris 748, Carris 760, Carris 771, Carris 203, Carris 18E, CarrisMetropolitana 1714, CarrisMetropolitana 1724, CarrisMetropolitana 1725, CarrisMetropolitana 1729, CarrisMetropolitana 1730, CarrisMetropolitana 1733, CarrisMetropolitana 1716, CarrisMetropolitana 1704, CP Linha de Cascais"
"110602","179.1414033055717","Carris 711, Carris 714, Carris 727, Carris 729, Carris 732, Carris 751, Carris 742, Carris 738, Carris 723, Carris 713, Carris 720, Carris 753, Carris 748, Carris 760, Carris 756, Carris 724, Carris 712, Carris 728, Carris 771, Carris 201, Carris 203, Carris 15E, Carris 18E, CarrisMetropolitana 1724, CarrisMetropolitana 1725, CarrisMetropolitana 1729, CarrisMetropolitana 1730, CarrisMetropolitana 1733, CarrisMetropolitana 3701, CarrisMetropolitana 3702, CarrisMetropolitana 3703, CarrisMetropolitana 3704, CarrisMetropolitana 3705, CarrisMetropolitana 3706, CarrisMetropolitana 3708, CarrisMetropolitana 3709, CarrisMetropolitana 3710, CarrisMetropolitana 3711, CarrisMetropolitana 3715, CarrisMetropolitana 3716, CarrisMetropolitana 3717, CarrisMetropolitana 3720, CarrisMetropolitana 3721, CarrisMetropolitana 1716, CarrisMetropolitana 1704, CarrisMetropolitana 4725, CarrisMetropolitana 4730, CP Linha de Cascais, Fertagus"
"110607","83.72878497805171","Carris 718, Carris 742, Carris 794, Carris 720, Carris 759, Carris 793, Carris 781, Carris 756, Carris 730, Carris 728, Carris 203, Carris 208, Carris 210, CP R, CP IC, CP IR, CP AP, CP Linha da Azambuja, MetroLisboa Vm"
"110608","187.5298641225834","Carris 711, Carris 714, Carris 729, Carris 750, Carris 746, Carris 765, Carris 767, Carris 799, Carris 723, Carris 758, Carris 716, Carris 703, Carris 764, Carris 748, Carris 724, Carris 778, Carris 770, Carris 754, Carris 771, Carris 763, Carris 202, CarrisMetropolitana 1001, CarrisMetropolitana 1713, CarrisMetropolitana 1714, CarrisMetropolitana 1720, CarrisMetropolitana 1715, CarrisMetropolitana 2811, CarrisMetropolitana 2813, CarrisMetropolitana 2817, CarrisMetropolitana 2818, CarrisMetropolitana 2830, CarrisMetropolitana 1724, CarrisMetropolitana 1725, CarrisMetropolitana 1729, CarrisMetropolitana 1730, CarrisMetropolitana 1733, CarrisMetropolitana 1741, CarrisMetropolitana 1507, CarrisMetropolitana 1716, CarrisMetropolitana 1717, CarrisMetropolitana 1718, CarrisMetropolitana 1721, CarrisMetropolitana 1704, CarrisMetropolitana 1706, CarrisMetropolitana 1707, CarrisMetropolitana 1709, CP R, CP IR, CP Linha da Azambuja, CP Linha de Sintra"
"110610","175.1590983249833","Carris 711, Carris 746, Carris 751, Carris 768, Carris 742, Carris 726, Carris 755, Carris 723, Carris 713, Carris 701, Carris 702, Carris 758, Carris 716, Carris 753, Carris 748, Carris 756, Carris 712, Carris 731, Carris 770, Carris 754, Carris 783, Carris 771, Carris 202, Carris 203, CarrisMetropolitana 1724, CarrisMetropolitana 1725, CarrisMetropolitana 1729, CarrisMetropolitana 1730, CarrisMetropolitana 1733, CarrisMetropolitana 1741, CarrisMetropolitana 3702, CarrisMetropolitana 3703, CarrisMetropolitana 3704, CarrisMetropolitana 3705, CarrisMetropolitana 3706, CarrisMetropolitana 3709, CarrisMetropolitana 3710, CarrisMetropolitana 3711, CarrisMetropolitana 3715, CarrisMetropolitana 3716, CarrisMetropolitana 3717, CarrisMetropolitana 3720, CarrisMetropolitana 3721, CarrisMetropolitana 1716, CarrisMetropolitana 1704, CarrisMetropolitana 4725, CarrisMetropolitana 4730, CP R, CP IR, CP Linha da Azambuja, CP Linha de Sintra, Fertagus, MetroLisboa Az"
"110611","142.3804758752484","Carris 729, Carris 750, Carris 765, Carris 768, Carris 767, Carris 726, Carris 799, Carris 703, Carris 764, Carris 747, Carris 724, Carris 778, Carris 763, Carris 202, CarrisMetropolitana 2780, CarrisMetropolitana 2781, CarrisMetropolitana 2811, CarrisMetropolitana 2813, CarrisMetropolitana 2814, CarrisMetropolitana 2817, CarrisMetropolitana 2818, CarrisMetropolitana 2821, CarrisMetropolitana 2824, CarrisMetropolitana 2830, CarrisMetropolitana 2831, CarrisMetropolitana 1703, CarrisMetropolitana 1706, CarrisMetropolitana 1709, CarrisMetropolitana 1710, CarrisMetropolitana 1711, MetroLisboa Az"
"110618","273.2039802383384","Carris 750, Carris 767, Carris 701, Carris 206, Carris 703, Carris 717, Carris 796, Carris 747, Carris 778, Carris 798, Carris 736, Carris 763, Carris 207, CarrisMetropolitana 2706, CarrisMetropolitana 2710, CarrisMetropolitana 2713, CarrisMetropolitana 2714, CarrisMetropolitana 2715, CarrisMetropolitana 2716, CarrisMetropolitana 2717, CarrisMetropolitana 2718, CarrisMetropolitana 2719, CarrisMetropolitana 2720, CarrisMetropolitana 2723, CarrisMetropolitana 2736, CarrisMetropolitana 2740, CarrisMetropolitana 2743, CarrisMetropolitana 2744, CarrisMetropolitana 2745, CarrisMetropolitana 2746, CarrisMetropolitana 2750, CarrisMetropolitana 2751, CarrisMetropolitana 2754, CarrisMetropolitana 2756, CarrisMetropolitana 2761, CarrisMetropolitana 2762, CarrisMetropolitana 2764, CarrisMetropolitana 2765, CarrisMetropolitana 2768, CarrisMetropolitana 2769, CarrisMetropolitana 2770, CarrisMetropolitana 2772, CarrisMetropolitana 2774, CarrisMetropolitana 2776, CarrisMetropolitana 2785, CarrisMetropolitana 2793, CarrisMetropolitana 2795, CarrisMetropolitana 2797, CarrisMetropolitana 2801, CarrisMetropolitana 2802, CarrisMetropolitana 2803, CarrisMetropolitana 2804, CarrisMetropolitana 2807, CarrisMetropolitana 2810, CarrisMetropolitana 2812, CarrisMetropolitana 2816, CarrisMetropolitana 2841, CarrisMetropolitana 2900, MetroLisboa Am, MetroLisboa Vd"
"110621","89.77764736832005","Carris 708, Carris 718, Carris 750, Carris 794, Carris 755, Carris 759, Carris 793, Carris 781, Carris 731, Carris 749, Carris 728, Carris 208, Carris 210, CP R, CP IC, CP IR, CP AP, CP Linha da Azambuja, CP Linha de Sintra, MetroLisboa Vm"
"110633","224.1241462685516","Carris 708, Carris 750, Carris 794, Carris 759, Carris 781, Carris 705, Carris 731, Carris 722, Carris 725, Carris 744, Carris 783, Carris 728, Carris 208, Carris 210, CarrisMetropolitana 2708, CarrisMetropolitana 2711, CarrisMetropolitana 2713, CarrisMetropolitana 2722, CarrisMetropolitana 2724, CarrisMetropolitana 2725, CarrisMetropolitana 2728, CarrisMetropolitana 2729, CarrisMetropolitana 2730, CarrisMetropolitana 2735, CarrisMetropolitana 2736, CarrisMetropolitana 2790, CarrisMetropolitana 2792, CarrisMetropolitana 2793, CarrisMetropolitana 2794, CarrisMetropolitana 2795, CarrisMetropolitana 2841, CarrisMetropolitana 4701, CarrisMetropolitana 4702, CarrisMetropolitana 4704, CarrisMetropolitana 4705, CarrisMetropolitana 4706, CarrisMetropolitana 4707, CarrisMetropolitana 4708, CarrisMetropolitana 4710, CarrisMetropolitana 4715, CarrisMetropolitana 4720, CarrisMetropolitana 4741, CP R, CP IC, CP IR, CP AP, MetroLisboa Vm"
"110639","121.1379847728627","Carris 750, Carris 746, Carris 768, Carris 726, Carris 738, Carris 755, Carris 701, Carris 758, Carris 716, Carris 764, Carris 731, Carris 770, Carris 754, Carris 771, Carris 202, CarrisMetropolitana 3702, CarrisMetropolitana 3705, CarrisMetropolitana 3706, CarrisMetropolitana 3711, CarrisMetropolitana 3716, CarrisMetropolitana 3717, CarrisMetropolitana 3720, CarrisMetropolitana 3721, CarrisMetropolitana 4725, CarrisMetropolitana 4730, CP R, CP IR, CP Linha da Azambuja, CP Linha de Sintra, Fertagus, MetroLisboa Az"
"110654","191.361848735558","Carris 708, Carris 727, Carris 750, Carris 732, Carris 768, Carris 767, Carris 738, Carris 755, Carris 701, Carris 206, Carris 764, Carris 717, Carris 735, Carris 796, Carris 705, Carris 747, Carris 731, Carris 798, Carris 749, Carris 722, Carris 736, Carris 744, Carris 754, Carris 783, Carris 207, CarrisMetropolitana 2713, CarrisMetropolitana 2722, CarrisMetropolitana 2736, CarrisMetropolitana 2790, CarrisMetropolitana 2793, CarrisMetropolitana 2795, CarrisMetropolitana 2841, CarrisMetropolitana 3702, CP R, CP IR, CP Linha da Azambuja, CP AP, CP Linha de Sintra, Fertagus, MetroLisboa Am, MetroLisboa Vd"
"110655","135.6214402605104","Carris 708, Carris 718, Carris 767, Carris 742, Carris 726, Carris 713, Carris 206, Carris 720, Carris 793, Carris 797, Carris 716, Carris 717, Carris 735, Carris 756, Carris 705, Carris 749, Carris 722, Carris 730, Carris 736, Carris 203, Carris 208, CarrisMetropolitana 2722, CarrisMetropolitana 2790, CarrisMetropolitana 3703, CarrisMetropolitana 3710, CP R, CP IR, CP Linha da Azambuja, CP AP, CP Linha de Sintra, MetroLisboa Vm, MetroLisboa Vd"
"110656","155.3531994367177","Carris 708, Carris 727, Carris 718, Carris 732, Carris 767, Carris 742, Carris 726, Carris 738, Carris 723, Carris 713, Carris 206, Carris 720, Carris 706, Carris 797, Carris 716, Carris 753, Carris 717, Carris 760, Carris 735, Carris 712, Carris 774, Carris 798, Carris 722, Carris 730, Carris 736, Carris 744, Carris 783, Carris 203, Carris 207, Carris 208, Carris 28E, CP R, CP IR, CP AP, MetroLisboa Vm, MetroLisboa Am, MetroLisboa Vd"
"110657","198.8969729803084","Carris 711, Carris 727, Carris 732, Carris 746, Carris 742, Carris 726, Carris 738, Carris 723, Carris 713, Carris 701, Carris 720, Carris 702, Carris 709, Carris 716, Carris 753, Carris 748, Carris 756, Carris 712, Carris 731, Carris 798, Carris 749, Carris 722, Carris 736, Carris 744, Carris 754, Carris 783, Carris 203, Carris 207, CarrisMetropolitana 1724, CarrisMetropolitana 1725, CarrisMetropolitana 1729, CarrisMetropolitana 1730, CarrisMetropolitana 1733, CarrisMetropolitana 1741, CarrisMetropolitana 3702, CarrisMetropolitana 3703, CarrisMetropolitana 3704, CarrisMetropolitana 3705, CarrisMetropolitana 3706, CarrisMetropolitana 3709, CarrisMetropolitana 3710, CarrisMetropolitana 3715, CarrisMetropolitana 1716, CarrisMetropolitana 1704, CarrisMetropolitana 4725, CarrisMetropolitana 4730, CP R, CP IR, CP Linha da Azambuja, CP AP, CP Linha de Sintra, Fertagus, MetroLisboa Az, MetroLisboa Vm, MetroLisboa Am"
"110658","113.0686612945692","Carris 714, Carris 727, Carris 729, Carris 750, Carris 732, Carris 751, Carris 723, Carris 748, Carris 760, Carris 728, Carris 201, Carris 203, Carris 15E, CarrisMetropolitana 1714, CarrisMetropolitana 1715, CarrisMetropolitana 1731, CarrisMetropolitana 1722, CarrisMetropolitana 1724, CarrisMetropolitana 1725, CarrisMetropolitana 1729, CarrisMetropolitana 1730, CarrisMetropolitana 1733, CarrisMetropolitana 1741, CarrisMetropolitana 3701, CarrisMetropolitana 1716, CarrisMetropolitana 1718, CarrisMetropolitana 1704, CarrisMetropolitana 1713, CP Linha de Cascais, TTSL"
"110659","154.365485208633","Carris 711, Carris 727, Carris 751, Carris 742, Carris 738, Carris 723, Carris 713, Carris 701, Carris 773, Carris 720, Carris 706, Carris 709, Carris 758, Carris 753, Carris 748, Carris 756, Carris 712, Carris 774, Carris 783, Carris 771, Carris 202, Carris 203, Carris 28E, Carris 25E, CarrisMetropolitana 1724, CarrisMetropolitana 1725, CarrisMetropolitana 1729, CarrisMetropolitana 1730, CarrisMetropolitana 1733, CarrisMetropolitana 3701, CarrisMetropolitana 3702, CarrisMetropolitana 3703, CarrisMetropolitana 3704, CarrisMetropolitana 3705, CarrisMetropolitana 3708, CarrisMetropolitana 3709, CarrisMetropolitana 3710, CarrisMetropolitana 3711, CarrisMetropolitana 3715, CarrisMetropolitana 3716, CarrisMetropolitana 3717, CarrisMetropolitana 3720, CarrisMetropolitana 3721, CarrisMetropolitana 1716, CarrisMetropolitana 1704, CarrisMetropolitana 4725, CarrisMetropolitana 4730, CP Linha da Azambuja, Fertagus"
"110660","152.2636396013713","Carris 714, Carris 727, Carris 732, Carris 751, Carris 742, Carris 738, Carris 713, Carris 701, Carris 773, Carris 720, Carris 706, Carris 709, Carris 760, Carris 756, Carris 712, Carris 774, Carris 728, Carris 201, Carris 203, Carris 28E, Carris 15E, Carris 18E, Carris 25E, CarrisMetropolitana 3701, CarrisMetropolitana 3702, CarrisMetropolitana 3703, CarrisMetropolitana 3705, CarrisMetropolitana 3708, CarrisMetropolitana 3710, CarrisMetropolitana 3711, CarrisMetropolitana 3716, CarrisMetropolitana 3717, CarrisMetropolitana 3720, CarrisMetropolitana 3721, CarrisMetropolitana 4725, CarrisMetropolitana 4730, CP Linha de Cascais, CP Linha da Azambuja"
"110661","122.2975691839221","Carris 714, Carris 727, Carris 732, Carris 773, Carris 206, Carris 706, Carris 758, Carris 781, Carris 760, Carris 735, Carris 736, Carris 728, Carris 201, Carris 202, Carris 207, Carris 208, Carris 210, Carris 28E, Carris 15E, Carris 18E, Carris 25E, CarrisMetropolitana 3708, CP Linha de Cascais, CP Linha de Sintra, MetroLisboa Vd, TTSL"
"110662","209.605496063435","Carris 708, Carris 750, Carris 794, Carris 759, Carris 781, Carris 705, Carris 731, Carris 725, Carris 744, Carris 728, Carris 208, Carris 210, CarrisMetropolitana 2708, CarrisMetropolitana 2711, CarrisMetropolitana 2724, CarrisMetropolitana 2725, CarrisMetropolitana 2727, CarrisMetropolitana 2728, CarrisMetropolitana 2729, CarrisMetropolitana 2730, CarrisMetropolitana 2792, CarrisMetropolitana 2793, CarrisMetropolitana 2794, CarrisMetropolitana 4701, CarrisMetropolitana 4702, CarrisMetropolitana 4704, CarrisMetropolitana 4705, CarrisMetropolitana 4706, CarrisMetropolitana 4707, CarrisMetropolitana 4708, CarrisMetropolitana 4710, CarrisMetropolitana 4715, CarrisMetropolitana 4720, CarrisMetropolitana 4741, CP R, CP IC, CP IR, CP AP, CP Linha da Azambuja, CP Linha de Sintra, MetroLisboa Vm"
"110663","100.54354183141","Carris 718, Carris 742, Carris 794, Carris 726, Carris 206, Carris 720, Carris 759, Carris 793, Carris 706, Carris 781, Carris 797, Carris 735, Carris 756, Carris 712, Carris 730, Carris 728, Carris 203, Carris 208, Carris 210, Carris 28E, CP R, CP IC, CP IR, CP AP, CP Linha da Azambuja"
"110664","229.1398904309351","Carris 703, Carris 717, Carris 796, Carris 798, Carris 736, Carris 207, CarrisMetropolitana 2706, CarrisMetropolitana 2710, CarrisMetropolitana 2711, CarrisMetropolitana 2713, CarrisMetropolitana 2714, CarrisMetropolitana 2715, CarrisMetropolitana 2716, CarrisMetropolitana 2717, CarrisMetropolitana 2718, CarrisMetropolitana 2719, CarrisMetropolitana 2720, CarrisMetropolitana 2723, CarrisMetropolitana 2736, CarrisMetropolitana 2740, CarrisMetropolitana 2743, CarrisMetropolitana 2744, CarrisMetropolitana 2745, CarrisMetropolitana 2746, CarrisMetropolitana 2750, CarrisMetropolitana 2751, CarrisMetropolitana 2754, CarrisMetropolitana 2756, CarrisMetropolitana 2761, CarrisMetropolitana 2762, CarrisMetropolitana 2764, CarrisMetropolitana 2765, CarrisMetropolitana 2768, CarrisMetropolitana 2769, CarrisMetropolitana 2770, CarrisMetropolitana 2772, CarrisMetropolitana 2774, CarrisMetropolitana 2776, CarrisMetropolitana 2785, CarrisMetropolitana 2797, CarrisMetropolitana 2801, CarrisMetropolitana 2802, CarrisMetropolitana 2803, CarrisMetropolitana 2804, CarrisMetropolitana 2807, CarrisMetropolitana 2810, CarrisMetropolitana 2812, CarrisMetropolitana 2816, CarrisMetropolitana 2900, MetroLisboa Am"
"110665","139.6999883214293","Carris 708, Carris 711, Carris 732, Carris 746, Carris 794, Carris 206, Carris 759, Carris 706, Carris 709, Carris 758, Carris 781, Carris 760, Carris 735, Carris 712, Carris 722, Carris 736, Carris 744, Carris 783, Carris 728, Carris 202, Carris 207, Carris 208, Carris 210, Carris 28E, Carris 15E, Carris 25E, MetroLisboa Az, MetroLisboa Vd, TTSL"
"110666","164.2323480270833","Carris 711, Carris 727, Carris 732, Carris 746, Carris 726, Carris 738, Carris 723, Carris 713, Carris 773, Carris 720, Carris 759, Carris 702, Carris 706, Carris 709, Carris 758, Carris 753, Carris 748, Carris 712, Carris 774, Carris 722, Carris 730, Carris 736, Carris 744, Carris 783, Carris 771, Carris 202, Carris 207, CarrisMetropolitana 1724, CarrisMetropolitana 1725, CarrisMetropolitana 1729, CarrisMetropolitana 1730, CarrisMetropolitana 1733, CarrisMetropolitana 3704, CarrisMetropolitana 3709, CarrisMetropolitana 3715, CarrisMetropolitana 1716, CarrisMetropolitana 1704, CP Linha de Sintra, MetroLisboa Az, MetroLisboa Am"
"110667","80.13755873431721","Carris 794, Carris 726, Carris 206, Carris 759, Carris 706, Carris 781, Carris 797, Carris 735, Carris 712, Carris 730, Carris 728, Carris 210, Carris 28E, CP R, CP IC, CP IR, CP AP, CP Linha da Azambuja, MetroLisboa Az"
"110702","33.0351715116571","CarrisMetropolitana 2006, CarrisMetropolitana 2008, CarrisMetropolitana 2039, CarrisMetropolitana 2530, CarrisMetropolitana 2706, CarrisMetropolitana 2750, CarrisMetropolitana 2761, CarrisMetropolitana 2762, CarrisMetropolitana 2764"
"110705","14.14562826361663","CarrisMetropolitana 2719, CarrisMetropolitana 2743, CarrisMetropolitana 2745, CarrisMetropolitana 2750, CarrisMetropolitana 2761, CarrisMetropolitana 2762, CarrisMetropolitana 2765"
"110707","156.4232722866311","CarrisMetropolitana 2003, CarrisMetropolitana 2020, CarrisMetropolitana 2026, CarrisMetropolitana 2037, CarrisMetropolitana 2039, CarrisMetropolitana 2504, CarrisMetropolitana 2511, CarrisMetropolitana 2513, CarrisMetropolitana 2522, CarrisMetropolitana 2524, CarrisMetropolitana 2525, CarrisMetropolitana 2526, CarrisMetropolitana 2532, CarrisMetropolitana 2605, CarrisMetropolitana 2611, CarrisMetropolitana 2706, CarrisMetropolitana 2717, CarrisMetropolitana 2718, CarrisMetropolitana 2719, CarrisMetropolitana 2720, CarrisMetropolitana 2723, CarrisMetropolitana 2724, CarrisMetropolitana 2725, CarrisMetropolitana 2727, CarrisMetropolitana 2740, CarrisMetropolitana 2743, CarrisMetropolitana 2744, CarrisMetropolitana 2745, CarrisMetropolitana 2746, CarrisMetropolitana 2750, CarrisMetropolitana 2751, CarrisMetropolitana 2754, CarrisMetropolitana 2756, CarrisMetropolitana 2761, CarrisMetropolitana 2762, CarrisMetropolitana 2764, CarrisMetropolitana 2765, CarrisMetropolitana 2776, CarrisMetropolitana 2780, CarrisMetropolitana 2781, CarrisMetropolitana 2785, CarrisMetropolitana 2797, CarrisMetropolitana 2801, CarrisMetropolitana 2802, CarrisMetropolitana 2803, CarrisMetropolitana 2804, CarrisMetropolitana 2807, CarrisMetropolitana 2821, CarrisMetropolitana 2900"
"110708","28.37381142579766","CarrisMetropolitana 2504, CarrisMetropolitana 2740, CarrisMetropolitana 2743, CarrisMetropolitana 2744, CarrisMetropolitana 2745, CarrisMetropolitana 2746, CarrisMetropolitana 2750, CarrisMetropolitana 2751, CarrisMetropolitana 2754, CarrisMetropolitana 2756, CarrisMetropolitana 2761, CarrisMetropolitana 2765, CarrisMetropolitana 2801, CarrisMetropolitana 2802, CarrisMetropolitana 2803, CarrisMetropolitana 2804, CarrisMetropolitana 2807, CarrisMetropolitana 2900"
"110726","176.2248442779452","Carris 759, Carris 705, Carris 731, Carris 722, Carris 725, Carris 744, Carris 728, Carris 210, CarrisMetropolitana 2708, CarrisMetropolitana 2711, CarrisMetropolitana 2713, CarrisMetropolitana 2722, CarrisMetropolitana 2724, CarrisMetropolitana 2725, CarrisMetropolitana 2728, CarrisMetropolitana 2729, CarrisMetropolitana 2730, CarrisMetropolitana 2735, CarrisMetropolitana 2736, CarrisMetropolitana 2792, CarrisMetropolitana 2793, CarrisMetropolitana 2794, CarrisMetropolitana 4701, CarrisMetropolitana 4702, CarrisMetropolitana 4704, CarrisMetropolitana 4705, CarrisMetropolitana 4706, CarrisMetropolitana 4707, CarrisMetropolitana 4708, CarrisMetropolitana 4710, CarrisMetropolitana 4715, CarrisMetropolitana 4720, CarrisMetropolitana 4741, CP Linha da Azambuja, MetroLisboa Vm"
"110727","214.0928489213308","Carris 708, Carris 781, Carris 705, Carris 731, Carris 725, Carris 783, Carris 210, CarrisMetropolitana 2032, CarrisMetropolitana 2708, CarrisMetropolitana 2711, CarrisMetropolitana 2713, CarrisMetropolitana 2714, CarrisMetropolitana 2722, CarrisMetropolitana 2724, CarrisMetropolitana 2725, CarrisMetropolitana 2727, CarrisMetropolitana 2728, CarrisMetropolitana 2729, CarrisMetropolitana 2730, CarrisMetropolitana 2735, CarrisMetropolitana 2736, CarrisMetropolitana 2790, CarrisMetropolitana 2792, CarrisMetropolitana 2793, CarrisMetropolitana 2794, CarrisMetropolitana 2795, CarrisMetropolitana 2841, CarrisMetropolitana 4701, CarrisMetropolitana 4702, CarrisMetropolitana 4704, CarrisMetropolitana 4705, CarrisMetropolitana 4706, CarrisMetropolitana 4707, CarrisMetropolitana 4708, CarrisMetropolitana 4710, CarrisMetropolitana 4715, CarrisMetropolitana 4720, CarrisMetropolitana 4741, CP Linha da Azambuja"
"110728","101.4943974495243","CarrisMetropolitana 2032, CarrisMetropolitana 2034, CarrisMetropolitana 2539, CarrisMetropolitana 2540, CarrisMetropolitana 2722, CarrisMetropolitana 2728, CarrisMetropolitana 2729, CarrisMetropolitana 2730, CarrisMetropolitana 2790, CarrisMetropolitana 2792, CarrisMetropolitana 2793, CarrisMetropolitana 2794, CarrisMetropolitana 2795, CarrisMetropolitana 2841, CP R, CP Linha da Azambuja"
"110729","90.54101007694665","CarrisMetropolitana 2035, CarrisMetropolitana 2037, CarrisMetropolitana 2039, CarrisMetropolitana 2525, CarrisMetropolitana 2532, CarrisMetropolitana 2533, CarrisMetropolitana 2537, CarrisMetropolitana 2540, CarrisMetropolitana 2706, CarrisMetropolitana 2719, CarrisMetropolitana 2723, CarrisMetropolitana 2740, CarrisMetropolitana 2743, CarrisMetropolitana 2744, CarrisMetropolitana 2745, CarrisMetropolitana 2746, CarrisMetropolitana 2750, CarrisMetropolitana 2761, CarrisMetropolitana 2762, CarrisMetropolitana 2764, CarrisMetropolitana 2765, CarrisMetropolitana 2792, CarrisMetropolitana 2797, CarrisMetropolitana 2801, CarrisMetropolitana 2802, CarrisMetropolitana 2803, CarrisMetropolitana 2804, CarrisMetropolitana 2807, CarrisMetropolitana 2900"
"110730","202.9098110370045","CarrisMetropolitana 2020, CarrisMetropolitana 2511, CarrisMetropolitana 2513, CarrisMetropolitana 2515, CarrisMetropolitana 2522, CarrisMetropolitana 2524, CarrisMetropolitana 2525, CarrisMetropolitana 2526, CarrisMetropolitana 2605, CarrisMetropolitana 2611, CarrisMetropolitana 2706, CarrisMetropolitana 2714, CarrisMetropolitana 2715, CarrisMetropolitana 2716, CarrisMetropolitana 2717, CarrisMetropolitana 2718, CarrisMetropolitana 2719, CarrisMetropolitana 2720, CarrisMetropolitana 2723, CarrisMetropolitana 2724, CarrisMetropolitana 2725, CarrisMetropolitana 2727, CarrisMetropolitana 2736, CarrisMetropolitana 2740, CarrisMetropolitana 2743, CarrisMetropolitana 2744, CarrisMetropolitana 2745, CarrisMetropolitana 2746, CarrisMetropolitana 2750, CarrisMetropolitana 2751, CarrisMetropolitana 2754, CarrisMetropolitana 2756, CarrisMetropolitana 2761, CarrisMetropolitana 2762, CarrisMetropolitana 2764, CarrisMetropolitana 2765, CarrisMetropolitana 2768, CarrisMetropolitana 2769, CarrisMetropolitana 2770, CarrisMetropolitana 2772, CarrisMetropolitana 2774, CarrisMetropolitana 2776, CarrisMetropolitana 2780, CarrisMetropolitana 2781, CarrisMetropolitana 2785, CarrisMetropolitana 2797, CarrisMetropolitana 2801, CarrisMetropolitana 2802, CarrisMetropolitana 2803, CarrisMetropolitana 2804, CarrisMetropolitana 2807, CarrisMetropolitana 2818, CarrisMetropolitana 2821, CarrisMetropolitana 2900"
"110731","81.56034955343965","Carris 717, Carris 207, CarrisMetropolitana 2708, CarrisMetropolitana 2710, CarrisMetropolitana 2711, CarrisMetropolitana 2713, CarrisMetropolitana 2714, CarrisMetropolitana 2724, CarrisMetropolitana 2725, CarrisMetropolitana 2727, CarrisMetropolitana 2736"
"110902","4.337891148011071","CarrisMetropolitana 2801, CarrisMetropolitana 1633"
"110904","3.000833564879133","CarrisMetropolitana 2116, CarrisMetropolitana 2905, CarrisMetropolitana 2914"
"110906","16.01247896173846","CarrisMetropolitana 2126, CarrisMetropolitana 2740, CarrisMetropolitana 2751, CarrisMetropolitana 2801, CarrisMetropolitana 2803, CarrisMetropolitana 2905, CarrisMetropolitana 1633"
"110909","17.43578592744615","CarrisMetropolitana 2116, CarrisMetropolitana 2626, CarrisMetropolitana 2740, CarrisMetropolitana 2751, CarrisMetropolitana 2801, CarrisMetropolitana 2802, CarrisMetropolitana 2803, CarrisMetropolitana 2804, CarrisMetropolitana 2807, CarrisMetropolitana 2913, CarrisMetropolitana 2914"
"110911","17.24019156823829","CarrisMetropolitana 2146, CarrisMetropolitana 2743, CarrisMetropolitana 2744, CarrisMetropolitana 2745, CarrisMetropolitana 2746, CarrisMetropolitana 2750, CarrisMetropolitana 2754, CarrisMetropolitana 2756, CarrisMetropolitana 2761, CarrisMetropolitana 2765, CarrisMetropolitana 2900, CP IR"
"110913","3.000833564879133","CarrisMetropolitana 2116, CarrisMetropolitana 2905, CarrisMetropolitana 2914"
"110918","1.000277854959711",CarrisMetropolitana 2913
"110919","3.000833564879133","CarrisMetropolitana 2900, CarrisMetropolitana 2913, CP IR"
"110920","20.52395493041693","CarrisMetropolitana 2626, CarrisMetropolitana 2740, CarrisMetropolitana 2751, CarrisMetropolitana 2801, CarrisMetropolitana 2802, CarrisMetropolitana 2803, CarrisMetropolitana 2804, CarrisMetropolitana 2807, CarrisMetropolitana 1632, CarrisMetropolitana 1633, CP R, CP IR"
"110921","17.13528698731764","CarrisMetropolitana 2146, CarrisMetropolitana 2740, CarrisMetropolitana 2751, CarrisMetropolitana 2801, CarrisMetropolitana 2802, CarrisMetropolitana 2803, CarrisMetropolitana 2804, CarrisMetropolitana 2807, CarrisMetropolitana 2900, CP R, CP IR"
"110922","21.13639840715648","CarrisMetropolitana 2146, CarrisMetropolitana 2504, CarrisMetropolitana 2740, CarrisMetropolitana 2744, CarrisMetropolitana 2746, CarrisMetropolitana 2751, CarrisMetropolitana 2801, CarrisMetropolitana 2802, CarrisMetropolitana 2803, CarrisMetropolitana 2804, CarrisMetropolitana 2807, CarrisMetropolitana 2900, CarrisMetropolitana 1634, CP R, CP IR"
"111002","53.38536687886189","CarrisMetropolitana 1215, CarrisMetropolitana 1216, CarrisMetropolitana 1220, CarrisMetropolitana 1233, CarrisMetropolitana 1523, CarrisMetropolitana 1524, CarrisMetropolitana 1731, CarrisMetropolitana 1608, CarrisMetropolitana 1612, CarrisMetropolitana 1106, CarrisMetropolitana 1107, CarrisMetropolitana 1522, CarrisMetropolitana 1529, CarrisMetropolitana 1531, CarrisMetropolitana 1616, CarrisMetropolitana 1617, CarrisMetropolitana 1729, CarrisMetropolitana 1730, CarrisMetropolitana 1733, CarrisMetropolitana 1741, CarrisMetropolitana 1525, CarrisMetropolitana 1527, CarrisMetropolitana 1601, CarrisMetropolitana 1717"
"111009","41.35920480410778","CarrisMetropolitana 1216, CarrisMetropolitana 1220, CarrisMetropolitana 1233, CarrisMetropolitana 1523, CarrisMetropolitana 1524, CarrisMetropolitana 1731, CarrisMetropolitana 1608, CarrisMetropolitana 1612, CarrisMetropolitana 1115, CarrisMetropolitana 1123, CarrisMetropolitana 1529, CarrisMetropolitana 1531, CarrisMetropolitana 1610, CarrisMetropolitana 1616, CarrisMetropolitana 1617, CarrisMetropolitana 1733, CarrisMetropolitana 1601"
"111012","88.9639001566681","Carris 729, Carris 750, Carris 751, Carris 723, Carris 748, Carris 776, Carris 201, Carris 15E, CarrisMetropolitana 1713, CarrisMetropolitana 1715, CarrisMetropolitana 1731, CarrisMetropolitana 1106, CarrisMetropolitana 1107, CarrisMetropolitana 1504, CarrisMetropolitana 1522, CarrisMetropolitana 1722, CarrisMetropolitana 1724, CarrisMetropolitana 1725, CarrisMetropolitana 1729, CarrisMetropolitana 1502, CarrisMetropolitana 1733, CarrisMetropolitana 1741, CarrisMetropolitana 1507, CarrisMetropolitana 3701, CarrisMetropolitana 1527, CP Linha de Cascais"
"111013","62.81814891643294","Carris 714, Carris 750, Carris 748, CarrisMetropolitana 1713, CarrisMetropolitana 1714, CarrisMetropolitana 1715, CarrisMetropolitana 1731, CarrisMetropolitana 1106, CarrisMetropolitana 1107, CarrisMetropolitana 1504, CarrisMetropolitana 1522, CarrisMetropolitana 1002, CarrisMetropolitana 1722, CarrisMetropolitana 1724, CarrisMetropolitana 1501, CarrisMetropolitana 1729, CarrisMetropolitana 1502, CarrisMetropolitana 1730, CarrisMetropolitana 1733, CarrisMetropolitana 1741, CarrisMetropolitana 1506, CarrisMetropolitana 1507, CarrisMetropolitana 1527, CarrisMetropolitana 1716, CarrisMetropolitana 1718, CarrisMetropolitana 1704"
"111014","76.73045719318904","CarrisMetropolitana 1523, CarrisMetropolitana 1604, CarrisMetropolitana 1607, CarrisMetropolitana 1608, CarrisMetropolitana 1612, CarrisMetropolitana 1613, CarrisMetropolitana 1614, CarrisMetropolitana 1615, CarrisMetropolitana 1638, CarrisMetropolitana 1106, CarrisMetropolitana 1115, CarrisMetropolitana 1120, CarrisMetropolitana 1121, CarrisMetropolitana 1123, CarrisMetropolitana 1124, CarrisMetropolitana 1529, CarrisMetropolitana 1531, CarrisMetropolitana 1610, CarrisMetropolitana 1616, CarrisMetropolitana 1617, CarrisMetropolitana 1725, CarrisMetropolitana 1729, CarrisMetropolitana 1733, CarrisMetropolitana 1507, CarrisMetropolitana 1525, CarrisMetropolitana 1527, CarrisMetropolitana 1601, CP Linha de Cascais, MobiCascais 36, MobiCascais 33"
"111102","51.33944626090635","CarrisMetropolitana 1614, CarrisMetropolitana 1615, CarrisMetropolitana 1205, CarrisMetropolitana 1206, CarrisMetropolitana 1208, CarrisMetropolitana 1223, CarrisMetropolitana 1232, CarrisMetropolitana 1234, CarrisMetropolitana 1235, CarrisMetropolitana 1241, CarrisMetropolitana 1251, CarrisMetropolitana 1625, CarrisMetropolitana 1627, CarrisMetropolitana 1631, CarrisMetropolitana 1255, CarrisMetropolitana 1512, CP R, CP IR, CP Linha da Azambuja, CP Linha de Sintra"
"111105","16.39180422648891","CarrisMetropolitana 1241, CarrisMetropolitana 1242, CarrisMetropolitana 1247, CarrisMetropolitana 1248, CarrisMetropolitana 1250, CarrisMetropolitana 1253, CarrisMetropolitana 1254, CarrisMetropolitana 1624"
"111108","67.95466894070255","CarrisMetropolitana 1204, CarrisMetropolitana 1216, CarrisMetropolitana 1220, CarrisMetropolitana 1233, CarrisMetropolitana 1523, CarrisMetropolitana 1209, CarrisMetropolitana 1612, CarrisMetropolitana 1613, CarrisMetropolitana 1614, CarrisMetropolitana 1615, CarrisMetropolitana 1622, CarrisMetropolitana 1529, CarrisMetropolitana 1616, CarrisMetropolitana 1617, CarrisMetropolitana 1733, CarrisMetropolitana 1205, CarrisMetropolitana 1223, CarrisMetropolitana 1232, CarrisMetropolitana 1234, CarrisMetropolitana 1235, CarrisMetropolitana 1251, CarrisMetropolitana 1625, CarrisMetropolitana 1627, CarrisMetropolitana 1631, CP R, CP IR, CP Linha da Azambuja, CP Linha de Sintra"
"111115","56.1906825216528","CarrisMetropolitana 1720, CarrisMetropolitana 2209, CarrisMetropolitana 2605, CarrisMetropolitana 2632, CarrisMetropolitana 2830, CarrisMetropolitana 2831, CarrisMetropolitana 1516, CarrisMetropolitana 1509, CarrisMetropolitana 1517, CarrisMetropolitana 1603, CarrisMetropolitana 1508, CarrisMetropolitana 1636, CarrisMetropolitana 1637, CarrisMetropolitana 1709, CarrisMetropolitana 1710, CarrisMetropolitana 1711"
"111122","79.19288516670012","CarrisMetropolitana 1211, CarrisMetropolitana 1215, CarrisMetropolitana 1217, CarrisMetropolitana 1218, CarrisMetropolitana 1219, CarrisMetropolitana 1220, CarrisMetropolitana 1221, CarrisMetropolitana 1222, CarrisMetropolitana 1233, CarrisMetropolitana 1523, CarrisMetropolitana 1715, CarrisMetropolitana 1731, CarrisMetropolitana 1209, CarrisMetropolitana 1612, CarrisMetropolitana 1613, CarrisMetropolitana 1622, CarrisMetropolitana 2605, CarrisMetropolitana 1212, CarrisMetropolitana 1228, CarrisMetropolitana 1229, CarrisMetropolitana 1718, CarrisMetropolitana 1721, CarrisMetropolitana 1223, CarrisMetropolitana 1234, CarrisMetropolitana 1512, CP R, CP IR, CP Linha da Azambuja, CP Linha de Sintra"
"111123","26.5832625404322","CarrisMetropolitana 2626, CarrisMetropolitana 2785, CarrisMetropolitana 1208, CarrisMetropolitana 1235, CarrisMetropolitana 1603, CarrisMetropolitana 1240, CarrisMetropolitana 1255, CarrisMetropolitana 1508, CarrisMetropolitana 1512, CarrisMetropolitana 1634, CarrisMetropolitana 1635, CarrisMetropolitana 1636, CarrisMetropolitana 1637, CP R, CP IR"
"111124","51.52122464700078","CarrisMetropolitana 1215, CarrisMetropolitana 1216, CarrisMetropolitana 1220, CarrisMetropolitana 1222, CarrisMetropolitana 1233, CarrisMetropolitana 1523, CarrisMetropolitana 1524, CarrisMetropolitana 1731, CarrisMetropolitana 1209, CarrisMetropolitana 1612, CarrisMetropolitana 1613, CarrisMetropolitana 1615, CarrisMetropolitana 1622, CarrisMetropolitana 1529, CarrisMetropolitana 1531, CarrisMetropolitana 1616, CarrisMetropolitana 1617, CarrisMetropolitana 1733, CarrisMetropolitana 1223, CP R, CP IR, CP Linha da Azambuja, CP Linha de Sintra"
"111125","69.93160178897323","CarrisMetropolitana 1720, CarrisMetropolitana 1216, CarrisMetropolitana 1524, CarrisMetropolitana 1715, CarrisMetropolitana 1522, CarrisMetropolitana 1224, CarrisMetropolitana 1226, CarrisMetropolitana 1228, CarrisMetropolitana 1229, CarrisMetropolitana 1230, CarrisMetropolitana 1511, CarrisMetropolitana 1513, CarrisMetropolitana 1516, CarrisMetropolitana 1518, CarrisMetropolitana 1525, CarrisMetropolitana 1527, CarrisMetropolitana 1601, CarrisMetropolitana 1716, CarrisMetropolitana 1717, CarrisMetropolitana 1721, CarrisMetropolitana 1512, CP R, CP IR, CP Linha da Azambuja, CP Linha de Sintra"
"111126","108.99769530772","CarrisMetropolitana 1720, CarrisMetropolitana 1211, CarrisMetropolitana 1217, CarrisMetropolitana 1715, CarrisMetropolitana 1009, CarrisMetropolitana 2605, CarrisMetropolitana 1522, CarrisMetropolitana 1212, CarrisMetropolitana 1224, CarrisMetropolitana 1226, CarrisMetropolitana 1228, CarrisMetropolitana 1229, CarrisMetropolitana 1230, CarrisMetropolitana 1511, CarrisMetropolitana 1513, CarrisMetropolitana 1516, CarrisMetropolitana 1518, CarrisMetropolitana 1519, CarrisMetropolitana 1527, CarrisMetropolitana 1601, CarrisMetropolitana 1509, CarrisMetropolitana 1716, CarrisMetropolitana 1717, CarrisMetropolitana 1718, CarrisMetropolitana 1721, CarrisMetropolitana 1510, CarrisMetropolitana 1234, CarrisMetropolitana 1235, CarrisMetropolitana 1514, CarrisMetropolitana 1603, CarrisMetropolitana 1508, CarrisMetropolitana 1512, CarrisMetropolitana 1636, CarrisMetropolitana 1637, CP R, CP IR, CP Linha da Azambuja, CP Linha de Sintra"
"111127","22.74639402525573","CarrisMetropolitana 2626, CarrisMetropolitana 1242, CarrisMetropolitana 1245, CarrisMetropolitana 1247, CarrisMetropolitana 1248, CarrisMetropolitana 1249, CarrisMetropolitana 1254, CarrisMetropolitana 1632, CarrisMetropolitana 1633, CarrisMetropolitana 1240, CarrisMetropolitana 1255"
"111128","85.74063101175096","CarrisMetropolitana 1209, CarrisMetropolitana 1613, CarrisMetropolitana 1614, CarrisMetropolitana 1615, CarrisMetropolitana 1622, CarrisMetropolitana 2626, CarrisMetropolitana 1206, CarrisMetropolitana 1208, CarrisMetropolitana 1223, CarrisMetropolitana 1232, CarrisMetropolitana 1234, CarrisMetropolitana 1241, CarrisMetropolitana 1242, CarrisMetropolitana 1245, CarrisMetropolitana 1247, CarrisMetropolitana 1248, CarrisMetropolitana 1249, CarrisMetropolitana 1250, CarrisMetropolitana 1251, CarrisMetropolitana 1252, CarrisMetropolitana 1253, CarrisMetropolitana 1254, CarrisMetropolitana 1621, CarrisMetropolitana 1623, CarrisMetropolitana 1624, CarrisMetropolitana 1625, CarrisMetropolitana 1626, CarrisMetropolitana 1627, CarrisMetropolitana 1629, CarrisMetropolitana 1630, CarrisMetropolitana 1631, CarrisMetropolitana 1633, CarrisMetropolitana 1240, CarrisMetropolitana 1255, CP Linha da Azambuja, CP Linha de Sintra, MobiCascais 20, MobiCascais 17, MobiCascais 18"
"111408","51.20229165615035","CarrisMetropolitana 2035, CarrisMetropolitana 2317, CarrisMetropolitana 2325, CarrisMetropolitana 2327, CarrisMetropolitana 2532, CarrisMetropolitana 2533, CarrisMetropolitana 2537, CarrisMetropolitana 2540, CarrisMetropolitana 2792, CarrisMetropolitana 2797, CarrisMetropolitana 2841"
"111409","55.57298239337127","CarrisMetropolitana 2306, CarrisMetropolitana 2307, CarrisMetropolitana 2309, CarrisMetropolitana 2328, CarrisMetropolitana 2331, CarrisMetropolitana 2333, CarrisMetropolitana 2921, CarrisMetropolitana 2926, CarrisMetropolitana 2927, CarrisMetropolitana 2928, CP R, CP IC, CP IR, CP AP, CP Linha da Azambuja"
"111412","55.57298239337127","CarrisMetropolitana 2008, CarrisMetropolitana 2306, CarrisMetropolitana 2307, CarrisMetropolitana 2309, CarrisMetropolitana 2328, CarrisMetropolitana 2329, CarrisMetropolitana 2920, CarrisMetropolitana 2921, CarrisMetropolitana 2926, CarrisMetropolitana 2927, CP R, CP IC, CP IR, CP AP, CP Linha da Azambuja"
"111413","93.52710900727159","CarrisMetropolitana 2301, CarrisMetropolitana 2303, CarrisMetropolitana 2306, CarrisMetropolitana 2307, CarrisMetropolitana 2328, CarrisMetropolitana 2329, CarrisMetropolitana 2530, CarrisMetropolitana 2532, CarrisMetropolitana 2533, CarrisMetropolitana 2790, CarrisMetropolitana 2792, CarrisMetropolitana 2841, CarrisMetropolitana 2920, CP R, CP IC, CP IR, CP AP, CP Linha da Azambuja"
"111414","32.00555709919422","CarrisMetropolitana 2926, CarrisMetropolitana 2927, CarrisMetropolitana 2928, CP R, CP IC, CP IR, CP AP, CP Linha da Azambuja"
"111415","97.75345324259339","CarrisMetropolitana 2317, CarrisMetropolitana 2318, CarrisMetropolitana 2325, CarrisMetropolitana 2327, CarrisMetropolitana 2328, CarrisMetropolitana 2335, CarrisMetropolitana 2336, CarrisMetropolitana 2532, CarrisMetropolitana 2537, CarrisMetropolitana 2539, CarrisMetropolitana 2540, CarrisMetropolitana 2790, CarrisMetropolitana 2792, CarrisMetropolitana 2793, CarrisMetropolitana 2794, CarrisMetropolitana 2841, CP R, CP IC, CP IR, CP AP, CP Linha da Azambuja"
"111512","51.56297780702833","Carris 714, Carris 750, Carris 799, Carris 748, Carris 754, CarrisMetropolitana 1001, CarrisMetropolitana 1713, CarrisMetropolitana 1714, CarrisMetropolitana 1715, CarrisMetropolitana 1504, CarrisMetropolitana 1002, CarrisMetropolitana 1501, CarrisMetropolitana 1502, CarrisMetropolitana 1730, CarrisMetropolitana 1741, CarrisMetropolitana 1506, CarrisMetropolitana 1507, CarrisMetropolitana 1716, CarrisMetropolitana 1718, CarrisMetropolitana 1514, CarrisMetropolitana 1704"
"111513","71.09254117360109","Carris 711, Carris 750, Carris 746, Carris 767, Carris 799, Carris 764, Carris 754, CarrisMetropolitana 1001, CarrisMetropolitana 1713, CarrisMetropolitana 1714, CarrisMetropolitana 1002, CarrisMetropolitana 1501, CarrisMetropolitana 1502, CarrisMetropolitana 1506, CarrisMetropolitana 1507, CarrisMetropolitana 1716, CarrisMetropolitana 1718, CarrisMetropolitana 1510, CarrisMetropolitana 1514, CarrisMetropolitana 1704, CP R, CP IR, CP Linha da Azambuja, CP Linha de Sintra"
"111514","56.9268539791901","Carris 726, Carris 724, Carris 202, CarrisMetropolitana 1005, CarrisMetropolitana 1011, CarrisMetropolitana 2611, CarrisMetropolitana 2831, CarrisMetropolitana 1514, CarrisMetropolitana 1703, CarrisMetropolitana 1706, CarrisMetropolitana 1707, CarrisMetropolitana 1709, CarrisMetropolitana 1710, CarrisMetropolitana 1711, MetroLisboa Az"
"111515","103.7965610857171","Carris 711, Carris 746, Carris 765, Carris 767, Carris 758, Carris 202, CarrisMetropolitana 1005, CarrisMetropolitana 1713, CarrisMetropolitana 1720, CarrisMetropolitana 1011, CarrisMetropolitana 1002, CarrisMetropolitana 1507, CarrisMetropolitana 1518, CarrisMetropolitana 1601, CarrisMetropolitana 1003, CarrisMetropolitana 1717, CarrisMetropolitana 1721, CarrisMetropolitana 1510, CarrisMetropolitana 1514, CarrisMetropolitana 1517, CarrisMetropolitana 1508, CarrisMetropolitana 1703, CarrisMetropolitana 1706, CarrisMetropolitana 1707, CP R, CP IR, CP Linha da Azambuja, CP Linha de Sintra, MetroLisboa Az"
"111516","86.3964703319329","CarrisMetropolitana 1005, CarrisMetropolitana 1720, CarrisMetropolitana 1009, CarrisMetropolitana 2605, CarrisMetropolitana 1516, CarrisMetropolitana 1518, CarrisMetropolitana 1519, CarrisMetropolitana 1601, CarrisMetropolitana 1003, CarrisMetropolitana 1509, CarrisMetropolitana 1717, CarrisMetropolitana 1721, CarrisMetropolitana 1514, CarrisMetropolitana 1517, CarrisMetropolitana 1603, CarrisMetropolitana 1508, CarrisMetropolitana 1004, CarrisMetropolitana 1703, CarrisMetropolitana 1707, CarrisMetropolitana 1709, CarrisMetropolitana 1710, CarrisMetropolitana 1711, CP Linha da Azambuja, CP Linha de Sintra"
"111517","79.47724087205042","CarrisMetropolitana 1714, CarrisMetropolitana 1720, CarrisMetropolitana 1715, CarrisMetropolitana 1009, CarrisMetropolitana 1522, CarrisMetropolitana 1002, CarrisMetropolitana 1501, CarrisMetropolitana 1502, CarrisMetropolitana 1506, CarrisMetropolitana 1230, CarrisMetropolitana 1511, CarrisMetropolitana 1513, CarrisMetropolitana 1507, CarrisMetropolitana 1518, CarrisMetropolitana 1519, CarrisMetropolitana 1527, CarrisMetropolitana 1601, CarrisMetropolitana 1509, CarrisMetropolitana 1716, CarrisMetropolitana 1717, CarrisMetropolitana 1718, CarrisMetropolitana 1721, CarrisMetropolitana 1510, CarrisMetropolitana 1514, CarrisMetropolitana 1603, CarrisMetropolitana 1508, CarrisMetropolitana 1512, CarrisMetropolitana 1004, CarrisMetropolitana 1704, CP R, CP IR, CP Linha da Azambuja, CP Linha de Sintra"
"111603","212.1663931840889","Carris 736, CarrisMetropolitana 2202, CarrisMetropolitana 2203, CarrisMetropolitana 2206, CarrisMetropolitana 2209, CarrisMetropolitana 2215, CarrisMetropolitana 2217, CarrisMetropolitana 2219, CarrisMetropolitana 2221, CarrisMetropolitana 2223, CarrisMetropolitana 2224, CarrisMetropolitana 2225, CarrisMetropolitana 2511, CarrisMetropolitana 2515, CarrisMetropolitana 2522, CarrisMetropolitana 2524, CarrisMetropolitana 2525, CarrisMetropolitana 2526, CarrisMetropolitana 2611, CarrisMetropolitana 2632, CarrisMetropolitana 2715, CarrisMetropolitana 2716, CarrisMetropolitana 2717, CarrisMetropolitana 2750, CarrisMetropolitana 2751, CarrisMetropolitana 2754, CarrisMetropolitana 2756, CarrisMetropolitana 2761, CarrisMetropolitana 2764, CarrisMetropolitana 2765, CarrisMetropolitana 2768, CarrisMetropolitana 2769, CarrisMetropolitana 2770, CarrisMetropolitana 2772, CarrisMetropolitana 2774, CarrisMetropolitana 2776, CarrisMetropolitana 2780, CarrisMetropolitana 2781, CarrisMetropolitana 2785, CarrisMetropolitana 2810, CarrisMetropolitana 2811, CarrisMetropolitana 2812, CarrisMetropolitana 2816, CarrisMetropolitana 2817, CarrisMetropolitana 2818, CarrisMetropolitana 2821, CarrisMetropolitana 2824, MetroLisboa Am"
"111608","141.8658965308003","Carris 729, Carris 768, Carris 726, Carris 747, Carris 724, Carris 763, Carris 202, CarrisMetropolitana 2202, CarrisMetropolitana 2203, CarrisMetropolitana 2206, CarrisMetropolitana 2209, CarrisMetropolitana 2223, CarrisMetropolitana 2224, CarrisMetropolitana 2611, CarrisMetropolitana 2632, CarrisMetropolitana 2780, CarrisMetropolitana 2781, CarrisMetropolitana 2810, CarrisMetropolitana 2811, CarrisMetropolitana 2813, CarrisMetropolitana 2814, CarrisMetropolitana 2817, CarrisMetropolitana 2818, CarrisMetropolitana 2821, CarrisMetropolitana 2824, CarrisMetropolitana 2830, CarrisMetropolitana 2831, CarrisMetropolitana 1703, CarrisMetropolitana 1706, CarrisMetropolitana 1709, CarrisMetropolitana 1710, CarrisMetropolitana 1711, MetroLisboa Az"
"111609","202.3532520547848","Carris 736, CarrisMetropolitana 2020, CarrisMetropolitana 2202, CarrisMetropolitana 2219, CarrisMetropolitana 2221, CarrisMetropolitana 2223, CarrisMetropolitana 2515, CarrisMetropolitana 2522, CarrisMetropolitana 2525, CarrisMetropolitana 2526, CarrisMetropolitana 2706, CarrisMetropolitana 2715, CarrisMetropolitana 2716, CarrisMetropolitana 2717, CarrisMetropolitana 2718, CarrisMetropolitana 2719, CarrisMetropolitana 2720, CarrisMetropolitana 2723, CarrisMetropolitana 2740, CarrisMetropolitana 2743, CarrisMetropolitana 2744, CarrisMetropolitana 2745, CarrisMetropolitana 2746, CarrisMetropolitana 2750, CarrisMetropolitana 2751, CarrisMetropolitana 2754, CarrisMetropolitana 2756, CarrisMetropolitana 2761, CarrisMetropolitana 2762, CarrisMetropolitana 2764, CarrisMetropolitana 2765, CarrisMetropolitana 2768, CarrisMetropolitana 2769, CarrisMetropolitana 2770, CarrisMetropolitana 2772, CarrisMetropolitana 2774, CarrisMetropolitana 2776, CarrisMetropolitana 2780, CarrisMetropolitana 2785, CarrisMetropolitana 2797, CarrisMetropolitana 2801, CarrisMetropolitana 2802, CarrisMetropolitana 2803, CarrisMetropolitana 2804, CarrisMetropolitana 2807, CarrisMetropolitana 2810, CarrisMetropolitana 2812, CarrisMetropolitana 2816, CarrisMetropolitana 2821, CarrisMetropolitana 2824, CarrisMetropolitana 2900, MetroLisboa Am"
"111610","144.172005586855","CarrisMetropolitana 2206, CarrisMetropolitana 2209, CarrisMetropolitana 2215, CarrisMetropolitana 2217, CarrisMetropolitana 2223, CarrisMetropolitana 2225, CarrisMetropolitana 2511, CarrisMetropolitana 2513, CarrisMetropolitana 2515, CarrisMetropolitana 2522, CarrisMetropolitana 2524, CarrisMetropolitana 2605, CarrisMetropolitana 2611, CarrisMetropolitana 2632, CarrisMetropolitana 2715, CarrisMetropolitana 2716, CarrisMetropolitana 2717, CarrisMetropolitana 2761, CarrisMetropolitana 2781, CarrisMetropolitana 2811, CarrisMetropolitana 2812, CarrisMetropolitana 2813, CarrisMetropolitana 2814, CarrisMetropolitana 2816, CarrisMetropolitana 2818, CarrisMetropolitana 2830, CarrisMetropolitana 2831, CarrisMetropolitana 1603, CarrisMetropolitana 1635, CarrisMetropolitana 1636, CarrisMetropolitana 1637, CarrisMetropolitana 1709, CarrisMetropolitana 1710, CarrisMetropolitana 1711"
"150201","47.8908864064866","CarrisMetropolitana 4501, CarrisMetropolitana 4504, CarrisMetropolitana 4512, CarrisMetropolitana 4514, CarrisMetropolitana 4515, CarrisMetropolitana 4516, CarrisMetropolitana 4600, CarrisMetropolitana 4701, CarrisMetropolitana 4702, CarrisMetropolitana 4704, CarrisMetropolitana 4705, CarrisMetropolitana 4706, CarrisMetropolitana 4707, CarrisMetropolitana 4708, CarrisMetropolitana 4710, CarrisMetropolitana 4715, CarrisMetropolitana 4720, CarrisMetropolitana 4741"
"150202","39.41481658243023","CarrisMetropolitana 4501, CarrisMetropolitana 4600, CarrisMetropolitana 4701, CarrisMetropolitana 4702, CarrisMetropolitana 4704, CarrisMetropolitana 4705, CarrisMetropolitana 4706, CarrisMetropolitana 4707, CarrisMetropolitana 4708, CarrisMetropolitana 4710, CarrisMetropolitana 4715, CarrisMetropolitana 4720, CarrisMetropolitana 4741"
"150203","42.63629309249734","CarrisMetropolitana 4501, CarrisMetropolitana 4512, CarrisMetropolitana 4600, CarrisMetropolitana 4701, CarrisMetropolitana 4702, CarrisMetropolitana 4704, CarrisMetropolitana 4705, CarrisMetropolitana 4706, CarrisMetropolitana 4707, CarrisMetropolitana 4708, CarrisMetropolitana 4710, CarrisMetropolitana 4715, CarrisMetropolitana 4720, CarrisMetropolitana 4741"
"150303","36.30052685564436","CarrisMetropolitana 3011, CarrisMetropolitana 3012, CarrisMetropolitana 3021, CarrisMetropolitana 3022, CarrisMetropolitana 3023, CarrisMetropolitana 3024, CarrisMetropolitana 3025, CarrisMetropolitana 3030, CarrisMetropolitana 3039, CarrisMetropolitana 3521, CarrisMetropolitana 3523, CarrisMetropolitana 3708, CarrisMetropolitana 3709, CarrisMetropolitana 3710"
"150312","189.7676822171341","Carris 753, CarrisMetropolitana 3001, CarrisMetropolitana 3003, CarrisMetropolitana 3007, CarrisMetropolitana 3009, CarrisMetropolitana 3011, CarrisMetropolitana 3012, CarrisMetropolitana 3013, CarrisMetropolitana 3017, CarrisMetropolitana 3022, CarrisMetropolitana 3024, CarrisMetropolitana 3025, CarrisMetropolitana 3027, CarrisMetropolitana 3040, CarrisMetropolitana 3041, CarrisMetropolitana 3504, CarrisMetropolitana 3505, CarrisMetropolitana 3506, CarrisMetropolitana 3507, CarrisMetropolitana 3508, CarrisMetropolitana 3512, CarrisMetropolitana 3513, CarrisMetropolitana 3514, CarrisMetropolitana 3524, CarrisMetropolitana 3525, CarrisMetropolitana 3536, CarrisMetropolitana 3605, CarrisMetropolitana 3701, CarrisMetropolitana 3702, CarrisMetropolitana 3703, CarrisMetropolitana 3704, CarrisMetropolitana 3705, CarrisMetropolitana 3706, CarrisMetropolitana 3708, CarrisMetropolitana 3709, CarrisMetropolitana 3710, CarrisMetropolitana 3711, CarrisMetropolitana 3715, CarrisMetropolitana 3716, CarrisMetropolitana 3717, CarrisMetropolitana 3720, CarrisMetropolitana 3721, CarrisMetropolitana 4725, CarrisMetropolitana 4730, Fertagus, MTS 1, MTS 2, MTS 3, TTSL"
"150313","101.6475048452191","CarrisMetropolitana 3007, CarrisMetropolitana 3008, CarrisMetropolitana 3009, CarrisMetropolitana 3011, CarrisMetropolitana 3012, CarrisMetropolitana 3017, CarrisMetropolitana 3021, CarrisMetropolitana 3022, CarrisMetropolitana 3023, CarrisMetropolitana 3024, CarrisMetropolitana 3025, CarrisMetropolitana 3027, CarrisMetropolitana 3030, CarrisMetropolitana 3033, CarrisMetropolitana 3034, CarrisMetropolitana 3038, CarrisMetropolitana 3039, CarrisMetropolitana 3041, CarrisMetropolitana 3504, CarrisMetropolitana 3507, CarrisMetropolitana 3515, CarrisMetropolitana 3524, CarrisMetropolitana 3704, CarrisMetropolitana 3705, CarrisMetropolitana 3708, CarrisMetropolitana 3709, CarrisMetropolitana 3710, CarrisMetropolitana 3711, CarrisMetropolitana 3716, Fertagus, MTS 3, TTSL"
"150314","79.49624841388247","CarrisMetropolitana 3004, CarrisMetropolitana 3008, CarrisMetropolitana 3011, CarrisMetropolitana 3012, CarrisMetropolitana 3017, CarrisMetropolitana 3022, CarrisMetropolitana 3023, CarrisMetropolitana 3024, CarrisMetropolitana 3025, CarrisMetropolitana 3027, CarrisMetropolitana 3030, CarrisMetropolitana 3034, CarrisMetropolitana 3040, CarrisMetropolitana 3041, CarrisMetropolitana 3042, CarrisMetropolitana 3116, CarrisMetropolitana 3118, CarrisMetropolitana 3504, CarrisMetropolitana 3507, CarrisMetropolitana 3515, CarrisMetropolitana 3516, CarrisMetropolitana 3521, CarrisMetropolitana 3523, CarrisMetropolitana 3524, CarrisMetropolitana 3526, CarrisMetropolitana 3704, CarrisMetropolitana 3705, CarrisMetropolitana 3706, CarrisMetropolitana 3709, CarrisMetropolitana 3710, CarrisMetropolitana 3711, CarrisMetropolitana 3716, Fertagus"
"150315","139.6560007346351","Carris 753, CarrisMetropolitana 3003, CarrisMetropolitana 3004, CarrisMetropolitana 3011, CarrisMetropolitana 3013, CarrisMetropolitana 3017, CarrisMetropolitana 3023, CarrisMetropolitana 3024, CarrisMetropolitana 3040, CarrisMetropolitana 3041, CarrisMetropolitana 3504, CarrisMetropolitana 3505, CarrisMetropolitana 3506, CarrisMetropolitana 3508, CarrisMetropolitana 3512, CarrisMetropolitana 3513, CarrisMetropolitana 3514, CarrisMetropolitana 3515, CarrisMetropolitana 3516, CarrisMetropolitana 3517, CarrisMetropolitana 3525, CarrisMetropolitana 3526, CarrisMetropolitana 3536, CarrisMetropolitana 3605, CarrisMetropolitana 3701, CarrisMetropolitana 3702, CarrisMetropolitana 3704, CarrisMetropolitana 3705, CarrisMetropolitana 3706, CarrisMetropolitana 3708, CarrisMetropolitana 3709, CarrisMetropolitana 3710, CarrisMetropolitana 3711, CarrisMetropolitana 3715, CarrisMetropolitana 3716, CarrisMetropolitana 3717, CarrisMetropolitana 3720, CarrisMetropolitana 3721, CarrisMetropolitana 4725, CarrisMetropolitana 4730, Fertagus, MTS 1, MTS 2"
"150407","19.34342727115193","CarrisMetropolitana 4611, CarrisMetropolitana 4621, TCB 3, TCB 4, TCB 16, TCB 18"
"150409","80.24991866026467","CarrisMetropolitana 4600, CarrisMetropolitana 4602, CarrisMetropolitana 4620, CP Linha do Sado, TCB 1, TCB 3, TCB 7, TCB 6, TCB 4, TCB 14, TCB 8, TCB 15, TCB 16, TCB 2, TCB 18, TTSL"
"150410","71.53707534031849","CarrisMetropolitana 4600, CarrisMetropolitana 4602, CarrisMetropolitana 4620, CP Linha do Sado, CP AP, TCB 1, TCB 3, TCB 7, TCB 6, TCB 14, TCB 8, TCB 15, TCB 2, TCB 18, TTSL"
"150411","31.04674322368717","CarrisMetropolitana 3543, CarrisMetropolitana 3605, CarrisMetropolitana 3620, CarrisMetropolitana 3626, CarrisMetropolitana 3635, CarrisMetropolitana 4620, CarrisMetropolitana 4621, CarrisMetropolitana 4632, CarrisMetropolitana 4725, CarrisMetropolitana 4730, Fertagus, TCB 6, TCB 16"
"150601","35.30071062628911","CarrisMetropolitana 4600, CarrisMetropolitana 4602, CarrisMetropolitana 4611, CarrisMetropolitana 4620, CarrisMetropolitana 4621, CarrisMetropolitana 4701, CarrisMetropolitana 4741, CP Linha do Sado, TCB 1, TCB 2, TCB 18"
"150603","24.97550035921518","CarrisMetropolitana 4102, CarrisMetropolitana 4531, CarrisMetropolitana 4600, CarrisMetropolitana 4611, CarrisMetropolitana 4620, CarrisMetropolitana 4621, CarrisMetropolitana 4701, CarrisMetropolitana 4741, CP Linha do Sado, CP AP"
"150607","68.10231105221837","CarrisMetropolitana 4600, CarrisMetropolitana 4602, CarrisMetropolitana 4620, CarrisMetropolitana 4701, CarrisMetropolitana 4741, CP Linha do Sado, TCB 1, TCB 3, TCB 4, TCB 14, TCB 8, TCB 15, TCB 2, TCB 18"
"150608","2.000555709919422","CarrisMetropolitana 4102, CP AP"
"150701","3.000833564879133","CarrisMetropolitana 4514, CarrisMetropolitana 4906"
"150704","14.95316963624916","CarrisMetropolitana 4600, CarrisMetropolitana 4701, CarrisMetropolitana 4741, CP AP"
"150709","25.09985472606594","CarrisMetropolitana 4204, CarrisMetropolitana 4504, CarrisMetropolitana 4512, CarrisMetropolitana 4514, CarrisMetropolitana 4515, CarrisMetropolitana 4516, CarrisMetropolitana 4600, CarrisMetropolitana 4701, CarrisMetropolitana 4704, CarrisMetropolitana 4741"
"150710","53.24822499803097","CarrisMetropolitana 4203, CarrisMetropolitana 4204, CarrisMetropolitana 4501, CarrisMetropolitana 4504, CarrisMetropolitana 4512, CarrisMetropolitana 4514, CarrisMetropolitana 4515, CarrisMetropolitana 4516, CarrisMetropolitana 4600, CarrisMetropolitana 4701, CarrisMetropolitana 4702, CarrisMetropolitana 4704, CarrisMetropolitana 4705, CarrisMetropolitana 4706, CarrisMetropolitana 4707, CarrisMetropolitana 4708, CarrisMetropolitana 4710, CarrisMetropolitana 4715, CarrisMetropolitana 4720, CarrisMetropolitana 4741, CP AP, TTSL"
"150711","6.001667129758267","CarrisMetropolitana 4514, CarrisMetropolitana 4515, CarrisMetropolitana 4521, CarrisMetropolitana 4524, CarrisMetropolitana 4906"
"150802","34.10425891638148","CarrisMetropolitana 4304, CarrisMetropolitana 4512, CarrisMetropolitana 4521, CarrisMetropolitana 4524, CarrisMetropolitana 4531, CarrisMetropolitana 4540, CarrisMetropolitana 4548, CarrisMetropolitana 4550, CarrisMetropolitana 4551, CarrisMetropolitana 4562, CarrisMetropolitana 4710, CarrisMetropolitana 4715, CarrisMetropolitana 4720, CarrisMetropolitana 4725, CarrisMetropolitana 4906, CP Linha do Sado, CP AP, Fertagus"
"150803","23.50939092062193","CarrisMetropolitana 4512, CarrisMetropolitana 4516, CarrisMetropolitana 4521, CarrisMetropolitana 4531, CarrisMetropolitana 4710, CarrisMetropolitana 4715, CarrisMetropolitana 4720, CP Linha do Sado, CP AP, Fertagus"
"150804","15.52611015195848","CarrisMetropolitana 4304, CarrisMetropolitana 4531, CarrisMetropolitana 4550, CarrisMetropolitana 4562, CarrisMetropolitana 4611, CarrisMetropolitana 4632, CarrisMetropolitana 4725, Fertagus"
"150806","8.002222839677689","CarrisMetropolitana 4514, CarrisMetropolitana 4515, CarrisMetropolitana 4521, CarrisMetropolitana 4524, CarrisMetropolitana 4540, CarrisMetropolitana 4548, CarrisMetropolitana 4906"
"151002","49.1136194980792","CarrisMetropolitana 3101, CarrisMetropolitana 3103, CarrisMetropolitana 3108, CarrisMetropolitana 3114, CarrisMetropolitana 3116, CarrisMetropolitana 3118, CarrisMetropolitana 3119, CarrisMetropolitana 3505, CarrisMetropolitana 3508, CarrisMetropolitana 3512, CarrisMetropolitana 3521, CarrisMetropolitana 3523, CarrisMetropolitana 3536, CarrisMetropolitana 3605, CarrisMetropolitana 3720, CarrisMetropolitana 3721, CarrisMetropolitana 4725, CarrisMetropolitana 4730, Fertagus"
"151005","115.6977778007815","CarrisMetropolitana 3103, CarrisMetropolitana 3104, CarrisMetropolitana 3116, CarrisMetropolitana 3118, CarrisMetropolitana 3504, CarrisMetropolitana 3505, CarrisMetropolitana 3506, CarrisMetropolitana 3507, CarrisMetropolitana 3508, CarrisMetropolitana 3512, CarrisMetropolitana 3513, CarrisMetropolitana 3514, CarrisMetropolitana 3515, CarrisMetropolitana 3516, CarrisMetropolitana 3517, CarrisMetropolitana 3521, CarrisMetropolitana 3523, CarrisMetropolitana 3524, CarrisMetropolitana 3525, CarrisMetropolitana 3526, CarrisMetropolitana 3536, CarrisMetropolitana 3605, CarrisMetropolitana 3715, CarrisMetropolitana 3716, CarrisMetropolitana 3717, CarrisMetropolitana 3720, CarrisMetropolitana 3721, CarrisMetropolitana 4725, CarrisMetropolitana 4730, Fertagus, MTS 1, MTS 2"
"151006","21.23966190980662","CarrisMetropolitana 3105, CarrisMetropolitana 3106, CarrisMetropolitana 3110, CarrisMetropolitana 3536, CarrisMetropolitana 3540, CarrisMetropolitana 3541, CarrisMetropolitana 3543, CarrisMetropolitana 3544, CarrisMetropolitana 3720, CarrisMetropolitana 3721, CarrisMetropolitana 4725"
"151007","91.42564690814082","CarrisMetropolitana 3103, CarrisMetropolitana 3105, CarrisMetropolitana 3106, CarrisMetropolitana 3109, CarrisMetropolitana 3110, CarrisMetropolitana 3111, CarrisMetropolitana 3112, CarrisMetropolitana 3113, CarrisMetropolitana 3114, CarrisMetropolitana 3116, CarrisMetropolitana 3118, CarrisMetropolitana 3119, CarrisMetropolitana 3505, CarrisMetropolitana 3508, CarrisMetropolitana 3523, CarrisMetropolitana 3536, CarrisMetropolitana 3540, CarrisMetropolitana 3541, CarrisMetropolitana 3543, CarrisMetropolitana 3544, CarrisMetropolitana 3605, CarrisMetropolitana 3620, CarrisMetropolitana 3626, CarrisMetropolitana 3635, CarrisMetropolitana 3720, CarrisMetropolitana 3721, CarrisMetropolitana 4620, CarrisMetropolitana 4621, CarrisMetropolitana 4632, CarrisMetropolitana 4725, CarrisMetropolitana 4730, Fertagus, TCB 6, TCB 16, TTSL"
"151101","15.99769073163901","CarrisMetropolitana 3201, CarrisMetropolitana 3203, CarrisMetropolitana 3206, CarrisMetropolitana 3208, CarrisMetropolitana 3213, CarrisMetropolitana 3218, CarrisMetropolitana 3536, CarrisMetropolitana 3540, CarrisMetropolitana 3544, CarrisMetropolitana 3635, CarrisMetropolitana 3642, CarrisMetropolitana 3721"
"151102","14.9974128766793","CarrisMetropolitana 3201, CarrisMetropolitana 3203, CarrisMetropolitana 3206, CarrisMetropolitana 3208, CarrisMetropolitana 3213, CarrisMetropolitana 3218, CarrisMetropolitana 3536, CarrisMetropolitana 3544, CarrisMetropolitana 3635, CarrisMetropolitana 3642, CarrisMetropolitana 3721"
"151103","30.79974804365024","CarrisMetropolitana 3222, CarrisMetropolitana 3536, CarrisMetropolitana 3540, CarrisMetropolitana 3541, CarrisMetropolitana 3543, CarrisMetropolitana 3544, CarrisMetropolitana 3605, CarrisMetropolitana 3620, CarrisMetropolitana 3626, CarrisMetropolitana 3635, CarrisMetropolitana 3720, CarrisMetropolitana 3721, CarrisMetropolitana 4632, CarrisMetropolitana 4725, CarrisMetropolitana 4730, TCB 16"
"151205","46.86937553051246","CarrisMetropolitana 3642, CarrisMetropolitana 4404, CarrisMetropolitana 4405, CarrisMetropolitana 4407, CarrisMetropolitana 4410, CarrisMetropolitana 4412, CarrisMetropolitana 4419, CarrisMetropolitana 4422, CarrisMetropolitana 4426, CarrisMetropolitana 4428, CarrisMetropolitana 4434, CarrisMetropolitana 4436, CarrisMetropolitana 4437, CarrisMetropolitana 4441, CarrisMetropolitana 4540, CarrisMetropolitana 4548, CarrisMetropolitana 4562, CarrisMetropolitana 4715, CarrisMetropolitana 4720, CarrisMetropolitana 4725, CarrisMetropolitana 4906, CP Linha do Sado, CP AP, Fertagus"
"151207","7.001944984717978","CarrisMetropolitana 4410, CarrisMetropolitana 4419, CarrisMetropolitana 4428, CarrisMetropolitana 4540, CarrisMetropolitana 4548, CarrisMetropolitana 4906"
"151208","7.390427942861911","CarrisMetropolitana 4412, CarrisMetropolitana 4419, CarrisMetropolitana 4437, CP AP"
"151209","21.84830474394433","CarrisMetropolitana 3605, CarrisMetropolitana 3626, CarrisMetropolitana 3635, CarrisMetropolitana 3642, CarrisMetropolitana 4550, CarrisMetropolitana 4562, CarrisMetropolitana 4632, CarrisMetropolitana 4725, CarrisMetropolitana 4730, Fertagus, TCB 16"
"151210","55.90191821154964","CarrisMetropolitana 3605, CarrisMetropolitana 3642, CarrisMetropolitana 4403, CarrisMetropolitana 4404, CarrisMetropolitana 4405, CarrisMetropolitana 4407, CarrisMetropolitana 4412, CarrisMetropolitana 4419, CarrisMetropolitana 4422, CarrisMetropolitana 4426, CarrisMetropolitana 4428, CarrisMetropolitana 4431, CarrisMetropolitana 4434, CarrisMetropolitana 4436, CarrisMetropolitana 4437, CarrisMetropolitana 4441, CarrisMetropolitana 4512, CarrisMetropolitana 4540, CarrisMetropolitana 4548, CarrisMetropolitana 4551, CarrisMetropolitana 4562, CarrisMetropolitana 4715, CarrisMetropolitana 4720, CarrisMetropolitana 4725, CarrisMetropolitana 4730, CarrisMetropolitana 4906, CP Linha do Sado, CP AP, Fertagus"
