Dicofre,services,lines
"110501",98.6235339071667,"CarrisMetropolitana 1621, CarrisMetropolitana 1623, CarrisMetropolitana 1624, CarrisMetropolitana 1625, CarrisMetropolitana 1626, CarrisMetropolitana 1627, CarrisMetropolitana 1628, CarrisMetropolitana 1629, CarrisMetropolitana 1630, CarrisMetropolitana 1631, MobiCascais 38, MobiCascais 31, MobiCascais 22, MobiCascais 2, MobiCascais 19, MobiCascais 20, MobiCascais 3, MobiCascais 29, MobiCascais 6, MobiCascais 11, MobiCascais 7, MobiCascais 39, MobiCascais 28, MobiCascais 12, MobiCascais 10, MobiCascais 14, MobiCascais 17, MobiCascais 13, MobiCascais 18, MobiCascais 40, MobiCascais 1, MobiCascais 24, MobiCascais 8"
"110506",103.485536542346,"CarrisMetropolitana 1607, CarrisMetropolitana 1608, CarrisMetropolitana 1613, CarrisMetropolitana 1614, CarrisMetropolitana 1615, CarrisMetropolitana 1622, CarrisMetropolitana 1638, CarrisMetropolitana 1616, CarrisMetropolitana 1617, MobiCascais 30, MobiCascais 31, MobiCascais 16, MobiCascais 22, MobiCascais 23, MobiCascais 37, MobiCascais 35, MobiCascais 36, MobiCascais 32, MobiCascais 21, MobiCascais 33, MobiCascais 26, MobiCascais 25, MobiCascais 29, MobiCascais 42, MobiCascais 24, MobiCascais 41"
"110507",104.645296288107,"CarrisMetropolitana 1604, CarrisMetropolitana 1607, CarrisMetropolitana 1608, CarrisMetropolitana 1612, CarrisMetropolitana 1613, CarrisMetropolitana 1614, CarrisMetropolitana 1615, CarrisMetropolitana 1622, CarrisMetropolitana 1638, CarrisMetropolitana 1121, CarrisMetropolitana 1605, CarrisMetropolitana 1606, CarrisMetropolitana 1601, CP Linha de Cascais, MobiCascais 30, MobiCascais 31, MobiCascais 16, MobiCascais 22, MobiCascais 35, MobiCascais 36, MobiCascais 32, MobiCascais 21, MobiCascais 33, MobiCascais 26, MobiCascais 25, MobiCascais 29, MobiCascais 1, MobiCascais 42, MobiCascais 24, MobiCascais 41"
"110508",115.961566708877,"CarrisMetropolitana 1621, CarrisMetropolitana 1623, CarrisMetropolitana 1624, CarrisMetropolitana 1625, CarrisMetropolitana 1628, CarrisMetropolitana 1629, CarrisMetropolitana 1630, CarrisMetropolitana 1631, CP Linha de Cascais, MobiCascais 34, MobiCascais 38, MobiCascais 31, MobiCascais 2, MobiCascais 23, MobiCascais 19, MobiCascais 20, MobiCascais 3, MobiCascais 29, MobiCascais 6, MobiCascais 11, MobiCascais 7, MobiCascais 39, MobiCascais 28, MobiCascais 9, MobiCascais 12, MobiCascais 15, MobiCascais 10, MobiCascais 14, MobiCascais 17, MobiCascais 32, MobiCascais 13, MobiCascais 18, MobiCascais 1, MobiCascais 43, MobiCascais 5, MobiCascais 22, MobiCascais 27, MobiCascais 4, MobiCascais 8"
"110601",100.845043443306,"Carris 714, Carris 727, Carris 729, Carris 732, Carris 742, Carris 723, Carris 748, Carris 760, Carris 76B, Carris 73B, Carris 79B, Carris 771, Carris 18E, CarrisMetropolitana 1714, CarrisMetropolitana 1715, CarrisMetropolitana 1723, CarrisMetropolitana 1724, CarrisMetropolitana 1725, CarrisMetropolitana 1726, CarrisMetropolitana 1729, CarrisMetropolitana 1733, CarrisMetropolitana 1716, CarrisMetropolitana 1718, CarrisMetropolitana 1704, CarrisMetropolitana 1712, CP Linha de Cascais"
"110602",273.048758360999,"Carris 711, Carris 714, Carris 727, Carris 729, Carris 732, Carris 751, Carris 742, Carris 738, Carris 723, Carris 713, Carris 720, Carris 753, Carris 748, Carris 760, Carris 756, Carris 724, Carris 712, Carris 728, Carris 76B, Carris 73B, Carris 771, Carris 67B, Carris 15E, Carris 18E, CarrisMetropolitana 2650, CarrisMetropolitana 2651, CarrisMetropolitana 2652, CarrisMetropolitana 2653, CarrisMetropolitana 2850, CarrisMetropolitana 1723, CarrisMetropolitana 1724, CarrisMetropolitana 1725, CarrisMetropolitana 1726, CarrisMetropolitana 1729, CarrisMetropolitana 1733, CarrisMetropolitana 3701, CarrisMetropolitana 3702, CarrisMetropolitana 3703, CarrisMetropolitana 3704, CarrisMetropolitana 3705, CarrisMetropolitana 3709, CarrisMetropolitana 3710, CarrisMetropolitana 3711, CarrisMetropolitana 3715, CarrisMetropolitana 3716, CarrisMetropolitana 3717, CarrisMetropolitana 3721, CarrisMetropolitana 1716, CarrisMetropolitana 1704, CarrisMetropolitana 4725, CarrisMetropolitana 4730, CP Linha de Cascais, Fertagus"
"110607",126.383304993002,"Carris 718, Carris 742, Carris 794, Carris 720, Carris 759, Carris 793, Carris 781, Carris 782, Carris 756, Carris 730, Carris 728, Carris 34B, Carris 49B, CP R, CP IC, CP IR, CP AP, CP Linha da Azambuja, MetroLisboa Vm"
"110608",275.8198309331,"Carris 711, Carris 714, Carris 729, Carris 750, Carris 746, Carris 765, Carris 767, Carris 799, Carris 723, Carris 758, Carris 716, Carris 703, Carris 764, Carris 748, Carris 724, Carris 778, Carris 770, Carris 749, Carris 754, Carris 771, Carris 71B, Carris 72B, Carris 763, CarrisMetropolitana 1001, CarrisMetropolitana 1713, CarrisMetropolitana 1714, CarrisMetropolitana 1719, CarrisMetropolitana 1720, CarrisMetropolitana 1715, CarrisMetropolitana 2811, CarrisMetropolitana 2850, CarrisMetropolitana 1701, CarrisMetropolitana 1723, CarrisMetropolitana 1724, CarrisMetropolitana 1725, CarrisMetropolitana 1726, CarrisMetropolitana 1729, CarrisMetropolitana 1733, CarrisMetropolitana 1507, CarrisMetropolitana 1716, CarrisMetropolitana 1717, CarrisMetropolitana 1718, CarrisMetropolitana 1721, CarrisMetropolitana 1704, CarrisMetropolitana 1706, CarrisMetropolitana 1707, CarrisMetropolitana 1709, CarrisMetropolitana 1712, CP R, CP IR, CP Linha da Azambuja, CP Linha de Sintra"
"110610",295.74625897403,"Carris 711, Carris 746, Carris 751, Carris 768, Carris 742, Carris 726, Carris 755, Carris 723, Carris 713, Carris 701, Carris 702, Carris 758, Carris 716, Carris 753, Carris 748, Carris 756, Carris 712, Carris 731, Carris 770, Carris 754, Carris 783, Carris 24E, Carris 58B, Carris 61B, Carris 52B, Carris 771, CarrisMetropolitana 2650, CarrisMetropolitana 2651, CarrisMetropolitana 2652, CarrisMetropolitana 2653, CarrisMetropolitana 2850, CarrisMetropolitana 1723, CarrisMetropolitana 1724, CarrisMetropolitana 1725, CarrisMetropolitana 1726, CarrisMetropolitana 1729, CarrisMetropolitana 1733, CarrisMetropolitana 3702, CarrisMetropolitana 3703, CarrisMetropolitana 3704, CarrisMetropolitana 3705, CarrisMetropolitana 3709, CarrisMetropolitana 3710, CarrisMetropolitana 3711, CarrisMetropolitana 3715, CarrisMetropolitana 3716, CarrisMetropolitana 3717, CarrisMetropolitana 3721, CarrisMetropolitana 1716, CarrisMetropolitana 1704, CarrisMetropolitana 4725, CarrisMetropolitana 4730, CP IC, CP R, CP IR, CP Linha da Azambuja, CP Linha de Sintra, Fertagus, MetroLisboa Az"
"110611",225.21448022806,"Carris 729, Carris 750, Carris 765, Carris 768, Carris 767, Carris 726, Carris 799, Carris 703, Carris 764, Carris 747, Carris 724, Carris 778, Carris 749, Carris 55B, Carris 72B, Carris 763, CarrisMetropolitana 1719, CarrisMetropolitana 2601, CarrisMetropolitana 2780, CarrisMetropolitana 2781, CarrisMetropolitana 2811, CarrisMetropolitana 2814, CarrisMetropolitana 2821, CarrisMetropolitana 2824, CarrisMetropolitana 2831, CarrisMetropolitana 2850, CarrisMetropolitana 1703, CarrisMetropolitana 1706, CarrisMetropolitana 1709, CarrisMetropolitana 1710, CarrisMetropolitana 1711, MetroLisboa Az"
"110618",387.589683252481,"Carris 750, Carris 767, Carris 701, Carris 703, Carris 717, Carris 796, Carris 747, Carris 778, Carris 798, Carris 736, Carris 40B, Carris 41B, Carris 45B, Carris 763, CarrisMetropolitana 2650, CarrisMetropolitana 2651, CarrisMetropolitana 2652, CarrisMetropolitana 2653, CarrisMetropolitana 2706, CarrisMetropolitana 2710, CarrisMetropolitana 2713, CarrisMetropolitana 2714, CarrisMetropolitana 2715, CarrisMetropolitana 2716, CarrisMetropolitana 2717, CarrisMetropolitana 2718, CarrisMetropolitana 2719, CarrisMetropolitana 2720, CarrisMetropolitana 2723, CarrisMetropolitana 2736, CarrisMetropolitana 2740, CarrisMetropolitana 2744, CarrisMetropolitana 2746, CarrisMetropolitana 2750, CarrisMetropolitana 2751, CarrisMetropolitana 2753, CarrisMetropolitana 2754, CarrisMetropolitana 2755, CarrisMetropolitana 2758, CarrisMetropolitana 2759, CarrisMetropolitana 2761, CarrisMetropolitana 2762, CarrisMetropolitana 2764, CarrisMetropolitana 2765, CarrisMetropolitana 2769, CarrisMetropolitana 2770, CarrisMetropolitana 2772, CarrisMetropolitana 2774, CarrisMetropolitana 2776, CarrisMetropolitana 2785, CarrisMetropolitana 2793, CarrisMetropolitana 2795, CarrisMetropolitana 2797, CarrisMetropolitana 2801, CarrisMetropolitana 2802, CarrisMetropolitana 2803, CarrisMetropolitana 2804, CarrisMetropolitana 2805, CarrisMetropolitana 2806, CarrisMetropolitana 2807, CarrisMetropolitana 2812, CarrisMetropolitana 2841, CarrisMetropolitana 2842, MetroLisboa Am, MetroLisboa Vd"
"110621",129.913766417787,"Carris 708, Carris 718, Carris 750, Carris 794, Carris 755, Carris 759, Carris 793, Carris 781, Carris 782, Carris 731, Carris 749, Carris 728, Carris 26B, Carris 31B, Carris 32B, Carris 34B, CP R, CP IC, CP IR, CP AP, CP Linha da Azambuja, CP Linha de Sintra, MetroLisboa Vm"
"110633",347.853337095125,"Carris 708, Carris 750, Carris 794, Carris 759, Carris 781, Carris 782, Carris 705, Carris 731, Carris 722, Carris 725, Carris 744, Carris 783, Carris 728, Carris 26B, Carris 29B, CarrisMetropolitana 2029, CarrisMetropolitana 2652, CarrisMetropolitana 2708, CarrisMetropolitana 2711, CarrisMetropolitana 2713, CarrisMetropolitana 2722, CarrisMetropolitana 2724, CarrisMetropolitana 2725, CarrisMetropolitana 2728, CarrisMetropolitana 2729, CarrisMetropolitana 2730, CarrisMetropolitana 2731, CarrisMetropolitana 2733, CarrisMetropolitana 2734, CarrisMetropolitana 2735, CarrisMetropolitana 2736, CarrisMetropolitana 2790, CarrisMetropolitana 2792, CarrisMetropolitana 2793, CarrisMetropolitana 2794, CarrisMetropolitana 2795, CarrisMetropolitana 2841, CarrisMetropolitana 2842, CarrisMetropolitana 4701, CarrisMetropolitana 4702, CarrisMetropolitana 4704, CarrisMetropolitana 4705, CarrisMetropolitana 4706, CarrisMetropolitana 4707, CarrisMetropolitana 4710, CarrisMetropolitana 4720, CarrisMetropolitana 4741, CP R, CP IC, CP IR, CP AP, MetroLisboa Vm"
"110639",189.213043808768,"Carris 750, Carris 746, Carris 768, Carris 726, Carris 738, Carris 755, Carris 701, Carris 758, Carris 716, Carris 764, Carris 731, Carris 770, Carris 749, Carris 754, Carris 58B, Carris 61B, Carris 52B, Carris 771, CarrisMetropolitana 2650, CarrisMetropolitana 2651, CarrisMetropolitana 2652, CarrisMetropolitana 2653, CarrisMetropolitana 2850, CarrisMetropolitana 3702, CarrisMetropolitana 3705, CarrisMetropolitana 3711, CarrisMetropolitana 3716, CarrisMetropolitana 3717, CarrisMetropolitana 3721, CarrisMetropolitana 4725, CarrisMetropolitana 4730, CP IC, CP R, CP IR, CP Linha da Azambuja, CP Linha de Sintra, Fertagus, MetroLisboa Az"
"110654",302.770505307427,"Carris 708, Carris 727, Carris 750, Carris 732, Carris 768, Carris 767, Carris 738, Carris 755, Carris 701, Carris 764, Carris 717, Carris 735, Carris 796, Carris 705, Carris 747, Carris 731, Carris 798, Carris 749, Carris 722, Carris 736, Carris 744, Carris 754, Carris 783, Carris 46B, Carris 49B, Carris 45B, CarrisMetropolitana 2652, CarrisMetropolitana 2713, CarrisMetropolitana 2722, CarrisMetropolitana 2736, CarrisMetropolitana 2790, CarrisMetropolitana 2793, CarrisMetropolitana 2795, CarrisMetropolitana 2841, CarrisMetropolitana 2842, CarrisMetropolitana 3702, CP IC, CP R, CP IR, CP Linha da Azambuja, CP AP, CP Linha de Sintra, Fertagus, MetroLisboa Am, MetroLisboa Vd"
"110655",208.374059864327,"Carris 708, Carris 718, Carris 767, Carris 742, Carris 726, Carris 713, Carris 720, Carris 793, Carris 797, Carris 716, Carris 717, Carris 735, Carris 756, Carris 705, Carris 749, Carris 722, Carris 730, Carris 754, Carris 37B, Carris 34B, Carris 17B, Carris 49B, CarrisMetropolitana 2722, CarrisMetropolitana 2790, CarrisMetropolitana 3703, CarrisMetropolitana 3710, CP R, CP IR, CP Linha da Azambuja, CP AP, CP Linha de Sintra, MetroLisboa Vm, MetroLisboa Vd"
"110656",310.173540751918,"Carris 708, Carris 727, Carris 718, Carris 732, Carris 767, Carris 742, Carris 726, Carris 738, Carris 723, Carris 713, Carris 720, Carris 706, Carris 52E, Carris 797, Carris 716, Carris 753, Carris 717, Carris 760, Carris 735, Carris 712, Carris 774, Carris 722, Carris 730, Carris 736, Carris 744, Carris 783, Carris 734, Carris 37B, Carris 13B, Carris 19B, Carris 17B, Carris 49B, Carris 28E, Carris 12E, CP R, CP IR, CP AP, MetroLisboa Vm, MetroLisboa Am, MetroLisboa Vd"
"110657",347.94608225964,"Carris 711, Carris 727, Carris 732, Carris 746, Carris 742, Carris 726, Carris 738, Carris 723, Carris 713, Carris 701, Carris 720, Carris 702, Carris 709, Carris 716, Carris 753, Carris 748, Carris 756, Carris 712, Carris 731, Carris 749, Carris 722, Carris 736, Carris 744, Carris 754, Carris 783, Carris 46B, Carris 52B, CarrisMetropolitana 2650, CarrisMetropolitana 2651, CarrisMetropolitana 2652, CarrisMetropolitana 2653, CarrisMetropolitana 2850, CarrisMetropolitana 1723, CarrisMetropolitana 1724, CarrisMetropolitana 1725, CarrisMetropolitana 1726, CarrisMetropolitana 1729, CarrisMetropolitana 1733, CarrisMetropolitana 3702, CarrisMetropolitana 3703, CarrisMetropolitana 3704, CarrisMetropolitana 3705, CarrisMetropolitana 3709, CarrisMetropolitana 3710, CarrisMetropolitana 3711, CarrisMetropolitana 3715, CarrisMetropolitana 3716, CarrisMetropolitana 3717, CarrisMetropolitana 3721, CarrisMetropolitana 1716, CarrisMetropolitana 1704, CarrisMetropolitana 4725, CP IC, CP R, CP IR, CP Linha da Azambuja, CP AP, CP Linha de Sintra, Fertagus, MetroLisboa Az, MetroLisboa Vm, MetroLisboa Am"
"110658",177.386939139512,"Carris 714, Carris 727, Carris 729, Carris 750, Carris 732, Carris 751, Carris 723, Carris 748, Carris 760, Carris 728, Carris 76B, Carris 73B, Carris 79B, Carris 15E, CarrisMetropolitana 1714, CarrisMetropolitana 1521, CarrisMetropolitana 1715, CarrisMetropolitana 1731, CarrisMetropolitana 1108, CarrisMetropolitana 1522, CarrisMetropolitana 1701, CarrisMetropolitana 1722, CarrisMetropolitana 1723, CarrisMetropolitana 1724, CarrisMetropolitana 1725, CarrisMetropolitana 1726, CarrisMetropolitana 1729, CarrisMetropolitana 1733, CarrisMetropolitana 3701, CarrisMetropolitana 1716, CarrisMetropolitana 1718, CarrisMetropolitana 1704, CarrisMetropolitana 1712, CarrisMetropolitana 1713, CP Linha de Cascais, TTSL"
"110659",245.310051192202,"Carris 711, Carris 727, Carris 751, Carris 742, Carris 738, Carris 723, Carris 713, Carris 701, Carris 773, Carris 720, Carris 706, Carris 709, Carris 758, Carris 753, Carris 748, Carris 756, Carris 712, Carris 774, Carris 783, Carris 24E, Carris 64B, Carris 19B, Carris 771, Carris 65B, Carris 67B, Carris 28E, Carris 25E, CarrisMetropolitana 1723, CarrisMetropolitana 1724, CarrisMetropolitana 1725, CarrisMetropolitana 1726, CarrisMetropolitana 1729, CarrisMetropolitana 1733, CarrisMetropolitana 3701, CarrisMetropolitana 3702, CarrisMetropolitana 3703, CarrisMetropolitana 3704, CarrisMetropolitana 3705, CarrisMetropolitana 3709, CarrisMetropolitana 3710, CarrisMetropolitana 3715, CarrisMetropolitana 3716, CarrisMetropolitana 3717, CarrisMetropolitana 3721, CarrisMetropolitana 1716, CarrisMetropolitana 1704, CarrisMetropolitana 4725, CarrisMetropolitana 4730, CP IC, CP Linha da Azambuja, Fertagus"
"110660",207.347472208766,"Carris 714, Carris 727, Carris 732, Carris 751, Carris 742, Carris 738, Carris 713, Carris 701, Carris 773, Carris 720, Carris 706, Carris 709, Carris 760, Carris 756, Carris 712, Carris 774, Carris 728, Carris 73B, Carris 22B, Carris 19B, Carris 65B, Carris 67B, Carris 28E, Carris 15E, Carris 18E, Carris 25E, CarrisMetropolitana 3701, CarrisMetropolitana 3702, CarrisMetropolitana 3703, CarrisMetropolitana 3705, CarrisMetropolitana 3710, CarrisMetropolitana 3716, CarrisMetropolitana 3717, CarrisMetropolitana 3721, CarrisMetropolitana 4725, CarrisMetropolitana 4730, CP Linha de Cascais, CP IC, CP Linha da Azambuja"
"110661",217.515532602039,"Carris 714, Carris 727, Carris 732, Carris 773, Carris 706, Carris 758, Carris 781, Carris 782, Carris 51E, Carris 53E, Carris 760, Carris 735, Carris 728, Carris 24E, Carris 22B, Carris 19B, Carris 67B, Carris 28E, Carris 15E, Carris 12E, Carris 18E, Carris 25E, CP Linha de Cascais, CP Linha de Sintra, MetroLisboa Vd, TTSL"
"110662",301.25471499497,"Carris 708, Carris 750, Carris 794, Carris 759, Carris 781, Carris 782, Carris 705, Carris 731, Carris 725, Carris 744, Carris 728, Carris 26B, CarrisMetropolitana 2029, CarrisMetropolitana 2708, CarrisMetropolitana 2711, CarrisMetropolitana 2724, CarrisMetropolitana 2725, CarrisMetropolitana 2726, CarrisMetropolitana 2727, CarrisMetropolitana 2728, CarrisMetropolitana 2729, CarrisMetropolitana 2730, CarrisMetropolitana 2731, CarrisMetropolitana 2733, CarrisMetropolitana 2734, CarrisMetropolitana 2792, CarrisMetropolitana 2793, CarrisMetropolitana 2794, CarrisMetropolitana 4701, CarrisMetropolitana 4702, CarrisMetropolitana 4704, CarrisMetropolitana 4705, CarrisMetropolitana 4706, CarrisMetropolitana 4707, CarrisMetropolitana 4710, CarrisMetropolitana 4720, CarrisMetropolitana 4741, CP R, CP IC, CP IR, CP AP, CP Linha da Azambuja, CP Linha de Sintra, MetroLisboa Vm"
"110663",171.406328678522,"Carris 718, Carris 742, Carris 794, Carris 726, Carris 720, Carris 759, Carris 793, Carris 706, Carris 781, Carris 782, Carris 797, Carris 735, Carris 756, Carris 712, Carris 730, Carris 728, Carris 734, Carris 37B, Carris 34B, Carris 13B, Carris 49B, Carris 28E, Carris 12E, CP R, CP IC, CP IR, CP AP, CP Linha da Azambuja"
"110664",296.818992531594,"Carris 703, Carris 717, Carris 796, Carris 798, Carris 736, Carris 40B, Carris 41B, Carris 45B, CarrisMetropolitana 2650, CarrisMetropolitana 2651, CarrisMetropolitana 2653, CarrisMetropolitana 2706, CarrisMetropolitana 2710, CarrisMetropolitana 2711, CarrisMetropolitana 2713, CarrisMetropolitana 2714, CarrisMetropolitana 2715, CarrisMetropolitana 2716, CarrisMetropolitana 2717, CarrisMetropolitana 2718, CarrisMetropolitana 2719, CarrisMetropolitana 2720, CarrisMetropolitana 2723, CarrisMetropolitana 2736, CarrisMetropolitana 2740, CarrisMetropolitana 2744, CarrisMetropolitana 2746, CarrisMetropolitana 2750, CarrisMetropolitana 2751, CarrisMetropolitana 2753, CarrisMetropolitana 2754, CarrisMetropolitana 2755, CarrisMetropolitana 2758, CarrisMetropolitana 2759, CarrisMetropolitana 2761, CarrisMetropolitana 2762, CarrisMetropolitana 2764, CarrisMetropolitana 2765, CarrisMetropolitana 2769, CarrisMetropolitana 2770, CarrisMetropolitana 2772, CarrisMetropolitana 2774, CarrisMetropolitana 2776, CarrisMetropolitana 2785, CarrisMetropolitana 2797, CarrisMetropolitana 2801, CarrisMetropolitana 2802, CarrisMetropolitana 2803, CarrisMetropolitana 2804, CarrisMetropolitana 2805, CarrisMetropolitana 2806, CarrisMetropolitana 2807, CarrisMetropolitana 2812, MetroLisboa Am"
"110665",282.772800001489,"Carris 708, Carris 711, Carris 732, Carris 794, Carris 759, Carris 706, Carris 709, Carris 758, Carris 781, Carris 782, Carris 51E, Carris 54E, Carris 760, Carris 735, Carris 737, Carris 712, Carris 722, Carris 736, Carris 744, Carris 728, Carris 734, Carris 24E, Carris 10B, Carris 13B, Carris 17B, Carris 28E, Carris 15E, Carris 12E, Carris 25E, MetroLisboa Az, MetroLisboa Vd, TTSL"
"110666",296.789417247266,"Carris 711, Carris 727, Carris 732, Carris 746, Carris 738, Carris 723, Carris 713, Carris 773, Carris 720, Carris 759, Carris 702, Carris 706, Carris 709, Carris 758, Carris 51E, Carris 52E, Carris 753, Carris 748, Carris 712, Carris 774, Carris 722, Carris 730, Carris 736, Carris 744, Carris 783, Carris 24E, Carris 22B, Carris 19B, Carris 771, Carris 65B, CarrisMetropolitana 1723, CarrisMetropolitana 1724, CarrisMetropolitana 1725, CarrisMetropolitana 1726, CarrisMetropolitana 1729, CarrisMetropolitana 1733, CarrisMetropolitana 3704, CarrisMetropolitana 3709, CarrisMetropolitana 3715, CarrisMetropolitana 1716, CarrisMetropolitana 1704, CP Linha de Sintra, MetroLisboa Az, MetroLisboa Am"
"110667",165.688924356065,"Carris 794, Carris 726, Carris 759, Carris 706, Carris 781, Carris 782, Carris 797, Carris 735, Carris 712, Carris 730, Carris 728, Carris 734, Carris 10B, Carris 13B, Carris 28E, Carris 12E, CP R, CP IC, CP IR, CP AP, CP Linha da Azambuja, MetroLisboa Az"
"110702",53.4631880194507,"CarrisMetropolitana 2006, CarrisMetropolitana 2008, CarrisMetropolitana 2038, CarrisMetropolitana 2039, CarrisMetropolitana 2502, CarrisMetropolitana 2530, CarrisMetropolitana 2651, CarrisMetropolitana 2706, CarrisMetropolitana 2750, CarrisMetropolitana 2761, CarrisMetropolitana 2762, CarrisMetropolitana 2764"
"110705",20.2060307978424,"CarrisMetropolitana 2011, CarrisMetropolitana 2038, CarrisMetropolitana 2719, CarrisMetropolitana 2750, CarrisMetropolitana 2761, CarrisMetropolitana 2762, CarrisMetropolitana 2765"
"110707",242.199390710461,"CarrisMetropolitana 2003, CarrisMetropolitana 2011, CarrisMetropolitana 2016, CarrisMetropolitana 2020, CarrisMetropolitana 2024, CarrisMetropolitana 2026, CarrisMetropolitana 2028, CarrisMetropolitana 2037, CarrisMetropolitana 2038, CarrisMetropolitana 2039, CarrisMetropolitana 2040, CarrisMetropolitana 2504, CarrisMetropolitana 2505, CarrisMetropolitana 2506, CarrisMetropolitana 2511, CarrisMetropolitana 2513, CarrisMetropolitana 2522, CarrisMetropolitana 2524, CarrisMetropolitana 2525, CarrisMetropolitana 2532, CarrisMetropolitana 2534, CarrisMetropolitana 2535, CarrisMetropolitana 2601, CarrisMetropolitana 2605, CarrisMetropolitana 2611, CarrisMetropolitana 2651, CarrisMetropolitana 2653, CarrisMetropolitana 2706, CarrisMetropolitana 2717, CarrisMetropolitana 2718, CarrisMetropolitana 2719, CarrisMetropolitana 2720, CarrisMetropolitana 2723, CarrisMetropolitana 2724, CarrisMetropolitana 2725, CarrisMetropolitana 2726, CarrisMetropolitana 2727, CarrisMetropolitana 2733, CarrisMetropolitana 2740, CarrisMetropolitana 2744, CarrisMetropolitana 2746, CarrisMetropolitana 2750, CarrisMetropolitana 2751, CarrisMetropolitana 2753, CarrisMetropolitana 2754, CarrisMetropolitana 2755, CarrisMetropolitana 2758, CarrisMetropolitana 2759, CarrisMetropolitana 2761, CarrisMetropolitana 2762, CarrisMetropolitana 2764, CarrisMetropolitana 2765, CarrisMetropolitana 2776, CarrisMetropolitana 2780, CarrisMetropolitana 2781, CarrisMetropolitana 2785, CarrisMetropolitana 2797, CarrisMetropolitana 2801, CarrisMetropolitana 2802, CarrisMetropolitana 2803, CarrisMetropolitana 2804, CarrisMetropolitana 2805, CarrisMetropolitana 2806, CarrisMetropolitana 2807, CarrisMetropolitana 2821"
"110708",47.853306741877,"CarrisMetropolitana 2011, CarrisMetropolitana 2016, CarrisMetropolitana 2502, CarrisMetropolitana 2504, CarrisMetropolitana 2505, CarrisMetropolitana 2506, CarrisMetropolitana 2740, CarrisMetropolitana 2744, CarrisMetropolitana 2746, CarrisMetropolitana 2750, CarrisMetropolitana 2751, CarrisMetropolitana 2753, CarrisMetropolitana 2754, CarrisMetropolitana 2755, CarrisMetropolitana 2758, CarrisMetropolitana 2761, CarrisMetropolitana 2765, CarrisMetropolitana 2801, CarrisMetropolitana 2802, CarrisMetropolitana 2803, CarrisMetropolitana 2804, CarrisMetropolitana 2805, CarrisMetropolitana 2806, CarrisMetropolitana 2807"
"110726",258.800236737258,"Carris 759, Carris 782, Carris 705, Carris 731, Carris 722, Carris 725, Carris 744, Carris 728, Carris 26B, CarrisMetropolitana 2029, CarrisMetropolitana 2652, CarrisMetropolitana 2708, CarrisMetropolitana 2711, CarrisMetropolitana 2713, CarrisMetropolitana 2722, CarrisMetropolitana 2724, CarrisMetropolitana 2725, CarrisMetropolitana 2728, CarrisMetropolitana 2729, CarrisMetropolitana 2730, CarrisMetropolitana 2731, CarrisMetropolitana 2733, CarrisMetropolitana 2734, CarrisMetropolitana 2735, CarrisMetropolitana 2736, CarrisMetropolitana 2792, CarrisMetropolitana 2793, CarrisMetropolitana 2794, CarrisMetropolitana 2841, CarrisMetropolitana 2842, CarrisMetropolitana 4701, CarrisMetropolitana 4702, CarrisMetropolitana 4704, CarrisMetropolitana 4705, CarrisMetropolitana 4706, CarrisMetropolitana 4707, CarrisMetropolitana 4710, CarrisMetropolitana 4720, CarrisMetropolitana 4741, CP Linha da Azambuja, MetroLisboa Vm"
"110727",295.038260371245,"Carris 708, Carris 781, Carris 705, Carris 731, Carris 725, Carris 783, CarrisMetropolitana 2030, CarrisMetropolitana 2031, CarrisMetropolitana 2032, CarrisMetropolitana 2036, CarrisMetropolitana 2652, CarrisMetropolitana 2708, CarrisMetropolitana 2711, CarrisMetropolitana 2713, CarrisMetropolitana 2714, CarrisMetropolitana 2722, CarrisMetropolitana 2724, CarrisMetropolitana 2725, CarrisMetropolitana 2726, CarrisMetropolitana 2727, CarrisMetropolitana 2728, CarrisMetropolitana 2729, CarrisMetropolitana 2730, CarrisMetropolitana 2731, CarrisMetropolitana 2733, CarrisMetropolitana 2734, CarrisMetropolitana 2735, CarrisMetropolitana 2736, CarrisMetropolitana 2790, CarrisMetropolitana 2792, CarrisMetropolitana 2793, CarrisMetropolitana 2794, CarrisMetropolitana 2795, CarrisMetropolitana 2841, CarrisMetropolitana 2842, CarrisMetropolitana 4701, CarrisMetropolitana 4702, CarrisMetropolitana 4704, CarrisMetropolitana 4705, CarrisMetropolitana 4706, CarrisMetropolitana 4707, CarrisMetropolitana 4710, CarrisMetropolitana 4720, CarrisMetropolitana 4741, CP Linha da Azambuja"
"110728",126.293384463656,"CarrisMetropolitana 2032, CarrisMetropolitana 2034, CarrisMetropolitana 2534, CarrisMetropolitana 2536, CarrisMetropolitana 2539, CarrisMetropolitana 2540, CarrisMetropolitana 2652, CarrisMetropolitana 2722, CarrisMetropolitana 2728, CarrisMetropolitana 2729, CarrisMetropolitana 2730, CarrisMetropolitana 2790, CarrisMetropolitana 2792, CarrisMetropolitana 2793, CarrisMetropolitana 2794, CarrisMetropolitana 2795, CarrisMetropolitana 2841, CarrisMetropolitana 2842, CP R, CP Linha da Azambuja"
"110729",119.893360952398,"CarrisMetropolitana 2011, CarrisMetropolitana 2035, CarrisMetropolitana 2037, CarrisMetropolitana 2038, CarrisMetropolitana 2039, CarrisMetropolitana 2525, CarrisMetropolitana 2532, CarrisMetropolitana 2533, CarrisMetropolitana 2534, CarrisMetropolitana 2535, CarrisMetropolitana 2537, CarrisMetropolitana 2540, CarrisMetropolitana 2651, CarrisMetropolitana 2706, CarrisMetropolitana 2719, CarrisMetropolitana 2723, CarrisMetropolitana 2740, CarrisMetropolitana 2744, CarrisMetropolitana 2746, CarrisMetropolitana 2750, CarrisMetropolitana 2761, CarrisMetropolitana 2762, CarrisMetropolitana 2764, CarrisMetropolitana 2765, CarrisMetropolitana 2792, CarrisMetropolitana 2797, CarrisMetropolitana 2801, CarrisMetropolitana 2802, CarrisMetropolitana 2803, CarrisMetropolitana 2804, CarrisMetropolitana 2805, CarrisMetropolitana 2806, CarrisMetropolitana 2807"
"110730",280.025573518094,"CarrisMetropolitana 2014, CarrisMetropolitana 2020, CarrisMetropolitana 2024, CarrisMetropolitana 2028, CarrisMetropolitana 2036, CarrisMetropolitana 2511, CarrisMetropolitana 2513, CarrisMetropolitana 2515, CarrisMetropolitana 2518, CarrisMetropolitana 2522, CarrisMetropolitana 2524, CarrisMetropolitana 2525, CarrisMetropolitana 2601, CarrisMetropolitana 2605, CarrisMetropolitana 2611, CarrisMetropolitana 2650, CarrisMetropolitana 2651, CarrisMetropolitana 2653, CarrisMetropolitana 2706, CarrisMetropolitana 2714, CarrisMetropolitana 2715, CarrisMetropolitana 2716, CarrisMetropolitana 2717, CarrisMetropolitana 2718, CarrisMetropolitana 2719, CarrisMetropolitana 2720, CarrisMetropolitana 2723, CarrisMetropolitana 2724, CarrisMetropolitana 2725, CarrisMetropolitana 2726, CarrisMetropolitana 2727, CarrisMetropolitana 2733, CarrisMetropolitana 2736, CarrisMetropolitana 2740, CarrisMetropolitana 2744, CarrisMetropolitana 2746, CarrisMetropolitana 2750, CarrisMetropolitana 2751, CarrisMetropolitana 2753, CarrisMetropolitana 2754, CarrisMetropolitana 2755, CarrisMetropolitana 2758, CarrisMetropolitana 2759, CarrisMetropolitana 2761, CarrisMetropolitana 2762, CarrisMetropolitana 2764, CarrisMetropolitana 2765, CarrisMetropolitana 2769, CarrisMetropolitana 2770, CarrisMetropolitana 2772, CarrisMetropolitana 2774, CarrisMetropolitana 2776, CarrisMetropolitana 2780, CarrisMetropolitana 2781, CarrisMetropolitana 2785, CarrisMetropolitana 2797, CarrisMetropolitana 2801, CarrisMetropolitana 2802, CarrisMetropolitana 2803, CarrisMetropolitana 2804, CarrisMetropolitana 2805, CarrisMetropolitana 2806, CarrisMetropolitana 2807, CarrisMetropolitana 2821"
"110731",105.180397357446,"Carris 717, Carris 40B, CarrisMetropolitana 2030, CarrisMetropolitana 2036, CarrisMetropolitana 2708, CarrisMetropolitana 2710, CarrisMetropolitana 2711, CarrisMetropolitana 2713, CarrisMetropolitana 2714, CarrisMetropolitana 2724, CarrisMetropolitana 2725, CarrisMetropolitana 2726, CarrisMetropolitana 2727, CarrisMetropolitana 2733, CarrisMetropolitana 2736"
"110902",10.1958021183383,"CarrisMetropolitana 2133, CarrisMetropolitana 2625, CarrisMetropolitana 2801, CarrisMetropolitana 1633"
"110904",4.00111141983884,"CarrisMetropolitana 2117, CarrisMetropolitana 2805, CarrisMetropolitana 2905"
"110906",28.7618724138245,"CarrisMetropolitana 2117, CarrisMetropolitana 2118, CarrisMetropolitana 2120, CarrisMetropolitana 2124, CarrisMetropolitana 2125, CarrisMetropolitana 2126, CarrisMetropolitana 2132, CarrisMetropolitana 2133, CarrisMetropolitana 2141, CarrisMetropolitana 2625, CarrisMetropolitana 2740, CarrisMetropolitana 2751, CarrisMetropolitana 2801, CarrisMetropolitana 2803, CarrisMetropolitana 2905, CarrisMetropolitana 1633"
"110909",37.073596688559,"CarrisMetropolitana 2103, CarrisMetropolitana 2105, CarrisMetropolitana 2110, CarrisMetropolitana 2118, CarrisMetropolitana 2120, CarrisMetropolitana 2132, CarrisMetropolitana 2133, CarrisMetropolitana 2136, CarrisMetropolitana 2141, CarrisMetropolitana 2142, CarrisMetropolitana 2625, CarrisMetropolitana 2626, CarrisMetropolitana 2627, CarrisMetropolitana 2740, CarrisMetropolitana 2751, CarrisMetropolitana 2758, CarrisMetropolitana 2801, CarrisMetropolitana 2802, CarrisMetropolitana 2803, CarrisMetropolitana 2804, CarrisMetropolitana 2805, CarrisMetropolitana 2807, CarrisMetropolitana 2913"
"110911",26.8086430356983,"CarrisMetropolitana 2011, CarrisMetropolitana 2136, CarrisMetropolitana 2146, CarrisMetropolitana 2502, CarrisMetropolitana 2506, CarrisMetropolitana 2744, CarrisMetropolitana 2746, CarrisMetropolitana 2750, CarrisMetropolitana 2753, CarrisMetropolitana 2754, CarrisMetropolitana 2755, CarrisMetropolitana 2761, CarrisMetropolitana 2765, CarrisMetropolitana 2806, CarrisMetropolitana 2911, CP IR"
"110913",8.00222283967769,"CarrisMetropolitana 2117, CarrisMetropolitana 2118, CarrisMetropolitana 2120, CarrisMetropolitana 2141, CarrisMetropolitana 2805, CarrisMetropolitana 2905"
"110918",6.00166712975827,"CarrisMetropolitana 2103, CarrisMetropolitana 2120, CarrisMetropolitana 2806, CarrisMetropolitana 2911, CarrisMetropolitana 2913"
"110919",8.00166712975827,"CarrisMetropolitana 2120, CarrisMetropolitana 2121, CarrisMetropolitana 2806, CarrisMetropolitana 2911, CarrisMetropolitana 2913, CP IR"
"110920",34.7143867774022,"CarrisMetropolitana 2110, CarrisMetropolitana 2136, CarrisMetropolitana 2625, CarrisMetropolitana 2626, CarrisMetropolitana 2627, CarrisMetropolitana 2740, CarrisMetropolitana 2751, CarrisMetropolitana 2758, CarrisMetropolitana 2801, CarrisMetropolitana 2802, CarrisMetropolitana 2803, CarrisMetropolitana 2804, CarrisMetropolitana 2805, CarrisMetropolitana 2807, CarrisMetropolitana 1632, CarrisMetropolitana 1633, CP R, CP IR"
"110921",34.0477201107355,"CarrisMetropolitana 2104, CarrisMetropolitana 2136, CarrisMetropolitana 2146, CarrisMetropolitana 2502, CarrisMetropolitana 2505, CarrisMetropolitana 2627, CarrisMetropolitana 2740, CarrisMetropolitana 2751, CarrisMetropolitana 2758, CarrisMetropolitana 2801, CarrisMetropolitana 2802, CarrisMetropolitana 2803, CarrisMetropolitana 2804, CarrisMetropolitana 2805, CarrisMetropolitana 2806, CarrisMetropolitana 2807, CarrisMetropolitana 2911, CP R, CP IR"
"110922",39.3503439569446,"CarrisMetropolitana 2104, CarrisMetropolitana 2136, CarrisMetropolitana 2146, CarrisMetropolitana 2502, CarrisMetropolitana 2504, CarrisMetropolitana 2505, CarrisMetropolitana 2740, CarrisMetropolitana 2744, CarrisMetropolitana 2746, CarrisMetropolitana 2751, CarrisMetropolitana 2755, CarrisMetropolitana 2758, CarrisMetropolitana 2801, CarrisMetropolitana 2802, CarrisMetropolitana 2803, CarrisMetropolitana 2804, CarrisMetropolitana 2805, CarrisMetropolitana 2806, CarrisMetropolitana 2807, CarrisMetropolitana 2911, CarrisMetropolitana 1634, CP R, CP IR"
"111002",76.265989636686,"CarrisMetropolitana 1215, CarrisMetropolitana 1216, CarrisMetropolitana 1220, CarrisMetropolitana 1233, CarrisMetropolitana 1520, CarrisMetropolitana 1521, CarrisMetropolitana 1523, CarrisMetropolitana 1524, CarrisMetropolitana 1731, CarrisMetropolitana 1608, CarrisMetropolitana 1612, CarrisMetropolitana 1107, CarrisMetropolitana 1111, CarrisMetropolitana 1117, CarrisMetropolitana 1122, CarrisMetropolitana 1522, CarrisMetropolitana 1528, CarrisMetropolitana 1529, CarrisMetropolitana 1605, CarrisMetropolitana 1616, CarrisMetropolitana 1617, CarrisMetropolitana 1725, CarrisMetropolitana 1729, CarrisMetropolitana 1733, CarrisMetropolitana 1525, CarrisMetropolitana 1527, CarrisMetropolitana 1601, CarrisMetropolitana 1717"
"111009",59.560638391693,"CarrisMetropolitana 1216, CarrisMetropolitana 1220, CarrisMetropolitana 1233, CarrisMetropolitana 1520, CarrisMetropolitana 1521, CarrisMetropolitana 1523, CarrisMetropolitana 1524, CarrisMetropolitana 1731, CarrisMetropolitana 1608, CarrisMetropolitana 1612, CarrisMetropolitana 1115, CarrisMetropolitana 1117, CarrisMetropolitana 1122, CarrisMetropolitana 1123, CarrisMetropolitana 1125, CarrisMetropolitana 1529, CarrisMetropolitana 1605, CarrisMetropolitana 1616, CarrisMetropolitana 1617, CarrisMetropolitana 1733, CarrisMetropolitana 1601"
"111012",154.219532533135,"Carris 729, Carris 750, Carris 751, Carris 723, Carris 748, Carris 776, Carris 79B, Carris 15E, CarrisMetropolitana 1713, CarrisMetropolitana 1520, CarrisMetropolitana 1521, CarrisMetropolitana 1715, CarrisMetropolitana 1731, CarrisMetropolitana 1101, CarrisMetropolitana 1103, CarrisMetropolitana 1106, CarrisMetropolitana 1107, CarrisMetropolitana 1108, CarrisMetropolitana 1113, CarrisMetropolitana 1114, CarrisMetropolitana 1504, CarrisMetropolitana 1522, CarrisMetropolitana 1528, CarrisMetropolitana 1605, CarrisMetropolitana 1606, CarrisMetropolitana 1701, CarrisMetropolitana 1722, CarrisMetropolitana 1723, CarrisMetropolitana 1724, CarrisMetropolitana 1725, CarrisMetropolitana 1729, CarrisMetropolitana 1502, CarrisMetropolitana 1733, CarrisMetropolitana 1507, CarrisMetropolitana 3701, CarrisMetropolitana 1525, CarrisMetropolitana 1527, CarrisMetropolitana 1712, CP Linha de Cascais"
"111013",136.252036233006,"Carris 714, Carris 750, Carris 748, CarrisMetropolitana 1713, CarrisMetropolitana 1714, CarrisMetropolitana 1520, CarrisMetropolitana 1521, CarrisMetropolitana 1715, CarrisMetropolitana 1731, CarrisMetropolitana 1101, CarrisMetropolitana 1103, CarrisMetropolitana 1106, CarrisMetropolitana 1107, CarrisMetropolitana 1108, CarrisMetropolitana 1109, CarrisMetropolitana 1110, CarrisMetropolitana 1111, CarrisMetropolitana 1504, CarrisMetropolitana 1522, CarrisMetropolitana 1528, CarrisMetropolitana 1605, CarrisMetropolitana 1606, CarrisMetropolitana 1002, CarrisMetropolitana 1701, CarrisMetropolitana 1722, CarrisMetropolitana 1723, CarrisMetropolitana 1724, CarrisMetropolitana 1725, CarrisMetropolitana 1726, CarrisMetropolitana 1501, CarrisMetropolitana 1729, CarrisMetropolitana 1502, CarrisMetropolitana 1733, CarrisMetropolitana 1506, CarrisMetropolitana 1507, CarrisMetropolitana 1527, CarrisMetropolitana 1716, CarrisMetropolitana 1718, CarrisMetropolitana 1704, CarrisMetropolitana 1712"
"111014",107.541246318438,"CarrisMetropolitana 1521, CarrisMetropolitana 1523, CarrisMetropolitana 1604, CarrisMetropolitana 1607, CarrisMetropolitana 1608, CarrisMetropolitana 1612, CarrisMetropolitana 1613, CarrisMetropolitana 1614, CarrisMetropolitana 1615, CarrisMetropolitana 1638, CarrisMetropolitana 1106, CarrisMetropolitana 1115, CarrisMetropolitana 1117, CarrisMetropolitana 1120, CarrisMetropolitana 1121, CarrisMetropolitana 1122, CarrisMetropolitana 1123, CarrisMetropolitana 1124, CarrisMetropolitana 1125, CarrisMetropolitana 1529, CarrisMetropolitana 1605, CarrisMetropolitana 1606, CarrisMetropolitana 1616, CarrisMetropolitana 1617, CarrisMetropolitana 1725, CarrisMetropolitana 1729, CarrisMetropolitana 1733, CarrisMetropolitana 1507, CarrisMetropolitana 1525, CarrisMetropolitana 1527, CarrisMetropolitana 1601, CP Linha de Cascais, MobiCascais 36, MobiCascais 42, MobiCascais 33"
"111102",67.9943863365608,"CarrisMetropolitana 1236, CarrisMetropolitana 1614, CarrisMetropolitana 1615, CarrisMetropolitana 1205, CarrisMetropolitana 1206, CarrisMetropolitana 1208, CarrisMetropolitana 1210, CarrisMetropolitana 1223, CarrisMetropolitana 1232, CarrisMetropolitana 1234, CarrisMetropolitana 1235, CarrisMetropolitana 1241, CarrisMetropolitana 1251, CarrisMetropolitana 1625, CarrisMetropolitana 1627, CarrisMetropolitana 1628, CarrisMetropolitana 1631, CarrisMetropolitana 1255, CarrisMetropolitana 1512, CP R, CP IR, CP Linha da Azambuja, CP Linha de Sintra"
"111105",25.100294700263,"CarrisMetropolitana 1241, CarrisMetropolitana 1242, CarrisMetropolitana 1247, CarrisMetropolitana 1248, CarrisMetropolitana 1250, CarrisMetropolitana 1253, CarrisMetropolitana 1254, CarrisMetropolitana 1624"
"111108",95.8484068006344,"CarrisMetropolitana 1204, CarrisMetropolitana 1216, CarrisMetropolitana 1220, CarrisMetropolitana 1233, CarrisMetropolitana 1236, CarrisMetropolitana 1520, CarrisMetropolitana 1523, CarrisMetropolitana 1731, CarrisMetropolitana 1209, CarrisMetropolitana 1612, CarrisMetropolitana 1613, CarrisMetropolitana 1614, CarrisMetropolitana 1615, CarrisMetropolitana 1622, CarrisMetropolitana 1529, CarrisMetropolitana 1616, CarrisMetropolitana 1617, CarrisMetropolitana 1733, CarrisMetropolitana 1205, CarrisMetropolitana 1210, CarrisMetropolitana 1223, CarrisMetropolitana 1232, CarrisMetropolitana 1234, CarrisMetropolitana 1235, CarrisMetropolitana 1251, CarrisMetropolitana 1625, CarrisMetropolitana 1627, CarrisMetropolitana 1628, CarrisMetropolitana 1631, CP R, CP IR, CP Linha da Azambuja, CP Linha de Sintra"
"111115",76.8201616301904,"CarrisMetropolitana 1719, CarrisMetropolitana 1720, CarrisMetropolitana 2209, CarrisMetropolitana 2605, CarrisMetropolitana 2631, CarrisMetropolitana 2632, CarrisMetropolitana 2831, CarrisMetropolitana 1516, CarrisMetropolitana 1509, CarrisMetropolitana 1517, CarrisMetropolitana 1603, CarrisMetropolitana 1508, CarrisMetropolitana 1636, CarrisMetropolitana 1637, CarrisMetropolitana 1709, CarrisMetropolitana 1710, CarrisMetropolitana 1711"
"111122",105.137360787507,"CarrisMetropolitana 1211, CarrisMetropolitana 1213, CarrisMetropolitana 1215, CarrisMetropolitana 1217, CarrisMetropolitana 1218, CarrisMetropolitana 1219, CarrisMetropolitana 1220, CarrisMetropolitana 1221, CarrisMetropolitana 1222, CarrisMetropolitana 1233, CarrisMetropolitana 1236, CarrisMetropolitana 1520, CarrisMetropolitana 1521, CarrisMetropolitana 1523, CarrisMetropolitana 1715, CarrisMetropolitana 1731, CarrisMetropolitana 1209, CarrisMetropolitana 1612, CarrisMetropolitana 1613, CarrisMetropolitana 1622, CarrisMetropolitana 2605, CarrisMetropolitana 1212, CarrisMetropolitana 1228, CarrisMetropolitana 1229, CarrisMetropolitana 1718, CarrisMetropolitana 1721, CarrisMetropolitana 1223, CarrisMetropolitana 1234, CarrisMetropolitana 1512, CP R, CP IR, CP Linha da Azambuja, CP Linha de Sintra"
"111123",40.3665463650366,"CarrisMetropolitana 2626, CarrisMetropolitana 2627, CarrisMetropolitana 2785, CarrisMetropolitana 1224, CarrisMetropolitana 1208, CarrisMetropolitana 1235, CarrisMetropolitana 1603, CarrisMetropolitana 1240, CarrisMetropolitana 1255, CarrisMetropolitana 1508, CarrisMetropolitana 1512, CarrisMetropolitana 1634, CarrisMetropolitana 1635, CarrisMetropolitana 1636, CarrisMetropolitana 1637, CP R, CP IR"
"111124",73.9553231092974,"CarrisMetropolitana 1213, CarrisMetropolitana 1215, CarrisMetropolitana 1216, CarrisMetropolitana 1220, CarrisMetropolitana 1222, CarrisMetropolitana 1233, CarrisMetropolitana 1236, CarrisMetropolitana 1520, CarrisMetropolitana 1521, CarrisMetropolitana 1523, CarrisMetropolitana 1524, CarrisMetropolitana 1731, CarrisMetropolitana 1209, CarrisMetropolitana 1612, CarrisMetropolitana 1613, CarrisMetropolitana 1615, CarrisMetropolitana 1622, CarrisMetropolitana 1529, CarrisMetropolitana 1616, CarrisMetropolitana 1617, CarrisMetropolitana 1733, CarrisMetropolitana 1223, CP R, CP IR, CP Linha da Azambuja, CP Linha de Sintra"
"111125",90.6591043216794,"CarrisMetropolitana 1720, CarrisMetropolitana 1216, CarrisMetropolitana 1236, CarrisMetropolitana 1524, CarrisMetropolitana 1715, CarrisMetropolitana 1522, CarrisMetropolitana 1528, CarrisMetropolitana 1224, CarrisMetropolitana 1226, CarrisMetropolitana 1228, CarrisMetropolitana 1229, CarrisMetropolitana 1230, CarrisMetropolitana 1511, CarrisMetropolitana 1513, CarrisMetropolitana 1516, CarrisMetropolitana 1518, CarrisMetropolitana 1525, CarrisMetropolitana 1527, CarrisMetropolitana 1601, CarrisMetropolitana 1716, CarrisMetropolitana 1717, CarrisMetropolitana 1721, CarrisMetropolitana 1512, CP R, CP IR, CP Linha da Azambuja, CP Linha de Sintra"
"111126",145.496864880267,"CarrisMetropolitana 1720, CarrisMetropolitana 1211, CarrisMetropolitana 1217, CarrisMetropolitana 1236, CarrisMetropolitana 1715, CarrisMetropolitana 1009, CarrisMetropolitana 2605, CarrisMetropolitana 1014, CarrisMetropolitana 1522, CarrisMetropolitana 1528, CarrisMetropolitana 1212, CarrisMetropolitana 1224, CarrisMetropolitana 1226, CarrisMetropolitana 1228, CarrisMetropolitana 1229, CarrisMetropolitana 1230, CarrisMetropolitana 1511, CarrisMetropolitana 1513, CarrisMetropolitana 1516, CarrisMetropolitana 1518, CarrisMetropolitana 1519, CarrisMetropolitana 1527, CarrisMetropolitana 1601, CarrisMetropolitana 1509, CarrisMetropolitana 1716, CarrisMetropolitana 1717, CarrisMetropolitana 1718, CarrisMetropolitana 1721, CarrisMetropolitana 1510, CarrisMetropolitana 1234, CarrisMetropolitana 1235, CarrisMetropolitana 1514, CarrisMetropolitana 1603, CarrisMetropolitana 1508, CarrisMetropolitana 1512, CarrisMetropolitana 1636, CarrisMetropolitana 1637, CP R, CP IR, CP Linha da Azambuja, CP Linha de Sintra"
"111127",31.8030550091824,"CarrisMetropolitana 2625, CarrisMetropolitana 2626, CarrisMetropolitana 1201, CarrisMetropolitana 1242, CarrisMetropolitana 1245, CarrisMetropolitana 1247, CarrisMetropolitana 1248, CarrisMetropolitana 1249, CarrisMetropolitana 1254, CarrisMetropolitana 1632, CarrisMetropolitana 1633, CarrisMetropolitana 1240, CarrisMetropolitana 1255"
"111128",124.108728144765,"CarrisMetropolitana 1236, CarrisMetropolitana 1209, CarrisMetropolitana 1613, CarrisMetropolitana 1614, CarrisMetropolitana 1615, CarrisMetropolitana 1622, CarrisMetropolitana 2626, CarrisMetropolitana 1206, CarrisMetropolitana 1208, CarrisMetropolitana 1223, CarrisMetropolitana 1232, CarrisMetropolitana 1234, CarrisMetropolitana 1241, CarrisMetropolitana 1242, CarrisMetropolitana 1245, CarrisMetropolitana 1247, CarrisMetropolitana 1248, CarrisMetropolitana 1249, CarrisMetropolitana 1250, CarrisMetropolitana 1251, CarrisMetropolitana 1252, CarrisMetropolitana 1253, CarrisMetropolitana 1254, CarrisMetropolitana 1621, CarrisMetropolitana 1623, CarrisMetropolitana 1624, CarrisMetropolitana 1625, CarrisMetropolitana 1626, CarrisMetropolitana 1627, CarrisMetropolitana 1628, CarrisMetropolitana 1629, CarrisMetropolitana 1630, CarrisMetropolitana 1631, CarrisMetropolitana 1632, CarrisMetropolitana 1633, CarrisMetropolitana 1240, CarrisMetropolitana 1255, CP Linha da Azambuja, CP Linha de Sintra, MobiCascais 20, MobiCascais 17, MobiCascais 18"
"111408",73.7241945690806,"CarrisMetropolitana 2035, CarrisMetropolitana 2317, CarrisMetropolitana 2325, CarrisMetropolitana 2327, CarrisMetropolitana 2532, CarrisMetropolitana 2533, CarrisMetropolitana 2534, CarrisMetropolitana 2535, CarrisMetropolitana 2536, CarrisMetropolitana 2537, CarrisMetropolitana 2540, CarrisMetropolitana 2651, CarrisMetropolitana 2792, CarrisMetropolitana 2797, CarrisMetropolitana 2841, CarrisMetropolitana 2842"
"111409",81.2963039760391,"CarrisMetropolitana 2306, CarrisMetropolitana 2307, CarrisMetropolitana 2309, CarrisMetropolitana 2310, CarrisMetropolitana 2315, CarrisMetropolitana 2328, CarrisMetropolitana 2331, CarrisMetropolitana 2333, CarrisMetropolitana 2337, CarrisMetropolitana 2535, CarrisMetropolitana 2842, CarrisMetropolitana 2921, CarrisMetropolitana 2926, CarrisMetropolitana 2927, CarrisMetropolitana 2928, CP R, CP IC, CP IR, CP AP, CP Linha da Azambuja"
"111412",61.1819109119028,"CarrisMetropolitana 2008, CarrisMetropolitana 2306, CarrisMetropolitana 2307, CarrisMetropolitana 2308, CarrisMetropolitana 2309, CarrisMetropolitana 2328, CarrisMetropolitana 2329, CarrisMetropolitana 2535, CarrisMetropolitana 2842, CarrisMetropolitana 2921, CarrisMetropolitana 2926, CarrisMetropolitana 2927, CP R, CP IC, CP IR, CP AP, CP Linha da Azambuja"
"111413",104.802922844723,"CarrisMetropolitana 2301, CarrisMetropolitana 2303, CarrisMetropolitana 2306, CarrisMetropolitana 2307, CarrisMetropolitana 2328, CarrisMetropolitana 2329, CarrisMetropolitana 2530, CarrisMetropolitana 2532, CarrisMetropolitana 2533, CarrisMetropolitana 2535, CarrisMetropolitana 2651, CarrisMetropolitana 2790, CarrisMetropolitana 2792, CarrisMetropolitana 2841, CarrisMetropolitana 2842, CP R, CP IC, CP IR, CP AP, CP Linha da Azambuja"
"111414",35.3475043580927,"CarrisMetropolitana 2310, CarrisMetropolitana 2315, CarrisMetropolitana 2926, CarrisMetropolitana 2927, CarrisMetropolitana 2928, CP R, CP IC, CP IR, CP AP, CP Linha da Azambuja"
"111415",115.47929968062,"CarrisMetropolitana 2317, CarrisMetropolitana 2318, CarrisMetropolitana 2325, CarrisMetropolitana 2327, CarrisMetropolitana 2328, CarrisMetropolitana 2335, CarrisMetropolitana 2336, CarrisMetropolitana 2532, CarrisMetropolitana 2536, CarrisMetropolitana 2537, CarrisMetropolitana 2539, CarrisMetropolitana 2540, CarrisMetropolitana 2652, CarrisMetropolitana 2790, CarrisMetropolitana 2792, CarrisMetropolitana 2793, CarrisMetropolitana 2794, CarrisMetropolitana 2841, CarrisMetropolitana 2842, CP R, CP IC, CP IR, CP AP, CP Linha da Azambuja"
"111512",96.7184957513494,"Carris 714, Carris 750, Carris 799, Carris 748, Carris 754, CarrisMetropolitana 1001, CarrisMetropolitana 1713, CarrisMetropolitana 1714, CarrisMetropolitana 1715, CarrisMetropolitana 1504, CarrisMetropolitana 1002, CarrisMetropolitana 1701, CarrisMetropolitana 1726, CarrisMetropolitana 1501, CarrisMetropolitana 1502, CarrisMetropolitana 1506, CarrisMetropolitana 1507, CarrisMetropolitana 1716, CarrisMetropolitana 1718, CarrisMetropolitana 1514, CarrisMetropolitana 1704, CarrisMetropolitana 1712"
"111513",133.810310470815,"Carris 711, Carris 750, Carris 746, Carris 767, Carris 799, Carris 764, Carris 754, Carris 72B, CarrisMetropolitana 1001, CarrisMetropolitana 1713, CarrisMetropolitana 1714, CarrisMetropolitana 1715, CarrisMetropolitana 1013, CarrisMetropolitana 2601, CarrisMetropolitana 1014, CarrisMetropolitana 1015, CarrisMetropolitana 1002, CarrisMetropolitana 1701, CarrisMetropolitana 1501, CarrisMetropolitana 1502, CarrisMetropolitana 1506, CarrisMetropolitana 1507, CarrisMetropolitana 1716, CarrisMetropolitana 1718, CarrisMetropolitana 1510, CarrisMetropolitana 1514, CarrisMetropolitana 1704, CarrisMetropolitana 1712, CP R, CP IR, CP Linha da Azambuja, CP Linha de Sintra"
"111514",115.002020533229,"Carris 726, Carris 724, CarrisMetropolitana 1005, CarrisMetropolitana 1719, CarrisMetropolitana 1010, CarrisMetropolitana 1011, CarrisMetropolitana 1012, CarrisMetropolitana 2601, CarrisMetropolitana 2610, CarrisMetropolitana 2611, CarrisMetropolitana 2831, CarrisMetropolitana 1514, CarrisMetropolitana 1703, CarrisMetropolitana 1706, CarrisMetropolitana 1707, CarrisMetropolitana 1709, CarrisMetropolitana 1710, CarrisMetropolitana 1711, MetroLisboa Az"
"111515",176.592323355591,"Carris 711, Carris 746, Carris 765, Carris 767, Carris 758, CarrisMetropolitana 1005, CarrisMetropolitana 1713, CarrisMetropolitana 1720, CarrisMetropolitana 1008, CarrisMetropolitana 1010, CarrisMetropolitana 1011, CarrisMetropolitana 1012, CarrisMetropolitana 2601, CarrisMetropolitana 1002, CarrisMetropolitana 1701, CarrisMetropolitana 1507, CarrisMetropolitana 1518, CarrisMetropolitana 1601, CarrisMetropolitana 1003, CarrisMetropolitana 1717, CarrisMetropolitana 1721, CarrisMetropolitana 1510, CarrisMetropolitana 1514, CarrisMetropolitana 1517, CarrisMetropolitana 1508, CarrisMetropolitana 1703, CarrisMetropolitana 1706, CarrisMetropolitana 1707, CarrisMetropolitana 1712, CP R, CP IR, CP Linha da Azambuja, CP Linha de Sintra, MetroLisboa Az"
"111516",110.304396806733,"CarrisMetropolitana 1005, CarrisMetropolitana 1719, CarrisMetropolitana 1720, CarrisMetropolitana 1009, CarrisMetropolitana 1010, CarrisMetropolitana 2605, CarrisMetropolitana 1014, CarrisMetropolitana 1516, CarrisMetropolitana 1518, CarrisMetropolitana 1519, CarrisMetropolitana 1601, CarrisMetropolitana 1003, CarrisMetropolitana 1509, CarrisMetropolitana 1717, CarrisMetropolitana 1721, CarrisMetropolitana 1514, CarrisMetropolitana 1517, CarrisMetropolitana 1603, CarrisMetropolitana 1508, CarrisMetropolitana 1004, CarrisMetropolitana 1703, CarrisMetropolitana 1706, CarrisMetropolitana 1707, CarrisMetropolitana 1709, CarrisMetropolitana 1710, CarrisMetropolitana 1711, CarrisMetropolitana 1712, CP Linha da Azambuja, CP Linha de Sintra"
"111517",125.793796000063,"CarrisMetropolitana 1714, CarrisMetropolitana 1720, CarrisMetropolitana 1715, CarrisMetropolitana 1009, CarrisMetropolitana 1013, CarrisMetropolitana 2601, CarrisMetropolitana 1014, CarrisMetropolitana 1522, CarrisMetropolitana 1015, CarrisMetropolitana 1002, CarrisMetropolitana 1501, CarrisMetropolitana 1502, CarrisMetropolitana 1506, CarrisMetropolitana 1230, CarrisMetropolitana 1511, CarrisMetropolitana 1513, CarrisMetropolitana 1507, CarrisMetropolitana 1518, CarrisMetropolitana 1519, CarrisMetropolitana 1527, CarrisMetropolitana 1601, CarrisMetropolitana 1509, CarrisMetropolitana 1716, CarrisMetropolitana 1717, CarrisMetropolitana 1718, CarrisMetropolitana 1721, CarrisMetropolitana 1510, CarrisMetropolitana 1514, CarrisMetropolitana 1603, CarrisMetropolitana 1508, CarrisMetropolitana 1512, CarrisMetropolitana 1004, CarrisMetropolitana 1704, CarrisMetropolitana 1712, CP R, CP IR, CP Linha da Azambuja, CP Linha de Sintra"
"111603",314.714069800768,"Carris 736, CarrisMetropolitana 2202, CarrisMetropolitana 2203, CarrisMetropolitana 2206, CarrisMetropolitana 2207, CarrisMetropolitana 2209, CarrisMetropolitana 2212, CarrisMetropolitana 2215, CarrisMetropolitana 2217, CarrisMetropolitana 2218, CarrisMetropolitana 2219, CarrisMetropolitana 2220, CarrisMetropolitana 2222, CarrisMetropolitana 2223, CarrisMetropolitana 2224, CarrisMetropolitana 2225, CarrisMetropolitana 2511, CarrisMetropolitana 2515, CarrisMetropolitana 2518, CarrisMetropolitana 2522, CarrisMetropolitana 2524, CarrisMetropolitana 2525, CarrisMetropolitana 2601, CarrisMetropolitana 2610, CarrisMetropolitana 2611, CarrisMetropolitana 2631, CarrisMetropolitana 2632, CarrisMetropolitana 2650, CarrisMetropolitana 2653, CarrisMetropolitana 2715, CarrisMetropolitana 2716, CarrisMetropolitana 2717, CarrisMetropolitana 2750, CarrisMetropolitana 2751, CarrisMetropolitana 2753, CarrisMetropolitana 2754, CarrisMetropolitana 2755, CarrisMetropolitana 2758, CarrisMetropolitana 2761, CarrisMetropolitana 2764, CarrisMetropolitana 2765, CarrisMetropolitana 2769, CarrisMetropolitana 2770, CarrisMetropolitana 2772, CarrisMetropolitana 2774, CarrisMetropolitana 2776, CarrisMetropolitana 2780, CarrisMetropolitana 2781, CarrisMetropolitana 2785, CarrisMetropolitana 2811, CarrisMetropolitana 2812, CarrisMetropolitana 2821, CarrisMetropolitana 2824, CarrisMetropolitana 2850, MetroLisboa Am"
"111608",227.527916306186,"Carris 729, Carris 768, Carris 726, Carris 747, Carris 724, Carris 55B, Carris 763, CarrisMetropolitana 1719, CarrisMetropolitana 2202, CarrisMetropolitana 2203, CarrisMetropolitana 2206, CarrisMetropolitana 2209, CarrisMetropolitana 2212, CarrisMetropolitana 2223, CarrisMetropolitana 2224, CarrisMetropolitana 2601, CarrisMetropolitana 2610, CarrisMetropolitana 2611, CarrisMetropolitana 2631, CarrisMetropolitana 2632, CarrisMetropolitana 2780, CarrisMetropolitana 2781, CarrisMetropolitana 2811, CarrisMetropolitana 2814, CarrisMetropolitana 2821, CarrisMetropolitana 2824, CarrisMetropolitana 2831, CarrisMetropolitana 2850, CarrisMetropolitana 1703, CarrisMetropolitana 1706, CarrisMetropolitana 1709, CarrisMetropolitana 1710, CarrisMetropolitana 1711, MetroLisboa Az"
"111609",280.041609111449,"Carris 736, CarrisMetropolitana 2014, CarrisMetropolitana 2020, CarrisMetropolitana 2024, CarrisMetropolitana 2202, CarrisMetropolitana 2206, CarrisMetropolitana 2209, CarrisMetropolitana 2219, CarrisMetropolitana 2220, CarrisMetropolitana 2223, CarrisMetropolitana 2515, CarrisMetropolitana 2518, CarrisMetropolitana 2522, CarrisMetropolitana 2525, CarrisMetropolitana 2601, CarrisMetropolitana 2650, CarrisMetropolitana 2651, CarrisMetropolitana 2653, CarrisMetropolitana 2706, CarrisMetropolitana 2715, CarrisMetropolitana 2716, CarrisMetropolitana 2717, CarrisMetropolitana 2718, CarrisMetropolitana 2719, CarrisMetropolitana 2720, CarrisMetropolitana 2723, CarrisMetropolitana 2740, CarrisMetropolitana 2744, CarrisMetropolitana 2746, CarrisMetropolitana 2750, CarrisMetropolitana 2751, CarrisMetropolitana 2753, CarrisMetropolitana 2754, CarrisMetropolitana 2755, CarrisMetropolitana 2758, CarrisMetropolitana 2759, CarrisMetropolitana 2761, CarrisMetropolitana 2762, CarrisMetropolitana 2764, CarrisMetropolitana 2765, CarrisMetropolitana 2769, CarrisMetropolitana 2770, CarrisMetropolitana 2772, CarrisMetropolitana 2774, CarrisMetropolitana 2776, CarrisMetropolitana 2780, CarrisMetropolitana 2785, CarrisMetropolitana 2797, CarrisMetropolitana 2801, CarrisMetropolitana 2802, CarrisMetropolitana 2803, CarrisMetropolitana 2804, CarrisMetropolitana 2805, CarrisMetropolitana 2806, CarrisMetropolitana 2807, CarrisMetropolitana 2812, CarrisMetropolitana 2821, CarrisMetropolitana 2824, CarrisMetropolitana 2850, MetroLisboa Am"
"111610",191.860616173043,"CarrisMetropolitana 2206, CarrisMetropolitana 2207, CarrisMetropolitana 2208, CarrisMetropolitana 2209, CarrisMetropolitana 2215, CarrisMetropolitana 2217, CarrisMetropolitana 2222, CarrisMetropolitana 2223, CarrisMetropolitana 2225, CarrisMetropolitana 2511, CarrisMetropolitana 2513, CarrisMetropolitana 2515, CarrisMetropolitana 2522, CarrisMetropolitana 2524, CarrisMetropolitana 2605, CarrisMetropolitana 2611, CarrisMetropolitana 2631, CarrisMetropolitana 2632, CarrisMetropolitana 2653, CarrisMetropolitana 2715, CarrisMetropolitana 2716, CarrisMetropolitana 2717, CarrisMetropolitana 2761, CarrisMetropolitana 2781, CarrisMetropolitana 2811, CarrisMetropolitana 2812, CarrisMetropolitana 2814, CarrisMetropolitana 2831, CarrisMetropolitana 1603, CarrisMetropolitana 1635, CarrisMetropolitana 1636, CarrisMetropolitana 1637, CarrisMetropolitana 1709, CarrisMetropolitana 1710, CarrisMetropolitana 1711"
"150201",78.8266270041756,"CarrisMetropolitana 4001, CarrisMetropolitana 4002, CarrisMetropolitana 4205, CarrisMetropolitana 4501, CarrisMetropolitana 4504, CarrisMetropolitana 4512, CarrisMetropolitana 4514, CarrisMetropolitana 4515, CarrisMetropolitana 4516, CarrisMetropolitana 4600, CarrisMetropolitana 4701, CarrisMetropolitana 4702, CarrisMetropolitana 4704, CarrisMetropolitana 4705, CarrisMetropolitana 4706, CarrisMetropolitana 4707, CarrisMetropolitana 4710, CarrisMetropolitana 4720, CarrisMetropolitana 4741"
"150202",111.495413095004,"CarrisMetropolitana 4501, CarrisMetropolitana 4600, CarrisMetropolitana 4701, CarrisMetropolitana 4702, CarrisMetropolitana 4704, CarrisMetropolitana 4705, CarrisMetropolitana 4706, CarrisMetropolitana 4707, CarrisMetropolitana 4710, CarrisMetropolitana 4720, CarrisMetropolitana 4741"
"150203",68.3139027167826,"CarrisMetropolitana 4002, CarrisMetropolitana 4501, CarrisMetropolitana 4512, CarrisMetropolitana 4600, CarrisMetropolitana 4701, CarrisMetropolitana 4702, CarrisMetropolitana 4704, CarrisMetropolitana 4705, CarrisMetropolitana 4706, CarrisMetropolitana 4707, CarrisMetropolitana 4710, CarrisMetropolitana 4720, CarrisMetropolitana 4741"
"150303",57.2263074224363,"CarrisMetropolitana 2650, CarrisMetropolitana 2651, CarrisMetropolitana 2652, CarrisMetropolitana 2653, CarrisMetropolitana 2850, CarrisMetropolitana 3011, CarrisMetropolitana 3012, CarrisMetropolitana 3021, CarrisMetropolitana 3022, CarrisMetropolitana 3023, CarrisMetropolitana 3024, CarrisMetropolitana 3025, CarrisMetropolitana 3030, CarrisMetropolitana 3039, CarrisMetropolitana 3519, CarrisMetropolitana 3520, CarrisMetropolitana 3521, CarrisMetropolitana 3522, CarrisMetropolitana 3523, CarrisMetropolitana 3709, CarrisMetropolitana 3710"
"150312",287.180136250892,"Carris 753, CarrisMetropolitana 2650, CarrisMetropolitana 2651, CarrisMetropolitana 2652, CarrisMetropolitana 2653, CarrisMetropolitana 2850, CarrisMetropolitana 3001, CarrisMetropolitana 3003, CarrisMetropolitana 3005, CarrisMetropolitana 3007, CarrisMetropolitana 3009, CarrisMetropolitana 3011, CarrisMetropolitana 3012, CarrisMetropolitana 3013, CarrisMetropolitana 3017, CarrisMetropolitana 3022, CarrisMetropolitana 3024, CarrisMetropolitana 3025, CarrisMetropolitana 3026, CarrisMetropolitana 3027, CarrisMetropolitana 3040, CarrisMetropolitana 3041, CarrisMetropolitana 3504, CarrisMetropolitana 3505, CarrisMetropolitana 3506, CarrisMetropolitana 3507, CarrisMetropolitana 3508, CarrisMetropolitana 3512, CarrisMetropolitana 3513, CarrisMetropolitana 3514, CarrisMetropolitana 3524, CarrisMetropolitana 3525, CarrisMetropolitana 3535, CarrisMetropolitana 3536, CarrisMetropolitana 3601, CarrisMetropolitana 3605, CarrisMetropolitana 3701, CarrisMetropolitana 3702, CarrisMetropolitana 3703, CarrisMetropolitana 3704, CarrisMetropolitana 3705, CarrisMetropolitana 3709, CarrisMetropolitana 3710, CarrisMetropolitana 3711, CarrisMetropolitana 3715, CarrisMetropolitana 3716, CarrisMetropolitana 3717, CarrisMetropolitana 3721, CarrisMetropolitana 4725, CarrisMetropolitana 4730, CP IC, Fertagus, MTS 1, MTS 2, MTS 3, TTSL"
"150313",156.230778269646,"CarrisMetropolitana 2650, CarrisMetropolitana 2651, CarrisMetropolitana 2652, CarrisMetropolitana 2653, CarrisMetropolitana 2850, CarrisMetropolitana 3007, CarrisMetropolitana 3008, CarrisMetropolitana 3009, CarrisMetropolitana 3011, CarrisMetropolitana 3012, CarrisMetropolitana 3017, CarrisMetropolitana 3019, CarrisMetropolitana 3021, CarrisMetropolitana 3022, CarrisMetropolitana 3023, CarrisMetropolitana 3024, CarrisMetropolitana 3025, CarrisMetropolitana 3027, CarrisMetropolitana 3030, CarrisMetropolitana 3033, CarrisMetropolitana 3034, CarrisMetropolitana 3038, CarrisMetropolitana 3039, CarrisMetropolitana 3041, CarrisMetropolitana 3043, CarrisMetropolitana 3504, CarrisMetropolitana 3507, CarrisMetropolitana 3515, CarrisMetropolitana 3519, CarrisMetropolitana 3520, CarrisMetropolitana 3524, CarrisMetropolitana 3527, CarrisMetropolitana 3601, CarrisMetropolitana 3704, CarrisMetropolitana 3705, CarrisMetropolitana 3709, CarrisMetropolitana 3710, CarrisMetropolitana 3711, CarrisMetropolitana 3716, Fertagus, MTS 3, TTSL"
"150314",135.395336998913,"CarrisMetropolitana 2650, CarrisMetropolitana 3004, CarrisMetropolitana 3008, CarrisMetropolitana 3011, CarrisMetropolitana 3012, CarrisMetropolitana 3017, CarrisMetropolitana 3019, CarrisMetropolitana 3022, CarrisMetropolitana 3023, CarrisMetropolitana 3024, CarrisMetropolitana 3025, CarrisMetropolitana 3027, CarrisMetropolitana 3030, CarrisMetropolitana 3034, CarrisMetropolitana 3040, CarrisMetropolitana 3041, CarrisMetropolitana 3042, CarrisMetropolitana 3043, CarrisMetropolitana 3116, CarrisMetropolitana 3118, CarrisMetropolitana 3503, CarrisMetropolitana 3504, CarrisMetropolitana 3507, CarrisMetropolitana 3515, CarrisMetropolitana 3516, CarrisMetropolitana 3519, CarrisMetropolitana 3520, CarrisMetropolitana 3521, CarrisMetropolitana 3522, CarrisMetropolitana 3523, CarrisMetropolitana 3524, CarrisMetropolitana 3526, CarrisMetropolitana 3527, CarrisMetropolitana 3601, CarrisMetropolitana 3704, CarrisMetropolitana 3705, CarrisMetropolitana 3709, CarrisMetropolitana 3710, CarrisMetropolitana 3716, Fertagus"
"150315",211.597656368684,"Carris 753, CarrisMetropolitana 2650, CarrisMetropolitana 3003, CarrisMetropolitana 3004, CarrisMetropolitana 3011, CarrisMetropolitana 3013, CarrisMetropolitana 3017, CarrisMetropolitana 3023, CarrisMetropolitana 3024, CarrisMetropolitana 3040, CarrisMetropolitana 3041, CarrisMetropolitana 3503, CarrisMetropolitana 3504, CarrisMetropolitana 3505, CarrisMetropolitana 3506, CarrisMetropolitana 3508, CarrisMetropolitana 3512, CarrisMetropolitana 3513, CarrisMetropolitana 3514, CarrisMetropolitana 3515, CarrisMetropolitana 3516, CarrisMetropolitana 3517, CarrisMetropolitana 3519, CarrisMetropolitana 3520, CarrisMetropolitana 3525, CarrisMetropolitana 3526, CarrisMetropolitana 3527, CarrisMetropolitana 3535, CarrisMetropolitana 3536, CarrisMetropolitana 3605, CarrisMetropolitana 3701, CarrisMetropolitana 3702, CarrisMetropolitana 3703, CarrisMetropolitana 3704, CarrisMetropolitana 3705, CarrisMetropolitana 3709, CarrisMetropolitana 3710, CarrisMetropolitana 3715, CarrisMetropolitana 3716, CarrisMetropolitana 3717, CarrisMetropolitana 3721, CarrisMetropolitana 4725, CarrisMetropolitana 4730, CP IC, Fertagus, MTS 1, MTS 2"
"150407",34.1077203765864,"CarrisMetropolitana 3615, CarrisMetropolitana 3650, CarrisMetropolitana 4610, CarrisMetropolitana 4611, CarrisMetropolitana 4612, CarrisMetropolitana 4621, CarrisMetropolitana 4643, TCB 3, TCB 18, TCB 4, TCB 16, TCB 9"
"150409",114.429819016333,"CarrisMetropolitana 3601, CarrisMetropolitana 3615, CarrisMetropolitana 3625, CarrisMetropolitana 4600, CarrisMetropolitana 4602, CarrisMetropolitana 4604, CarrisMetropolitana 4610, CarrisMetropolitana 4620, CP IC, CP Linha do Sado, TCB 1, TCB 3, TCB 18, TCB 7, TCB 2, TCB 6, TCB 4, TCB 8, TCB 14, TCB 15, TCB 10, TCB 16, TCB 9, TTSL"
"150410",107.627576770912,"CarrisMetropolitana 3601, CarrisMetropolitana 3615, CarrisMetropolitana 3625, CarrisMetropolitana 3650, CarrisMetropolitana 4600, CarrisMetropolitana 4602, CarrisMetropolitana 4604, CarrisMetropolitana 4610, CarrisMetropolitana 4620, CP IC, CP Linha do Sado, CP AP, TCB 1, TCB 3, TCB 18, TCB 7, TCB 2, TCB 6, TCB 8, TCB 14, TCB 15, TCB 10, TCB 9, TTSL"
"150411",60.9359535681307,"CarrisMetropolitana 3106, CarrisMetropolitana 3540, CarrisMetropolitana 3541, CarrisMetropolitana 3542, CarrisMetropolitana 3543, CarrisMetropolitana 3544, CarrisMetropolitana 3601, CarrisMetropolitana 3605, CarrisMetropolitana 3615, CarrisMetropolitana 3620, CarrisMetropolitana 3625, CarrisMetropolitana 3626, CarrisMetropolitana 3635, CarrisMetropolitana 3650, CarrisMetropolitana 4610, CarrisMetropolitana 4612, CarrisMetropolitana 4620, CarrisMetropolitana 4621, CarrisMetropolitana 4632, CarrisMetropolitana 4643, CarrisMetropolitana 4725, CarrisMetropolitana 4730, Fertagus, TCB 6, TCB 10, TCB 16, TCB 9"
"150601",43.9649131873317,"CarrisMetropolitana 3650, CarrisMetropolitana 4106, CarrisMetropolitana 4600, CarrisMetropolitana 4602, CarrisMetropolitana 4604, CarrisMetropolitana 4611, CarrisMetropolitana 4620, CarrisMetropolitana 4621, CarrisMetropolitana 4643, CarrisMetropolitana 4701, CarrisMetropolitana 4741, CP IC, CP Linha do Sado, TCB 1, TCB 18, TCB 2"
"150603",41.8257492498426,"CarrisMetropolitana 3650, CarrisMetropolitana 4102, CarrisMetropolitana 4103, CarrisMetropolitana 4104, CarrisMetropolitana 4105, CarrisMetropolitana 4531, CarrisMetropolitana 4532, CarrisMetropolitana 4600, CarrisMetropolitana 4604, CarrisMetropolitana 4611, CarrisMetropolitana 4620, CarrisMetropolitana 4621, CarrisMetropolitana 4643, CarrisMetropolitana 4701, CarrisMetropolitana 4741, CP IC, CP Linha do Sado, CP AP"
"150607",76.764046634901,"CarrisMetropolitana 3615, CarrisMetropolitana 3650, CarrisMetropolitana 4106, CarrisMetropolitana 4600, CarrisMetropolitana 4602, CarrisMetropolitana 4604, CarrisMetropolitana 4620, CarrisMetropolitana 4701, CarrisMetropolitana 4741, CP IC, CP Linha do Sado, TCB 1, TCB 3, TCB 18, TCB 2, TCB 4, TCB 8, TCB 14, TCB 15, TCB 10"
"150608",6.04250637305688,"CarrisMetropolitana 4102, CarrisMetropolitana 4103, CP AP"
"150701",4.00111141983884,"CarrisMetropolitana 4514, CarrisMetropolitana 4905, CarrisMetropolitana 4906"
"150704",18.8689611994826,"CarrisMetropolitana 4600, CarrisMetropolitana 4643, CarrisMetropolitana 4701, CarrisMetropolitana 4741, CP AP"
"150709",39.2369869426445,"CarrisMetropolitana 4204, CarrisMetropolitana 4205, CarrisMetropolitana 4504, CarrisMetropolitana 4512, CarrisMetropolitana 4514, CarrisMetropolitana 4515, CarrisMetropolitana 4516, CarrisMetropolitana 4600, CarrisMetropolitana 4643, CarrisMetropolitana 4701, CarrisMetropolitana 4704, CarrisMetropolitana 4741"
"150710",89.5810340009865,"CarrisMetropolitana 4203, CarrisMetropolitana 4204, CarrisMetropolitana 4205, CarrisMetropolitana 4207, CarrisMetropolitana 4501, CarrisMetropolitana 4504, CarrisMetropolitana 4512, CarrisMetropolitana 4514, CarrisMetropolitana 4515, CarrisMetropolitana 4516, CarrisMetropolitana 4600, CarrisMetropolitana 4643, CarrisMetropolitana 4701, CarrisMetropolitana 4702, CarrisMetropolitana 4704, CarrisMetropolitana 4705, CarrisMetropolitana 4706, CarrisMetropolitana 4707, CarrisMetropolitana 4710, CarrisMetropolitana 4720, CarrisMetropolitana 4741, CP AP, TTSL"
"150711",11.5286712023981,"CarrisMetropolitana 4514, CarrisMetropolitana 4515, CarrisMetropolitana 4521, CarrisMetropolitana 4524, CarrisMetropolitana 4905, CarrisMetropolitana 4906, CP IC"
"150802",76.6758744223243,"CarrisMetropolitana 4303, CarrisMetropolitana 4304, CarrisMetropolitana 4305, CarrisMetropolitana 4308, CarrisMetropolitana 4321, CarrisMetropolitana 4322, CarrisMetropolitana 4435, CarrisMetropolitana 4512, CarrisMetropolitana 4521, CarrisMetropolitana 4524, CarrisMetropolitana 4531, CarrisMetropolitana 4540, CarrisMetropolitana 4542, CarrisMetropolitana 4543, CarrisMetropolitana 4546, CarrisMetropolitana 4548, CarrisMetropolitana 4549, CarrisMetropolitana 4551, CarrisMetropolitana 4562, CarrisMetropolitana 4612, CarrisMetropolitana 4710, CarrisMetropolitana 4720, CarrisMetropolitana 4725, CarrisMetropolitana 4906, CP IC, CP Linha do Sado, CP AP, Fertagus"
"150803",52.5947150695865,"CarrisMetropolitana 4308, CarrisMetropolitana 4320, CarrisMetropolitana 4321, CarrisMetropolitana 4322, CarrisMetropolitana 4512, CarrisMetropolitana 4516, CarrisMetropolitana 4521, CarrisMetropolitana 4531, CarrisMetropolitana 4532, CarrisMetropolitana 4710, CarrisMetropolitana 4720, CP IC, CP Linha do Sado, CP AP, Fertagus"
"150804",32.187484606918,"CarrisMetropolitana 4304, CarrisMetropolitana 4313, CarrisMetropolitana 4321, CarrisMetropolitana 4531, CarrisMetropolitana 4560, CarrisMetropolitana 4562, CarrisMetropolitana 4610, CarrisMetropolitana 4611, CarrisMetropolitana 4612, CarrisMetropolitana 4632, CarrisMetropolitana 4643, CarrisMetropolitana 4725, Fertagus"
"150806",19.7403089380264,"CarrisMetropolitana 4312, CarrisMetropolitana 4514, CarrisMetropolitana 4515, CarrisMetropolitana 4521, CarrisMetropolitana 4524, CarrisMetropolitana 4540, CarrisMetropolitana 4546, CarrisMetropolitana 4548, CarrisMetropolitana 4905, CarrisMetropolitana 4906, CP IC"
"151002",90.2694543774098,"CarrisMetropolitana 3101, CarrisMetropolitana 3103, CarrisMetropolitana 3108, CarrisMetropolitana 3114, CarrisMetropolitana 3116, CarrisMetropolitana 3118, CarrisMetropolitana 3119, CarrisMetropolitana 3505, CarrisMetropolitana 3508, CarrisMetropolitana 3512, CarrisMetropolitana 3521, CarrisMetropolitana 3522, CarrisMetropolitana 3523, CarrisMetropolitana 3527, CarrisMetropolitana 3535, CarrisMetropolitana 3536, CarrisMetropolitana 3546, CarrisMetropolitana 3601, CarrisMetropolitana 3605, CarrisMetropolitana 3721, CarrisMetropolitana 4725, CarrisMetropolitana 4730, Fertagus"
"151005",175.480533472873,"CarrisMetropolitana 3103, CarrisMetropolitana 3104, CarrisMetropolitana 3116, CarrisMetropolitana 3118, CarrisMetropolitana 3503, CarrisMetropolitana 3504, CarrisMetropolitana 3505, CarrisMetropolitana 3506, CarrisMetropolitana 3507, CarrisMetropolitana 3508, CarrisMetropolitana 3512, CarrisMetropolitana 3513, CarrisMetropolitana 3514, CarrisMetropolitana 3515, CarrisMetropolitana 3516, CarrisMetropolitana 3517, CarrisMetropolitana 3519, CarrisMetropolitana 3520, CarrisMetropolitana 3521, CarrisMetropolitana 3522, CarrisMetropolitana 3523, CarrisMetropolitana 3524, CarrisMetropolitana 3525, CarrisMetropolitana 3526, CarrisMetropolitana 3527, CarrisMetropolitana 3535, CarrisMetropolitana 3536, CarrisMetropolitana 3601, CarrisMetropolitana 3605, CarrisMetropolitana 3715, CarrisMetropolitana 3716, CarrisMetropolitana 3717, CarrisMetropolitana 3721, CarrisMetropolitana 4725, CarrisMetropolitana 4730, Fertagus, MTS 1, MTS 2"
"151006",40.9933861503668,"CarrisMetropolitana 3105, CarrisMetropolitana 3106, CarrisMetropolitana 3107, CarrisMetropolitana 3120, CarrisMetropolitana 3535, CarrisMetropolitana 3536, CarrisMetropolitana 3540, CarrisMetropolitana 3541, CarrisMetropolitana 3542, CarrisMetropolitana 3543, CarrisMetropolitana 3544, CarrisMetropolitana 3546, CarrisMetropolitana 3547, CarrisMetropolitana 3549, CarrisMetropolitana 3650, CarrisMetropolitana 3721, CarrisMetropolitana 4725"
"151007",153.10230449257,"CarrisMetropolitana 3103, CarrisMetropolitana 3105, CarrisMetropolitana 3106, CarrisMetropolitana 3107, CarrisMetropolitana 3109, CarrisMetropolitana 3111, CarrisMetropolitana 3112, CarrisMetropolitana 3113, CarrisMetropolitana 3114, CarrisMetropolitana 3116, CarrisMetropolitana 3118, CarrisMetropolitana 3119, CarrisMetropolitana 3120, CarrisMetropolitana 3121, CarrisMetropolitana 3505, CarrisMetropolitana 3508, CarrisMetropolitana 3522, CarrisMetropolitana 3523, CarrisMetropolitana 3527, CarrisMetropolitana 3535, CarrisMetropolitana 3536, CarrisMetropolitana 3540, CarrisMetropolitana 3541, CarrisMetropolitana 3542, CarrisMetropolitana 3543, CarrisMetropolitana 3544, CarrisMetropolitana 3546, CarrisMetropolitana 3547, CarrisMetropolitana 3601, CarrisMetropolitana 3605, CarrisMetropolitana 3615, CarrisMetropolitana 3620, CarrisMetropolitana 3626, CarrisMetropolitana 3635, CarrisMetropolitana 3650, CarrisMetropolitana 3721, CarrisMetropolitana 4620, CarrisMetropolitana 4621, CarrisMetropolitana 4632, CarrisMetropolitana 4725, CarrisMetropolitana 4730, CP IC, Fertagus, TCB 6, TCB 10, TCB 16, TCB 9, TTSL"
"151101",41.9133713702406,"CarrisMetropolitana 3201, CarrisMetropolitana 3203, CarrisMetropolitana 3204, CarrisMetropolitana 3205, CarrisMetropolitana 3207, CarrisMetropolitana 3208, CarrisMetropolitana 3210, CarrisMetropolitana 3212, CarrisMetropolitana 3213, CarrisMetropolitana 3221, CarrisMetropolitana 3223, CarrisMetropolitana 3536, CarrisMetropolitana 3540, CarrisMetropolitana 3542, CarrisMetropolitana 3544, CarrisMetropolitana 3549, CarrisMetropolitana 3625, CarrisMetropolitana 3635, CarrisMetropolitana 3642, CarrisMetropolitana 3650, CarrisMetropolitana 3721, CarrisMetropolitana 4470, CarrisMetropolitana 4643"
"151102",38.1654639895924,"CarrisMetropolitana 3201, CarrisMetropolitana 3203, CarrisMetropolitana 3204, CarrisMetropolitana 3205, CarrisMetropolitana 3207, CarrisMetropolitana 3208, CarrisMetropolitana 3210, CarrisMetropolitana 3212, CarrisMetropolitana 3213, CarrisMetropolitana 3220, CarrisMetropolitana 3221, CarrisMetropolitana 3223, CarrisMetropolitana 3536, CarrisMetropolitana 3544, CarrisMetropolitana 3549, CarrisMetropolitana 3625, CarrisMetropolitana 3635, CarrisMetropolitana 3642, CarrisMetropolitana 3650, CarrisMetropolitana 3721, CarrisMetropolitana 4643"
"151103",58.0563919684507,"CarrisMetropolitana 3107, CarrisMetropolitana 3222, CarrisMetropolitana 3535, CarrisMetropolitana 3536, CarrisMetropolitana 3540, CarrisMetropolitana 3541, CarrisMetropolitana 3542, CarrisMetropolitana 3543, CarrisMetropolitana 3544, CarrisMetropolitana 3546, CarrisMetropolitana 3547, CarrisMetropolitana 3549, CarrisMetropolitana 3605, CarrisMetropolitana 3620, CarrisMetropolitana 3625, CarrisMetropolitana 3626, CarrisMetropolitana 3635, CarrisMetropolitana 3650, CarrisMetropolitana 3721, CarrisMetropolitana 4632, CarrisMetropolitana 4641, CarrisMetropolitana 4643, CarrisMetropolitana 4725, CarrisMetropolitana 4730, TCB 16, TCB 9"
"151205",122.225110970555,"CarrisMetropolitana 3642, CarrisMetropolitana 4401, CarrisMetropolitana 4402, CarrisMetropolitana 4404, CarrisMetropolitana 4405, CarrisMetropolitana 4406, CarrisMetropolitana 4407, CarrisMetropolitana 4409, CarrisMetropolitana 4410, CarrisMetropolitana 4412, CarrisMetropolitana 4418, CarrisMetropolitana 4420, CarrisMetropolitana 4422, CarrisMetropolitana 4424, CarrisMetropolitana 4426, CarrisMetropolitana 4427, CarrisMetropolitana 4428, CarrisMetropolitana 4429, CarrisMetropolitana 4434, CarrisMetropolitana 4435, CarrisMetropolitana 4436, CarrisMetropolitana 4437, CarrisMetropolitana 4438, CarrisMetropolitana 4439, CarrisMetropolitana 4441, CarrisMetropolitana 4443, CarrisMetropolitana 4451, CarrisMetropolitana 4452, CarrisMetropolitana 4474, CarrisMetropolitana 4481, CarrisMetropolitana 4482, CarrisMetropolitana 4540, CarrisMetropolitana 4542, CarrisMetropolitana 4543, CarrisMetropolitana 4546, CarrisMetropolitana 4548, CarrisMetropolitana 4562, CarrisMetropolitana 4720, CarrisMetropolitana 4725, CarrisMetropolitana 4906, CP IC, CP Linha do Sado, CP AP, Fertagus"
"151207",24.1255920672471,"CarrisMetropolitana 4312, CarrisMetropolitana 4410, CarrisMetropolitana 4428, CarrisMetropolitana 4435, CarrisMetropolitana 4443, CarrisMetropolitana 4540, CarrisMetropolitana 4542, CarrisMetropolitana 4543, CarrisMetropolitana 4546, CarrisMetropolitana 4548, CarrisMetropolitana 4906, CP IC, CP AP"
"151208",22.3470456263426,"CarrisMetropolitana 4401, CarrisMetropolitana 4412, CarrisMetropolitana 4435, CarrisMetropolitana 4437, CarrisMetropolitana 4439, CarrisMetropolitana 4443, CarrisMetropolitana 4451, CarrisMetropolitana 4452, CP IC, CP AP"
"151209",44.4750841369595,"CarrisMetropolitana 3605, CarrisMetropolitana 3625, CarrisMetropolitana 3626, CarrisMetropolitana 3635, CarrisMetropolitana 3642, CarrisMetropolitana 4415, CarrisMetropolitana 4432, CarrisMetropolitana 4463, CarrisMetropolitana 4464, CarrisMetropolitana 4470, CarrisMetropolitana 4477, CarrisMetropolitana 4560, CarrisMetropolitana 4562, CarrisMetropolitana 4632, CarrisMetropolitana 4641, CarrisMetropolitana 4643, CarrisMetropolitana 4725, CarrisMetropolitana 4730, Fertagus, TCB 16, TCB 9"
"151210",141.228550893182,"CarrisMetropolitana 3605, CarrisMetropolitana 3642, CarrisMetropolitana 4402, CarrisMetropolitana 4403, CarrisMetropolitana 4404, CarrisMetropolitana 4405, CarrisMetropolitana 4406, CarrisMetropolitana 4407, CarrisMetropolitana 4409, CarrisMetropolitana 4412, CarrisMetropolitana 4415, CarrisMetropolitana 4418, CarrisMetropolitana 4420, CarrisMetropolitana 4422, CarrisMetropolitana 4424, CarrisMetropolitana 4426, CarrisMetropolitana 4427, CarrisMetropolitana 4428, CarrisMetropolitana 4429, CarrisMetropolitana 4431, CarrisMetropolitana 4432, CarrisMetropolitana 4434, CarrisMetropolitana 4436, CarrisMetropolitana 4437, CarrisMetropolitana 4438, CarrisMetropolitana 4439, CarrisMetropolitana 4441, CarrisMetropolitana 4451, CarrisMetropolitana 4452, CarrisMetropolitana 4470, CarrisMetropolitana 4474, CarrisMetropolitana 4477, CarrisMetropolitana 4481, CarrisMetropolitana 4482, CarrisMetropolitana 4512, CarrisMetropolitana 4540, CarrisMetropolitana 4542, CarrisMetropolitana 4543, CarrisMetropolitana 4546, CarrisMetropolitana 4548, CarrisMetropolitana 4549, CarrisMetropolitana 4551, CarrisMetropolitana 4562, CarrisMetropolitana 4641, CarrisMetropolitana 4720, CarrisMetropolitana 4725, CarrisMetropolitana 4730, CarrisMetropolitana 4906, CP Linha do Sado, CP AP, Fertagus"
"110501","98.62353390716667","CarrisMetropolitana 1621, CarrisMetropolitana 1623, CarrisMetropolitana 1624, CarrisMetropolitana 1625, CarrisMetropolitana 1626, CarrisMetropolitana 1627, CarrisMetropolitana 1628, CarrisMetropolitana 1629, CarrisMetropolitana 1630, CarrisMetropolitana 1631, MobiCascais 38, MobiCascais 31, MobiCascais 22, MobiCascais 2, MobiCascais 19, MobiCascais 20, MobiCascais 3, MobiCascais 29, MobiCascais 6, MobiCascais 11, MobiCascais 7, MobiCascais 39, MobiCascais 28, MobiCascais 12, MobiCascais 10, MobiCascais 14, MobiCascais 17, MobiCascais 13, MobiCascais 18, MobiCascais 40, MobiCascais 1, MobiCascais 24, MobiCascais 8"
"110506","103.4855365423456","CarrisMetropolitana 1607, CarrisMetropolitana 1608, CarrisMetropolitana 1613, CarrisMetropolitana 1614, CarrisMetropolitana 1615, CarrisMetropolitana 1622, CarrisMetropolitana 1638, CarrisMetropolitana 1616, CarrisMetropolitana 1617, MobiCascais 30, MobiCascais 31, MobiCascais 16, MobiCascais 22, MobiCascais 23, MobiCascais 37, MobiCascais 35, MobiCascais 36, MobiCascais 32, MobiCascais 21, MobiCascais 33, MobiCascais 26, MobiCascais 25, MobiCascais 29, MobiCascais 42, MobiCascais 24, MobiCascais 41"
"110507","106.645851998026","CarrisMetropolitana 1604, CarrisMetropolitana 1607, CarrisMetropolitana 1608, CarrisMetropolitana 1612, CarrisMetropolitana 1613, CarrisMetropolitana 1614, CarrisMetropolitana 1615, CarrisMetropolitana 1622, CarrisMetropolitana 1638, CarrisMetropolitana 1121, CarrisMetropolitana 1605, CarrisMetropolitana 1606, CarrisMetropolitana 1601, CP Linha de Cascais, MobiCascais 30, MobiCascais 31, MobiCascais 16, MobiCascais 22, MobiCascais 35, MobiCascais 36, MobiCascais 32, MobiCascais 21, MobiCascais 33, MobiCascais 26, MobiCascais 25, MobiCascais 29, MobiCascais 1, MobiCascais 42, MobiCascais 24, MobiCascais 41"
"110508","117.962122418796","CarrisMetropolitana 1621, CarrisMetropolitana 1623, CarrisMetropolitana 1624, CarrisMetropolitana 1625, CarrisMetropolitana 1628, CarrisMetropolitana 1629, CarrisMetropolitana 1630, CarrisMetropolitana 1631, CP Linha de Cascais, MobiCascais 34, MobiCascais 38, MobiCascais 31, MobiCascais 2, MobiCascais 23, MobiCascais 19, MobiCascais 20, MobiCascais 3, MobiCascais 29, MobiCascais 6, MobiCascais 11, MobiCascais 7, MobiCascais 39, MobiCascais 28, MobiCascais 9, MobiCascais 12, MobiCascais 15, MobiCascais 10, MobiCascais 14, MobiCascais 17, MobiCascais 32, MobiCascais 13, MobiCascais 18, MobiCascais 1, MobiCascais 43, MobiCascais 5, MobiCascais 22, MobiCascais 27, MobiCascais 4, MobiCascais 8"
"110601","102.8455991532251","Carris 714, Carris 727, Carris 729, Carris 732, Carris 742, Carris 723, Carris 748, Carris 760, Carris 76B, Carris 73B, Carris 79B, Carris 771, Carris 18E, CarrisMetropolitana 1714, CarrisMetropolitana 1715, CarrisMetropolitana 1723, CarrisMetropolitana 1724, CarrisMetropolitana 1725, CarrisMetropolitana 1726, CarrisMetropolitana 1729, CarrisMetropolitana 1733, CarrisMetropolitana 1716, CarrisMetropolitana 1718, CarrisMetropolitana 1704, CarrisMetropolitana 1712, CP Linha de Cascais"
"110602","277.049869780838","Carris 711, Carris 714, Carris 727, Carris 729, Carris 732, Carris 751, Carris 742, Carris 738, Carris 723, Carris 713, Carris 720, Carris 753, Carris 748, Carris 760, Carris 756, Carris 724, Carris 712, Carris 728, Carris 76B, Carris 73B, Carris 771, Carris 67B, Carris 15E, Carris 18E, CarrisMetropolitana 2650, CarrisMetropolitana 2651, CarrisMetropolitana 2652, CarrisMetropolitana 2653, CarrisMetropolitana 2850, CarrisMetropolitana 1723, CarrisMetropolitana 1724, CarrisMetropolitana 1725, CarrisMetropolitana 1726, CarrisMetropolitana 1729, CarrisMetropolitana 1733, CarrisMetropolitana 3701, CarrisMetropolitana 3702, CarrisMetropolitana 3703, CarrisMetropolitana 3704, CarrisMetropolitana 3705, CarrisMetropolitana 3709, CarrisMetropolitana 3710, CarrisMetropolitana 3711, CarrisMetropolitana 3715, CarrisMetropolitana 3716, CarrisMetropolitana 3717, CarrisMetropolitana 3721, CarrisMetropolitana 1716, CarrisMetropolitana 1704, CarrisMetropolitana 4725, CarrisMetropolitana 4730, CP Linha de Cascais, Fertagus"
"110607","128.3838607029212","Carris 718, Carris 742, Carris 794, Carris 720, Carris 759, Carris 793, Carris 781, Carris 782, Carris 756, Carris 730, Carris 728, Carris 34B, Carris 49B, CP R, CP IC, CP IR, CP AP, CP Linha da Azambuja, MetroLisboa Vm"
"110608","283.8220537727777","Carris 711, Carris 714, Carris 729, Carris 750, Carris 746, Carris 765, Carris 767, Carris 799, Carris 723, Carris 758, Carris 716, Carris 703, Carris 764, Carris 748, Carris 724, Carris 778, Carris 770, Carris 749, Carris 754, Carris 771, Carris 71B, Carris 72B, Carris 763, CarrisMetropolitana 1001, CarrisMetropolitana 1713, CarrisMetropolitana 1714, CarrisMetropolitana 1719, CarrisMetropolitana 1720, CarrisMetropolitana 1715, CarrisMetropolitana 2811, CarrisMetropolitana 2850, CarrisMetropolitana 1701, CarrisMetropolitana 1723, CarrisMetropolitana 1724, CarrisMetropolitana 1725, CarrisMetropolitana 1726, CarrisMetropolitana 1729, CarrisMetropolitana 1733, CarrisMetropolitana 1507, CarrisMetropolitana 1716, CarrisMetropolitana 1717, CarrisMetropolitana 1718, CarrisMetropolitana 1721, CarrisMetropolitana 1704, CarrisMetropolitana 1706, CarrisMetropolitana 1707, CarrisMetropolitana 1709, CarrisMetropolitana 1712, CP R, CP IR, CP Linha da Azambuja, CP Linha de Sintra"
"110610","305.7490375236272","Carris 711, Carris 746, Carris 751, Carris 768, Carris 742, Carris 726, Carris 755, Carris 723, Carris 713, Carris 701, Carris 702, Carris 758, Carris 716, Carris 753, Carris 748, Carris 756, Carris 712, Carris 731, Carris 770, Carris 754, Carris 783, Carris 24E, Carris 58B, Carris 61B, Carris 52B, Carris 771, CarrisMetropolitana 2650, CarrisMetropolitana 2651, CarrisMetropolitana 2652, CarrisMetropolitana 2653, CarrisMetropolitana 2850, CarrisMetropolitana 1723, CarrisMetropolitana 1724, CarrisMetropolitana 1725, CarrisMetropolitana 1726, CarrisMetropolitana 1729, CarrisMetropolitana 1733, CarrisMetropolitana 3702, CarrisMetropolitana 3703, CarrisMetropolitana 3704, CarrisMetropolitana 3705, CarrisMetropolitana 3709, CarrisMetropolitana 3710, CarrisMetropolitana 3711, CarrisMetropolitana 3715, CarrisMetropolitana 3716, CarrisMetropolitana 3717, CarrisMetropolitana 3721, CarrisMetropolitana 1716, CarrisMetropolitana 1704, CarrisMetropolitana 4725, CarrisMetropolitana 4730, CP IC, CP R, CP IR, CP Linha da Azambuja, CP Linha de Sintra, Fertagus, MetroLisboa Az"
"110611","225.21448022806","Carris 729, Carris 750, Carris 765, Carris 768, Carris 767, Carris 726, Carris 799, Carris 703, Carris 764, Carris 747, Carris 724, Carris 778, Carris 749, Carris 55B, Carris 72B, Carris 763, CarrisMetropolitana 1719, CarrisMetropolitana 2601, CarrisMetropolitana 2780, CarrisMetropolitana 2781, CarrisMetropolitana 2811, CarrisMetropolitana 2814, CarrisMetropolitana 2821, CarrisMetropolitana 2824, CarrisMetropolitana 2831, CarrisMetropolitana 2850, CarrisMetropolitana 1703, CarrisMetropolitana 1706, CarrisMetropolitana 1709, CarrisMetropolitana 1710, CarrisMetropolitana 1711, MetroLisboa Az"
"110618","387.5896832524814","Carris 750, Carris 767, Carris 701, Carris 703, Carris 717, Carris 796, Carris 747, Carris 778, Carris 798, Carris 736, Carris 40B, Carris 41B, Carris 45B, Carris 763, CarrisMetropolitana 2650, CarrisMetropolitana 2651, CarrisMetropolitana 2652, CarrisMetropolitana 2653, CarrisMetropolitana 2706, CarrisMetropolitana 2710, CarrisMetropolitana 2713, CarrisMetropolitana 2714, CarrisMetropolitana 2715, CarrisMetropolitana 2716, CarrisMetropolitana 2717, CarrisMetropolitana 2718, CarrisMetropolitana 2719, CarrisMetropolitana 2720, CarrisMetropolitana 2723, CarrisMetropolitana 2736, CarrisMetropolitana 2740, CarrisMetropolitana 2744, CarrisMetropolitana 2746, CarrisMetropolitana 2750, CarrisMetropolitana 2751, CarrisMetropolitana 2753, CarrisMetropolitana 2754, CarrisMetropolitana 2755, CarrisMetropolitana 2758, CarrisMetropolitana 2759, CarrisMetropolitana 2761, CarrisMetropolitana 2762, CarrisMetropolitana 2764, CarrisMetropolitana 2765, CarrisMetropolitana 2769, CarrisMetropolitana 2770, CarrisMetropolitana 2772, CarrisMetropolitana 2774, CarrisMetropolitana 2776, CarrisMetropolitana 2785, CarrisMetropolitana 2793, CarrisMetropolitana 2795, CarrisMetropolitana 2797, CarrisMetropolitana 2801, CarrisMetropolitana 2802, CarrisMetropolitana 2803, CarrisMetropolitana 2804, CarrisMetropolitana 2805, CarrisMetropolitana 2806, CarrisMetropolitana 2807, CarrisMetropolitana 2812, CarrisMetropolitana 2841, CarrisMetropolitana 2842, MetroLisboa Am, MetroLisboa Vd"
"110621","137.9159892574646","Carris 708, Carris 718, Carris 750, Carris 794, Carris 755, Carris 759, Carris 793, Carris 781, Carris 782, Carris 731, Carris 749, Carris 728, Carris 26B, Carris 31B, Carris 32B, Carris 34B, CP R, CP IC, CP IR, CP AP, CP Linha da Azambuja, CP Linha de Sintra, MetroLisboa Vm"
"110633","347.8533370951251","Carris 708, Carris 750, Carris 794, Carris 759, Carris 781, Carris 782, Carris 705, Carris 731, Carris 722, Carris 725, Carris 744, Carris 783, Carris 728, Carris 26B, Carris 29B, CarrisMetropolitana 2029, CarrisMetropolitana 2652, CarrisMetropolitana 2708, CarrisMetropolitana 2711, CarrisMetropolitana 2713, CarrisMetropolitana 2722, CarrisMetropolitana 2724, CarrisMetropolitana 2725, CarrisMetropolitana 2728, CarrisMetropolitana 2729, CarrisMetropolitana 2730, CarrisMetropolitana 2731, CarrisMetropolitana 2733, CarrisMetropolitana 2734, CarrisMetropolitana 2735, CarrisMetropolitana 2736, CarrisMetropolitana 2790, CarrisMetropolitana 2792, CarrisMetropolitana 2793, CarrisMetropolitana 2794, CarrisMetropolitana 2795, CarrisMetropolitana 2841, CarrisMetropolitana 2842, CarrisMetropolitana 4701, CarrisMetropolitana 4702, CarrisMetropolitana 4704, CarrisMetropolitana 4705, CarrisMetropolitana 4706, CarrisMetropolitana 4707, CarrisMetropolitana 4710, CarrisMetropolitana 4720, CarrisMetropolitana 4741, CP R, CP IC, CP IR, CP AP, MetroLisboa Vm"
"110639","199.2158223583649","Carris 750, Carris 746, Carris 768, Carris 726, Carris 738, Carris 755, Carris 701, Carris 758, Carris 716, Carris 764, Carris 731, Carris 770, Carris 749, Carris 754, Carris 58B, Carris 61B, Carris 52B, Carris 771, CarrisMetropolitana 2650, CarrisMetropolitana 2651, CarrisMetropolitana 2652, CarrisMetropolitana 2653, CarrisMetropolitana 2850, CarrisMetropolitana 3702, CarrisMetropolitana 3705, CarrisMetropolitana 3711, CarrisMetropolitana 3716, CarrisMetropolitana 3717, CarrisMetropolitana 3721, CarrisMetropolitana 4725, CarrisMetropolitana 4730, CP IC, CP R, CP IR, CP Linha da Azambuja, CP Linha de Sintra, Fertagus, MetroLisboa Az"
"110654","308.7721724371848","Carris 708, Carris 727, Carris 750, Carris 732, Carris 768, Carris 767, Carris 738, Carris 755, Carris 701, Carris 764, Carris 717, Carris 735, Carris 796, Carris 705, Carris 747, Carris 731, Carris 798, Carris 749, Carris 722, Carris 736, Carris 744, Carris 754, Carris 783, Carris 46B, Carris 49B, Carris 45B, CarrisMetropolitana 2652, CarrisMetropolitana 2713, CarrisMetropolitana 2722, CarrisMetropolitana 2736, CarrisMetropolitana 2790, CarrisMetropolitana 2793, CarrisMetropolitana 2795, CarrisMetropolitana 2841, CarrisMetropolitana 2842, CarrisMetropolitana 3702, CP IC, CP R, CP IR, CP Linha da Azambuja, CP AP, CP Linha de Sintra, Fertagus, MetroLisboa Am, MetroLisboa Vd"
"110655","214.3757269940848","Carris 708, Carris 718, Carris 767, Carris 742, Carris 726, Carris 713, Carris 720, Carris 793, Carris 797, Carris 716, Carris 717, Carris 735, Carris 756, Carris 705, Carris 749, Carris 722, Carris 730, Carris 754, Carris 37B, Carris 34B, Carris 17B, Carris 49B, CarrisMetropolitana 2722, CarrisMetropolitana 2790, CarrisMetropolitana 3703, CarrisMetropolitana 3710, CP R, CP IR, CP Linha da Azambuja, CP AP, CP Linha de Sintra, MetroLisboa Vm, MetroLisboa Vd"
"110656","310.1735407519178","Carris 708, Carris 727, Carris 718, Carris 732, Carris 767, Carris 742, Carris 726, Carris 738, Carris 723, Carris 713, Carris 720, Carris 706, Carris 52E, Carris 797, Carris 716, Carris 753, Carris 717, Carris 760, Carris 735, Carris 712, Carris 774, Carris 722, Carris 730, Carris 736, Carris 744, Carris 783, Carris 734, Carris 37B, Carris 13B, Carris 19B, Carris 17B, Carris 49B, Carris 28E, Carris 12E, CP R, CP IR, CP AP, MetroLisboa Vm, MetroLisboa Am, MetroLisboa Vd"
"110657","357.9488608092367","Carris 711, Carris 727, Carris 732, Carris 746, Carris 742, Carris 726, Carris 738, Carris 723, Carris 713, Carris 701, Carris 720, Carris 702, Carris 709, Carris 716, Carris 753, Carris 748, Carris 756, Carris 712, Carris 731, Carris 749, Carris 722, Carris 736, Carris 744, Carris 754, Carris 783, Carris 46B, Carris 52B, CarrisMetropolitana 2650, CarrisMetropolitana 2651, CarrisMetropolitana 2652, CarrisMetropolitana 2653, CarrisMetropolitana 2850, CarrisMetropolitana 1723, CarrisMetropolitana 1724, CarrisMetropolitana 1725, CarrisMetropolitana 1726, CarrisMetropolitana 1729, CarrisMetropolitana 1733, CarrisMetropolitana 3702, CarrisMetropolitana 3703, CarrisMetropolitana 3704, CarrisMetropolitana 3705, CarrisMetropolitana 3709, CarrisMetropolitana 3710, CarrisMetropolitana 3711, CarrisMetropolitana 3715, CarrisMetropolitana 3716, CarrisMetropolitana 3717, CarrisMetropolitana 3721, CarrisMetropolitana 1716, CarrisMetropolitana 1704, CarrisMetropolitana 4725, CP IC, CP R, CP IR, CP Linha da Azambuja, CP AP, CP Linha de Sintra, Fertagus, MetroLisboa Az, MetroLisboa Vm, MetroLisboa Am"
"110658","181.3880505593506","Carris 714, Carris 727, Carris 729, Carris 750, Carris 732, Carris 751, Carris 723, Carris 748, Carris 760, Carris 728, Carris 76B, Carris 73B, Carris 79B, Carris 15E, CarrisMetropolitana 1714, CarrisMetropolitana 1521, CarrisMetropolitana 1715, CarrisMetropolitana 1731, CarrisMetropolitana 1108, CarrisMetropolitana 1522, CarrisMetropolitana 1701, CarrisMetropolitana 1722, CarrisMetropolitana 1723, CarrisMetropolitana 1724, CarrisMetropolitana 1725, CarrisMetropolitana 1726, CarrisMetropolitana 1729, CarrisMetropolitana 1733, CarrisMetropolitana 3701, CarrisMetropolitana 1716, CarrisMetropolitana 1718, CarrisMetropolitana 1704, CarrisMetropolitana 1712, CarrisMetropolitana 1713, CP Linha de Cascais, TTSL"
"110659","247.3106069021212","Carris 711, Carris 727, Carris 751, Carris 742, Carris 738, Carris 723, Carris 713, Carris 701, Carris 773, Carris 720, Carris 706, Carris 709, Carris 758, Carris 753, Carris 748, Carris 756, Carris 712, Carris 774, Carris 783, Carris 24E, Carris 64B, Carris 19B, Carris 771, Carris 65B, Carris 67B, Carris 28E, Carris 25E, CarrisMetropolitana 1723, CarrisMetropolitana 1724, CarrisMetropolitana 1725, CarrisMetropolitana 1726, CarrisMetropolitana 1729, CarrisMetropolitana 1733, CarrisMetropolitana 3701, CarrisMetropolitana 3702, CarrisMetropolitana 3703, CarrisMetropolitana 3704, CarrisMetropolitana 3705, CarrisMetropolitana 3709, CarrisMetropolitana 3710, CarrisMetropolitana 3715, CarrisMetropolitana 3716, CarrisMetropolitana 3717, CarrisMetropolitana 3721, CarrisMetropolitana 1716, CarrisMetropolitana 1704, CarrisMetropolitana 4725, CarrisMetropolitana 4730, CP IC, CP Linha da Azambuja, Fertagus"
"110660","213.3491393385247","Carris 714, Carris 727, Carris 732, Carris 751, Carris 742, Carris 738, Carris 713, Carris 701, Carris 773, Carris 720, Carris 706, Carris 709, Carris 760, Carris 756, Carris 712, Carris 774, Carris 728, Carris 73B, Carris 22B, Carris 19B, Carris 65B, Carris 67B, Carris 28E, Carris 15E, Carris 18E, Carris 25E, CarrisMetropolitana 3701, CarrisMetropolitana 3702, CarrisMetropolitana 3703, CarrisMetropolitana 3705, CarrisMetropolitana 3710, CarrisMetropolitana 3716, CarrisMetropolitana 3717, CarrisMetropolitana 3721, CarrisMetropolitana 4725, CarrisMetropolitana 4730, CP Linha de Cascais, CP IC, CP Linha da Azambuja"
"110661","225.5177554417165","Carris 714, Carris 727, Carris 732, Carris 773, Carris 706, Carris 758, Carris 781, Carris 782, Carris 51E, Carris 53E, Carris 760, Carris 735, Carris 728, Carris 24E, Carris 22B, Carris 19B, Carris 67B, Carris 28E, Carris 15E, Carris 12E, Carris 18E, Carris 25E, CP Linha de Cascais, CP Linha de Sintra, MetroLisboa Vd, TTSL"
"110662","309.2569378346482","Carris 708, Carris 750, Carris 794, Carris 759, Carris 781, Carris 782, Carris 705, Carris 731, Carris 725, Carris 744, Carris 728, Carris 26B, CarrisMetropolitana 2029, CarrisMetropolitana 2708, CarrisMetropolitana 2711, CarrisMetropolitana 2724, CarrisMetropolitana 2725, CarrisMetropolitana 2726, CarrisMetropolitana 2727, CarrisMetropolitana 2728, CarrisMetropolitana 2729, CarrisMetropolitana 2730, CarrisMetropolitana 2731, CarrisMetropolitana 2733, CarrisMetropolitana 2734, CarrisMetropolitana 2792, CarrisMetropolitana 2793, CarrisMetropolitana 2794, CarrisMetropolitana 4701, CarrisMetropolitana 4702, CarrisMetropolitana 4704, CarrisMetropolitana 4705, CarrisMetropolitana 4706, CarrisMetropolitana 4707, CarrisMetropolitana 4710, CarrisMetropolitana 4720, CarrisMetropolitana 4741, CP R, CP IC, CP IR, CP AP, CP Linha da Azambuja, CP Linha de Sintra, MetroLisboa Vm"
"110663","173.4068843884416","Carris 718, Carris 742, Carris 794, Carris 726, Carris 720, Carris 759, Carris 793, Carris 706, Carris 781, Carris 782, Carris 797, Carris 735, Carris 756, Carris 712, Carris 730, Carris 728, Carris 734, Carris 37B, Carris 34B, Carris 13B, Carris 49B, Carris 28E, Carris 12E, CP R, CP IC, CP IR, CP AP, CP Linha da Azambuja"
"110664","296.8189925315941","Carris 703, Carris 717, Carris 796, Carris 798, Carris 736, Carris 40B, Carris 41B, Carris 45B, CarrisMetropolitana 2650, CarrisMetropolitana 2651, CarrisMetropolitana 2653, CarrisMetropolitana 2706, CarrisMetropolitana 2710, CarrisMetropolitana 2711, CarrisMetropolitana 2713, CarrisMetropolitana 2714, CarrisMetropolitana 2715, CarrisMetropolitana 2716, CarrisMetropolitana 2717, CarrisMetropolitana 2718, CarrisMetropolitana 2719, CarrisMetropolitana 2720, CarrisMetropolitana 2723, CarrisMetropolitana 2736, CarrisMetropolitana 2740, CarrisMetropolitana 2744, CarrisMetropolitana 2746, CarrisMetropolitana 2750, CarrisMetropolitana 2751, CarrisMetropolitana 2753, CarrisMetropolitana 2754, CarrisMetropolitana 2755, CarrisMetropolitana 2758, CarrisMetropolitana 2759, CarrisMetropolitana 2761, CarrisMetropolitana 2762, CarrisMetropolitana 2764, CarrisMetropolitana 2765, CarrisMetropolitana 2769, CarrisMetropolitana 2770, CarrisMetropolitana 2772, CarrisMetropolitana 2774, CarrisMetropolitana 2776, CarrisMetropolitana 2785, CarrisMetropolitana 2797, CarrisMetropolitana 2801, CarrisMetropolitana 2802, CarrisMetropolitana 2803, CarrisMetropolitana 2804, CarrisMetropolitana 2805, CarrisMetropolitana 2806, CarrisMetropolitana 2807, CarrisMetropolitana 2812, MetroLisboa Am"
"110665","282.7728000014886","Carris 708, Carris 711, Carris 732, Carris 794, Carris 759, Carris 706, Carris 709, Carris 758, Carris 781, Carris 782, Carris 51E, Carris 54E, Carris 760, Carris 735, Carris 737, Carris 712, Carris 722, Carris 736, Carris 744, Carris 728, Carris 734, Carris 24E, Carris 10B, Carris 13B, Carris 17B, Carris 28E, Carris 15E, Carris 12E, Carris 25E, MetroLisboa Az, MetroLisboa Vd, TTSL"
"110666","300.7905286671046","Carris 711, Carris 727, Carris 732, Carris 746, Carris 738, Carris 723, Carris 713, Carris 773, Carris 720, Carris 759, Carris 702, Carris 706, Carris 709, Carris 758, Carris 51E, Carris 52E, Carris 753, Carris 748, Carris 712, Carris 774, Carris 722, Carris 730, Carris 736, Carris 744, Carris 783, Carris 24E, Carris 22B, Carris 19B, Carris 771, Carris 65B, CarrisMetropolitana 1723, CarrisMetropolitana 1724, CarrisMetropolitana 1725, CarrisMetropolitana 1726, CarrisMetropolitana 1729, CarrisMetropolitana 1733, CarrisMetropolitana 3704, CarrisMetropolitana 3709, CarrisMetropolitana 3715, CarrisMetropolitana 1716, CarrisMetropolitana 1704, CP Linha de Sintra, MetroLisboa Az, MetroLisboa Am"
"110667","167.6894800659848","Carris 794, Carris 726, Carris 759, Carris 706, Carris 781, Carris 782, Carris 797, Carris 735, Carris 712, Carris 730, Carris 728, Carris 734, Carris 10B, Carris 13B, Carris 28E, Carris 12E, CP R, CP IC, CP IR, CP AP, CP Linha da Azambuja, MetroLisboa Az"
"110702","53.46318801945075","CarrisMetropolitana 2006, CarrisMetropolitana 2008, CarrisMetropolitana 2038, CarrisMetropolitana 2039, CarrisMetropolitana 2502, CarrisMetropolitana 2530, CarrisMetropolitana 2651, CarrisMetropolitana 2706, CarrisMetropolitana 2750, CarrisMetropolitana 2761, CarrisMetropolitana 2762, CarrisMetropolitana 2764"
"110705","20.20603079784245","CarrisMetropolitana 2011, CarrisMetropolitana 2038, CarrisMetropolitana 2719, CarrisMetropolitana 2750, CarrisMetropolitana 2761, CarrisMetropolitana 2762, CarrisMetropolitana 2765"
"110707","242.1993907104612","CarrisMetropolitana 2003, CarrisMetropolitana 2011, CarrisMetropolitana 2016, CarrisMetropolitana 2020, CarrisMetropolitana 2024, CarrisMetropolitana 2026, CarrisMetropolitana 2028, CarrisMetropolitana 2037, CarrisMetropolitana 2038, CarrisMetropolitana 2039, CarrisMetropolitana 2040, CarrisMetropolitana 2504, CarrisMetropolitana 2505, CarrisMetropolitana 2506, CarrisMetropolitana 2511, CarrisMetropolitana 2513, CarrisMetropolitana 2522, CarrisMetropolitana 2524, CarrisMetropolitana 2525, CarrisMetropolitana 2532, CarrisMetropolitana 2534, CarrisMetropolitana 2535, CarrisMetropolitana 2601, CarrisMetropolitana 2605, CarrisMetropolitana 2611, CarrisMetropolitana 2651, CarrisMetropolitana 2653, CarrisMetropolitana 2706, CarrisMetropolitana 2717, CarrisMetropolitana 2718, CarrisMetropolitana 2719, CarrisMetropolitana 2720, CarrisMetropolitana 2723, CarrisMetropolitana 2724, CarrisMetropolitana 2725, CarrisMetropolitana 2726, CarrisMetropolitana 2727, CarrisMetropolitana 2733, CarrisMetropolitana 2740, CarrisMetropolitana 2744, CarrisMetropolitana 2746, CarrisMetropolitana 2750, CarrisMetropolitana 2751, CarrisMetropolitana 2753, CarrisMetropolitana 2754, CarrisMetropolitana 2755, CarrisMetropolitana 2758, CarrisMetropolitana 2759, CarrisMetropolitana 2761, CarrisMetropolitana 2762, CarrisMetropolitana 2764, CarrisMetropolitana 2765, CarrisMetropolitana 2776, CarrisMetropolitana 2780, CarrisMetropolitana 2781, CarrisMetropolitana 2785, CarrisMetropolitana 2797, CarrisMetropolitana 2801, CarrisMetropolitana 2802, CarrisMetropolitana 2803, CarrisMetropolitana 2804, CarrisMetropolitana 2805, CarrisMetropolitana 2806, CarrisMetropolitana 2807, CarrisMetropolitana 2821"
"110708","47.85330674187701","CarrisMetropolitana 2011, CarrisMetropolitana 2016, CarrisMetropolitana 2502, CarrisMetropolitana 2504, CarrisMetropolitana 2505, CarrisMetropolitana 2506, CarrisMetropolitana 2740, CarrisMetropolitana 2744, CarrisMetropolitana 2746, CarrisMetropolitana 2750, CarrisMetropolitana 2751, CarrisMetropolitana 2753, CarrisMetropolitana 2754, CarrisMetropolitana 2755, CarrisMetropolitana 2758, CarrisMetropolitana 2761, CarrisMetropolitana 2765, CarrisMetropolitana 2801, CarrisMetropolitana 2802, CarrisMetropolitana 2803, CarrisMetropolitana 2804, CarrisMetropolitana 2805, CarrisMetropolitana 2806, CarrisMetropolitana 2807"
"110726","264.8019038670161","Carris 759, Carris 782, Carris 705, Carris 731, Carris 722, Carris 725, Carris 744, Carris 728, Carris 26B, CarrisMetropolitana 2029, CarrisMetropolitana 2652, CarrisMetropolitana 2708, CarrisMetropolitana 2711, CarrisMetropolitana 2713, CarrisMetropolitana 2722, CarrisMetropolitana 2724, CarrisMetropolitana 2725, CarrisMetropolitana 2728, CarrisMetropolitana 2729, CarrisMetropolitana 2730, CarrisMetropolitana 2731, CarrisMetropolitana 2733, CarrisMetropolitana 2734, CarrisMetropolitana 2735, CarrisMetropolitana 2736, CarrisMetropolitana 2792, CarrisMetropolitana 2793, CarrisMetropolitana 2794, CarrisMetropolitana 2841, CarrisMetropolitana 2842, CarrisMetropolitana 4701, CarrisMetropolitana 4702, CarrisMetropolitana 4704, CarrisMetropolitana 4705, CarrisMetropolitana 4706, CarrisMetropolitana 4707, CarrisMetropolitana 4710, CarrisMetropolitana 4720, CarrisMetropolitana 4741, CP Linha da Azambuja, MetroLisboa Vm"
"110727","301.0399275010033","Carris 708, Carris 781, Carris 705, Carris 731, Carris 725, Carris 783, CarrisMetropolitana 2030, CarrisMetropolitana 2031, CarrisMetropolitana 2032, CarrisMetropolitana 2036, CarrisMetropolitana 2652, CarrisMetropolitana 2708, CarrisMetropolitana 2711, CarrisMetropolitana 2713, CarrisMetropolitana 2714, CarrisMetropolitana 2722, CarrisMetropolitana 2724, CarrisMetropolitana 2725, CarrisMetropolitana 2726, CarrisMetropolitana 2727, CarrisMetropolitana 2728, CarrisMetropolitana 2729, CarrisMetropolitana 2730, CarrisMetropolitana 2731, CarrisMetropolitana 2733, CarrisMetropolitana 2734, CarrisMetropolitana 2735, CarrisMetropolitana 2736, CarrisMetropolitana 2790, CarrisMetropolitana 2792, CarrisMetropolitana 2793, CarrisMetropolitana 2794, CarrisMetropolitana 2795, CarrisMetropolitana 2841, CarrisMetropolitana 2842, CarrisMetropolitana 4701, CarrisMetropolitana 4702, CarrisMetropolitana 4704, CarrisMetropolitana 4705, CarrisMetropolitana 4706, CarrisMetropolitana 4707, CarrisMetropolitana 4710, CarrisMetropolitana 4720, CarrisMetropolitana 4741, CP Linha da Azambuja"
"110728","132.2950515934141","CarrisMetropolitana 2032, CarrisMetropolitana 2034, CarrisMetropolitana 2534, CarrisMetropolitana 2536, CarrisMetropolitana 2539, CarrisMetropolitana 2540, CarrisMetropolitana 2652, CarrisMetropolitana 2722, CarrisMetropolitana 2728, CarrisMetropolitana 2729, CarrisMetropolitana 2730, CarrisMetropolitana 2790, CarrisMetropolitana 2792, CarrisMetropolitana 2793, CarrisMetropolitana 2794, CarrisMetropolitana 2795, CarrisMetropolitana 2841, CarrisMetropolitana 2842, CP R, CP Linha da Azambuja"
"110729","119.8933609523984","CarrisMetropolitana 2011, CarrisMetropolitana 2035, CarrisMetropolitana 2037, CarrisMetropolitana 2038, CarrisMetropolitana 2039, CarrisMetropolitana 2525, CarrisMetropolitana 2532, CarrisMetropolitana 2533, CarrisMetropolitana 2534, CarrisMetropolitana 2535, CarrisMetropolitana 2537, CarrisMetropolitana 2540, CarrisMetropolitana 2651, CarrisMetropolitana 2706, CarrisMetropolitana 2719, CarrisMetropolitana 2723, CarrisMetropolitana 2740, CarrisMetropolitana 2744, CarrisMetropolitana 2746, CarrisMetropolitana 2750, CarrisMetropolitana 2761, CarrisMetropolitana 2762, CarrisMetropolitana 2764, CarrisMetropolitana 2765, CarrisMetropolitana 2792, CarrisMetropolitana 2797, CarrisMetropolitana 2801, CarrisMetropolitana 2802, CarrisMetropolitana 2803, CarrisMetropolitana 2804, CarrisMetropolitana 2805, CarrisMetropolitana 2806, CarrisMetropolitana 2807"
"110730","280.0255735180943","CarrisMetropolitana 2014, CarrisMetropolitana 2020, CarrisMetropolitana 2024, CarrisMetropolitana 2028, CarrisMetropolitana 2036, CarrisMetropolitana 2511, CarrisMetropolitana 2513, CarrisMetropolitana 2515, CarrisMetropolitana 2518, CarrisMetropolitana 2522, CarrisMetropolitana 2524, CarrisMetropolitana 2525, CarrisMetropolitana 2601, CarrisMetropolitana 2605, CarrisMetropolitana 2611, CarrisMetropolitana 2650, CarrisMetropolitana 2651, CarrisMetropolitana 2653, CarrisMetropolitana 2706, CarrisMetropolitana 2714, CarrisMetropolitana 2715, CarrisMetropolitana 2716, CarrisMetropolitana 2717, CarrisMetropolitana 2718, CarrisMetropolitana 2719, CarrisMetropolitana 2720, CarrisMetropolitana 2723, CarrisMetropolitana 2724, CarrisMetropolitana 2725, CarrisMetropolitana 2726, CarrisMetropolitana 2727, CarrisMetropolitana 2733, CarrisMetropolitana 2736, CarrisMetropolitana 2740, CarrisMetropolitana 2744, CarrisMetropolitana 2746, CarrisMetropolitana 2750, CarrisMetropolitana 2751, CarrisMetropolitana 2753, CarrisMetropolitana 2754, CarrisMetropolitana 2755, CarrisMetropolitana 2758, CarrisMetropolitana 2759, CarrisMetropolitana 2761, CarrisMetropolitana 2762, CarrisMetropolitana 2764, CarrisMetropolitana 2765, CarrisMetropolitana 2769, CarrisMetropolitana 2770, CarrisMetropolitana 2772, CarrisMetropolitana 2774, CarrisMetropolitana 2776, CarrisMetropolitana 2780, CarrisMetropolitana 2781, CarrisMetropolitana 2785, CarrisMetropolitana 2797, CarrisMetropolitana 2801, CarrisMetropolitana 2802, CarrisMetropolitana 2803, CarrisMetropolitana 2804, CarrisMetropolitana 2805, CarrisMetropolitana 2806, CarrisMetropolitana 2807, CarrisMetropolitana 2821"
"110731","105.1803973574461","Carris 717, Carris 40B, CarrisMetropolitana 2030, CarrisMetropolitana 2036, CarrisMetropolitana 2708, CarrisMetropolitana 2710, CarrisMetropolitana 2711, CarrisMetropolitana 2713, CarrisMetropolitana 2714, CarrisMetropolitana 2724, CarrisMetropolitana 2725, CarrisMetropolitana 2726, CarrisMetropolitana 2727, CarrisMetropolitana 2733, CarrisMetropolitana 2736"
"110902","10.19580211833825","CarrisMetropolitana 2133, CarrisMetropolitana 2625, CarrisMetropolitana 2801, CarrisMetropolitana 1633"
"110904","4.001111419838844","CarrisMetropolitana 2117, CarrisMetropolitana 2805, CarrisMetropolitana 2905"
"110906","28.76187241382447","CarrisMetropolitana 2117, CarrisMetropolitana 2118, CarrisMetropolitana 2120, CarrisMetropolitana 2124, CarrisMetropolitana 2125, CarrisMetropolitana 2126, CarrisMetropolitana 2132, CarrisMetropolitana 2133, CarrisMetropolitana 2141, CarrisMetropolitana 2625, CarrisMetropolitana 2740, CarrisMetropolitana 2751, CarrisMetropolitana 2801, CarrisMetropolitana 2803, CarrisMetropolitana 2905, CarrisMetropolitana 1633"
"110909","37.07359668855897","CarrisMetropolitana 2103, CarrisMetropolitana 2105, CarrisMetropolitana 2110, CarrisMetropolitana 2118, CarrisMetropolitana 2120, CarrisMetropolitana 2132, CarrisMetropolitana 2133, CarrisMetropolitana 2136, CarrisMetropolitana 2141, CarrisMetropolitana 2142, CarrisMetropolitana 2625, CarrisMetropolitana 2626, CarrisMetropolitana 2627, CarrisMetropolitana 2740, CarrisMetropolitana 2751, CarrisMetropolitana 2758, CarrisMetropolitana 2801, CarrisMetropolitana 2802, CarrisMetropolitana 2803, CarrisMetropolitana 2804, CarrisMetropolitana 2805, CarrisMetropolitana 2807, CarrisMetropolitana 2913"
"110911","26.80864303569833","CarrisMetropolitana 2011, CarrisMetropolitana 2136, CarrisMetropolitana 2146, CarrisMetropolitana 2502, CarrisMetropolitana 2506, CarrisMetropolitana 2744, CarrisMetropolitana 2746, CarrisMetropolitana 2750, CarrisMetropolitana 2753, CarrisMetropolitana 2754, CarrisMetropolitana 2755, CarrisMetropolitana 2761, CarrisMetropolitana 2765, CarrisMetropolitana 2806, CarrisMetropolitana 2911, CP IR"
"110913","8.002222839677689","CarrisMetropolitana 2117, CarrisMetropolitana 2118, CarrisMetropolitana 2120, CarrisMetropolitana 2141, CarrisMetropolitana 2805, CarrisMetropolitana 2905"
"110918","6.001667129758267","CarrisMetropolitana 2103, CarrisMetropolitana 2120, CarrisMetropolitana 2806, CarrisMetropolitana 2911, CarrisMetropolitana 2913"
"110919","8.001667129758268","CarrisMetropolitana 2120, CarrisMetropolitana 2121, CarrisMetropolitana 2806, CarrisMetropolitana 2911, CarrisMetropolitana 2913, CP IR"
"110920","34.71438677740217","CarrisMetropolitana 2110, CarrisMetropolitana 2136, CarrisMetropolitana 2625, CarrisMetropolitana 2626, CarrisMetropolitana 2627, CarrisMetropolitana 2740, CarrisMetropolitana 2751, CarrisMetropolitana 2758, CarrisMetropolitana 2801, CarrisMetropolitana 2802, CarrisMetropolitana 2803, CarrisMetropolitana 2804, CarrisMetropolitana 2805, CarrisMetropolitana 2807, CarrisMetropolitana 1632, CarrisMetropolitana 1633, CP R, CP IR"
"110921","34.0477201107355","CarrisMetropolitana 2104, CarrisMetropolitana 2136, CarrisMetropolitana 2146, CarrisMetropolitana 2502, CarrisMetropolitana 2505, CarrisMetropolitana 2627, CarrisMetropolitana 2740, CarrisMetropolitana 2751, CarrisMetropolitana 2758, CarrisMetropolitana 2801, CarrisMetropolitana 2802, CarrisMetropolitana 2803, CarrisMetropolitana 2804, CarrisMetropolitana 2805, CarrisMetropolitana 2806, CarrisMetropolitana 2807, CarrisMetropolitana 2911, CP R, CP IR"
"110922","39.35034395694456","CarrisMetropolitana 2104, CarrisMetropolitana 2136, CarrisMetropolitana 2146, CarrisMetropolitana 2502, CarrisMetropolitana 2504, CarrisMetropolitana 2505, CarrisMetropolitana 2740, CarrisMetropolitana 2744, CarrisMetropolitana 2746, CarrisMetropolitana 2751, CarrisMetropolitana 2755, CarrisMetropolitana 2758, CarrisMetropolitana 2801, CarrisMetropolitana 2802, CarrisMetropolitana 2803, CarrisMetropolitana 2804, CarrisMetropolitana 2805, CarrisMetropolitana 2806, CarrisMetropolitana 2807, CarrisMetropolitana 2911, CarrisMetropolitana 1634, CP R, CP IR"
"111002","76.26598963668597","CarrisMetropolitana 1215, CarrisMetropolitana 1216, CarrisMetropolitana 1220, CarrisMetropolitana 1233, CarrisMetropolitana 1520, CarrisMetropolitana 1521, CarrisMetropolitana 1523, CarrisMetropolitana 1524, CarrisMetropolitana 1731, CarrisMetropolitana 1608, CarrisMetropolitana 1612, CarrisMetropolitana 1107, CarrisMetropolitana 1111, CarrisMetropolitana 1117, CarrisMetropolitana 1122, CarrisMetropolitana 1522, CarrisMetropolitana 1528, CarrisMetropolitana 1529, CarrisMetropolitana 1605, CarrisMetropolitana 1616, CarrisMetropolitana 1617, CarrisMetropolitana 1725, CarrisMetropolitana 1729, CarrisMetropolitana 1733, CarrisMetropolitana 1525, CarrisMetropolitana 1527, CarrisMetropolitana 1601, CarrisMetropolitana 1717"
"111009","59.56063839169302","CarrisMetropolitana 1216, CarrisMetropolitana 1220, CarrisMetropolitana 1233, CarrisMetropolitana 1520, CarrisMetropolitana 1521, CarrisMetropolitana 1523, CarrisMetropolitana 1524, CarrisMetropolitana 1731, CarrisMetropolitana 1608, CarrisMetropolitana 1612, CarrisMetropolitana 1115, CarrisMetropolitana 1117, CarrisMetropolitana 1122, CarrisMetropolitana 1123, CarrisMetropolitana 1125, CarrisMetropolitana 1529, CarrisMetropolitana 1605, CarrisMetropolitana 1616, CarrisMetropolitana 1617, CarrisMetropolitana 1733, CarrisMetropolitana 1601"
"111012","158.2206439529734","Carris 729, Carris 750, Carris 751, Carris 723, Carris 748, Carris 776, Carris 79B, Carris 15E, CarrisMetropolitana 1713, CarrisMetropolitana 1520, CarrisMetropolitana 1521, CarrisMetropolitana 1715, CarrisMetropolitana 1731, CarrisMetropolitana 1101, CarrisMetropolitana 1103, CarrisMetropolitana 1106, CarrisMetropolitana 1107, CarrisMetropolitana 1108, CarrisMetropolitana 1113, CarrisMetropolitana 1114, CarrisMetropolitana 1504, CarrisMetropolitana 1522, CarrisMetropolitana 1528, CarrisMetropolitana 1605, CarrisMetropolitana 1606, CarrisMetropolitana 1701, CarrisMetropolitana 1722, CarrisMetropolitana 1723, CarrisMetropolitana 1724, CarrisMetropolitana 1725, CarrisMetropolitana 1729, CarrisMetropolitana 1502, CarrisMetropolitana 1733, CarrisMetropolitana 1507, CarrisMetropolitana 3701, CarrisMetropolitana 1525, CarrisMetropolitana 1527, CarrisMetropolitana 1712, CP Linha de Cascais"
"111013","136.2520362330064","Carris 714, Carris 750, Carris 748, CarrisMetropolitana 1713, CarrisMetropolitana 1714, CarrisMetropolitana 1520, CarrisMetropolitana 1521, CarrisMetropolitana 1715, CarrisMetropolitana 1731, CarrisMetropolitana 1101, CarrisMetropolitana 1103, CarrisMetropolitana 1106, CarrisMetropolitana 1107, CarrisMetropolitana 1108, CarrisMetropolitana 1109, CarrisMetropolitana 1110, CarrisMetropolitana 1111, CarrisMetropolitana 1504, CarrisMetropolitana 1522, CarrisMetropolitana 1528, CarrisMetropolitana 1605, CarrisMetropolitana 1606, CarrisMetropolitana 1002, CarrisMetropolitana 1701, CarrisMetropolitana 1722, CarrisMetropolitana 1723, CarrisMetropolitana 1724, CarrisMetropolitana 1725, CarrisMetropolitana 1726, CarrisMetropolitana 1501, CarrisMetropolitana 1729, CarrisMetropolitana 1502, CarrisMetropolitana 1733, CarrisMetropolitana 1506, CarrisMetropolitana 1507, CarrisMetropolitana 1527, CarrisMetropolitana 1716, CarrisMetropolitana 1718, CarrisMetropolitana 1704, CarrisMetropolitana 1712"
"111014","111.5423577382768","CarrisMetropolitana 1521, CarrisMetropolitana 1523, CarrisMetropolitana 1604, CarrisMetropolitana 1607, CarrisMetropolitana 1608, CarrisMetropolitana 1612, CarrisMetropolitana 1613, CarrisMetropolitana 1614, CarrisMetropolitana 1615, CarrisMetropolitana 1638, CarrisMetropolitana 1106, CarrisMetropolitana 1115, CarrisMetropolitana 1117, CarrisMetropolitana 1120, CarrisMetropolitana 1121, CarrisMetropolitana 1122, CarrisMetropolitana 1123, CarrisMetropolitana 1124, CarrisMetropolitana 1125, CarrisMetropolitana 1529, CarrisMetropolitana 1605, CarrisMetropolitana 1606, CarrisMetropolitana 1616, CarrisMetropolitana 1617, CarrisMetropolitana 1725, CarrisMetropolitana 1729, CarrisMetropolitana 1733, CarrisMetropolitana 1507, CarrisMetropolitana 1525, CarrisMetropolitana 1527, CarrisMetropolitana 1601, CP Linha de Cascais, MobiCascais 36, MobiCascais 42, MobiCascais 33"
"111102","73.99605346631904","CarrisMetropolitana 1236, CarrisMetropolitana 1614, CarrisMetropolitana 1615, CarrisMetropolitana 1205, CarrisMetropolitana 1206, CarrisMetropolitana 1208, CarrisMetropolitana 1210, CarrisMetropolitana 1223, CarrisMetropolitana 1232, CarrisMetropolitana 1234, CarrisMetropolitana 1235, CarrisMetropolitana 1241, CarrisMetropolitana 1251, CarrisMetropolitana 1625, CarrisMetropolitana 1627, CarrisMetropolitana 1628, CarrisMetropolitana 1631, CarrisMetropolitana 1255, CarrisMetropolitana 1512, CP R, CP IR, CP Linha da Azambuja, CP Linha de Sintra"
"111105","25.10029470026304","CarrisMetropolitana 1241, CarrisMetropolitana 1242, CarrisMetropolitana 1247, CarrisMetropolitana 1248, CarrisMetropolitana 1250, CarrisMetropolitana 1253, CarrisMetropolitana 1254, CarrisMetropolitana 1624"
"111108","103.8506296403121","CarrisMetropolitana 1204, CarrisMetropolitana 1216, CarrisMetropolitana 1220, CarrisMetropolitana 1233, CarrisMetropolitana 1236, CarrisMetropolitana 1520, CarrisMetropolitana 1523, CarrisMetropolitana 1731, CarrisMetropolitana 1209, CarrisMetropolitana 1612, CarrisMetropolitana 1613, CarrisMetropolitana 1614, CarrisMetropolitana 1615, CarrisMetropolitana 1622, CarrisMetropolitana 1529, CarrisMetropolitana 1616, CarrisMetropolitana 1617, CarrisMetropolitana 1733, CarrisMetropolitana 1205, CarrisMetropolitana 1210, CarrisMetropolitana 1223, CarrisMetropolitana 1232, CarrisMetropolitana 1234, CarrisMetropolitana 1235, CarrisMetropolitana 1251, CarrisMetropolitana 1625, CarrisMetropolitana 1627, CarrisMetropolitana 1628, CarrisMetropolitana 1631, CP R, CP IR, CP Linha da Azambuja, CP Linha de Sintra"
"111115","76.82016163019044","CarrisMetropolitana 1719, CarrisMetropolitana 1720, CarrisMetropolitana 2209, CarrisMetropolitana 2605, CarrisMetropolitana 2631, CarrisMetropolitana 2632, CarrisMetropolitana 2831, CarrisMetropolitana 1516, CarrisMetropolitana 1509, CarrisMetropolitana 1517, CarrisMetropolitana 1603, CarrisMetropolitana 1508, CarrisMetropolitana 1636, CarrisMetropolitana 1637, CarrisMetropolitana 1709, CarrisMetropolitana 1710, CarrisMetropolitana 1711"
"111122","113.1395836271851","CarrisMetropolitana 1211, CarrisMetropolitana 1213, CarrisMetropolitana 1215, CarrisMetropolitana 1217, CarrisMetropolitana 1218, CarrisMetropolitana 1219, CarrisMetropolitana 1220, CarrisMetropolitana 1221, CarrisMetropolitana 1222, CarrisMetropolitana 1233, CarrisMetropolitana 1236, CarrisMetropolitana 1520, CarrisMetropolitana 1521, CarrisMetropolitana 1523, CarrisMetropolitana 1715, CarrisMetropolitana 1731, CarrisMetropolitana 1209, CarrisMetropolitana 1612, CarrisMetropolitana 1613, CarrisMetropolitana 1622, CarrisMetropolitana 2605, CarrisMetropolitana 1212, CarrisMetropolitana 1228, CarrisMetropolitana 1229, CarrisMetropolitana 1718, CarrisMetropolitana 1721, CarrisMetropolitana 1223, CarrisMetropolitana 1234, CarrisMetropolitana 1512, CP R, CP IR, CP Linha da Azambuja, CP Linha de Sintra"
"111123","40.36654636503664","CarrisMetropolitana 2626, CarrisMetropolitana 2627, CarrisMetropolitana 2785, CarrisMetropolitana 1224, CarrisMetropolitana 1208, CarrisMetropolitana 1235, CarrisMetropolitana 1603, CarrisMetropolitana 1240, CarrisMetropolitana 1255, CarrisMetropolitana 1508, CarrisMetropolitana 1512, CarrisMetropolitana 1634, CarrisMetropolitana 1635, CarrisMetropolitana 1636, CarrisMetropolitana 1637, CP R, CP IR"
"111124","81.9575459489751","CarrisMetropolitana 1213, CarrisMetropolitana 1215, CarrisMetropolitana 1216, CarrisMetropolitana 1220, CarrisMetropolitana 1222, CarrisMetropolitana 1233, CarrisMetropolitana 1236, CarrisMetropolitana 1520, CarrisMetropolitana 1521, CarrisMetropolitana 1523, CarrisMetropolitana 1524, CarrisMetropolitana 1731, CarrisMetropolitana 1209, CarrisMetropolitana 1612, CarrisMetropolitana 1613, CarrisMetropolitana 1615, CarrisMetropolitana 1622, CarrisMetropolitana 1529, CarrisMetropolitana 1616, CarrisMetropolitana 1617, CarrisMetropolitana 1733, CarrisMetropolitana 1223, CP R, CP IR, CP Linha da Azambuja, CP Linha de Sintra"
"111125","98.66132716135704","CarrisMetropolitana 1720, CarrisMetropolitana 1216, CarrisMetropolitana 1236, CarrisMetropolitana 1524, CarrisMetropolitana 1715, CarrisMetropolitana 1522, CarrisMetropolitana 1528, CarrisMetropolitana 1224, CarrisMetropolitana 1226, CarrisMetropolitana 1228, CarrisMetropolitana 1229, CarrisMetropolitana 1230, CarrisMetropolitana 1511, CarrisMetropolitana 1513, CarrisMetropolitana 1516, CarrisMetropolitana 1518, CarrisMetropolitana 1525, CarrisMetropolitana 1527, CarrisMetropolitana 1601, CarrisMetropolitana 1716, CarrisMetropolitana 1717, CarrisMetropolitana 1721, CarrisMetropolitana 1512, CP R, CP IR, CP Linha da Azambuja, CP Linha de Sintra"
"111126","153.499087719945","CarrisMetropolitana 1720, CarrisMetropolitana 1211, CarrisMetropolitana 1217, CarrisMetropolitana 1236, CarrisMetropolitana 1715, CarrisMetropolitana 1009, CarrisMetropolitana 2605, CarrisMetropolitana 1014, CarrisMetropolitana 1522, CarrisMetropolitana 1528, CarrisMetropolitana 1212, CarrisMetropolitana 1224, CarrisMetropolitana 1226, CarrisMetropolitana 1228, CarrisMetropolitana 1229, CarrisMetropolitana 1230, CarrisMetropolitana 1511, CarrisMetropolitana 1513, CarrisMetropolitana 1516, CarrisMetropolitana 1518, CarrisMetropolitana 1519, CarrisMetropolitana 1527, CarrisMetropolitana 1601, CarrisMetropolitana 1509, CarrisMetropolitana 1716, CarrisMetropolitana 1717, CarrisMetropolitana 1718, CarrisMetropolitana 1721, CarrisMetropolitana 1510, CarrisMetropolitana 1234, CarrisMetropolitana 1235, CarrisMetropolitana 1514, CarrisMetropolitana 1603, CarrisMetropolitana 1508, CarrisMetropolitana 1512, CarrisMetropolitana 1636, CarrisMetropolitana 1637, CP R, CP IR, CP Linha da Azambuja, CP Linha de Sintra"
"111127","31.80305500918244","CarrisMetropolitana 2625, CarrisMetropolitana 2626, CarrisMetropolitana 1201, CarrisMetropolitana 1242, CarrisMetropolitana 1245, CarrisMetropolitana 1247, CarrisMetropolitana 1248, CarrisMetropolitana 1249, CarrisMetropolitana 1254, CarrisMetropolitana 1632, CarrisMetropolitana 1633, CarrisMetropolitana 1240, CarrisMetropolitana 1255"
"111128","130.1103952745229","CarrisMetropolitana 1236, CarrisMetropolitana 1209, CarrisMetropolitana 1613, CarrisMetropolitana 1614, CarrisMetropolitana 1615, CarrisMetropolitana 1622, CarrisMetropolitana 2626, CarrisMetropolitana 1206, CarrisMetropolitana 1208, CarrisMetropolitana 1223, CarrisMetropolitana 1232, CarrisMetropolitana 1234, CarrisMetropolitana 1241, CarrisMetropolitana 1242, CarrisMetropolitana 1245, CarrisMetropolitana 1247, CarrisMetropolitana 1248, CarrisMetropolitana 1249, CarrisMetropolitana 1250, CarrisMetropolitana 1251, CarrisMetropolitana 1252, CarrisMetropolitana 1253, CarrisMetropolitana 1254, CarrisMetropolitana 1621, CarrisMetropolitana 1623, CarrisMetropolitana 1624, CarrisMetropolitana 1625, CarrisMetropolitana 1626, CarrisMetropolitana 1627, CarrisMetropolitana 1628, CarrisMetropolitana 1629, CarrisMetropolitana 1630, CarrisMetropolitana 1631, CarrisMetropolitana 1632, CarrisMetropolitana 1633, CarrisMetropolitana 1240, CarrisMetropolitana 1255, CP Linha da Azambuja, CP Linha de Sintra, MobiCascais 20, MobiCascais 17, MobiCascais 18"
"111408","73.72419456908064","CarrisMetropolitana 2035, CarrisMetropolitana 2317, CarrisMetropolitana 2325, CarrisMetropolitana 2327, CarrisMetropolitana 2532, CarrisMetropolitana 2533, CarrisMetropolitana 2534, CarrisMetropolitana 2535, CarrisMetropolitana 2536, CarrisMetropolitana 2537, CarrisMetropolitana 2540, CarrisMetropolitana 2651, CarrisMetropolitana 2792, CarrisMetropolitana 2797, CarrisMetropolitana 2841, CarrisMetropolitana 2842"
"111409","85.29741539587796","CarrisMetropolitana 2306, CarrisMetropolitana 2307, CarrisMetropolitana 2309, CarrisMetropolitana 2310, CarrisMetropolitana 2315, CarrisMetropolitana 2328, CarrisMetropolitana 2331, CarrisMetropolitana 2333, CarrisMetropolitana 2337, CarrisMetropolitana 2535, CarrisMetropolitana 2842, CarrisMetropolitana 2921, CarrisMetropolitana 2926, CarrisMetropolitana 2927, CarrisMetropolitana 2928, CP R, CP IC, CP IR, CP AP, CP Linha da Azambuja"
"111412","65.18302233174163","CarrisMetropolitana 2008, CarrisMetropolitana 2306, CarrisMetropolitana 2307, CarrisMetropolitana 2308, CarrisMetropolitana 2309, CarrisMetropolitana 2328, CarrisMetropolitana 2329, CarrisMetropolitana 2535, CarrisMetropolitana 2842, CarrisMetropolitana 2921, CarrisMetropolitana 2926, CarrisMetropolitana 2927, CP R, CP IC, CP IR, CP AP, CP Linha da Azambuja"
"111413","110.8045899744809","CarrisMetropolitana 2301, CarrisMetropolitana 2303, CarrisMetropolitana 2306, CarrisMetropolitana 2307, CarrisMetropolitana 2328, CarrisMetropolitana 2329, CarrisMetropolitana 2530, CarrisMetropolitana 2532, CarrisMetropolitana 2533, CarrisMetropolitana 2535, CarrisMetropolitana 2651, CarrisMetropolitana 2790, CarrisMetropolitana 2792, CarrisMetropolitana 2841, CarrisMetropolitana 2842, CP R, CP IC, CP IR, CP AP, CP Linha da Azambuja"
"111414","39.34861577793152","CarrisMetropolitana 2310, CarrisMetropolitana 2315, CarrisMetropolitana 2926, CarrisMetropolitana 2927, CarrisMetropolitana 2928, CP R, CP IC, CP IR, CP AP, CP Linha da Azambuja"
"111415","121.4809668103781","CarrisMetropolitana 2317, CarrisMetropolitana 2318, CarrisMetropolitana 2325, CarrisMetropolitana 2327, CarrisMetropolitana 2328, CarrisMetropolitana 2335, CarrisMetropolitana 2336, CarrisMetropolitana 2532, CarrisMetropolitana 2536, CarrisMetropolitana 2537, CarrisMetropolitana 2539, CarrisMetropolitana 2540, CarrisMetropolitana 2652, CarrisMetropolitana 2790, CarrisMetropolitana 2792, CarrisMetropolitana 2793, CarrisMetropolitana 2794, CarrisMetropolitana 2841, CarrisMetropolitana 2842, CP R, CP IC, CP IR, CP AP, CP Linha da Azambuja"
"111512","96.71849575134944","Carris 714, Carris 750, Carris 799, Carris 748, Carris 754, CarrisMetropolitana 1001, CarrisMetropolitana 1713, CarrisMetropolitana 1714, CarrisMetropolitana 1715, CarrisMetropolitana 1504, CarrisMetropolitana 1002, CarrisMetropolitana 1701, CarrisMetropolitana 1726, CarrisMetropolitana 1501, CarrisMetropolitana 1502, CarrisMetropolitana 1506, CarrisMetropolitana 1507, CarrisMetropolitana 1716, CarrisMetropolitana 1718, CarrisMetropolitana 1514, CarrisMetropolitana 1704, CarrisMetropolitana 1712"
"111513","141.8125333104928","Carris 711, Carris 750, Carris 746, Carris 767, Carris 799, Carris 764, Carris 754, Carris 72B, CarrisMetropolitana 1001, CarrisMetropolitana 1713, CarrisMetropolitana 1714, CarrisMetropolitana 1715, CarrisMetropolitana 1013, CarrisMetropolitana 2601, CarrisMetropolitana 1014, CarrisMetropolitana 1015, CarrisMetropolitana 1002, CarrisMetropolitana 1701, CarrisMetropolitana 1501, CarrisMetropolitana 1502, CarrisMetropolitana 1506, CarrisMetropolitana 1507, CarrisMetropolitana 1716, CarrisMetropolitana 1718, CarrisMetropolitana 1510, CarrisMetropolitana 1514, CarrisMetropolitana 1704, CarrisMetropolitana 1712, CP R, CP IR, CP Linha da Azambuja, CP Linha de Sintra"
"111514","115.0020205332289","Carris 726, Carris 724, CarrisMetropolitana 1005, CarrisMetropolitana 1719, CarrisMetropolitana 1010, CarrisMetropolitana 1011, CarrisMetropolitana 1012, CarrisMetropolitana 2601, CarrisMetropolitana 2610, CarrisMetropolitana 2611, CarrisMetropolitana 2831, CarrisMetropolitana 1514, CarrisMetropolitana 1703, CarrisMetropolitana 1706, CarrisMetropolitana 1707, CarrisMetropolitana 1709, CarrisMetropolitana 1710, CarrisMetropolitana 1711, MetroLisboa Az"
"111515","184.5945461952688","Carris 711, Carris 746, Carris 765, Carris 767, Carris 758, CarrisMetropolitana 1005, CarrisMetropolitana 1713, CarrisMetropolitana 1720, CarrisMetropolitana 1008, CarrisMetropolitana 1010, CarrisMetropolitana 1011, CarrisMetropolitana 1012, CarrisMetropolitana 2601, CarrisMetropolitana 1002, CarrisMetropolitana 1701, CarrisMetropolitana 1507, CarrisMetropolitana 1518, CarrisMetropolitana 1601, CarrisMetropolitana 1003, CarrisMetropolitana 1717, CarrisMetropolitana 1721, CarrisMetropolitana 1510, CarrisMetropolitana 1514, CarrisMetropolitana 1517, CarrisMetropolitana 1508, CarrisMetropolitana 1703, CarrisMetropolitana 1706, CarrisMetropolitana 1707, CarrisMetropolitana 1712, CP R, CP IR, CP Linha da Azambuja, CP Linha de Sintra, MetroLisboa Az"
"111516","118.3066196464106","CarrisMetropolitana 1005, CarrisMetropolitana 1719, CarrisMetropolitana 1720, CarrisMetropolitana 1009, CarrisMetropolitana 1010, CarrisMetropolitana 2605, CarrisMetropolitana 1014, CarrisMetropolitana 1516, CarrisMetropolitana 1518, CarrisMetropolitana 1519, CarrisMetropolitana 1601, CarrisMetropolitana 1003, CarrisMetropolitana 1509, CarrisMetropolitana 1717, CarrisMetropolitana 1721, CarrisMetropolitana 1514, CarrisMetropolitana 1517, CarrisMetropolitana 1603, CarrisMetropolitana 1508, CarrisMetropolitana 1004, CarrisMetropolitana 1703, CarrisMetropolitana 1706, CarrisMetropolitana 1707, CarrisMetropolitana 1709, CarrisMetropolitana 1710, CarrisMetropolitana 1711, CarrisMetropolitana 1712, CP Linha da Azambuja, CP Linha de Sintra"
"111517","133.7960188397402","CarrisMetropolitana 1714, CarrisMetropolitana 1720, CarrisMetropolitana 1715, CarrisMetropolitana 1009, CarrisMetropolitana 1013, CarrisMetropolitana 2601, CarrisMetropolitana 1014, CarrisMetropolitana 1522, CarrisMetropolitana 1015, CarrisMetropolitana 1002, CarrisMetropolitana 1501, CarrisMetropolitana 1502, CarrisMetropolitana 1506, CarrisMetropolitana 1230, CarrisMetropolitana 1511, CarrisMetropolitana 1513, CarrisMetropolitana 1507, CarrisMetropolitana 1518, CarrisMetropolitana 1519, CarrisMetropolitana 1527, CarrisMetropolitana 1601, CarrisMetropolitana 1509, CarrisMetropolitana 1716, CarrisMetropolitana 1717, CarrisMetropolitana 1718, CarrisMetropolitana 1721, CarrisMetropolitana 1510, CarrisMetropolitana 1514, CarrisMetropolitana 1603, CarrisMetropolitana 1508, CarrisMetropolitana 1512, CarrisMetropolitana 1004, CarrisMetropolitana 1704, CarrisMetropolitana 1712, CP R, CP IR, CP Linha da Azambuja, CP Linha de Sintra"
"111603","314.7140698007679","Carris 736, CarrisMetropolitana 2202, CarrisMetropolitana 2203, CarrisMetropolitana 2206, CarrisMetropolitana 2207, CarrisMetropolitana 2209, CarrisMetropolitana 2212, CarrisMetropolitana 2215, CarrisMetropolitana 2217, CarrisMetropolitana 2218, CarrisMetropolitana 2219, CarrisMetropolitana 2220, CarrisMetropolitana 2222, CarrisMetropolitana 2223, CarrisMetropolitana 2224, CarrisMetropolitana 2225, CarrisMetropolitana 2511, CarrisMetropolitana 2515, CarrisMetropolitana 2518, CarrisMetropolitana 2522, CarrisMetropolitana 2524, CarrisMetropolitana 2525, CarrisMetropolitana 2601, CarrisMetropolitana 2610, CarrisMetropolitana 2611, CarrisMetropolitana 2631, CarrisMetropolitana 2632, CarrisMetropolitana 2650, CarrisMetropolitana 2653, CarrisMetropolitana 2715, CarrisMetropolitana 2716, CarrisMetropolitana 2717, CarrisMetropolitana 2750, CarrisMetropolitana 2751, CarrisMetropolitana 2753, CarrisMetropolitana 2754, CarrisMetropolitana 2755, CarrisMetropolitana 2758, CarrisMetropolitana 2761, CarrisMetropolitana 2764, CarrisMetropolitana 2765, CarrisMetropolitana 2769, CarrisMetropolitana 2770, CarrisMetropolitana 2772, CarrisMetropolitana 2774, CarrisMetropolitana 2776, CarrisMetropolitana 2780, CarrisMetropolitana 2781, CarrisMetropolitana 2785, CarrisMetropolitana 2811, CarrisMetropolitana 2812, CarrisMetropolitana 2821, CarrisMetropolitana 2824, CarrisMetropolitana 2850, MetroLisboa Am"
"111608","227.5279163061857","Carris 729, Carris 768, Carris 726, Carris 747, Carris 724, Carris 55B, Carris 763, CarrisMetropolitana 1719, CarrisMetropolitana 2202, CarrisMetropolitana 2203, CarrisMetropolitana 2206, CarrisMetropolitana 2209, CarrisMetropolitana 2212, CarrisMetropolitana 2223, CarrisMetropolitana 2224, CarrisMetropolitana 2601, CarrisMetropolitana 2610, CarrisMetropolitana 2611, CarrisMetropolitana 2631, CarrisMetropolitana 2632, CarrisMetropolitana 2780, CarrisMetropolitana 2781, CarrisMetropolitana 2811, CarrisMetropolitana 2814, CarrisMetropolitana 2821, CarrisMetropolitana 2824, CarrisMetropolitana 2831, CarrisMetropolitana 2850, CarrisMetropolitana 1703, CarrisMetropolitana 1706, CarrisMetropolitana 1709, CarrisMetropolitana 1710, CarrisMetropolitana 1711, MetroLisboa Az"
"111609","280.0416091114488","Carris 736, CarrisMetropolitana 2014, CarrisMetropolitana 2020, CarrisMetropolitana 2024, CarrisMetropolitana 2202, CarrisMetropolitana 2206, CarrisMetropolitana 2209, CarrisMetropolitana 2219, CarrisMetropolitana 2220, CarrisMetropolitana 2223, CarrisMetropolitana 2515, CarrisMetropolitana 2518, CarrisMetropolitana 2522, CarrisMetropolitana 2525, CarrisMetropolitana 2601, CarrisMetropolitana 2650, CarrisMetropolitana 2651, CarrisMetropolitana 2653, CarrisMetropolitana 2706, CarrisMetropolitana 2715, CarrisMetropolitana 2716, CarrisMetropolitana 2717, CarrisMetropolitana 2718, CarrisMetropolitana 2719, CarrisMetropolitana 2720, CarrisMetropolitana 2723, CarrisMetropolitana 2740, CarrisMetropolitana 2744, CarrisMetropolitana 2746, CarrisMetropolitana 2750, CarrisMetropolitana 2751, CarrisMetropolitana 2753, CarrisMetropolitana 2754, CarrisMetropolitana 2755, CarrisMetropolitana 2758, CarrisMetropolitana 2759, CarrisMetropolitana 2761, CarrisMetropolitana 2762, CarrisMetropolitana 2764, CarrisMetropolitana 2765, CarrisMetropolitana 2769, CarrisMetropolitana 2770, CarrisMetropolitana 2772, CarrisMetropolitana 2774, CarrisMetropolitana 2776, CarrisMetropolitana 2780, CarrisMetropolitana 2785, CarrisMetropolitana 2797, CarrisMetropolitana 2801, CarrisMetropolitana 2802, CarrisMetropolitana 2803, CarrisMetropolitana 2804, CarrisMetropolitana 2805, CarrisMetropolitana 2806, CarrisMetropolitana 2807, CarrisMetropolitana 2812, CarrisMetropolitana 2821, CarrisMetropolitana 2824, CarrisMetropolitana 2850, MetroLisboa Am"
"111610","191.860616173043","CarrisMetropolitana 2206, CarrisMetropolitana 2207, CarrisMetropolitana 2208, CarrisMetropolitana 2209, CarrisMetropolitana 2215, CarrisMetropolitana 2217, CarrisMetropolitana 2222, CarrisMetropolitana 2223, CarrisMetropolitana 2225, CarrisMetropolitana 2511, CarrisMetropolitana 2513, CarrisMetropolitana 2515, CarrisMetropolitana 2522, CarrisMetropolitana 2524, CarrisMetropolitana 2605, CarrisMetropolitana 2611, CarrisMetropolitana 2631, CarrisMetropolitana 2632, CarrisMetropolitana 2653, CarrisMetropolitana 2715, CarrisMetropolitana 2716, CarrisMetropolitana 2717, CarrisMetropolitana 2761, CarrisMetropolitana 2781, CarrisMetropolitana 2811, CarrisMetropolitana 2812, CarrisMetropolitana 2814, CarrisMetropolitana 2831, CarrisMetropolitana 1603, CarrisMetropolitana 1635, CarrisMetropolitana 1636, CarrisMetropolitana 1637, CarrisMetropolitana 1709, CarrisMetropolitana 1710, CarrisMetropolitana 1711"
"150201","78.82662700417562","CarrisMetropolitana 4001, CarrisMetropolitana 4002, CarrisMetropolitana 4205, CarrisMetropolitana 4501, CarrisMetropolitana 4504, CarrisMetropolitana 4512, CarrisMetropolitana 4514, CarrisMetropolitana 4515, CarrisMetropolitana 4516, CarrisMetropolitana 4600, CarrisMetropolitana 4701, CarrisMetropolitana 4702, CarrisMetropolitana 4704, CarrisMetropolitana 4705, CarrisMetropolitana 4706, CarrisMetropolitana 4707, CarrisMetropolitana 4710, CarrisMetropolitana 4720, CarrisMetropolitana 4741"
"150202","60.44423889901176","CarrisMetropolitana 4501, CarrisMetropolitana 4600, CarrisMetropolitana 4701, CarrisMetropolitana 4702, CarrisMetropolitana 4704, CarrisMetropolitana 4705, CarrisMetropolitana 4706, CarrisMetropolitana 4707, CarrisMetropolitana 4710, CarrisMetropolitana 4720, CarrisMetropolitana 4741"
"150203","68.31390271678261","CarrisMetropolitana 4002, CarrisMetropolitana 4501, CarrisMetropolitana 4512, CarrisMetropolitana 4600, CarrisMetropolitana 4701, CarrisMetropolitana 4702, CarrisMetropolitana 4704, CarrisMetropolitana 4705, CarrisMetropolitana 4706, CarrisMetropolitana 4707, CarrisMetropolitana 4710, CarrisMetropolitana 4720, CarrisMetropolitana 4741"
"150303","57.22630742243634","CarrisMetropolitana 2650, CarrisMetropolitana 2651, CarrisMetropolitana 2652, CarrisMetropolitana 2653, CarrisMetropolitana 2850, CarrisMetropolitana 3011, CarrisMetropolitana 3012, CarrisMetropolitana 3021, CarrisMetropolitana 3022, CarrisMetropolitana 3023, CarrisMetropolitana 3024, CarrisMetropolitana 3025, CarrisMetropolitana 3030, CarrisMetropolitana 3039, CarrisMetropolitana 3519, CarrisMetropolitana 3520, CarrisMetropolitana 3521, CarrisMetropolitana 3522, CarrisMetropolitana 3523, CarrisMetropolitana 3709, CarrisMetropolitana 3710"
"150312","287.1801362508918","Carris 753, CarrisMetropolitana 2650, CarrisMetropolitana 2651, CarrisMetropolitana 2652, CarrisMetropolitana 2653, CarrisMetropolitana 2850, CarrisMetropolitana 3001, CarrisMetropolitana 3003, CarrisMetropolitana 3005, CarrisMetropolitana 3007, CarrisMetropolitana 3009, CarrisMetropolitana 3011, CarrisMetropolitana 3012, CarrisMetropolitana 3013, CarrisMetropolitana 3017, CarrisMetropolitana 3022, CarrisMetropolitana 3024, CarrisMetropolitana 3025, CarrisMetropolitana 3026, CarrisMetropolitana 3027, CarrisMetropolitana 3040, CarrisMetropolitana 3041, CarrisMetropolitana 3504, CarrisMetropolitana 3505, CarrisMetropolitana 3506, CarrisMetropolitana 3507, CarrisMetropolitana 3508, CarrisMetropolitana 3512, CarrisMetropolitana 3513, CarrisMetropolitana 3514, CarrisMetropolitana 3524, CarrisMetropolitana 3525, CarrisMetropolitana 3535, CarrisMetropolitana 3536, CarrisMetropolitana 3601, CarrisMetropolitana 3605, CarrisMetropolitana 3701, CarrisMetropolitana 3702, CarrisMetropolitana 3703, CarrisMetropolitana 3704, CarrisMetropolitana 3705, CarrisMetropolitana 3709, CarrisMetropolitana 3710, CarrisMetropolitana 3711, CarrisMetropolitana 3715, CarrisMetropolitana 3716, CarrisMetropolitana 3717, CarrisMetropolitana 3721, CarrisMetropolitana 4725, CarrisMetropolitana 4730, CP IC, Fertagus, MTS 1, MTS 2, MTS 3, TTSL"
"150313","156.2307782696462","CarrisMetropolitana 2650, CarrisMetropolitana 2651, CarrisMetropolitana 2652, CarrisMetropolitana 2653, CarrisMetropolitana 2850, CarrisMetropolitana 3007, CarrisMetropolitana 3008, CarrisMetropolitana 3009, CarrisMetropolitana 3011, CarrisMetropolitana 3012, CarrisMetropolitana 3017, CarrisMetropolitana 3019, CarrisMetropolitana 3021, CarrisMetropolitana 3022, CarrisMetropolitana 3023, CarrisMetropolitana 3024, CarrisMetropolitana 3025, CarrisMetropolitana 3027, CarrisMetropolitana 3030, CarrisMetropolitana 3033, CarrisMetropolitana 3034, CarrisMetropolitana 3038, CarrisMetropolitana 3039, CarrisMetropolitana 3041, CarrisMetropolitana 3043, CarrisMetropolitana 3504, CarrisMetropolitana 3507, CarrisMetropolitana 3515, CarrisMetropolitana 3519, CarrisMetropolitana 3520, CarrisMetropolitana 3524, CarrisMetropolitana 3527, CarrisMetropolitana 3601, CarrisMetropolitana 3704, CarrisMetropolitana 3705, CarrisMetropolitana 3709, CarrisMetropolitana 3710, CarrisMetropolitana 3711, CarrisMetropolitana 3716, Fertagus, MTS 3, TTSL"
"150314","135.395336998913","CarrisMetropolitana 2650, CarrisMetropolitana 3004, CarrisMetropolitana 3008, CarrisMetropolitana 3011, CarrisMetropolitana 3012, CarrisMetropolitana 3017, CarrisMetropolitana 3019, CarrisMetropolitana 3022, CarrisMetropolitana 3023, CarrisMetropolitana 3024, CarrisMetropolitana 3025, CarrisMetropolitana 3027, CarrisMetropolitana 3030, CarrisMetropolitana 3034, CarrisMetropolitana 3040, CarrisMetropolitana 3041, CarrisMetropolitana 3042, CarrisMetropolitana 3043, CarrisMetropolitana 3116, CarrisMetropolitana 3118, CarrisMetropolitana 3503, CarrisMetropolitana 3504, CarrisMetropolitana 3507, CarrisMetropolitana 3515, CarrisMetropolitana 3516, CarrisMetropolitana 3519, CarrisMetropolitana 3520, CarrisMetropolitana 3521, CarrisMetropolitana 3522, CarrisMetropolitana 3523, CarrisMetropolitana 3524, CarrisMetropolitana 3526, CarrisMetropolitana 3527, CarrisMetropolitana 3601, CarrisMetropolitana 3704, CarrisMetropolitana 3705, CarrisMetropolitana 3709, CarrisMetropolitana 3710, CarrisMetropolitana 3716, Fertagus"
"150315","211.5976563686836","Carris 753, CarrisMetropolitana 2650, CarrisMetropolitana 3003, CarrisMetropolitana 3004, CarrisMetropolitana 3011, CarrisMetropolitana 3013, CarrisMetropolitana 3017, CarrisMetropolitana 3023, CarrisMetropolitana 3024, CarrisMetropolitana 3040, CarrisMetropolitana 3041, CarrisMetropolitana 3503, CarrisMetropolitana 3504, CarrisMetropolitana 3505, CarrisMetropolitana 3506, CarrisMetropolitana 3508, CarrisMetropolitana 3512, CarrisMetropolitana 3513, CarrisMetropolitana 3514, CarrisMetropolitana 3515, CarrisMetropolitana 3516, CarrisMetropolitana 3517, CarrisMetropolitana 3519, CarrisMetropolitana 3520, CarrisMetropolitana 3525, CarrisMetropolitana 3526, CarrisMetropolitana 3527, CarrisMetropolitana 3535, CarrisMetropolitana 3536, CarrisMetropolitana 3605, CarrisMetropolitana 3701, CarrisMetropolitana 3702, CarrisMetropolitana 3703, CarrisMetropolitana 3704, CarrisMetropolitana 3705, CarrisMetropolitana 3709, CarrisMetropolitana 3710, CarrisMetropolitana 3715, CarrisMetropolitana 3716, CarrisMetropolitana 3717, CarrisMetropolitana 3721, CarrisMetropolitana 4725, CarrisMetropolitana 4730, CP IC, Fertagus, MTS 1, MTS 2"
"150407","34.10772037658642","CarrisMetropolitana 3615, CarrisMetropolitana 3650, CarrisMetropolitana 4610, CarrisMetropolitana 4611, CarrisMetropolitana 4612, CarrisMetropolitana 4621, CarrisMetropolitana 4643, TCB 3, TCB 18, TCB 4, TCB 16, TCB 9"
"150409","116.430374726252","CarrisMetropolitana 3601, CarrisMetropolitana 3615, CarrisMetropolitana 3625, CarrisMetropolitana 4600, CarrisMetropolitana 4602, CarrisMetropolitana 4604, CarrisMetropolitana 4610, CarrisMetropolitana 4620, CP IC, CP Linha do Sado, TCB 1, TCB 3, TCB 18, TCB 7, TCB 2, TCB 6, TCB 4, TCB 8, TCB 14, TCB 15, TCB 10, TCB 16, TCB 9, TTSL"
"150410","109.6281324808311","CarrisMetropolitana 3601, CarrisMetropolitana 3615, CarrisMetropolitana 3625, CarrisMetropolitana 3650, CarrisMetropolitana 4600, CarrisMetropolitana 4602, CarrisMetropolitana 4604, CarrisMetropolitana 4610, CarrisMetropolitana 4620, CP IC, CP Linha do Sado, CP AP, TCB 1, TCB 3, TCB 18, TCB 7, TCB 2, TCB 6, TCB 8, TCB 14, TCB 15, TCB 10, TCB 9, TTSL"
"150411","60.93595356813071","CarrisMetropolitana 3106, CarrisMetropolitana 3540, CarrisMetropolitana 3541, CarrisMetropolitana 3542, CarrisMetropolitana 3543, CarrisMetropolitana 3544, CarrisMetropolitana 3601, CarrisMetropolitana 3605, CarrisMetropolitana 3615, CarrisMetropolitana 3620, CarrisMetropolitana 3625, CarrisMetropolitana 3626, CarrisMetropolitana 3635, CarrisMetropolitana 3650, CarrisMetropolitana 4610, CarrisMetropolitana 4612, CarrisMetropolitana 4620, CarrisMetropolitana 4621, CarrisMetropolitana 4632, CarrisMetropolitana 4643, CarrisMetropolitana 4725, CarrisMetropolitana 4730, Fertagus, TCB 6, TCB 10, TCB 16, TCB 9"
"150601","45.96546889725109","CarrisMetropolitana 3650, CarrisMetropolitana 4106, CarrisMetropolitana 4600, CarrisMetropolitana 4602, CarrisMetropolitana 4604, CarrisMetropolitana 4611, CarrisMetropolitana 4620, CarrisMetropolitana 4621, CarrisMetropolitana 4643, CarrisMetropolitana 4701, CarrisMetropolitana 4741, CP IC, CP Linha do Sado, TCB 1, TCB 18, TCB 2"
"150603","43.82630495976201","CarrisMetropolitana 3650, CarrisMetropolitana 4102, CarrisMetropolitana 4103, CarrisMetropolitana 4104, CarrisMetropolitana 4105, CarrisMetropolitana 4531, CarrisMetropolitana 4532, CarrisMetropolitana 4600, CarrisMetropolitana 4604, CarrisMetropolitana 4611, CarrisMetropolitana 4620, CarrisMetropolitana 4621, CarrisMetropolitana 4643, CarrisMetropolitana 4701, CarrisMetropolitana 4741, CP IC, CP Linha do Sado, CP AP"
"150607","78.76460234482042","CarrisMetropolitana 3615, CarrisMetropolitana 3650, CarrisMetropolitana 4106, CarrisMetropolitana 4600, CarrisMetropolitana 4602, CarrisMetropolitana 4604, CarrisMetropolitana 4620, CarrisMetropolitana 4701, CarrisMetropolitana 4741, CP IC, CP Linha do Sado, TCB 1, TCB 3, TCB 18, TCB 2, TCB 4, TCB 8, TCB 14, TCB 15, TCB 10"
"150608","6.042506373056877","CarrisMetropolitana 4102, CarrisMetropolitana 4103, CP AP"
"150701","4.001111419838844","CarrisMetropolitana 4514, CarrisMetropolitana 4905, CarrisMetropolitana 4906"
"150704","18.86896119948263","CarrisMetropolitana 4600, CarrisMetropolitana 4643, CarrisMetropolitana 4701, CarrisMetropolitana 4741, CP AP"
"150709","39.23698694264453","CarrisMetropolitana 4204, CarrisMetropolitana 4205, CarrisMetropolitana 4504, CarrisMetropolitana 4512, CarrisMetropolitana 4514, CarrisMetropolitana 4515, CarrisMetropolitana 4516, CarrisMetropolitana 4600, CarrisMetropolitana 4643, CarrisMetropolitana 4701, CarrisMetropolitana 4704, CarrisMetropolitana 4741"
"150710","89.58103400098651","CarrisMetropolitana 4203, CarrisMetropolitana 4204, CarrisMetropolitana 4205, CarrisMetropolitana 4207, CarrisMetropolitana 4501, CarrisMetropolitana 4504, CarrisMetropolitana 4512, CarrisMetropolitana 4514, CarrisMetropolitana 4515, CarrisMetropolitana 4516, CarrisMetropolitana 4600, CarrisMetropolitana 4643, CarrisMetropolitana 4701, CarrisMetropolitana 4702, CarrisMetropolitana 4704, CarrisMetropolitana 4705, CarrisMetropolitana 4706, CarrisMetropolitana 4707, CarrisMetropolitana 4710, CarrisMetropolitana 4720, CarrisMetropolitana 4741, CP AP, TTSL"
"150711","11.52867120239809","CarrisMetropolitana 4514, CarrisMetropolitana 4515, CarrisMetropolitana 4521, CarrisMetropolitana 4524, CarrisMetropolitana 4905, CarrisMetropolitana 4906, CP IC"
"150802","78.67643013224375","CarrisMetropolitana 4303, CarrisMetropolitana 4304, CarrisMetropolitana 4305, CarrisMetropolitana 4308, CarrisMetropolitana 4321, CarrisMetropolitana 4322, CarrisMetropolitana 4435, CarrisMetropolitana 4512, CarrisMetropolitana 4521, CarrisMetropolitana 4524, CarrisMetropolitana 4531, CarrisMetropolitana 4540, CarrisMetropolitana 4542, CarrisMetropolitana 4543, CarrisMetropolitana 4546, CarrisMetropolitana 4548, CarrisMetropolitana 4549, CarrisMetropolitana 4551, CarrisMetropolitana 4562, CarrisMetropolitana 4612, CarrisMetropolitana 4710, CarrisMetropolitana 4720, CarrisMetropolitana 4725, CarrisMetropolitana 4906, CP IC, CP Linha do Sado, CP AP, Fertagus"
"150803","54.59527077950593","CarrisMetropolitana 4308, CarrisMetropolitana 4320, CarrisMetropolitana 4321, CarrisMetropolitana 4322, CarrisMetropolitana 4512, CarrisMetropolitana 4516, CarrisMetropolitana 4521, CarrisMetropolitana 4531, CarrisMetropolitana 4532, CarrisMetropolitana 4710, CarrisMetropolitana 4720, CP IC, CP Linha do Sado, CP AP, Fertagus"
"150804","32.18748460691801","CarrisMetropolitana 4304, CarrisMetropolitana 4313, CarrisMetropolitana 4321, CarrisMetropolitana 4531, CarrisMetropolitana 4560, CarrisMetropolitana 4562, CarrisMetropolitana 4610, CarrisMetropolitana 4611, CarrisMetropolitana 4612, CarrisMetropolitana 4632, CarrisMetropolitana 4643, CarrisMetropolitana 4725, Fertagus"
"150806","19.74030893802641","CarrisMetropolitana 4312, CarrisMetropolitana 4514, CarrisMetropolitana 4515, CarrisMetropolitana 4521, CarrisMetropolitana 4524, CarrisMetropolitana 4540, CarrisMetropolitana 4546, CarrisMetropolitana 4548, CarrisMetropolitana 4905, CarrisMetropolitana 4906, CP IC"
"151002","90.26945437740982","CarrisMetropolitana 3101, CarrisMetropolitana 3103, CarrisMetropolitana 3108, CarrisMetropolitana 3114, CarrisMetropolitana 3116, CarrisMetropolitana 3118, CarrisMetropolitana 3119, CarrisMetropolitana 3505, CarrisMetropolitana 3508, CarrisMetropolitana 3512, CarrisMetropolitana 3521, CarrisMetropolitana 3522, CarrisMetropolitana 3523, CarrisMetropolitana 3527, CarrisMetropolitana 3535, CarrisMetropolitana 3536, CarrisMetropolitana 3546, CarrisMetropolitana 3601, CarrisMetropolitana 3605, CarrisMetropolitana 3721, CarrisMetropolitana 4725, CarrisMetropolitana 4730, Fertagus"
"151005","175.4805334728733","CarrisMetropolitana 3103, CarrisMetropolitana 3104, CarrisMetropolitana 3116, CarrisMetropolitana 3118, CarrisMetropolitana 3503, CarrisMetropolitana 3504, CarrisMetropolitana 3505, CarrisMetropolitana 3506, CarrisMetropolitana 3507, CarrisMetropolitana 3508, CarrisMetropolitana 3512, CarrisMetropolitana 3513, CarrisMetropolitana 3514, CarrisMetropolitana 3515, CarrisMetropolitana 3516, CarrisMetropolitana 3517, CarrisMetropolitana 3519, CarrisMetropolitana 3520, CarrisMetropolitana 3521, CarrisMetropolitana 3522, CarrisMetropolitana 3523, CarrisMetropolitana 3524, CarrisMetropolitana 3525, CarrisMetropolitana 3526, CarrisMetropolitana 3527, CarrisMetropolitana 3535, CarrisMetropolitana 3536, CarrisMetropolitana 3601, CarrisMetropolitana 3605, CarrisMetropolitana 3715, CarrisMetropolitana 3716, CarrisMetropolitana 3717, CarrisMetropolitana 3721, CarrisMetropolitana 4725, CarrisMetropolitana 4730, Fertagus, MTS 1, MTS 2"
"151006","40.99338615036685","CarrisMetropolitana 3105, CarrisMetropolitana 3106, CarrisMetropolitana 3107, CarrisMetropolitana 3120, CarrisMetropolitana 3535, CarrisMetropolitana 3536, CarrisMetropolitana 3540, CarrisMetropolitana 3541, CarrisMetropolitana 3542, CarrisMetropolitana 3543, CarrisMetropolitana 3544, CarrisMetropolitana 3546, CarrisMetropolitana 3547, CarrisMetropolitana 3549, CarrisMetropolitana 3650, CarrisMetropolitana 3721, CarrisMetropolitana 4725"
"151007","153.1023044925702","CarrisMetropolitana 3103, CarrisMetropolitana 3105, CarrisMetropolitana 3106, CarrisMetropolitana 3107, CarrisMetropolitana 3109, CarrisMetropolitana 3111, CarrisMetropolitana 3112, CarrisMetropolitana 3113, CarrisMetropolitana 3114, CarrisMetropolitana 3116, CarrisMetropolitana 3118, CarrisMetropolitana 3119, CarrisMetropolitana 3120, CarrisMetropolitana 3121, CarrisMetropolitana 3505, CarrisMetropolitana 3508, CarrisMetropolitana 3522, CarrisMetropolitana 3523, CarrisMetropolitana 3527, CarrisMetropolitana 3535, CarrisMetropolitana 3536, CarrisMetropolitana 3540, CarrisMetropolitana 3541, CarrisMetropolitana 3542, CarrisMetropolitana 3543, CarrisMetropolitana 3544, CarrisMetropolitana 3546, CarrisMetropolitana 3547, CarrisMetropolitana 3601, CarrisMetropolitana 3605, CarrisMetropolitana 3615, CarrisMetropolitana 3620, CarrisMetropolitana 3626, CarrisMetropolitana 3635, CarrisMetropolitana 3650, CarrisMetropolitana 3721, CarrisMetropolitana 4620, CarrisMetropolitana 4621, CarrisMetropolitana 4632, CarrisMetropolitana 4725, CarrisMetropolitana 4730, CP IC, Fertagus, TCB 6, TCB 10, TCB 16, TCB 9, TTSL"
"151101","41.91337137024056","CarrisMetropolitana 3201, CarrisMetropolitana 3203, CarrisMetropolitana 3204, CarrisMetropolitana 3205, CarrisMetropolitana 3207, CarrisMetropolitana 3208, CarrisMetropolitana 3210, CarrisMetropolitana 3212, CarrisMetropolitana 3213, CarrisMetropolitana 3221, CarrisMetropolitana 3223, CarrisMetropolitana 3536, CarrisMetropolitana 3540, CarrisMetropolitana 3542, CarrisMetropolitana 3544, CarrisMetropolitana 3549, CarrisMetropolitana 3625, CarrisMetropolitana 3635, CarrisMetropolitana 3642, CarrisMetropolitana 3650, CarrisMetropolitana 3721, CarrisMetropolitana 4470, CarrisMetropolitana 4643"
"151102","38.16546398959242","CarrisMetropolitana 3201, CarrisMetropolitana 3203, CarrisMetropolitana 3204, CarrisMetropolitana 3205, CarrisMetropolitana 3207, CarrisMetropolitana 3208, CarrisMetropolitana 3210, CarrisMetropolitana 3212, CarrisMetropolitana 3213, CarrisMetropolitana 3220, CarrisMetropolitana 3221, CarrisMetropolitana 3223, CarrisMetropolitana 3536, CarrisMetropolitana 3544, CarrisMetropolitana 3549, CarrisMetropolitana 3625, CarrisMetropolitana 3635, CarrisMetropolitana 3642, CarrisMetropolitana 3650, CarrisMetropolitana 3721, CarrisMetropolitana 4643"
"151103","58.05639196845065","CarrisMetropolitana 3107, CarrisMetropolitana 3222, CarrisMetropolitana 3535, CarrisMetropolitana 3536, CarrisMetropolitana 3540, CarrisMetropolitana 3541, CarrisMetropolitana 3542, CarrisMetropolitana 3543, CarrisMetropolitana 3544, CarrisMetropolitana 3546, CarrisMetropolitana 3547, CarrisMetropolitana 3549, CarrisMetropolitana 3605, CarrisMetropolitana 3620, CarrisMetropolitana 3625, CarrisMetropolitana 3626, CarrisMetropolitana 3635, CarrisMetropolitana 3650, CarrisMetropolitana 3721, CarrisMetropolitana 4632, CarrisMetropolitana 4641, CarrisMetropolitana 4643, CarrisMetropolitana 4725, CarrisMetropolitana 4730, TCB 16, TCB 9"
"151205","124.2256666804742","CarrisMetropolitana 3642, CarrisMetropolitana 4401, CarrisMetropolitana 4402, CarrisMetropolitana 4404, CarrisMetropolitana 4405, CarrisMetropolitana 4406, CarrisMetropolitana 4407, CarrisMetropolitana 4409, CarrisMetropolitana 4410, CarrisMetropolitana 4412, CarrisMetropolitana 4418, CarrisMetropolitana 4420, CarrisMetropolitana 4422, CarrisMetropolitana 4424, CarrisMetropolitana 4426, CarrisMetropolitana 4427, CarrisMetropolitana 4428, CarrisMetropolitana 4429, CarrisMetropolitana 4434, CarrisMetropolitana 4435, CarrisMetropolitana 4436, CarrisMetropolitana 4437, CarrisMetropolitana 4438, CarrisMetropolitana 4439, CarrisMetropolitana 4441, CarrisMetropolitana 4443, CarrisMetropolitana 4451, CarrisMetropolitana 4452, CarrisMetropolitana 4474, CarrisMetropolitana 4481, CarrisMetropolitana 4482, CarrisMetropolitana 4540, CarrisMetropolitana 4542, CarrisMetropolitana 4543, CarrisMetropolitana 4546, CarrisMetropolitana 4548, CarrisMetropolitana 4562, CarrisMetropolitana 4720, CarrisMetropolitana 4725, CarrisMetropolitana 4906, CP IC, CP Linha do Sado, CP AP, Fertagus"
"151207","24.12559206724709","CarrisMetropolitana 4312, CarrisMetropolitana 4410, CarrisMetropolitana 4428, CarrisMetropolitana 4435, CarrisMetropolitana 4443, CarrisMetropolitana 4540, CarrisMetropolitana 4542, CarrisMetropolitana 4543, CarrisMetropolitana 4546, CarrisMetropolitana 4548, CarrisMetropolitana 4906, CP IC, CP AP"
"151208","22.34704562634258","CarrisMetropolitana 4401, CarrisMetropolitana 4412, CarrisMetropolitana 4435, CarrisMetropolitana 4437, CarrisMetropolitana 4439, CarrisMetropolitana 4443, CarrisMetropolitana 4451, CarrisMetropolitana 4452, CP IC, CP AP"
"151209","44.47508413695949","CarrisMetropolitana 3605, CarrisMetropolitana 3625, CarrisMetropolitana 3626, CarrisMetropolitana 3635, CarrisMetropolitana 3642, CarrisMetropolitana 4415, CarrisMetropolitana 4432, CarrisMetropolitana 4463, CarrisMetropolitana 4464, CarrisMetropolitana 4470, CarrisMetropolitana 4477, CarrisMetropolitana 4560, CarrisMetropolitana 4562, CarrisMetropolitana 4632, CarrisMetropolitana 4641, CarrisMetropolitana 4643, CarrisMetropolitana 4725, CarrisMetropolitana 4730, Fertagus, TCB 16, TCB 9"
"151210","143.2291066031015","CarrisMetropolitana 3605, CarrisMetropolitana 3642, CarrisMetropolitana 4402, CarrisMetropolitana 4403, CarrisMetropolitana 4404, CarrisMetropolitana 4405, CarrisMetropolitana 4406, CarrisMetropolitana 4407, CarrisMetropolitana 4409, CarrisMetropolitana 4412, CarrisMetropolitana 4415, CarrisMetropolitana 4418, CarrisMetropolitana 4420, CarrisMetropolitana 4422, CarrisMetropolitana 4424, CarrisMetropolitana 4426, CarrisMetropolitana 4427, CarrisMetropolitana 4428, CarrisMetropolitana 4429, CarrisMetropolitana 4431, CarrisMetropolitana 4432, CarrisMetropolitana 4434, CarrisMetropolitana 4436, CarrisMetropolitana 4437, CarrisMetropolitana 4438, CarrisMetropolitana 4439, CarrisMetropolitana 4441, CarrisMetropolitana 4451, CarrisMetropolitana 4452, CarrisMetropolitana 4470, CarrisMetropolitana 4474, CarrisMetropolitana 4477, CarrisMetropolitana 4481, CarrisMetropolitana 4482, CarrisMetropolitana 4512, CarrisMetropolitana 4540, CarrisMetropolitana 4542, CarrisMetropolitana 4543, CarrisMetropolitana 4546, CarrisMetropolitana 4548, CarrisMetropolitana 4549, CarrisMetropolitana 4551, CarrisMetropolitana 4562, CarrisMetropolitana 4641, CarrisMetropolitana 4720, CarrisMetropolitana 4725, CarrisMetropolitana 4730, CarrisMetropolitana 4906, CP Linha do Sado, CP AP, Fertagus"
